scenario_name,regions_in_scenario,num_regions,strategy,trace_index,task_type,trace_mode,region,strategy_file,task_duration,checkpoint_size,restart_overhead,deadline_ratio,deadline_hours,env_start_hours,use_full_trace,enforce_window_bound,data_paths,window_index,cost,migrations
Global Diverse (6),"['us-central1-a_h100_16', 'us-west1-a_h100_16', 'europe-west1-c_h100_16', 'europe-west3-c_h100_16', 'asia-southeast1-b_h100_16', 'asia-south2-b_h100_16']",6,unified_cost_model_risk,0,multi_region,,,,43.19444444444445,50.0,0.2,1.2,51.833333333333336,0.0,True,True,['data/converted_multi_region_aligned_h100_16_merged'],0,711.1847621962635,0
Global Diverse (6),"['us-central1-a_h100_16', 'us-west1-a_h100_16', 'europe-west1-c_h100_16', 'europe-west3-c_h100_16', 'asia-southeast1-b_h100_16', 'asia-south2-b_h100_16']",6,multi_region_oracle_dp,0,multi_region,,,,43.19444444444445,50.0,0.2,1.2,51.833333333333336,0.0,True,True,['data/converted_multi_region_aligned_h100_16_merged'],0,708.7738666666635,0
Global Diverse (6),"['us-central1-a_h100_16', 'us-west1-a_h100_16', 'europe-west1-c_h100_16', 'europe-west3-c_h100_16', 'asia-southeast1-b_h100_16', 'asia-south2-b_h100_16']",6,unified_cost_model_oracle,0,multi_region,,,,43.19444444444445,50.0,0.2,1.2,51.833333333333336,0.0,True,True,['data/converted_multi_region_aligned_h100_16_merged'],0,708.7738666666635,0
Global Diverse (6),"['us-central1-a_h100_16', 'us-west1-a_h100_16', 'europe-west1-c_h100_16', 'europe-west3-c_h100_16', 'asia-southeast1-b_h100_16', 'asia-south2-b_h100_16']",6,multi_region_rc_cr_threshold_eager_failover,0,multi_region,,,,43.19444444444445,50.0,0.2,1.2,51.833333333333336,0.0,True,True,['data/converted_multi_region_aligned_h100_16_merged'],0,708.7738666666635,0
Global Diverse (6),"['us-central1-a_h100_16', 'us-west1-a_h100_16', 'europe-west1-c_h100_16', 'europe-west3-c_h100_16', 'asia-southeast1-b_h100_16', 'asia-south2-b_h100_16']",6,multi_region_availability_probe_simple,0,multi_region,,,,43.19444444444445,50.0,0.2,1.2,51.833333333333336,0.0,True,True,['data/converted_multi_region_aligned_h100_16_merged'],0,814.5432659178626,3
Global Diverse (6),"['us-central1-a_h100_16', 'us-west1-a_h100_16', 'europe-west1-c_h100_16', 'europe-west3-c_h100_16', 'asia-southeast1-b_h100_16', 'asia-south2-b_h100_16']",6,multi_region_probe_cost_ratio,0,multi_region,,,,43.19444444444445,50.0,0.2,1.2,51.833333333333336,0.0,True,True,['data/converted_multi_region_aligned_h100_16_merged'],0,790.2431782357285,0
Global Diverse (6),"['us-central1-a_h100_16', 'us-west1-a_h100_16', 'europe-west1-c_h100_16', 'europe-west3-c_h100_16', 'asia-southeast1-b_h100_16', 'asia-south2-b_h100_16']",6,rc_cr_threshold,0,single_region,,us-central1-a_h100_16,,43.19444444444445,50.0,0.2,1.2,51.833333333333336,0.0,True,True,['data/converted_multi_region_aligned_h100_16_merged'],0,1145.3805788066743,0
Global Diverse (6),"['us-central1-a_h100_16', 'us-west1-a_h100_16', 'europe-west1-c_h100_16', 'europe-west3-c_h100_16', 'asia-southeast1-b_h100_16', 'asia-south2-b_h100_16']",6,rc_cr_threshold,0,single_region,,us-west1-a_h100_16,,43.19444444444445,50.0,0.2,1.2,51.833333333333336,0.0,True,True,['data/converted_multi_region_aligned_h100_16_merged'],0,1014.0229918933372,0
Global Diverse (6),"['us-central1-a_h100_16', 'us-west1-a_h100_16', 'europe-west1-c_h100_16', 'europe-west3-c_h100_16', 'asia-southeast1-b_h100_16', 'asia-south2-b_h100_16']",6,rc_cr_threshold,0,single_region,,europe-west1-c_h100_16,,43.19444444444445,50.0,0.2,1.2,51.833333333333336,0.0,True,True,['data/converted_multi_region_aligned_h100_16_merged'],0,711.4999199999968,0
Global Diverse (6),"['us-central1-a_h100_16', 'us-west1-a_h100_16', 'europe-west1-c_h100_16', 'europe-west3-c_h100_16', 'asia-southeast1-b_h100_16', 'asia-south2-b_h100_16']",6,rc_cr_threshold,0,single_region,,europe-west3-c_h100_16,,43.19444444444445,50.0,0.2,1.2,51.833333333333336,0.0,True,True,['data/converted_multi_region_aligned_h100_16_merged'],0,3778.998903167997,0
Global Diverse (6),"['us-central1-a_h100_16', 'us-west1-a_h100_16', 'europe-west1-c_h100_16', 'europe-west3-c_h100_16', 'asia-southeast1-b_h100_16', 'asia-south2-b_h100_16']",6,rc_cr_threshold,0,single_region,,asia-southeast1-b_h100_16,,43.19444444444445,50.0,0.2,1.2,51.833333333333336,0.0,True,True,['data/converted_multi_region_aligned_h100_16_merged'],0,4599.544343114651,0
Global Diverse (6),"['us-central1-a_h100_16', 'us-west1-a_h100_16', 'europe-west1-c_h100_16', 'europe-west3-c_h100_16', 'asia-southeast1-b_h100_16', 'asia-south2-b_h100_16']",6,rc_cr_threshold,0,single_region,,asia-south2-b_h100_16,,43.19444444444445,50.0,0.2,1.2,51.833333333333336,0.0,True,True,['data/converted_multi_region_aligned_h100_16_merged'],0,3041.090036256015,0
Global Diverse (6),"['us-central1-a_h100_16', 'us-west1-a_h100_16', 'europe-west1-c_h100_16', 'europe-west3-c_h100_16', 'asia-southeast1-b_h100_16', 'asia-south2-b_h100_16']",6,unified_cost_model_risk,0,multi_region,,,,43.19444444444445,50.0,0.2,1.2,51.833333333333336,51.833333333333336,True,True,['data/converted_multi_region_aligned_h100_16_merged'],1,825.0192736629366,5
Global Diverse (6),"['us-central1-a_h100_16', 'us-west1-a_h100_16', 'europe-west1-c_h100_16', 'europe-west3-c_h100_16', 'asia-southeast1-b_h100_16', 'asia-south2-b_h100_16']",6,multi_region_oracle_dp,0,multi_region,,,,43.19444444444445,50.0,0.2,1.2,51.833333333333336,51.833333333333336,True,True,['data/converted_multi_region_aligned_h100_16_merged'],1,732.9690026666641,2
Global Diverse (6),"['us-central1-a_h100_16', 'us-west1-a_h100_16', 'europe-west1-c_h100_16', 'europe-west3-c_h100_16', 'asia-southeast1-b_h100_16', 'asia-south2-b_h100_16']",6,unified_cost_model_oracle,0,multi_region,,,,43.19444444444445,50.0,0.2,1.2,51.833333333333336,51.833333333333336,True,True,['data/converted_multi_region_aligned_h100_16_merged'],1,805.1351705173294,7
Global Diverse (6),"['us-central1-a_h100_16', 'us-west1-a_h100_16', 'europe-west1-c_h100_16', 'europe-west3-c_h100_16', 'asia-southeast1-b_h100_16', 'asia-south2-b_h100_16']",6,multi_region_rc_cr_threshold_eager_failover,0,multi_region,,,,43.19444444444445,50.0,0.2,1.2,51.833333333333336,51.833333333333336,True,True,['data/converted_multi_region_aligned_h100_16_merged'],1,2385.7563896853435,2
Global Diverse (6),"['us-central1-a_h100_16', 'us-west1-a_h100_16', 'europe-west1-c_h100_16', 'europe-west3-c_h100_16', 'asia-southeast1-b_h100_16', 'asia-south2-b_h100_16']",6,multi_region_availability_probe_simple,0,multi_region,,,,43.19444444444445,50.0,0.2,1.2,51.833333333333336,51.833333333333336,True,True,['data/converted_multi_region_aligned_h100_16_merged'],1,2440.8115330922783,2
Global Diverse (6),"['us-central1-a_h100_16', 'us-west1-a_h100_16', 'europe-west1-c_h100_16', 'europe-west3-c_h100_16', 'asia-southeast1-b_h100_16', 'asia-south2-b_h100_16']",6,multi_region_probe_cost_ratio,0,multi_region,,,,43.19444444444445,50.0,0.2,1.2,51.833333333333336,51.833333333333336,True,True,['data/converted_multi_region_aligned_h100_16_merged'],1,944.019571120004,13
Global Diverse (6),"['us-central1-a_h100_16', 'us-west1-a_h100_16', 'europe-west1-c_h100_16', 'europe-west3-c_h100_16', 'asia-southeast1-b_h100_16', 'asia-south2-b_h100_16']",6,rc_cr_threshold,0,single_region,,us-central1-a_h100_16,,43.19444444444445,50.0,0.2,1.2,51.833333333333336,51.833333333333336,True,True,['data/converted_multi_region_aligned_h100_16_merged'],1,854.0553600000037,0
Global Diverse (6),"['us-central1-a_h100_16', 'us-west1-a_h100_16', 'europe-west1-c_h100_16', 'europe-west3-c_h100_16', 'asia-southeast1-b_h100_16', 'asia-south2-b_h100_16']",6,rc_cr_threshold,0,single_region,,us-west1-a_h100_16,,43.19444444444445,50.0,0.2,1.2,51.833333333333336,51.833333333333336,True,True,['data/converted_multi_region_aligned_h100_16_merged'],1,3595.081146266658,0
Global Diverse (6),"['us-central1-a_h100_16', 'us-west1-a_h100_16', 'europe-west1-c_h100_16', 'europe-west3-c_h100_16', 'asia-southeast1-b_h100_16', 'asia-south2-b_h100_16']",6,rc_cr_threshold,0,single_region,,europe-west1-c_h100_16,,43.19444444444445,50.0,0.2,1.2,51.833333333333336,51.833333333333336,True,True,['data/converted_multi_region_aligned_h100_16_merged'],1,1387.2608158293308,0
Global Diverse (6),"['us-central1-a_h100_16', 'us-west1-a_h100_16', 'europe-west1-c_h100_16', 'europe-west3-c_h100_16', 'asia-southeast1-b_h100_16', 'asia-south2-b_h100_16']",6,rc_cr_threshold,0,single_region,,europe-west3-c_h100_16,,43.19444444444445,50.0,0.2,1.2,51.833333333333336,51.833333333333336,True,True,['data/converted_multi_region_aligned_h100_16_merged'],1,3739.073504063997,0
Global Diverse (6),"['us-central1-a_h100_16', 'us-west1-a_h100_16', 'europe-west1-c_h100_16', 'europe-west3-c_h100_16', 'asia-southeast1-b_h100_16', 'asia-south2-b_h100_16']",6,rc_cr_threshold,0,single_region,,asia-southeast1-b_h100_16,,43.19444444444445,50.0,0.2,1.2,51.833333333333336,51.833333333333336,True,True,['data/converted_multi_region_aligned_h100_16_merged'],1,3122.030977856021,0
Global Diverse (6),"['us-central1-a_h100_16', 'us-west1-a_h100_16', 'europe-west1-c_h100_16', 'europe-west3-c_h100_16', 'asia-southeast1-b_h100_16', 'asia-south2-b_h100_16']",6,rc_cr_threshold,0,single_region,,asia-south2-b_h100_16,,43.19444444444445,50.0,0.2,1.2,51.833333333333336,51.833333333333336,True,True,['data/converted_multi_region_aligned_h100_16_merged'],1,3041.090036256015,0
Global Diverse (6),"['us-central1-a_h100_16', 'us-west1-a_h100_16', 'europe-west1-c_h100_16', 'europe-west3-c_h100_16', 'asia-southeast1-b_h100_16', 'asia-south2-b_h100_16']",6,unified_cost_model_risk,0,multi_region,,,,43.19444444444445,50.0,0.2,1.2,51.833333333333336,103.66666666666669,True,True,['data/converted_multi_region_aligned_h100_16_merged'],2,834.4949547295982,2
Global Diverse (6),"['us-central1-a_h100_16', 'us-west1-a_h100_16', 'europe-west1-c_h100_16', 'europe-west3-c_h100_16', 'asia-southeast1-b_h100_16', 'asia-south2-b_h100_16']",6,multi_region_oracle_dp,0,multi_region,,,,43.19444444444445,50.0,0.2,1.2,51.833333333333336,103.66666666666669,True,True,['data/converted_multi_region_aligned_h100_16_merged'],2,711.4999199999968,0
Global Diverse (6),"['us-central1-a_h100_16', 'us-west1-a_h100_16', 'europe-west1-c_h100_16', 'europe-west3-c_h100_16', 'asia-southeast1-b_h100_16', 'asia-south2-b_h100_16']",6,unified_cost_model_oracle,0,multi_region,,,,43.19444444444445,50.0,0.2,1.2,51.833333333333336,103.66666666666669,True,True,['data/converted_multi_region_aligned_h100_16_merged'],2,739.0838399999961,1
Global Diverse (6),"['us-central1-a_h100_16', 'us-west1-a_h100_16', 'europe-west1-c_h100_16', 'europe-west3-c_h100_16', 'asia-southeast1-b_h100_16', 'asia-south2-b_h100_16']",6,multi_region_rc_cr_threshold_eager_failover,0,multi_region,,,,43.19444444444445,50.0,0.2,1.2,51.833333333333336,103.66666666666669,True,True,['data/converted_multi_region_aligned_h100_16_merged'],2,831.787290666665,2
Global Diverse (6),"['us-central1-a_h100_16', 'us-west1-a_h100_16', 'europe-west1-c_h100_16', 'europe-west3-c_h100_16', 'asia-southeast1-b_h100_16', 'asia-south2-b_h100_16']",6,multi_region_availability_probe_simple,0,multi_region,,,,43.19444444444445,50.0,0.2,1.2,51.833333333333336,103.66666666666669,True,True,['data/converted_multi_region_aligned_h100_16_merged'],2,874.2316563178641,1
Global Diverse (6),"['us-central1-a_h100_16', 'us-west1-a_h100_16', 'europe-west1-c_h100_16', 'europe-west3-c_h100_16', 'asia-southeast1-b_h100_16', 'asia-south2-b_h100_16']",6,multi_region_probe_cost_ratio,0,multi_region,,,,43.19444444444445,50.0,0.2,1.2,51.833333333333336,103.66666666666669,True,True,['data/converted_multi_region_aligned_h100_16_merged'],2,907.5388571690632,2
Global Diverse (6),"['us-central1-a_h100_16', 'us-west1-a_h100_16', 'europe-west1-c_h100_16', 'europe-west3-c_h100_16', 'asia-southeast1-b_h100_16', 'asia-south2-b_h100_16']",6,rc_cr_threshold,0,single_region,,us-central1-a_h100_16,,43.19444444444445,50.0,0.2,1.2,51.833333333333336,103.66666666666669,True,True,['data/converted_multi_region_aligned_h100_16_merged'],2,1427.0747606333414,0
Global Diverse (6),"['us-central1-a_h100_16', 'us-west1-a_h100_16', 'europe-west1-c_h100_16', 'europe-west3-c_h100_16', 'asia-southeast1-b_h100_16', 'asia-south2-b_h100_16']",6,rc_cr_threshold,0,single_region,,us-west1-a_h100_16,,43.19444444444445,50.0,0.2,1.2,51.833333333333336,103.66666666666669,True,True,['data/converted_multi_region_aligned_h100_16_merged'],2,2912.9878676999974,0
Global Diverse (6),"['us-central1-a_h100_16', 'us-west1-a_h100_16', 'europe-west1-c_h100_16', 'europe-west3-c_h100_16', 'asia-southeast1-b_h100_16', 'asia-south2-b_h100_16']",6,rc_cr_threshold,0,single_region,,europe-west1-c_h100_16,,43.19444444444445,50.0,0.2,1.2,51.833333333333336,103.66666666666669,True,True,['data/converted_multi_region_aligned_h100_16_merged'],2,1101.9328648213288,0
Global Diverse (6),"['us-central1-a_h100_16', 'us-west1-a_h100_16', 'europe-west1-c_h100_16', 'europe-west3-c_h100_16', 'asia-southeast1-b_h100_16', 'asia-south2-b_h100_16']",6,rc_cr_threshold,0,single_region,,europe-west3-c_h100_16,,43.19444444444445,50.0,0.2,1.2,51.833333333333336,103.66666666666669,True,True,['data/converted_multi_region_aligned_h100_16_merged'],2,4236.030618047997,0
Global Diverse (6),"['us-central1-a_h100_16', 'us-west1-a_h100_16', 'europe-west1-c_h100_16', 'europe-west3-c_h100_16', 'asia-southeast1-b_h100_16', 'asia-south2-b_h100_16']",6,rc_cr_threshold,0,single_region,,asia-southeast1-b_h100_16,,43.19444444444445,50.0,0.2,1.2,51.833333333333336,103.66666666666669,True,True,['data/converted_multi_region_aligned_h100_16_merged'],2,837.6527039999982,0
Global Diverse (6),"['us-central1-a_h100_16', 'us-west1-a_h100_16', 'europe-west1-c_h100_16', 'europe-west3-c_h100_16', 'asia-southeast1-b_h100_16', 'asia-south2-b_h100_16']",6,rc_cr_threshold,0,single_region,,asia-south2-b_h100_16,,43.19444444444445,50.0,0.2,1.2,51.833333333333336,103.66666666666669,True,True,['data/converted_multi_region_aligned_h100_16_merged'],2,3041.090036256015,0
Global Diverse (6),"['us-central1-a_h100_16', 'us-west1-a_h100_16', 'europe-west1-c_h100_16', 'europe-west3-c_h100_16', 'asia-southeast1-b_h100_16', 'asia-south2-b_h100_16']",6,unified_cost_model_risk,0,multi_region,,,,43.19444444444445,50.0,0.2,1.2,51.833333333333336,155.5,True,True,['data/converted_multi_region_aligned_h100_16_merged'],3,723.3936928629288,1
Global Diverse (6),"['us-central1-a_h100_16', 'us-west1-a_h100_16', 'europe-west1-c_h100_16', 'europe-west3-c_h100_16', 'asia-southeast1-b_h100_16', 'asia-south2-b_h100_16']",6,multi_region_oracle_dp,0,multi_region,,,,43.19444444444445,50.0,0.2,1.2,51.833333333333336,155.5,True,True,['data/converted_multi_region_aligned_h100_16_merged'],3,711.4999199999968,0
Global Diverse (6),"['us-central1-a_h100_16', 'us-west1-a_h100_16', 'europe-west1-c_h100_16', 'europe-west3-c_h100_16', 'asia-southeast1-b_h100_16', 'asia-south2-b_h100_16']",6,unified_cost_model_oracle,0,multi_region,,,,43.19444444444445,50.0,0.2,1.2,51.833333333333336,155.5,True,True,['data/converted_multi_region_aligned_h100_16_merged'],3,720.7101919999955,1
Global Diverse (6),"['us-central1-a_h100_16', 'us-west1-a_h100_16', 'europe-west1-c_h100_16', 'europe-west3-c_h100_16', 'asia-southeast1-b_h100_16', 'asia-south2-b_h100_16']",6,multi_region_rc_cr_threshold_eager_failover,0,multi_region,,,,43.19444444444445,50.0,0.2,1.2,51.833333333333336,155.5,True,True,['data/converted_multi_region_aligned_h100_16_merged'],3,720.7101919999955,1
Global Diverse (6),"['us-central1-a_h100_16', 'us-west1-a_h100_16', 'europe-west1-c_h100_16', 'europe-west3-c_h100_16', 'asia-southeast1-b_h100_16', 'asia-south2-b_h100_16']",6,multi_region_availability_probe_simple,0,multi_region,,,,43.19444444444445,50.0,0.2,1.2,51.833333333333336,155.5,True,True,['data/converted_multi_region_aligned_h100_16_merged'],3,873.6741229845369,1
Global Diverse (6),"['us-central1-a_h100_16', 'us-west1-a_h100_16', 'europe-west1-c_h100_16', 'europe-west3-c_h100_16', 'asia-southeast1-b_h100_16', 'asia-south2-b_h100_16']",6,multi_region_probe_cost_ratio,0,multi_region,,,,43.19444444444445,50.0,0.2,1.2,51.833333333333336,155.5,True,True,['data/converted_multi_region_aligned_h100_16_merged'],3,820.8405835690635,2
Global Diverse (6),"['us-central1-a_h100_16', 'us-west1-a_h100_16', 'europe-west1-c_h100_16', 'europe-west3-c_h100_16', 'asia-southeast1-b_h100_16', 'asia-south2-b_h100_16']",6,rc_cr_threshold,0,single_region,,us-central1-a_h100_16,,43.19444444444445,50.0,0.2,1.2,51.833333333333336,155.5,True,True,['data/converted_multi_region_aligned_h100_16_merged'],3,835.0763520000035,0
Global Diverse (6),"['us-central1-a_h100_16', 'us-west1-a_h100_16', 'europe-west1-c_h100_16', 'europe-west3-c_h100_16', 'asia-southeast1-b_h100_16', 'asia-south2-b_h100_16']",6,rc_cr_threshold,0,single_region,,us-west1-a_h100_16,,43.19444444444445,50.0,0.2,1.2,51.833333333333336,155.5,True,True,['data/converted_multi_region_aligned_h100_16_merged'],3,828.7500160000034,0
Global Diverse (6),"['us-central1-a_h100_16', 'us-west1-a_h100_16', 'europe-west1-c_h100_16', 'europe-west3-c_h100_16', 'asia-southeast1-b_h100_16', 'asia-south2-b_h100_16']",6,rc_cr_threshold,0,single_region,,europe-west1-c_h100_16,,43.19444444444445,50.0,0.2,1.2,51.833333333333336,155.5,True,True,['data/converted_multi_region_aligned_h100_16_merged'],3,714.2259733333301,0
Global Diverse (6),"['us-central1-a_h100_16', 'us-west1-a_h100_16', 'europe-west1-c_h100_16', 'europe-west3-c_h100_16', 'asia-southeast1-b_h100_16', 'asia-south2-b_h100_16']",6,rc_cr_threshold,0,single_region,,europe-west3-c_h100_16,,43.19444444444445,50.0,0.2,1.2,51.833333333333336,155.5,True,True,['data/converted_multi_region_aligned_h100_16_merged'],3,2879.8662621439803,0
Global Diverse (6),"['us-central1-a_h100_16', 'us-west1-a_h100_16', 'europe-west1-c_h100_16', 'europe-west3-c_h100_16', 'asia-southeast1-b_h100_16', 'asia-south2-b_h100_16']",6,rc_cr_threshold,0,single_region,,asia-southeast1-b_h100_16,,43.19444444444445,50.0,0.2,1.2,51.833333333333336,155.5,True,True,['data/converted_multi_region_aligned_h100_16_merged'],3,837.6527039999982,0
Global Diverse (6),"['us-central1-a_h100_16', 'us-west1-a_h100_16', 'europe-west1-c_h100_16', 'europe-west3-c_h100_16', 'asia-southeast1-b_h100_16', 'asia-south2-b_h100_16']",6,rc_cr_threshold,0,single_region,,asia-south2-b_h100_16,,43.19444444444445,50.0,0.2,1.2,51.833333333333336,155.5,True,True,['data/converted_multi_region_aligned_h100_16_merged'],3,3041.090036256015,0
Global Diverse (6),"['us-central1-a_h100_16', 'us-west1-a_h100_16', 'europe-west1-c_h100_16', 'europe-west3-c_h100_16', 'asia-southeast1-b_h100_16', 'asia-south2-b_h100_16']",6,unified_cost_model_risk,0,multi_region,,,,43.19444444444445,50.0,0.2,1.2,51.833333333333336,207.33333333333331,True,True,['data/converted_multi_region_aligned_h100_16_merged'],4,791.6703637962696,2
Global Diverse (6),"['us-central1-a_h100_16', 'us-west1-a_h100_16', 'europe-west1-c_h100_16', 'europe-west3-c_h100_16', 'asia-southeast1-b_h100_16', 'asia-south2-b_h100_16']",6,multi_region_oracle_dp,0,multi_region,,,,43.19444444444445,50.0,0.2,1.2,51.833333333333336,207.33333333333331,True,True,['data/converted_multi_region_aligned_h100_16_merged'],4,750.5451999999981,3
Global Diverse (6),"['us-central1-a_h100_16', 'us-west1-a_h100_16', 'europe-west1-c_h100_16', 'europe-west3-c_h100_16', 'asia-southeast1-b_h100_16', 'asia-south2-b_h100_16']",6,unified_cost_model_oracle,0,multi_region,,,,43.19444444444445,50.0,0.2,1.2,51.833333333333336,207.33333333333331,True,True,['data/converted_multi_region_aligned_h100_16_merged'],4,775.2364533333341,2
Global Diverse (6),"['us-central1-a_h100_16', 'us-west1-a_h100_16', 'europe-west1-c_h100_16', 'europe-west3-c_h100_16', 'asia-southeast1-b_h100_16', 'asia-south2-b_h100_16']",6,multi_region_rc_cr_threshold_eager_failover,0,multi_region,,,,43.19444444444445,50.0,0.2,1.2,51.833333333333336,207.33333333333331,True,True,['data/converted_multi_region_aligned_h100_16_merged'],4,788.6947093333362,2
Global Diverse (6),"['us-central1-a_h100_16', 'us-west1-a_h100_16', 'europe-west1-c_h100_16', 'europe-west3-c_h100_16', 'asia-southeast1-b_h100_16', 'asia-south2-b_h100_16']",6,multi_region_availability_probe_simple,0,multi_region,,,,43.19444444444445,50.0,0.2,1.2,51.833333333333336,207.33333333333331,True,True,['data/converted_multi_region_aligned_h100_16_merged'],4,877.1758611178703,2
Global Diverse (6),"['us-central1-a_h100_16', 'us-west1-a_h100_16', 'europe-west1-c_h100_16', 'europe-west3-c_h100_16', 'asia-southeast1-b_h100_16', 'asia-south2-b_h100_16']",6,multi_region_probe_cost_ratio,0,multi_region,,,,43.19444444444445,50.0,0.2,1.2,51.833333333333336,207.33333333333331,True,True,['data/converted_multi_region_aligned_h100_16_merged'],4,879.7013249024034,1
Global Diverse (6),"['us-central1-a_h100_16', 'us-west1-a_h100_16', 'europe-west1-c_h100_16', 'europe-west3-c_h100_16', 'asia-southeast1-b_h100_16', 'asia-south2-b_h100_16']",6,rc_cr_threshold,0,single_region,,us-central1-a_h100_16,,43.19444444444445,50.0,0.2,1.2,51.833333333333336,207.33333333333331,True,True,['data/converted_multi_region_aligned_h100_16_merged'],4,828.7500160000034,0
Global Diverse (6),"['us-central1-a_h100_16', 'us-west1-a_h100_16', 'europe-west1-c_h100_16', 'europe-west3-c_h100_16', 'asia-southeast1-b_h100_16', 'asia-south2-b_h100_16']",6,rc_cr_threshold,0,single_region,,us-west1-a_h100_16,,43.19444444444445,50.0,0.2,1.2,51.833333333333336,207.33333333333331,True,True,['data/converted_multi_region_aligned_h100_16_merged'],4,1099.8531268333402,0
Global Diverse (6),"['us-central1-a_h100_16', 'us-west1-a_h100_16', 'europe-west1-c_h100_16', 'europe-west3-c_h100_16', 'asia-southeast1-b_h100_16', 'asia-south2-b_h100_16']",6,rc_cr_threshold,0,single_region,,europe-west1-c_h100_16,,43.19444444444445,50.0,0.2,1.2,51.833333333333336,207.33333333333331,True,True,['data/converted_multi_region_aligned_h100_16_merged'],4,2051.208961802666,0
Global Diverse (6),"['us-central1-a_h100_16', 'us-west1-a_h100_16', 'europe-west1-c_h100_16', 'europe-west3-c_h100_16', 'asia-southeast1-b_h100_16', 'asia-south2-b_h100_16']",6,rc_cr_threshold,0,single_region,,europe-west3-c_h100_16,,43.19444444444445,50.0,0.2,1.2,51.833333333333336,207.33333333333331,True,True,['data/converted_multi_region_aligned_h100_16_merged'],4,2354.6698930559846,0
Global Diverse (6),"['us-central1-a_h100_16', 'us-west1-a_h100_16', 'europe-west1-c_h100_16', 'europe-west3-c_h100_16', 'asia-southeast1-b_h100_16', 'asia-south2-b_h100_16']",6,rc_cr_threshold,0,single_region,,asia-southeast1-b_h100_16,,43.19444444444445,50.0,0.2,1.2,51.833333333333336,207.33333333333331,True,True,['data/converted_multi_region_aligned_h100_16_merged'],4,837.6527039999982,0
Global Diverse (6),"['us-central1-a_h100_16', 'us-west1-a_h100_16', 'europe-west1-c_h100_16', 'europe-west3-c_h100_16', 'asia-southeast1-b_h100_16', 'asia-south2-b_h100_16']",6,rc_cr_threshold,0,single_region,,asia-south2-b_h100_16,,43.19444444444445,50.0,0.2,1.2,51.833333333333336,207.33333333333331,True,True,['data/converted_multi_region_aligned_h100_16_merged'],4,3041.090036256015,0
Global Diverse (6),"['us-central1-a_h100_16', 'us-west1-a_h100_16', 'europe-west1-c_h100_16', 'europe-west3-c_h100_16', 'asia-southeast1-b_h100_16', 'asia-south2-b_h100_16']",6,unified_cost_model_risk,0,multi_region,,,,43.19444444444445,50.0,0.2,1.2,51.833333333333336,259.1666666666667,True,True,['data/converted_multi_region_aligned_h100_16_merged'],5,711.1847621962635,0
Global Diverse (6),"['us-central1-a_h100_16', 'us-west1-a_h100_16', 'europe-west1-c_h100_16', 'europe-west3-c_h100_16', 'asia-southeast1-b_h100_16', 'asia-south2-b_h100_16']",6,multi_region_oracle_dp,0,multi_region,,,,43.19444444444445,50.0,0.2,1.2,51.833333333333336,259.1666666666667,True,True,['data/converted_multi_region_aligned_h100_16_merged'],5,708.7738666666635,0
Global Diverse (6),"['us-central1-a_h100_16', 'us-west1-a_h100_16', 'europe-west1-c_h100_16', 'europe-west3-c_h100_16', 'asia-southeast1-b_h100_16', 'asia-south2-b_h100_16']",6,unified_cost_model_oracle,0,multi_region,,,,43.19444444444445,50.0,0.2,1.2,51.833333333333336,259.1666666666667,True,True,['data/converted_multi_region_aligned_h100_16_merged'],5,708.7738666666635,0
Global Diverse (6),"['us-central1-a_h100_16', 'us-west1-a_h100_16', 'europe-west1-c_h100_16', 'europe-west3-c_h100_16', 'asia-southeast1-b_h100_16', 'asia-south2-b_h100_16']",6,multi_region_rc_cr_threshold_eager_failover,0,multi_region,,,,43.19444444444445,50.0,0.2,1.2,51.833333333333336,259.1666666666667,True,True,['data/converted_multi_region_aligned_h100_16_merged'],5,708.7738666666635,0
Global Diverse (6),"['us-central1-a_h100_16', 'us-west1-a_h100_16', 'europe-west1-c_h100_16', 'europe-west3-c_h100_16', 'asia-southeast1-b_h100_16', 'asia-south2-b_h100_16']",6,multi_region_availability_probe_simple,0,multi_region,,,,43.19444444444445,50.0,0.2,1.2,51.833333333333336,259.1666666666667,True,True,['data/converted_multi_region_aligned_h100_16_merged'],5,858.4185171178676,1
Global Diverse (6),"['us-central1-a_h100_16', 'us-west1-a_h100_16', 'europe-west1-c_h100_16', 'europe-west3-c_h100_16', 'asia-southeast1-b_h100_16', 'asia-south2-b_h100_16']",6,multi_region_probe_cost_ratio,0,multi_region,,,,43.19444444444445,50.0,0.2,1.2,51.833333333333336,259.1666666666667,True,True,['data/converted_multi_region_aligned_h100_16_merged'],5,811.3737851690627,0
Global Diverse (6),"['us-central1-a_h100_16', 'us-west1-a_h100_16', 'europe-west1-c_h100_16', 'europe-west3-c_h100_16', 'asia-southeast1-b_h100_16', 'asia-south2-b_h100_16']",6,rc_cr_threshold,0,single_region,,us-central1-a_h100_16,,43.19444444444445,50.0,0.2,1.2,51.833333333333336,259.1666666666667,True,True,['data/converted_multi_region_aligned_h100_16_merged'],5,828.7500160000034,0
Global Diverse (6),"['us-central1-a_h100_16', 'us-west1-a_h100_16', 'europe-west1-c_h100_16', 'europe-west3-c_h100_16', 'asia-southeast1-b_h100_16', 'asia-south2-b_h100_16']",6,rc_cr_threshold,0,single_region,,us-west1-a_h100_16,,43.19444444444445,50.0,0.2,1.2,51.833333333333336,259.1666666666667,True,True,['data/converted_multi_region_aligned_h100_16_merged'],5,2356.744341079999,0
Global Diverse (6),"['us-central1-a_h100_16', 'us-west1-a_h100_16', 'europe-west1-c_h100_16', 'europe-west3-c_h100_16', 'asia-southeast1-b_h100_16', 'asia-south2-b_h100_16']",6,rc_cr_threshold,0,single_region,,europe-west1-c_h100_16,,43.19444444444445,50.0,0.2,1.2,51.833333333333336,259.1666666666667,True,True,['data/converted_multi_region_aligned_h100_16_merged'],5,711.4999199999968,0
Global Diverse (6),"['us-central1-a_h100_16', 'us-west1-a_h100_16', 'europe-west1-c_h100_16', 'europe-west3-c_h100_16', 'asia-southeast1-b_h100_16', 'asia-south2-b_h100_16']",6,rc_cr_threshold,0,single_region,,europe-west3-c_h100_16,,43.19444444444445,50.0,0.2,1.2,51.833333333333336,259.1666666666667,True,True,['data/converted_multi_region_aligned_h100_16_merged'],5,762.5208959999959,0
Global Diverse (6),"['us-central1-a_h100_16', 'us-west1-a_h100_16', 'europe-west1-c_h100_16', 'europe-west3-c_h100_16', 'asia-southeast1-b_h100_16', 'asia-south2-b_h100_16']",6,rc_cr_threshold,0,single_region,,asia-southeast1-b_h100_16,,43.19444444444445,50.0,0.2,1.2,51.833333333333336,259.1666666666667,True,True,['data/converted_multi_region_aligned_h100_16_merged'],5,837.6527039999982,0
Global Diverse (6),"['us-central1-a_h100_16', 'us-west1-a_h100_16', 'europe-west1-c_h100_16', 'europe-west3-c_h100_16', 'asia-southeast1-b_h100_16', 'asia-south2-b_h100_16']",6,rc_cr_threshold,0,single_region,,asia-south2-b_h100_16,,43.19444444444445,50.0,0.2,1.2,51.833333333333336,259.1666666666667,True,True,['data/converted_multi_region_aligned_h100_16_merged'],5,3041.090036256015,0
Global Diverse (6),"['us-central1-a_h100_16', 'us-west1-a_h100_16', 'europe-west1-c_h100_16', 'europe-west3-c_h100_16', 'asia-southeast1-b_h100_16', 'asia-south2-b_h100_16']",6,unified_cost_model_risk,0,multi_region,,,,43.19444444444445,200.0,0.2,1.2,51.833333333333336,0.0,True,True,['data/converted_multi_region_aligned_h100_16_merged'],0,711.1847621962635,0
Global Diverse (6),"['us-central1-a_h100_16', 'us-west1-a_h100_16', 'europe-west1-c_h100_16', 'europe-west3-c_h100_16', 'asia-southeast1-b_h100_16', 'asia-south2-b_h100_16']",6,multi_region_oracle_dp,0,multi_region,,,,43.19444444444445,200.0,0.2,1.2,51.833333333333336,0.0,True,True,['data/converted_multi_region_aligned_h100_16_merged'],0,708.7738666666635,0
Global Diverse (6),"['us-central1-a_h100_16', 'us-west1-a_h100_16', 'europe-west1-c_h100_16', 'europe-west3-c_h100_16', 'asia-southeast1-b_h100_16', 'asia-south2-b_h100_16']",6,unified_cost_model_oracle,0,multi_region,,,,43.19444444444445,200.0,0.2,1.2,51.833333333333336,0.0,True,True,['data/converted_multi_region_aligned_h100_16_merged'],0,708.7738666666635,0
Global Diverse (6),"['us-central1-a_h100_16', 'us-west1-a_h100_16', 'europe-west1-c_h100_16', 'europe-west3-c_h100_16', 'asia-southeast1-b_h100_16', 'asia-south2-b_h100_16']",6,multi_region_rc_cr_threshold_eager_failover,0,multi_region,,,,43.19444444444445,200.0,0.2,1.2,51.833333333333336,0.0,True,True,['data/converted_multi_region_aligned_h100_16_merged'],0,708.7738666666635,0
Global Diverse (6),"['us-central1-a_h100_16', 'us-west1-a_h100_16', 'europe-west1-c_h100_16', 'europe-west3-c_h100_16', 'asia-southeast1-b_h100_16', 'asia-south2-b_h100_16']",6,multi_region_availability_probe_simple,0,multi_region,,,,43.19444444444445,200.0,0.2,1.2,51.833333333333336,0.0,True,True,['data/converted_multi_region_aligned_h100_16_merged'],0,823.5432659178626,3
Global Diverse (6),"['us-central1-a_h100_16', 'us-west1-a_h100_16', 'europe-west1-c_h100_16', 'europe-west3-c_h100_16', 'asia-southeast1-b_h100_16', 'asia-south2-b_h100_16']",6,multi_region_probe_cost_ratio,0,multi_region,,,,43.19444444444445,200.0,0.2,1.2,51.833333333333336,0.0,True,True,['data/converted_multi_region_aligned_h100_16_merged'],0,790.2431782357285,0
Global Diverse (6),"['us-central1-a_h100_16', 'us-west1-a_h100_16', 'europe-west1-c_h100_16', 'europe-west3-c_h100_16', 'asia-southeast1-b_h100_16', 'asia-south2-b_h100_16']",6,rc_cr_threshold,0,single_region,,us-central1-a_h100_16,,43.19444444444445,200.0,0.2,1.2,51.833333333333336,0.0,True,True,['data/converted_multi_region_aligned_h100_16_merged'],0,1145.3805788066743,0
Global Diverse (6),"['us-central1-a_h100_16', 'us-west1-a_h100_16', 'europe-west1-c_h100_16', 'europe-west3-c_h100_16', 'asia-southeast1-b_h100_16', 'asia-south2-b_h100_16']",6,rc_cr_threshold,0,single_region,,us-west1-a_h100_16,,43.19444444444445,200.0,0.2,1.2,51.833333333333336,0.0,True,True,['data/converted_multi_region_aligned_h100_16_merged'],0,1014.0229918933372,0
Global Diverse (6),"['us-central1-a_h100_16', 'us-west1-a_h100_16', 'europe-west1-c_h100_16', 'europe-west3-c_h100_16', 'asia-southeast1-b_h100_16', 'asia-south2-b_h100_16']",6,rc_cr_threshold,0,single_region,,europe-west1-c_h100_16,,43.19444444444445,200.0,0.2,1.2,51.833333333333336,0.0,True,True,['data/converted_multi_region_aligned_h100_16_merged'],0,711.4999199999968,0
Global Diverse (6),"['us-central1-a_h100_16', 'us-west1-a_h100_16', 'europe-west1-c_h100_16', 'europe-west3-c_h100_16', 'asia-southeast1-b_h100_16', 'asia-south2-b_h100_16']",6,rc_cr_threshold,0,single_region,,europe-west3-c_h100_16,,43.19444444444445,200.0,0.2,1.2,51.833333333333336,0.0,True,True,['data/converted_multi_region_aligned_h100_16_merged'],0,3778.998903167997,0
Global Diverse (6),"['us-central1-a_h100_16', 'us-west1-a_h100_16', 'europe-west1-c_h100_16', 'europe-west3-c_h100_16', 'asia-southeast1-b_h100_16', 'asia-south2-b_h100_16']",6,rc_cr_threshold,0,single_region,,asia-southeast1-b_h100_16,,43.19444444444445,200.0,0.2,1.2,51.833333333333336,0.0,True,True,['data/converted_multi_region_aligned_h100_16_merged'],0,4599.544343114651,0
Global Diverse (6),"['us-central1-a_h100_16', 'us-west1-a_h100_16', 'europe-west1-c_h100_16', 'europe-west3-c_h100_16', 'asia-southeast1-b_h100_16', 'asia-south2-b_h100_16']",6,rc_cr_threshold,0,single_region,,asia-south2-b_h100_16,,43.19444444444445,200.0,0.2,1.2,51.833333333333336,0.0,True,True,['data/converted_multi_region_aligned_h100_16_merged'],0,3041.090036256015,0
Global Diverse (6),"['us-central1-a_h100_16', 'us-west1-a_h100_16', 'europe-west1-c_h100_16', 'europe-west3-c_h100_16', 'asia-southeast1-b_h100_16', 'asia-south2-b_h100_16']",6,unified_cost_model_risk,0,multi_region,,,,43.19444444444445,200.0,0.2,1.2,51.833333333333336,51.833333333333336,True,True,['data/converted_multi_region_aligned_h100_16_merged'],1,832.1687179295982,4
Global Diverse (6),"['us-central1-a_h100_16', 'us-west1-a_h100_16', 'europe-west1-c_h100_16', 'europe-west3-c_h100_16', 'asia-southeast1-b_h100_16', 'asia-south2-b_h100_16']",6,multi_region_oracle_dp,0,multi_region,,,,43.19444444444445,200.0,0.2,1.2,51.833333333333336,51.833333333333336,True,True,['data/converted_multi_region_aligned_h100_16_merged'],1,738.9690026666641,2
Global Diverse (6),"['us-central1-a_h100_16', 'us-west1-a_h100_16', 'europe-west1-c_h100_16', 'europe-west3-c_h100_16', 'asia-southeast1-b_h100_16', 'asia-south2-b_h100_16']",6,unified_cost_model_oracle,0,multi_region,,,,43.19444444444445,200.0,0.2,1.2,51.833333333333336,51.833333333333336,True,True,['data/converted_multi_region_aligned_h100_16_merged'],1,826.1351705173294,7
Global Diverse (6),"['us-central1-a_h100_16', 'us-west1-a_h100_16', 'europe-west1-c_h100_16', 'europe-west3-c_h100_16', 'asia-southeast1-b_h100_16', 'asia-south2-b_h100_16']",6,multi_region_rc_cr_threshold_eager_failover,0,multi_region,,,,43.19444444444445,200.0,0.2,1.2,51.833333333333336,51.833333333333336,True,True,['data/converted_multi_region_aligned_h100_16_merged'],1,2391.7563896853435,2
Global Diverse (6),"['us-central1-a_h100_16', 'us-west1-a_h100_16', 'europe-west1-c_h100_16', 'europe-west3-c_h100_16', 'asia-southeast1-b_h100_16', 'asia-south2-b_h100_16']",6,multi_region_availability_probe_simple,0,multi_region,,,,43.19444444444445,200.0,0.2,1.2,51.833333333333336,51.833333333333336,True,True,['data/converted_multi_region_aligned_h100_16_merged'],1,2446.8115330922783,2
Global Diverse (6),"['us-central1-a_h100_16', 'us-west1-a_h100_16', 'europe-west1-c_h100_16', 'europe-west3-c_h100_16', 'asia-southeast1-b_h100_16', 'asia-south2-b_h100_16']",6,multi_region_probe_cost_ratio,0,multi_region,,,,43.19444444444445,200.0,0.2,1.2,51.833333333333336,51.833333333333336,True,True,['data/converted_multi_region_aligned_h100_16_merged'],1,983.019571120004,13
Global Diverse (6),"['us-central1-a_h100_16', 'us-west1-a_h100_16', 'europe-west1-c_h100_16', 'europe-west3-c_h100_16', 'asia-southeast1-b_h100_16', 'asia-south2-b_h100_16']",6,rc_cr_threshold,0,single_region,,us-central1-a_h100_16,,43.19444444444445,200.0,0.2,1.2,51.833333333333336,51.833333333333336,True,True,['data/converted_multi_region_aligned_h100_16_merged'],1,854.0553600000037,0
Global Diverse (6),"['us-central1-a_h100_16', 'us-west1-a_h100_16', 'europe-west1-c_h100_16', 'europe-west3-c_h100_16', 'asia-southeast1-b_h100_16', 'asia-south2-b_h100_16']",6,rc_cr_threshold,0,single_region,,us-west1-a_h100_16,,43.19444444444445,200.0,0.2,1.2,51.833333333333336,51.833333333333336,True,True,['data/converted_multi_region_aligned_h100_16_merged'],1,3595.081146266658,0
Global Diverse (6),"['us-central1-a_h100_16', 'us-west1-a_h100_16', 'europe-west1-c_h100_16', 'europe-west3-c_h100_16', 'asia-southeast1-b_h100_16', 'asia-south2-b_h100_16']",6,rc_cr_threshold,0,single_region,,europe-west1-c_h100_16,,43.19444444444445,200.0,0.2,1.2,51.833333333333336,51.833333333333336,True,True,['data/converted_multi_region_aligned_h100_16_merged'],1,1387.2608158293308,0
Global Diverse (6),"['us-central1-a_h100_16', 'us-west1-a_h100_16', 'europe-west1-c_h100_16', 'europe-west3-c_h100_16', 'asia-southeast1-b_h100_16', 'asia-south2-b_h100_16']",6,rc_cr_threshold,0,single_region,,europe-west3-c_h100_16,,43.19444444444445,200.0,0.2,1.2,51.833333333333336,51.833333333333336,True,True,['data/converted_multi_region_aligned_h100_16_merged'],1,3739.073504063997,0
Global Diverse (6),"['us-central1-a_h100_16', 'us-west1-a_h100_16', 'europe-west1-c_h100_16', 'europe-west3-c_h100_16', 'asia-southeast1-b_h100_16', 'asia-south2-b_h100_16']",6,rc_cr_threshold,0,single_region,,asia-southeast1-b_h100_16,,43.19444444444445,200.0,0.2,1.2,51.833333333333336,51.833333333333336,True,True,['data/converted_multi_region_aligned_h100_16_merged'],1,3122.030977856021,0
Global Diverse (6),"['us-central1-a_h100_16', 'us-west1-a_h100_16', 'europe-west1-c_h100_16', 'europe-west3-c_h100_16', 'asia-southeast1-b_h100_16', 'asia-south2-b_h100_16']",6,rc_cr_threshold,0,single_region,,asia-south2-b_h100_16,,43.19444444444445,200.0,0.2,1.2,51.833333333333336,51.833333333333336,True,True,['data/converted_multi_region_aligned_h100_16_merged'],1,3041.090036256015,0
Global Diverse (6),"['us-central1-a_h100_16', 'us-west1-a_h100_16', 'europe-west1-c_h100_16', 'europe-west3-c_h100_16', 'asia-southeast1-b_h100_16', 'asia-south2-b_h100_16']",6,unified_cost_model_risk,0,multi_region,,,,43.19444444444445,200.0,0.2,1.2,51.833333333333336,103.66666666666669,True,True,['data/converted_multi_region_aligned_h100_16_merged'],2,745.1442773962632,2
Global Diverse (6),"['us-central1-a_h100_16', 'us-west1-a_h100_16', 'europe-west1-c_h100_16', 'europe-west3-c_h100_16', 'asia-southeast1-b_h100_16', 'asia-south2-b_h100_16']",6,multi_region_oracle_dp,0,multi_region,,,,43.19444444444445,200.0,0.2,1.2,51.833333333333336,103.66666666666669,True,True,['data/converted_multi_region_aligned_h100_16_merged'],2,711.4999199999968,0
Global Diverse (6),"['us-central1-a_h100_16', 'us-west1-a_h100_16', 'europe-west1-c_h100_16', 'europe-west3-c_h100_16', 'asia-southeast1-b_h100_16', 'asia-south2-b_h100_16']",6,unified_cost_model_oracle,0,multi_region,,,,43.19444444444445,200.0,0.2,1.2,51.833333333333336,103.66666666666669,True,True,['data/converted_multi_region_aligned_h100_16_merged'],2,742.0838399999961,1
Global Diverse (6),"['us-central1-a_h100_16', 'us-west1-a_h100_16', 'europe-west1-c_h100_16', 'europe-west3-c_h100_16', 'asia-southeast1-b_h100_16', 'asia-south2-b_h100_16']",6,multi_region_rc_cr_threshold_eager_failover,0,multi_region,,,,43.19444444444445,200.0,0.2,1.2,51.833333333333336,103.66666666666669,True,True,['data/converted_multi_region_aligned_h100_16_merged'],2,837.787290666665,2
Global Diverse (6),"['us-central1-a_h100_16', 'us-west1-a_h100_16', 'europe-west1-c_h100_16', 'europe-west3-c_h100_16', 'asia-southeast1-b_h100_16', 'asia-south2-b_h100_16']",6,multi_region_availability_probe_simple,0,multi_region,,,,43.19444444444445,200.0,0.2,1.2,51.833333333333336,103.66666666666669,True,True,['data/converted_multi_region_aligned_h100_16_merged'],2,877.2316563178641,1
Global Diverse (6),"['us-central1-a_h100_16', 'us-west1-a_h100_16', 'europe-west1-c_h100_16', 'europe-west3-c_h100_16', 'asia-southeast1-b_h100_16', 'asia-south2-b_h100_16']",6,multi_region_probe_cost_ratio,0,multi_region,,,,43.19444444444445,200.0,0.2,1.2,51.833333333333336,103.66666666666669,True,True,['data/converted_multi_region_aligned_h100_16_merged'],2,913.5388571690632,2
Global Diverse (6),"['us-central1-a_h100_16', 'us-west1-a_h100_16', 'europe-west1-c_h100_16', 'europe-west3-c_h100_16', 'asia-southeast1-b_h100_16', 'asia-south2-b_h100_16']",6,rc_cr_threshold,0,single_region,,us-central1-a_h100_16,,43.19444444444445,200.0,0.2,1.2,51.833333333333336,103.66666666666669,True,True,['data/converted_multi_region_aligned_h100_16_merged'],2,1427.0747606333414,0
Global Diverse (6),"['us-central1-a_h100_16', 'us-west1-a_h100_16', 'europe-west1-c_h100_16', 'europe-west3-c_h100_16', 'asia-southeast1-b_h100_16', 'asia-south2-b_h100_16']",6,rc_cr_threshold,0,single_region,,us-west1-a_h100_16,,43.19444444444445,200.0,0.2,1.2,51.833333333333336,103.66666666666669,True,True,['data/converted_multi_region_aligned_h100_16_merged'],2,2912.9878676999974,0
Global Diverse (6),"['us-central1-a_h100_16', 'us-west1-a_h100_16', 'europe-west1-c_h100_16', 'europe-west3-c_h100_16', 'asia-southeast1-b_h100_16', 'asia-south2-b_h100_16']",6,rc_cr_threshold,0,single_region,,europe-west1-c_h100_16,,43.19444444444445,200.0,0.2,1.2,51.833333333333336,103.66666666666669,True,True,['data/converted_multi_region_aligned_h100_16_merged'],2,1101.9328648213288,0
Global Diverse (6),"['us-central1-a_h100_16', 'us-west1-a_h100_16', 'europe-west1-c_h100_16', 'europe-west3-c_h100_16', 'asia-southeast1-b_h100_16', 'asia-south2-b_h100_16']",6,rc_cr_threshold,0,single_region,,europe-west3-c_h100_16,,43.19444444444445,200.0,0.2,1.2,51.833333333333336,103.66666666666669,True,True,['data/converted_multi_region_aligned_h100_16_merged'],2,4236.030618047997,0
Global Diverse (6),"['us-central1-a_h100_16', 'us-west1-a_h100_16', 'europe-west1-c_h100_16', 'europe-west3-c_h100_16', 'asia-southeast1-b_h100_16', 'asia-south2-b_h100_16']",6,rc_cr_threshold,0,single_region,,asia-southeast1-b_h100_16,,43.19444444444445,200.0,0.2,1.2,51.833333333333336,103.66666666666669,True,True,['data/converted_multi_region_aligned_h100_16_merged'],2,837.6527039999982,0
Global Diverse (6),"['us-central1-a_h100_16', 'us-west1-a_h100_16', 'europe-west1-c_h100_16', 'europe-west3-c_h100_16', 'asia-southeast1-b_h100_16', 'asia-south2-b_h100_16']",6,rc_cr_threshold,0,single_region,,asia-south2-b_h100_16,,43.19444444444445,200.0,0.2,1.2,51.833333333333336,103.66666666666669,True,True,['data/converted_multi_region_aligned_h100_16_merged'],2,3041.090036256015,0
Global Diverse (6),"['us-central1-a_h100_16', 'us-west1-a_h100_16', 'europe-west1-c_h100_16', 'europe-west3-c_h100_16', 'asia-southeast1-b_h100_16', 'asia-south2-b_h100_16']",6,unified_cost_model_risk,0,multi_region,,,,43.19444444444445,200.0,0.2,1.2,51.833333333333336,155.5,True,True,['data/converted_multi_region_aligned_h100_16_merged'],3,726.3936928629288,1
Global Diverse (6),"['us-central1-a_h100_16', 'us-west1-a_h100_16', 'europe-west1-c_h100_16', 'europe-west3-c_h100_16', 'asia-southeast1-b_h100_16', 'asia-south2-b_h100_16']",6,multi_region_oracle_dp,0,multi_region,,,,43.19444444444445,200.0,0.2,1.2,51.833333333333336,155.5,True,True,['data/converted_multi_region_aligned_h100_16_merged'],3,711.4999199999968,0
Global Diverse (6),"['us-central1-a_h100_16', 'us-west1-a_h100_16', 'europe-west1-c_h100_16', 'europe-west3-c_h100_16', 'asia-southeast1-b_h100_16', 'asia-south2-b_h100_16']",6,unified_cost_model_oracle,0,multi_region,,,,43.19444444444445,200.0,0.2,1.2,51.833333333333336,155.5,True,True,['data/converted_multi_region_aligned_h100_16_merged'],3,723.7101919999955,1
Global Diverse (6),"['us-central1-a_h100_16', 'us-west1-a_h100_16', 'europe-west1-c_h100_16', 'europe-west3-c_h100_16', 'asia-southeast1-b_h100_16', 'asia-south2-b_h100_16']",6,multi_region_rc_cr_threshold_eager_failover,0,multi_region,,,,43.19444444444445,200.0,0.2,1.2,51.833333333333336,155.5,True,True,['data/converted_multi_region_aligned_h100_16_merged'],3,723.7101919999955,1
Global Diverse (6),"['us-central1-a_h100_16', 'us-west1-a_h100_16', 'europe-west1-c_h100_16', 'europe-west3-c_h100_16', 'asia-southeast1-b_h100_16', 'asia-south2-b_h100_16']",6,multi_region_availability_probe_simple,0,multi_region,,,,43.19444444444445,200.0,0.2,1.2,51.833333333333336,155.5,True,True,['data/converted_multi_region_aligned_h100_16_merged'],3,876.6741229845369,1
Global Diverse (6),"['us-central1-a_h100_16', 'us-west1-a_h100_16', 'europe-west1-c_h100_16', 'europe-west3-c_h100_16', 'asia-southeast1-b_h100_16', 'asia-south2-b_h100_16']",6,multi_region_probe_cost_ratio,0,multi_region,,,,43.19444444444445,200.0,0.2,1.2,51.833333333333336,155.5,True,True,['data/converted_multi_region_aligned_h100_16_merged'],3,826.8405835690635,2
Global Diverse (6),"['us-central1-a_h100_16', 'us-west1-a_h100_16', 'europe-west1-c_h100_16', 'europe-west3-c_h100_16', 'asia-southeast1-b_h100_16', 'asia-south2-b_h100_16']",6,rc_cr_threshold,0,single_region,,us-central1-a_h100_16,,43.19444444444445,200.0,0.2,1.2,51.833333333333336,155.5,True,True,['data/converted_multi_region_aligned_h100_16_merged'],3,835.0763520000035,0
Global Diverse (6),"['us-central1-a_h100_16', 'us-west1-a_h100_16', 'europe-west1-c_h100_16', 'europe-west3-c_h100_16', 'asia-southeast1-b_h100_16', 'asia-south2-b_h100_16']",6,rc_cr_threshold,0,single_region,,us-west1-a_h100_16,,43.19444444444445,200.0,0.2,1.2,51.833333333333336,155.5,True,True,['data/converted_multi_region_aligned_h100_16_merged'],3,828.7500160000034,0
Global Diverse (6),"['us-central1-a_h100_16', 'us-west1-a_h100_16', 'europe-west1-c_h100_16', 'europe-west3-c_h100_16', 'asia-southeast1-b_h100_16', 'asia-south2-b_h100_16']",6,rc_cr_threshold,0,single_region,,europe-west1-c_h100_16,,43.19444444444445,200.0,0.2,1.2,51.833333333333336,155.5,True,True,['data/converted_multi_region_aligned_h100_16_merged'],3,714.2259733333301,0
Global Diverse (6),"['us-central1-a_h100_16', 'us-west1-a_h100_16', 'europe-west1-c_h100_16', 'europe-west3-c_h100_16', 'asia-southeast1-b_h100_16', 'asia-south2-b_h100_16']",6,rc_cr_threshold,0,single_region,,europe-west3-c_h100_16,,43.19444444444445,200.0,0.2,1.2,51.833333333333336,155.5,True,True,['data/converted_multi_region_aligned_h100_16_merged'],3,2879.8662621439803,0
Global Diverse (6),"['us-central1-a_h100_16', 'us-west1-a_h100_16', 'europe-west1-c_h100_16', 'europe-west3-c_h100_16', 'asia-southeast1-b_h100_16', 'asia-south2-b_h100_16']",6,rc_cr_threshold,0,single_region,,asia-southeast1-b_h100_16,,43.19444444444445,200.0,0.2,1.2,51.833333333333336,155.5,True,True,['data/converted_multi_region_aligned_h100_16_merged'],3,837.6527039999982,0
Global Diverse (6),"['us-central1-a_h100_16', 'us-west1-a_h100_16', 'europe-west1-c_h100_16', 'europe-west3-c_h100_16', 'asia-southeast1-b_h100_16', 'asia-south2-b_h100_16']",6,rc_cr_threshold,0,single_region,,asia-south2-b_h100_16,,43.19444444444445,200.0,0.2,1.2,51.833333333333336,155.5,True,True,['data/converted_multi_region_aligned_h100_16_merged'],3,3041.090036256015,0
Global Diverse (6),"['us-central1-a_h100_16', 'us-west1-a_h100_16', 'europe-west1-c_h100_16', 'europe-west3-c_h100_16', 'asia-southeast1-b_h100_16', 'asia-south2-b_h100_16']",6,unified_cost_model_risk,0,multi_region,,,,43.19444444444445,200.0,0.2,1.2,51.833333333333336,207.33333333333331,True,True,['data/converted_multi_region_aligned_h100_16_merged'],4,796.4841557962699,2
Global Diverse (6),"['us-central1-a_h100_16', 'us-west1-a_h100_16', 'europe-west1-c_h100_16', 'europe-west3-c_h100_16', 'asia-southeast1-b_h100_16', 'asia-south2-b_h100_16']",6,multi_region_oracle_dp,0,multi_region,,,,43.19444444444445,200.0,0.2,1.2,51.833333333333336,207.33333333333331,True,True,['data/converted_multi_region_aligned_h100_16_merged'],4,761.5662933333313,2
Global Diverse (6),"['us-central1-a_h100_16', 'us-west1-a_h100_16', 'europe-west1-c_h100_16', 'europe-west3-c_h100_16', 'asia-southeast1-b_h100_16', 'asia-south2-b_h100_16']",6,unified_cost_model_oracle,0,multi_region,,,,43.19444444444445,200.0,0.2,1.2,51.833333333333336,207.33333333333331,True,True,['data/converted_multi_region_aligned_h100_16_merged'],4,781.2364533333341,2
Global Diverse (6),"['us-central1-a_h100_16', 'us-west1-a_h100_16', 'europe-west1-c_h100_16', 'europe-west3-c_h100_16', 'asia-southeast1-b_h100_16', 'asia-south2-b_h100_16']",6,multi_region_rc_cr_threshold_eager_failover,0,multi_region,,,,43.19444444444445,200.0,0.2,1.2,51.833333333333336,207.33333333333331,True,True,['data/converted_multi_region_aligned_h100_16_merged'],4,794.6947093333362,2
Global Diverse (6),"['us-central1-a_h100_16', 'us-west1-a_h100_16', 'europe-west1-c_h100_16', 'europe-west3-c_h100_16', 'asia-southeast1-b_h100_16', 'asia-south2-b_h100_16']",6,multi_region_availability_probe_simple,0,multi_region,,,,43.19444444444445,200.0,0.2,1.2,51.833333333333336,207.33333333333331,True,True,['data/converted_multi_region_aligned_h100_16_merged'],4,883.1758611178703,2
Global Diverse (6),"['us-central1-a_h100_16', 'us-west1-a_h100_16', 'europe-west1-c_h100_16', 'europe-west3-c_h100_16', 'asia-southeast1-b_h100_16', 'asia-south2-b_h100_16']",6,multi_region_probe_cost_ratio,0,multi_region,,,,43.19444444444445,200.0,0.2,1.2,51.833333333333336,207.33333333333331,True,True,['data/converted_multi_region_aligned_h100_16_merged'],4,882.7013249024034,1
Global Diverse (6),"['us-central1-a_h100_16', 'us-west1-a_h100_16', 'europe-west1-c_h100_16', 'europe-west3-c_h100_16', 'asia-southeast1-b_h100_16', 'asia-south2-b_h100_16']",6,rc_cr_threshold,0,single_region,,us-central1-a_h100_16,,43.19444444444445,200.0,0.2,1.2,51.833333333333336,207.33333333333331,True,True,['data/converted_multi_region_aligned_h100_16_merged'],4,828.7500160000034,0
Global Diverse (6),"['us-central1-a_h100_16', 'us-west1-a_h100_16', 'europe-west1-c_h100_16', 'europe-west3-c_h100_16', 'asia-southeast1-b_h100_16', 'asia-south2-b_h100_16']",6,rc_cr_threshold,0,single_region,,us-west1-a_h100_16,,43.19444444444445,200.0,0.2,1.2,51.833333333333336,207.33333333333331,True,True,['data/converted_multi_region_aligned_h100_16_merged'],4,1099.8531268333402,0
Global Diverse (6),"['us-central1-a_h100_16', 'us-west1-a_h100_16', 'europe-west1-c_h100_16', 'europe-west3-c_h100_16', 'asia-southeast1-b_h100_16', 'asia-south2-b_h100_16']",6,rc_cr_threshold,0,single_region,,europe-west1-c_h100_16,,43.19444444444445,200.0,0.2,1.2,51.833333333333336,207.33333333333331,True,True,['data/converted_multi_region_aligned_h100_16_merged'],4,2051.208961802666,0
Global Diverse (6),"['us-central1-a_h100_16', 'us-west1-a_h100_16', 'europe-west1-c_h100_16', 'europe-west3-c_h100_16', 'asia-southeast1-b_h100_16', 'asia-south2-b_h100_16']",6,rc_cr_threshold,0,single_region,,europe-west3-c_h100_16,,43.19444444444445,200.0,0.2,1.2,51.833333333333336,207.33333333333331,True,True,['data/converted_multi_region_aligned_h100_16_merged'],4,2354.6698930559846,0
Global Diverse (6),"['us-central1-a_h100_16', 'us-west1-a_h100_16', 'europe-west1-c_h100_16', 'europe-west3-c_h100_16', 'asia-southeast1-b_h100_16', 'asia-south2-b_h100_16']",6,rc_cr_threshold,0,single_region,,asia-southeast1-b_h100_16,,43.19444444444445,200.0,0.2,1.2,51.833333333333336,207.33333333333331,True,True,['data/converted_multi_region_aligned_h100_16_merged'],4,837.6527039999982,0
Global Diverse (6),"['us-central1-a_h100_16', 'us-west1-a_h100_16', 'europe-west1-c_h100_16', 'europe-west3-c_h100_16', 'asia-southeast1-b_h100_16', 'asia-south2-b_h100_16']",6,rc_cr_threshold,0,single_region,,asia-south2-b_h100_16,,43.19444444444445,200.0,0.2,1.2,51.833333333333336,207.33333333333331,True,True,['data/converted_multi_region_aligned_h100_16_merged'],4,3041.090036256015,0
Global Diverse (6),"['us-central1-a_h100_16', 'us-west1-a_h100_16', 'europe-west1-c_h100_16', 'europe-west3-c_h100_16', 'asia-southeast1-b_h100_16', 'asia-south2-b_h100_16']",6,unified_cost_model_risk,0,multi_region,,,,43.19444444444445,200.0,0.2,1.2,51.833333333333336,259.1666666666667,True,True,['data/converted_multi_region_aligned_h100_16_merged'],5,711.1847621962635,0
Global Diverse (6),"['us-central1-a_h100_16', 'us-west1-a_h100_16', 'europe-west1-c_h100_16', 'europe-west3-c_h100_16', 'asia-southeast1-b_h100_16', 'asia-south2-b_h100_16']",6,multi_region_oracle_dp,0,multi_region,,,,43.19444444444445,200.0,0.2,1.2,51.833333333333336,259.1666666666667,True,True,['data/converted_multi_region_aligned_h100_16_merged'],5,708.7738666666635,0
Global Diverse (6),"['us-central1-a_h100_16', 'us-west1-a_h100_16', 'europe-west1-c_h100_16', 'europe-west3-c_h100_16', 'asia-southeast1-b_h100_16', 'asia-south2-b_h100_16']",6,unified_cost_model_oracle,0,multi_region,,,,43.19444444444445,200.0,0.2,1.2,51.833333333333336,259.1666666666667,True,True,['data/converted_multi_region_aligned_h100_16_merged'],5,708.7738666666635,0
Global Diverse (6),"['us-central1-a_h100_16', 'us-west1-a_h100_16', 'europe-west1-c_h100_16', 'europe-west3-c_h100_16', 'asia-southeast1-b_h100_16', 'asia-south2-b_h100_16']",6,multi_region_rc_cr_threshold_eager_failover,0,multi_region,,,,43.19444444444445,200.0,0.2,1.2,51.833333333333336,259.1666666666667,True,True,['data/converted_multi_region_aligned_h100_16_merged'],5,708.7738666666635,0
Global Diverse (6),"['us-central1-a_h100_16', 'us-west1-a_h100_16', 'europe-west1-c_h100_16', 'europe-west3-c_h100_16', 'asia-southeast1-b_h100_16', 'asia-south2-b_h100_16']",6,multi_region_availability_probe_simple,0,multi_region,,,,43.19444444444445,200.0,0.2,1.2,51.833333333333336,259.1666666666667,True,True,['data/converted_multi_region_aligned_h100_16_merged'],5,861.4185171178676,1
Global Diverse (6),"['us-central1-a_h100_16', 'us-west1-a_h100_16', 'europe-west1-c_h100_16', 'europe-west3-c_h100_16', 'asia-southeast1-b_h100_16', 'asia-south2-b_h100_16']",6,multi_region_probe_cost_ratio,0,multi_region,,,,43.19444444444445,200.0,0.2,1.2,51.833333333333336,259.1666666666667,True,True,['data/converted_multi_region_aligned_h100_16_merged'],5,811.3737851690627,0
Global Diverse (6),"['us-central1-a_h100_16', 'us-west1-a_h100_16', 'europe-west1-c_h100_16', 'europe-west3-c_h100_16', 'asia-southeast1-b_h100_16', 'asia-south2-b_h100_16']",6,rc_cr_threshold,0,single_region,,us-central1-a_h100_16,,43.19444444444445,200.0,0.2,1.2,51.833333333333336,259.1666666666667,True,True,['data/converted_multi_region_aligned_h100_16_merged'],5,828.7500160000034,0
Global Diverse (6),"['us-central1-a_h100_16', 'us-west1-a_h100_16', 'europe-west1-c_h100_16', 'europe-west3-c_h100_16', 'asia-southeast1-b_h100_16', 'asia-south2-b_h100_16']",6,rc_cr_threshold,0,single_region,,us-west1-a_h100_16,,43.19444444444445,200.0,0.2,1.2,51.833333333333336,259.1666666666667,True,True,['data/converted_multi_region_aligned_h100_16_merged'],5,2356.744341079999,0
Global Diverse (6),"['us-central1-a_h100_16', 'us-west1-a_h100_16', 'europe-west1-c_h100_16', 'europe-west3-c_h100_16', 'asia-southeast1-b_h100_16', 'asia-south2-b_h100_16']",6,rc_cr_threshold,0,single_region,,europe-west1-c_h100_16,,43.19444444444445,200.0,0.2,1.2,51.833333333333336,259.1666666666667,True,True,['data/converted_multi_region_aligned_h100_16_merged'],5,711.4999199999968,0
Global Diverse (6),"['us-central1-a_h100_16', 'us-west1-a_h100_16', 'europe-west1-c_h100_16', 'europe-west3-c_h100_16', 'asia-southeast1-b_h100_16', 'asia-south2-b_h100_16']",6,rc_cr_threshold,0,single_region,,europe-west3-c_h100_16,,43.19444444444445,200.0,0.2,1.2,51.833333333333336,259.1666666666667,True,True,['data/converted_multi_region_aligned_h100_16_merged'],5,762.5208959999959,0
Global Diverse (6),"['us-central1-a_h100_16', 'us-west1-a_h100_16', 'europe-west1-c_h100_16', 'europe-west3-c_h100_16', 'asia-southeast1-b_h100_16', 'asia-south2-b_h100_16']",6,rc_cr_threshold,0,single_region,,asia-southeast1-b_h100_16,,43.19444444444445,200.0,0.2,1.2,51.833333333333336,259.1666666666667,True,True,['data/converted_multi_region_aligned_h100_16_merged'],5,837.6527039999982,0
Global Diverse (6),"['us-central1-a_h100_16', 'us-west1-a_h100_16', 'europe-west1-c_h100_16', 'europe-west3-c_h100_16', 'asia-southeast1-b_h100_16', 'asia-south2-b_h100_16']",6,rc_cr_threshold,0,single_region,,asia-south2-b_h100_16,,43.19444444444445,200.0,0.2,1.2,51.833333333333336,259.1666666666667,True,True,['data/converted_multi_region_aligned_h100_16_merged'],5,3041.090036256015,0
Global Diverse (6),"['us-central1-a_h100_16', 'us-west1-a_h100_16', 'europe-west1-c_h100_16', 'europe-west3-c_h100_16', 'asia-southeast1-b_h100_16', 'asia-south2-b_h100_16']",6,unified_cost_model_risk,0,multi_region,,,,43.19444444444445,500.0,0.2,1.2,51.833333333333336,0.0,True,True,['data/converted_multi_region_aligned_h100_16_merged'],0,711.1847621962635,0
Global Diverse (6),"['us-central1-a_h100_16', 'us-west1-a_h100_16', 'europe-west1-c_h100_16', 'europe-west3-c_h100_16', 'asia-southeast1-b_h100_16', 'asia-south2-b_h100_16']",6,multi_region_oracle_dp,0,multi_region,,,,43.19444444444445,500.0,0.2,1.2,51.833333333333336,0.0,True,True,['data/converted_multi_region_aligned_h100_16_merged'],0,708.7738666666635,0
Global Diverse (6),"['us-central1-a_h100_16', 'us-west1-a_h100_16', 'europe-west1-c_h100_16', 'europe-west3-c_h100_16', 'asia-southeast1-b_h100_16', 'asia-south2-b_h100_16']",6,unified_cost_model_oracle,0,multi_region,,,,43.19444444444445,500.0,0.2,1.2,51.833333333333336,0.0,True,True,['data/converted_multi_region_aligned_h100_16_merged'],0,708.7738666666635,0
Global Diverse (6),"['us-central1-a_h100_16', 'us-west1-a_h100_16', 'europe-west1-c_h100_16', 'europe-west3-c_h100_16', 'asia-southeast1-b_h100_16', 'asia-south2-b_h100_16']",6,multi_region_rc_cr_threshold_eager_failover,0,multi_region,,,,43.19444444444445,500.0,0.2,1.2,51.833333333333336,0.0,True,True,['data/converted_multi_region_aligned_h100_16_merged'],0,708.7738666666635,0
Global Diverse (6),"['us-central1-a_h100_16', 'us-west1-a_h100_16', 'europe-west1-c_h100_16', 'europe-west3-c_h100_16', 'asia-southeast1-b_h100_16', 'asia-south2-b_h100_16']",6,multi_region_availability_probe_simple,0,multi_region,,,,43.19444444444445,500.0,0.2,1.2,51.833333333333336,0.0,True,True,['data/converted_multi_region_aligned_h100_16_merged'],0,841.5432659178626,3
Global Diverse (6),"['us-central1-a_h100_16', 'us-west1-a_h100_16', 'europe-west1-c_h100_16', 'europe-west3-c_h100_16', 'asia-southeast1-b_h100_16', 'asia-south2-b_h100_16']",6,multi_region_probe_cost_ratio,0,multi_region,,,,43.19444444444445,500.0,0.2,1.2,51.833333333333336,0.0,True,True,['data/converted_multi_region_aligned_h100_16_merged'],0,790.2431782357285,0
Global Diverse (6),"['us-central1-a_h100_16', 'us-west1-a_h100_16', 'europe-west1-c_h100_16', 'europe-west3-c_h100_16', 'asia-southeast1-b_h100_16', 'asia-south2-b_h100_16']",6,rc_cr_threshold,0,single_region,,us-central1-a_h100_16,,43.19444444444445,500.0,0.2,1.2,51.833333333333336,0.0,True,True,['data/converted_multi_region_aligned_h100_16_merged'],0,1145.3805788066743,0
Global Diverse (6),"['us-central1-a_h100_16', 'us-west1-a_h100_16', 'europe-west1-c_h100_16', 'europe-west3-c_h100_16', 'asia-southeast1-b_h100_16', 'asia-south2-b_h100_16']",6,rc_cr_threshold,0,single_region,,us-west1-a_h100_16,,43.19444444444445,500.0,0.2,1.2,51.833333333333336,0.0,True,True,['data/converted_multi_region_aligned_h100_16_merged'],0,1014.0229918933372,0
Global Diverse (6),"['us-central1-a_h100_16', 'us-west1-a_h100_16', 'europe-west1-c_h100_16', 'europe-west3-c_h100_16', 'asia-southeast1-b_h100_16', 'asia-south2-b_h100_16']",6,rc_cr_threshold,0,single_region,,europe-west1-c_h100_16,,43.19444444444445,500.0,0.2,1.2,51.833333333333336,0.0,True,True,['data/converted_multi_region_aligned_h100_16_merged'],0,711.4999199999968,0
Global Diverse (6),"['us-central1-a_h100_16', 'us-west1-a_h100_16', 'europe-west1-c_h100_16', 'europe-west3-c_h100_16', 'asia-southeast1-b_h100_16', 'asia-south2-b_h100_16']",6,rc_cr_threshold,0,single_region,,europe-west3-c_h100_16,,43.19444444444445,500.0,0.2,1.2,51.833333333333336,0.0,True,True,['data/converted_multi_region_aligned_h100_16_merged'],0,3778.998903167997,0
Global Diverse (6),"['us-central1-a_h100_16', 'us-west1-a_h100_16', 'europe-west1-c_h100_16', 'europe-west3-c_h100_16', 'asia-southeast1-b_h100_16', 'asia-south2-b_h100_16']",6,rc_cr_threshold,0,single_region,,asia-southeast1-b_h100_16,,43.19444444444445,500.0,0.2,1.2,51.833333333333336,0.0,True,True,['data/converted_multi_region_aligned_h100_16_merged'],0,4599.544343114651,0
Global Diverse (6),"['us-central1-a_h100_16', 'us-west1-a_h100_16', 'europe-west1-c_h100_16', 'europe-west3-c_h100_16', 'asia-southeast1-b_h100_16', 'asia-south2-b_h100_16']",6,rc_cr_threshold,0,single_region,,asia-south2-b_h100_16,,43.19444444444445,500.0,0.2,1.2,51.833333333333336,0.0,True,True,['data/converted_multi_region_aligned_h100_16_merged'],0,3041.090036256015,0
Global Diverse (6),"['us-central1-a_h100_16', 'us-west1-a_h100_16', 'europe-west1-c_h100_16', 'europe-west3-c_h100_16', 'asia-southeast1-b_h100_16', 'asia-south2-b_h100_16']",6,unified_cost_model_risk,0,multi_region,,,,43.19444444444445,500.0,0.2,1.2,51.833333333333336,51.833333333333336,True,True,['data/converted_multi_region_aligned_h100_16_merged'],1,826.1967829962699,1
Global Diverse (6),"['us-central1-a_h100_16', 'us-west1-a_h100_16', 'europe-west1-c_h100_16', 'europe-west3-c_h100_16', 'asia-southeast1-b_h100_16', 'asia-south2-b_h100_16']",6,multi_region_oracle_dp,0,multi_region,,,,43.19444444444445,500.0,0.2,1.2,51.833333333333336,51.833333333333336,True,True,['data/converted_multi_region_aligned_h100_16_merged'],1,754.1783999999974,2
Global Diverse (6),"['us-central1-a_h100_16', 'us-west1-a_h100_16', 'europe-west1-c_h100_16', 'europe-west3-c_h100_16', 'asia-southeast1-b_h100_16', 'asia-south2-b_h100_16']",6,unified_cost_model_oracle,0,multi_region,,,,43.19444444444445,500.0,0.2,1.2,51.833333333333336,51.833333333333336,True,True,['data/converted_multi_region_aligned_h100_16_merged'],1,868.1351705173294,7
Global Diverse (6),"['us-central1-a_h100_16', 'us-west1-a_h100_16', 'europe-west1-c_h100_16', 'europe-west3-c_h100_16', 'asia-southeast1-b_h100_16', 'asia-south2-b_h100_16']",6,multi_region_rc_cr_threshold_eager_failover,0,multi_region,,,,43.19444444444445,500.0,0.2,1.2,51.833333333333336,51.833333333333336,True,True,['data/converted_multi_region_aligned_h100_16_merged'],1,2403.7563896853435,2
Global Diverse (6),"['us-central1-a_h100_16', 'us-west1-a_h100_16', 'europe-west1-c_h100_16', 'europe-west3-c_h100_16', 'asia-southeast1-b_h100_16', 'asia-south2-b_h100_16']",6,multi_region_availability_probe_simple,0,multi_region,,,,43.19444444444445,500.0,0.2,1.2,51.833333333333336,51.833333333333336,True,True,['data/converted_multi_region_aligned_h100_16_merged'],1,2458.8115330922783,2
Global Diverse (6),"['us-central1-a_h100_16', 'us-west1-a_h100_16', 'europe-west1-c_h100_16', 'europe-west3-c_h100_16', 'asia-southeast1-b_h100_16', 'asia-south2-b_h100_16']",6,multi_region_probe_cost_ratio,0,multi_region,,,,43.19444444444445,500.0,0.2,1.2,51.833333333333336,51.833333333333336,True,True,['data/converted_multi_region_aligned_h100_16_merged'],1,1061.019571120004,13
Global Diverse (6),"['us-central1-a_h100_16', 'us-west1-a_h100_16', 'europe-west1-c_h100_16', 'europe-west3-c_h100_16', 'asia-southeast1-b_h100_16', 'asia-south2-b_h100_16']",6,rc_cr_threshold,0,single_region,,us-central1-a_h100_16,,43.19444444444445,500.0,0.2,1.2,51.833333333333336,51.833333333333336,True,True,['data/converted_multi_region_aligned_h100_16_merged'],1,854.0553600000037,0
Global Diverse (6),"['us-central1-a_h100_16', 'us-west1-a_h100_16', 'europe-west1-c_h100_16', 'europe-west3-c_h100_16', 'asia-southeast1-b_h100_16', 'asia-south2-b_h100_16']",6,rc_cr_threshold,0,single_region,,us-west1-a_h100_16,,43.19444444444445,500.0,0.2,1.2,51.833333333333336,51.833333333333336,True,True,['data/converted_multi_region_aligned_h100_16_merged'],1,3595.081146266658,0
Global Diverse (6),"['us-central1-a_h100_16', 'us-west1-a_h100_16', 'europe-west1-c_h100_16', 'europe-west3-c_h100_16', 'asia-southeast1-b_h100_16', 'asia-south2-b_h100_16']",6,rc_cr_threshold,0,single_region,,europe-west1-c_h100_16,,43.19444444444445,500.0,0.2,1.2,51.833333333333336,51.833333333333336,True,True,['data/converted_multi_region_aligned_h100_16_merged'],1,1387.2608158293308,0
Global Diverse (6),"['us-central1-a_h100_16', 'us-west1-a_h100_16', 'europe-west1-c_h100_16', 'europe-west3-c_h100_16', 'asia-southeast1-b_h100_16', 'asia-south2-b_h100_16']",6,rc_cr_threshold,0,single_region,,europe-west3-c_h100_16,,43.19444444444445,500.0,0.2,1.2,51.833333333333336,51.833333333333336,True,True,['data/converted_multi_region_aligned_h100_16_merged'],1,3739.073504063997,0
Global Diverse (6),"['us-central1-a_h100_16', 'us-west1-a_h100_16', 'europe-west1-c_h100_16', 'europe-west3-c_h100_16', 'asia-southeast1-b_h100_16', 'asia-south2-b_h100_16']",6,rc_cr_threshold,0,single_region,,asia-southeast1-b_h100_16,,43.19444444444445,500.0,0.2,1.2,51.833333333333336,51.833333333333336,True,True,['data/converted_multi_region_aligned_h100_16_merged'],1,3122.030977856021,0
Global Diverse (6),"['us-central1-a_h100_16', 'us-west1-a_h100_16', 'europe-west1-c_h100_16', 'europe-west3-c_h100_16', 'asia-southeast1-b_h100_16', 'asia-south2-b_h100_16']",6,rc_cr_threshold,0,single_region,,asia-south2-b_h100_16,,43.19444444444445,500.0,0.2,1.2,51.833333333333336,51.833333333333336,True,True,['data/converted_multi_region_aligned_h100_16_merged'],1,3041.090036256015,0
Global Diverse (6),"['us-central1-a_h100_16', 'us-west1-a_h100_16', 'europe-west1-c_h100_16', 'europe-west3-c_h100_16', 'asia-southeast1-b_h100_16', 'asia-south2-b_h100_16']",6,unified_cost_model_risk,0,multi_region,,,,43.19444444444445,500.0,0.2,1.2,51.833333333333336,103.66666666666669,True,True,['data/converted_multi_region_aligned_h100_16_merged'],2,861.3982549962652,2
Global Diverse (6),"['us-central1-a_h100_16', 'us-west1-a_h100_16', 'europe-west1-c_h100_16', 'europe-west3-c_h100_16', 'asia-southeast1-b_h100_16', 'asia-south2-b_h100_16']",6,multi_region_oracle_dp,0,multi_region,,,,43.19444444444445,500.0,0.2,1.2,51.833333333333336,103.66666666666669,True,True,['data/converted_multi_region_aligned_h100_16_merged'],2,711.4999199999968,0
Global Diverse (6),"['us-central1-a_h100_16', 'us-west1-a_h100_16', 'europe-west1-c_h100_16', 'europe-west3-c_h100_16', 'asia-southeast1-b_h100_16', 'asia-south2-b_h100_16']",6,unified_cost_model_oracle,0,multi_region,,,,43.19444444444445,500.0,0.2,1.2,51.833333333333336,103.66666666666669,True,True,['data/converted_multi_region_aligned_h100_16_merged'],2,748.0838399999961,1
Global Diverse (6),"['us-central1-a_h100_16', 'us-west1-a_h100_16', 'europe-west1-c_h100_16', 'europe-west3-c_h100_16', 'asia-southeast1-b_h100_16', 'asia-south2-b_h100_16']",6,multi_region_rc_cr_threshold_eager_failover,0,multi_region,,,,43.19444444444445,500.0,0.2,1.2,51.833333333333336,103.66666666666669,True,True,['data/converted_multi_region_aligned_h100_16_merged'],2,849.787290666665,2
Global Diverse (6),"['us-central1-a_h100_16', 'us-west1-a_h100_16', 'europe-west1-c_h100_16', 'europe-west3-c_h100_16', 'asia-southeast1-b_h100_16', 'asia-south2-b_h100_16']",6,multi_region_availability_probe_simple,0,multi_region,,,,43.19444444444445,500.0,0.2,1.2,51.833333333333336,103.66666666666669,True,True,['data/converted_multi_region_aligned_h100_16_merged'],2,883.2316563178641,1
Global Diverse (6),"['us-central1-a_h100_16', 'us-west1-a_h100_16', 'europe-west1-c_h100_16', 'europe-west3-c_h100_16', 'asia-southeast1-b_h100_16', 'asia-south2-b_h100_16']",6,multi_region_probe_cost_ratio,0,multi_region,,,,43.19444444444445,500.0,0.2,1.2,51.833333333333336,103.66666666666669,True,True,['data/converted_multi_region_aligned_h100_16_merged'],2,925.5388571690632,2
Global Diverse (6),"['us-central1-a_h100_16', 'us-west1-a_h100_16', 'europe-west1-c_h100_16', 'europe-west3-c_h100_16', 'asia-southeast1-b_h100_16', 'asia-south2-b_h100_16']",6,rc_cr_threshold,0,single_region,,us-central1-a_h100_16,,43.19444444444445,500.0,0.2,1.2,51.833333333333336,103.66666666666669,True,True,['data/converted_multi_region_aligned_h100_16_merged'],2,1427.0747606333414,0
Global Diverse (6),"['us-central1-a_h100_16', 'us-west1-a_h100_16', 'europe-west1-c_h100_16', 'europe-west3-c_h100_16', 'asia-southeast1-b_h100_16', 'asia-south2-b_h100_16']",6,rc_cr_threshold,0,single_region,,us-west1-a_h100_16,,43.19444444444445,500.0,0.2,1.2,51.833333333333336,103.66666666666669,True,True,['data/converted_multi_region_aligned_h100_16_merged'],2,2912.9878676999974,0
Global Diverse (6),"['us-central1-a_h100_16', 'us-west1-a_h100_16', 'europe-west1-c_h100_16', 'europe-west3-c_h100_16', 'asia-southeast1-b_h100_16', 'asia-south2-b_h100_16']",6,rc_cr_threshold,0,single_region,,europe-west1-c_h100_16,,43.19444444444445,500.0,0.2,1.2,51.833333333333336,103.66666666666669,True,True,['data/converted_multi_region_aligned_h100_16_merged'],2,1101.9328648213288,0
Global Diverse (6),"['us-central1-a_h100_16', 'us-west1-a_h100_16', 'europe-west1-c_h100_16', 'europe-west3-c_h100_16', 'asia-southeast1-b_h100_16', 'asia-south2-b_h100_16']",6,rc_cr_threshold,0,single_region,,europe-west3-c_h100_16,,43.19444444444445,500.0,0.2,1.2,51.833333333333336,103.66666666666669,True,True,['data/converted_multi_region_aligned_h100_16_merged'],2,4236.030618047997,0
Global Diverse (6),"['us-central1-a_h100_16', 'us-west1-a_h100_16', 'europe-west1-c_h100_16', 'europe-west3-c_h100_16', 'asia-southeast1-b_h100_16', 'asia-south2-b_h100_16']",6,rc_cr_threshold,0,single_region,,asia-southeast1-b_h100_16,,43.19444444444445,500.0,0.2,1.2,51.833333333333336,103.66666666666669,True,True,['data/converted_multi_region_aligned_h100_16_merged'],2,837.6527039999982,0
Global Diverse (6),"['us-central1-a_h100_16', 'us-west1-a_h100_16', 'europe-west1-c_h100_16', 'europe-west3-c_h100_16', 'asia-southeast1-b_h100_16', 'asia-south2-b_h100_16']",6,rc_cr_threshold,0,single_region,,asia-south2-b_h100_16,,43.19444444444445,500.0,0.2,1.2,51.833333333333336,103.66666666666669,True,True,['data/converted_multi_region_aligned_h100_16_merged'],2,3041.090036256015,0
Global Diverse (6),"['us-central1-a_h100_16', 'us-west1-a_h100_16', 'europe-west1-c_h100_16', 'europe-west3-c_h100_16', 'asia-southeast1-b_h100_16', 'asia-south2-b_h100_16']",6,unified_cost_model_risk,0,multi_region,,,,43.19444444444445,500.0,0.2,1.2,51.833333333333336,155.5,True,True,['data/converted_multi_region_aligned_h100_16_merged'],3,713.9108155295968,0
Global Diverse (6),"['us-central1-a_h100_16', 'us-west1-a_h100_16', 'europe-west1-c_h100_16', 'europe-west3-c_h100_16', 'asia-southeast1-b_h100_16', 'asia-south2-b_h100_16']",6,multi_region_oracle_dp,0,multi_region,,,,43.19444444444445,500.0,0.2,1.2,51.833333333333336,155.5,True,True,['data/converted_multi_region_aligned_h100_16_merged'],3,711.4999199999968,0
Global Diverse (6),"['us-central1-a_h100_16', 'us-west1-a_h100_16', 'europe-west1-c_h100_16', 'europe-west3-c_h100_16', 'asia-southeast1-b_h100_16', 'asia-south2-b_h100_16']",6,unified_cost_model_oracle,0,multi_region,,,,43.19444444444445,500.0,0.2,1.2,51.833333333333336,155.5,True,True,['data/converted_multi_region_aligned_h100_16_merged'],3,741.8003679999963,1
Global Diverse (6),"['us-central1-a_h100_16', 'us-west1-a_h100_16', 'europe-west1-c_h100_16', 'europe-west3-c_h100_16', 'asia-southeast1-b_h100_16', 'asia-south2-b_h100_16']",6,multi_region_rc_cr_threshold_eager_failover,0,multi_region,,,,43.19444444444445,500.0,0.2,1.2,51.833333333333336,155.5,True,True,['data/converted_multi_region_aligned_h100_16_merged'],3,729.7101919999955,1
Global Diverse (6),"['us-central1-a_h100_16', 'us-west1-a_h100_16', 'europe-west1-c_h100_16', 'europe-west3-c_h100_16', 'asia-southeast1-b_h100_16', 'asia-south2-b_h100_16']",6,multi_region_availability_probe_simple,0,multi_region,,,,43.19444444444445,500.0,0.2,1.2,51.833333333333336,155.5,True,True,['data/converted_multi_region_aligned_h100_16_merged'],3,882.6741229845369,1
Global Diverse (6),"['us-central1-a_h100_16', 'us-west1-a_h100_16', 'europe-west1-c_h100_16', 'europe-west3-c_h100_16', 'asia-southeast1-b_h100_16', 'asia-south2-b_h100_16']",6,multi_region_probe_cost_ratio,0,multi_region,,,,43.19444444444445,500.0,0.2,1.2,51.833333333333336,155.5,True,True,['data/converted_multi_region_aligned_h100_16_merged'],3,838.8405835690635,2
Global Diverse (6),"['us-central1-a_h100_16', 'us-west1-a_h100_16', 'europe-west1-c_h100_16', 'europe-west3-c_h100_16', 'asia-southeast1-b_h100_16', 'asia-south2-b_h100_16']",6,rc_cr_threshold,0,single_region,,us-central1-a_h100_16,,43.19444444444445,500.0,0.2,1.2,51.833333333333336,155.5,True,True,['data/converted_multi_region_aligned_h100_16_merged'],3,835.0763520000035,0
Global Diverse (6),"['us-central1-a_h100_16', 'us-west1-a_h100_16', 'europe-west1-c_h100_16', 'europe-west3-c_h100_16', 'asia-southeast1-b_h100_16', 'asia-south2-b_h100_16']",6,rc_cr_threshold,0,single_region,,us-west1-a_h100_16,,43.19444444444445,500.0,0.2,1.2,51.833333333333336,155.5,True,True,['data/converted_multi_region_aligned_h100_16_merged'],3,828.7500160000034,0
Global Diverse (6),"['us-central1-a_h100_16', 'us-west1-a_h100_16', 'europe-west1-c_h100_16', 'europe-west3-c_h100_16', 'asia-southeast1-b_h100_16', 'asia-south2-b_h100_16']",6,rc_cr_threshold,0,single_region,,europe-west1-c_h100_16,,43.19444444444445,500.0,0.2,1.2,51.833333333333336,155.5,True,True,['data/converted_multi_region_aligned_h100_16_merged'],3,714.2259733333301,0
Global Diverse (6),"['us-central1-a_h100_16', 'us-west1-a_h100_16', 'europe-west1-c_h100_16', 'europe-west3-c_h100_16', 'asia-southeast1-b_h100_16', 'asia-south2-b_h100_16']",6,rc_cr_threshold,0,single_region,,europe-west3-c_h100_16,,43.19444444444445,500.0,0.2,1.2,51.833333333333336,155.5,True,True,['data/converted_multi_region_aligned_h100_16_merged'],3,2879.8662621439803,0
Global Diverse (6),"['us-central1-a_h100_16', 'us-west1-a_h100_16', 'europe-west1-c_h100_16', 'europe-west3-c_h100_16', 'asia-southeast1-b_h100_16', 'asia-south2-b_h100_16']",6,rc_cr_threshold,0,single_region,,asia-southeast1-b_h100_16,,43.19444444444445,500.0,0.2,1.2,51.833333333333336,155.5,True,True,['data/converted_multi_region_aligned_h100_16_merged'],3,837.6527039999982,0
Global Diverse (6),"['us-central1-a_h100_16', 'us-west1-a_h100_16', 'europe-west1-c_h100_16', 'europe-west3-c_h100_16', 'asia-southeast1-b_h100_16', 'asia-south2-b_h100_16']",6,rc_cr_threshold,0,single_region,,asia-south2-b_h100_16,,43.19444444444445,500.0,0.2,1.2,51.833333333333336,155.5,True,True,['data/converted_multi_region_aligned_h100_16_merged'],3,3041.090036256015,0
Global Diverse (6),"['us-central1-a_h100_16', 'us-west1-a_h100_16', 'europe-west1-c_h100_16', 'europe-west3-c_h100_16', 'asia-southeast1-b_h100_16', 'asia-south2-b_h100_16']",6,unified_cost_model_risk,0,multi_region,,,,43.19444444444445,500.0,0.2,1.2,51.833333333333336,207.33333333333331,True,True,['data/converted_multi_region_aligned_h100_16_merged'],4,797.4737237962695,1
Global Diverse (6),"['us-central1-a_h100_16', 'us-west1-a_h100_16', 'europe-west1-c_h100_16', 'europe-west3-c_h100_16', 'asia-southeast1-b_h100_16', 'asia-south2-b_h100_16']",6,multi_region_oracle_dp,0,multi_region,,,,43.19444444444445,500.0,0.2,1.2,51.833333333333336,207.33333333333331,True,True,['data/converted_multi_region_aligned_h100_16_merged'],4,777.166575999998,2
Global Diverse (6),"['us-central1-a_h100_16', 'us-west1-a_h100_16', 'europe-west1-c_h100_16', 'europe-west3-c_h100_16', 'asia-southeast1-b_h100_16', 'asia-south2-b_h100_16']",6,unified_cost_model_oracle,0,multi_region,,,,43.19444444444445,500.0,0.2,1.2,51.833333333333336,207.33333333333331,True,True,['data/converted_multi_region_aligned_h100_16_merged'],4,793.2364533333341,2
Global Diverse (6),"['us-central1-a_h100_16', 'us-west1-a_h100_16', 'europe-west1-c_h100_16', 'europe-west3-c_h100_16', 'asia-southeast1-b_h100_16', 'asia-south2-b_h100_16']",6,multi_region_rc_cr_threshold_eager_failover,0,multi_region,,,,43.19444444444445,500.0,0.2,1.2,51.833333333333336,207.33333333333331,True,True,['data/converted_multi_region_aligned_h100_16_merged'],4,806.6947093333362,2
Global Diverse (6),"['us-central1-a_h100_16', 'us-west1-a_h100_16', 'europe-west1-c_h100_16', 'europe-west3-c_h100_16', 'asia-southeast1-b_h100_16', 'asia-south2-b_h100_16']",6,multi_region_availability_probe_simple,0,multi_region,,,,43.19444444444445,500.0,0.2,1.2,51.833333333333336,207.33333333333331,True,True,['data/converted_multi_region_aligned_h100_16_merged'],4,895.1758611178703,2
Global Diverse (6),"['us-central1-a_h100_16', 'us-west1-a_h100_16', 'europe-west1-c_h100_16', 'europe-west3-c_h100_16', 'asia-southeast1-b_h100_16', 'asia-south2-b_h100_16']",6,multi_region_probe_cost_ratio,0,multi_region,,,,43.19444444444445,500.0,0.2,1.2,51.833333333333336,207.33333333333331,True,True,['data/converted_multi_region_aligned_h100_16_merged'],4,888.7013249024034,1
Global Diverse (6),"['us-central1-a_h100_16', 'us-west1-a_h100_16', 'europe-west1-c_h100_16', 'europe-west3-c_h100_16', 'asia-southeast1-b_h100_16', 'asia-south2-b_h100_16']",6,rc_cr_threshold,0,single_region,,us-central1-a_h100_16,,43.19444444444445,500.0,0.2,1.2,51.833333333333336,207.33333333333331,True,True,['data/converted_multi_region_aligned_h100_16_merged'],4,828.7500160000034,0
Global Diverse (6),"['us-central1-a_h100_16', 'us-west1-a_h100_16', 'europe-west1-c_h100_16', 'europe-west3-c_h100_16', 'asia-southeast1-b_h100_16', 'asia-south2-b_h100_16']",6,rc_cr_threshold,0,single_region,,us-west1-a_h100_16,,43.19444444444445,500.0,0.2,1.2,51.833333333333336,207.33333333333331,True,True,['data/converted_multi_region_aligned_h100_16_merged'],4,1099.8531268333402,0
Global Diverse (6),"['us-central1-a_h100_16', 'us-west1-a_h100_16', 'europe-west1-c_h100_16', 'europe-west3-c_h100_16', 'asia-southeast1-b_h100_16', 'asia-south2-b_h100_16']",6,rc_cr_threshold,0,single_region,,europe-west1-c_h100_16,,43.19444444444445,500.0,0.2,1.2,51.833333333333336,207.33333333333331,True,True,['data/converted_multi_region_aligned_h100_16_merged'],4,2051.208961802666,0
Global Diverse (6),"['us-central1-a_h100_16', 'us-west1-a_h100_16', 'europe-west1-c_h100_16', 'europe-west3-c_h100_16', 'asia-southeast1-b_h100_16', 'asia-south2-b_h100_16']",6,rc_cr_threshold,0,single_region,,europe-west3-c_h100_16,,43.19444444444445,500.0,0.2,1.2,51.833333333333336,207.33333333333331,True,True,['data/converted_multi_region_aligned_h100_16_merged'],4,2354.6698930559846,0
Global Diverse (6),"['us-central1-a_h100_16', 'us-west1-a_h100_16', 'europe-west1-c_h100_16', 'europe-west3-c_h100_16', 'asia-southeast1-b_h100_16', 'asia-south2-b_h100_16']",6,rc_cr_threshold,0,single_region,,asia-southeast1-b_h100_16,,43.19444444444445,500.0,0.2,1.2,51.833333333333336,207.33333333333331,True,True,['data/converted_multi_region_aligned_h100_16_merged'],4,837.6527039999982,0
Global Diverse (6),"['us-central1-a_h100_16', 'us-west1-a_h100_16', 'europe-west1-c_h100_16', 'europe-west3-c_h100_16', 'asia-southeast1-b_h100_16', 'asia-south2-b_h100_16']",6,rc_cr_threshold,0,single_region,,asia-south2-b_h100_16,,43.19444444444445,500.0,0.2,1.2,51.833333333333336,207.33333333333331,True,True,['data/converted_multi_region_aligned_h100_16_merged'],4,3041.090036256015,0
Global Diverse (6),"['us-central1-a_h100_16', 'us-west1-a_h100_16', 'europe-west1-c_h100_16', 'europe-west3-c_h100_16', 'asia-southeast1-b_h100_16', 'asia-south2-b_h100_16']",6,unified_cost_model_risk,0,multi_region,,,,43.19444444444445,500.0,0.2,1.2,51.833333333333336,259.1666666666667,True,True,['data/converted_multi_region_aligned_h100_16_merged'],5,711.1847621962635,0
Global Diverse (6),"['us-central1-a_h100_16', 'us-west1-a_h100_16', 'europe-west1-c_h100_16', 'europe-west3-c_h100_16', 'asia-southeast1-b_h100_16', 'asia-south2-b_h100_16']",6,multi_region_oracle_dp,0,multi_region,,,,43.19444444444445,500.0,0.2,1.2,51.833333333333336,259.1666666666667,True,True,['data/converted_multi_region_aligned_h100_16_merged'],5,708.7738666666635,0
Global Diverse (6),"['us-central1-a_h100_16', 'us-west1-a_h100_16', 'europe-west1-c_h100_16', 'europe-west3-c_h100_16', 'asia-southeast1-b_h100_16', 'asia-south2-b_h100_16']",6,unified_cost_model_oracle,0,multi_region,,,,43.19444444444445,500.0,0.2,1.2,51.833333333333336,259.1666666666667,True,True,['data/converted_multi_region_aligned_h100_16_merged'],5,708.7738666666635,0
Global Diverse (6),"['us-central1-a_h100_16', 'us-west1-a_h100_16', 'europe-west1-c_h100_16', 'europe-west3-c_h100_16', 'asia-southeast1-b_h100_16', 'asia-south2-b_h100_16']",6,multi_region_rc_cr_threshold_eager_failover,0,multi_region,,,,43.19444444444445,500.0,0.2,1.2,51.833333333333336,259.1666666666667,True,True,['data/converted_multi_region_aligned_h100_16_merged'],5,708.7738666666635,0
Global Diverse (6),"['us-central1-a_h100_16', 'us-west1-a_h100_16', 'europe-west1-c_h100_16', 'europe-west3-c_h100_16', 'asia-southeast1-b_h100_16', 'asia-south2-b_h100_16']",6,multi_region_availability_probe_simple,0,multi_region,,,,43.19444444444445,500.0,0.2,1.2,51.833333333333336,259.1666666666667,True,True,['data/converted_multi_region_aligned_h100_16_merged'],5,867.4185171178676,1
Global Diverse (6),"['us-central1-a_h100_16', 'us-west1-a_h100_16', 'europe-west1-c_h100_16', 'europe-west3-c_h100_16', 'asia-southeast1-b_h100_16', 'asia-south2-b_h100_16']",6,multi_region_probe_cost_ratio,0,multi_region,,,,43.19444444444445,500.0,0.2,1.2,51.833333333333336,259.1666666666667,True,True,['data/converted_multi_region_aligned_h100_16_merged'],5,811.3737851690627,0
Global Diverse (6),"['us-central1-a_h100_16', 'us-west1-a_h100_16', 'europe-west1-c_h100_16', 'europe-west3-c_h100_16', 'asia-southeast1-b_h100_16', 'asia-south2-b_h100_16']",6,rc_cr_threshold,0,single_region,,us-central1-a_h100_16,,43.19444444444445,500.0,0.2,1.2,51.833333333333336,259.1666666666667,True,True,['data/converted_multi_region_aligned_h100_16_merged'],5,828.7500160000034,0
Global Diverse (6),"['us-central1-a_h100_16', 'us-west1-a_h100_16', 'europe-west1-c_h100_16', 'europe-west3-c_h100_16', 'asia-southeast1-b_h100_16', 'asia-south2-b_h100_16']",6,rc_cr_threshold,0,single_region,,us-west1-a_h100_16,,43.19444444444445,500.0,0.2,1.2,51.833333333333336,259.1666666666667,True,True,['data/converted_multi_region_aligned_h100_16_merged'],5,2356.744341079999,0
Global Diverse (6),"['us-central1-a_h100_16', 'us-west1-a_h100_16', 'europe-west1-c_h100_16', 'europe-west3-c_h100_16', 'asia-southeast1-b_h100_16', 'asia-south2-b_h100_16']",6,rc_cr_threshold,0,single_region,,europe-west1-c_h100_16,,43.19444444444445,500.0,0.2,1.2,51.833333333333336,259.1666666666667,True,True,['data/converted_multi_region_aligned_h100_16_merged'],5,711.4999199999968,0
Global Diverse (6),"['us-central1-a_h100_16', 'us-west1-a_h100_16', 'europe-west1-c_h100_16', 'europe-west3-c_h100_16', 'asia-southeast1-b_h100_16', 'asia-south2-b_h100_16']",6,rc_cr_threshold,0,single_region,,europe-west3-c_h100_16,,43.19444444444445,500.0,0.2,1.2,51.833333333333336,259.1666666666667,True,True,['data/converted_multi_region_aligned_h100_16_merged'],5,762.5208959999959,0
Global Diverse (6),"['us-central1-a_h100_16', 'us-west1-a_h100_16', 'europe-west1-c_h100_16', 'europe-west3-c_h100_16', 'asia-southeast1-b_h100_16', 'asia-south2-b_h100_16']",6,rc_cr_threshold,0,single_region,,asia-southeast1-b_h100_16,,43.19444444444445,500.0,0.2,1.2,51.833333333333336,259.1666666666667,True,True,['data/converted_multi_region_aligned_h100_16_merged'],5,837.6527039999982,0
Global Diverse (6),"['us-central1-a_h100_16', 'us-west1-a_h100_16', 'europe-west1-c_h100_16', 'europe-west3-c_h100_16', 'asia-southeast1-b_h100_16', 'asia-south2-b_h100_16']",6,rc_cr_threshold,0,single_region,,asia-south2-b_h100_16,,43.19444444444445,500.0,0.2,1.2,51.833333333333336,259.1666666666667,True,True,['data/converted_multi_region_aligned_h100_16_merged'],5,3041.090036256015,0
Global Diverse (6),"['us-central1-a_h100_16', 'us-west1-a_h100_16', 'europe-west1-c_h100_16', 'europe-west3-c_h100_16', 'asia-southeast1-b_h100_16', 'asia-south2-b_h100_16']",6,unified_cost_model_risk,0,multi_region,,,,43.19444444444445,1000.0,0.2,1.2,51.833333333333336,0.0,True,True,['data/converted_multi_region_aligned_h100_16_merged'],0,711.1847621962635,0
Global Diverse (6),"['us-central1-a_h100_16', 'us-west1-a_h100_16', 'europe-west1-c_h100_16', 'europe-west3-c_h100_16', 'asia-southeast1-b_h100_16', 'asia-south2-b_h100_16']",6,multi_region_oracle_dp,0,multi_region,,,,43.19444444444445,1000.0,0.2,1.2,51.833333333333336,0.0,True,True,['data/converted_multi_region_aligned_h100_16_merged'],0,708.7738666666635,0
Global Diverse (6),"['us-central1-a_h100_16', 'us-west1-a_h100_16', 'europe-west1-c_h100_16', 'europe-west3-c_h100_16', 'asia-southeast1-b_h100_16', 'asia-south2-b_h100_16']",6,unified_cost_model_oracle,0,multi_region,,,,43.19444444444445,1000.0,0.2,1.2,51.833333333333336,0.0,True,True,['data/converted_multi_region_aligned_h100_16_merged'],0,708.7738666666635,0
Global Diverse (6),"['us-central1-a_h100_16', 'us-west1-a_h100_16', 'europe-west1-c_h100_16', 'europe-west3-c_h100_16', 'asia-southeast1-b_h100_16', 'asia-south2-b_h100_16']",6,multi_region_rc_cr_threshold_eager_failover,0,multi_region,,,,43.19444444444445,1000.0,0.2,1.2,51.833333333333336,0.0,True,True,['data/converted_multi_region_aligned_h100_16_merged'],0,708.7738666666635,0
Global Diverse (6),"['us-central1-a_h100_16', 'us-west1-a_h100_16', 'europe-west1-c_h100_16', 'europe-west3-c_h100_16', 'asia-southeast1-b_h100_16', 'asia-south2-b_h100_16']",6,multi_region_availability_probe_simple,0,multi_region,,,,43.19444444444445,1000.0,0.2,1.2,51.833333333333336,0.0,True,True,['data/converted_multi_region_aligned_h100_16_merged'],0,871.5432659178626,3
Global Diverse (6),"['us-central1-a_h100_16', 'us-west1-a_h100_16', 'europe-west1-c_h100_16', 'europe-west3-c_h100_16', 'asia-southeast1-b_h100_16', 'asia-south2-b_h100_16']",6,multi_region_probe_cost_ratio,0,multi_region,,,,43.19444444444445,1000.0,0.2,1.2,51.833333333333336,0.0,True,True,['data/converted_multi_region_aligned_h100_16_merged'],0,790.2431782357285,0
Global Diverse (6),"['us-central1-a_h100_16', 'us-west1-a_h100_16', 'europe-west1-c_h100_16', 'europe-west3-c_h100_16', 'asia-southeast1-b_h100_16', 'asia-south2-b_h100_16']",6,rc_cr_threshold,0,single_region,,us-central1-a_h100_16,,43.19444444444445,1000.0,0.2,1.2,51.833333333333336,0.0,True,True,['data/converted_multi_region_aligned_h100_16_merged'],0,1145.3805788066743,0
Global Diverse (6),"['us-central1-a_h100_16', 'us-west1-a_h100_16', 'europe-west1-c_h100_16', 'europe-west3-c_h100_16', 'asia-southeast1-b_h100_16', 'asia-south2-b_h100_16']",6,rc_cr_threshold,0,single_region,,us-west1-a_h100_16,,43.19444444444445,1000.0,0.2,1.2,51.833333333333336,0.0,True,True,['data/converted_multi_region_aligned_h100_16_merged'],0,1014.0229918933372,0
Global Diverse (6),"['us-central1-a_h100_16', 'us-west1-a_h100_16', 'europe-west1-c_h100_16', 'europe-west3-c_h100_16', 'asia-southeast1-b_h100_16', 'asia-south2-b_h100_16']",6,rc_cr_threshold,0,single_region,,europe-west1-c_h100_16,,43.19444444444445,1000.0,0.2,1.2,51.833333333333336,0.0,True,True,['data/converted_multi_region_aligned_h100_16_merged'],0,711.4999199999968,0
Global Diverse (6),"['us-central1-a_h100_16', 'us-west1-a_h100_16', 'europe-west1-c_h100_16', 'europe-west3-c_h100_16', 'asia-southeast1-b_h100_16', 'asia-south2-b_h100_16']",6,rc_cr_threshold,0,single_region,,europe-west3-c_h100_16,,43.19444444444445,1000.0,0.2,1.2,51.833333333333336,0.0,True,True,['data/converted_multi_region_aligned_h100_16_merged'],0,3778.998903167997,0
Global Diverse (6),"['us-central1-a_h100_16', 'us-west1-a_h100_16', 'europe-west1-c_h100_16', 'europe-west3-c_h100_16', 'asia-southeast1-b_h100_16', 'asia-south2-b_h100_16']",6,rc_cr_threshold,0,single_region,,asia-southeast1-b_h100_16,,43.19444444444445,1000.0,0.2,1.2,51.833333333333336,0.0,True,True,['data/converted_multi_region_aligned_h100_16_merged'],0,4599.544343114651,0
Global Diverse (6),"['us-central1-a_h100_16', 'us-west1-a_h100_16', 'europe-west1-c_h100_16', 'europe-west3-c_h100_16', 'asia-southeast1-b_h100_16', 'asia-south2-b_h100_16']",6,rc_cr_threshold,0,single_region,,asia-south2-b_h100_16,,43.19444444444445,1000.0,0.2,1.2,51.833333333333336,0.0,True,True,['data/converted_multi_region_aligned_h100_16_merged'],0,3041.090036256015,0
Global Diverse (6),"['us-central1-a_h100_16', 'us-west1-a_h100_16', 'europe-west1-c_h100_16', 'europe-west3-c_h100_16', 'asia-southeast1-b_h100_16', 'asia-south2-b_h100_16']",6,unified_cost_model_risk,0,multi_region,,,,43.19444444444445,1000.0,0.2,1.2,51.833333333333336,51.833333333333336,True,True,['data/converted_multi_region_aligned_h100_16_merged'],1,836.1967829962699,1
Global Diverse (6),"['us-central1-a_h100_16', 'us-west1-a_h100_16', 'europe-west1-c_h100_16', 'europe-west3-c_h100_16', 'asia-southeast1-b_h100_16', 'asia-south2-b_h100_16']",6,multi_region_oracle_dp,0,multi_region,,,,43.19444444444445,1000.0,0.2,1.2,51.833333333333336,51.833333333333336,True,True,['data/converted_multi_region_aligned_h100_16_merged'],1,776.9044533333307,2
Global Diverse (6),"['us-central1-a_h100_16', 'us-west1-a_h100_16', 'europe-west1-c_h100_16', 'europe-west3-c_h100_16', 'asia-southeast1-b_h100_16', 'asia-south2-b_h100_16']",6,unified_cost_model_oracle,0,multi_region,,,,43.19444444444445,1000.0,0.2,1.2,51.833333333333336,51.833333333333336,True,True,['data/converted_multi_region_aligned_h100_16_merged'],1,945.4141998506664,5
Global Diverse (6),"['us-central1-a_h100_16', 'us-west1-a_h100_16', 'europe-west1-c_h100_16', 'europe-west3-c_h100_16', 'asia-southeast1-b_h100_16', 'asia-south2-b_h100_16']",6,multi_region_rc_cr_threshold_eager_failover,0,multi_region,,,,43.19444444444445,1000.0,0.2,1.2,51.833333333333336,51.833333333333336,True,True,['data/converted_multi_region_aligned_h100_16_merged'],1,2423.7563896853435,2
Global Diverse (6),"['us-central1-a_h100_16', 'us-west1-a_h100_16', 'europe-west1-c_h100_16', 'europe-west3-c_h100_16', 'asia-southeast1-b_h100_16', 'asia-south2-b_h100_16']",6,multi_region_availability_probe_simple,0,multi_region,,,,43.19444444444445,1000.0,0.2,1.2,51.833333333333336,51.833333333333336,True,True,['data/converted_multi_region_aligned_h100_16_merged'],1,2478.8115330922783,2
Global Diverse (6),"['us-central1-a_h100_16', 'us-west1-a_h100_16', 'europe-west1-c_h100_16', 'europe-west3-c_h100_16', 'asia-southeast1-b_h100_16', 'asia-south2-b_h100_16']",6,multi_region_probe_cost_ratio,0,multi_region,,,,43.19444444444445,1000.0,0.2,1.2,51.833333333333336,51.833333333333336,True,True,['data/converted_multi_region_aligned_h100_16_merged'],1,1191.019571120004,13
Global Diverse (6),"['us-central1-a_h100_16', 'us-west1-a_h100_16', 'europe-west1-c_h100_16', 'europe-west3-c_h100_16', 'asia-southeast1-b_h100_16', 'asia-south2-b_h100_16']",6,rc_cr_threshold,0,single_region,,us-central1-a_h100_16,,43.19444444444445,1000.0,0.2,1.2,51.833333333333336,51.833333333333336,True,True,['data/converted_multi_region_aligned_h100_16_merged'],1,854.0553600000037,0
Global Diverse (6),"['us-central1-a_h100_16', 'us-west1-a_h100_16', 'europe-west1-c_h100_16', 'europe-west3-c_h100_16', 'asia-southeast1-b_h100_16', 'asia-south2-b_h100_16']",6,rc_cr_threshold,0,single_region,,us-west1-a_h100_16,,43.19444444444445,1000.0,0.2,1.2,51.833333333333336,51.833333333333336,True,True,['data/converted_multi_region_aligned_h100_16_merged'],1,3595.081146266658,0
Global Diverse (6),"['us-central1-a_h100_16', 'us-west1-a_h100_16', 'europe-west1-c_h100_16', 'europe-west3-c_h100_16', 'asia-southeast1-b_h100_16', 'asia-south2-b_h100_16']",6,rc_cr_threshold,0,single_region,,europe-west1-c_h100_16,,43.19444444444445,1000.0,0.2,1.2,51.833333333333336,51.833333333333336,True,True,['data/converted_multi_region_aligned_h100_16_merged'],1,1387.2608158293308,0
Global Diverse (6),"['us-central1-a_h100_16', 'us-west1-a_h100_16', 'europe-west1-c_h100_16', 'europe-west3-c_h100_16', 'asia-southeast1-b_h100_16', 'asia-south2-b_h100_16']",6,rc_cr_threshold,0,single_region,,europe-west3-c_h100_16,,43.19444444444445,1000.0,0.2,1.2,51.833333333333336,51.833333333333336,True,True,['data/converted_multi_region_aligned_h100_16_merged'],1,3739.073504063997,0
Global Diverse (6),"['us-central1-a_h100_16', 'us-west1-a_h100_16', 'europe-west1-c_h100_16', 'europe-west3-c_h100_16', 'asia-southeast1-b_h100_16', 'asia-south2-b_h100_16']",6,rc_cr_threshold,0,single_region,,asia-southeast1-b_h100_16,,43.19444444444445,1000.0,0.2,1.2,51.833333333333336,51.833333333333336,True,True,['data/converted_multi_region_aligned_h100_16_merged'],1,3122.030977856021,0
Global Diverse (6),"['us-central1-a_h100_16', 'us-west1-a_h100_16', 'europe-west1-c_h100_16', 'europe-west3-c_h100_16', 'asia-southeast1-b_h100_16', 'asia-south2-b_h100_16']",6,rc_cr_threshold,0,single_region,,asia-south2-b_h100_16,,43.19444444444445,1000.0,0.2,1.2,51.833333333333336,51.833333333333336,True,True,['data/converted_multi_region_aligned_h100_16_merged'],1,3041.090036256015,0
Global Diverse (6),"['us-central1-a_h100_16', 'us-west1-a_h100_16', 'europe-west1-c_h100_16', 'europe-west3-c_h100_16', 'asia-southeast1-b_h100_16', 'asia-south2-b_h100_16']",6,unified_cost_model_risk,0,multi_region,,,,43.19444444444445,1000.0,0.2,1.2,51.833333333333336,103.66666666666669,True,True,['data/converted_multi_region_aligned_h100_16_merged'],2,881.1523307295985,2
Global Diverse (6),"['us-central1-a_h100_16', 'us-west1-a_h100_16', 'europe-west1-c_h100_16', 'europe-west3-c_h100_16', 'asia-southeast1-b_h100_16', 'asia-south2-b_h100_16']",6,multi_region_oracle_dp,0,multi_region,,,,43.19444444444445,1000.0,0.2,1.2,51.833333333333336,103.66666666666669,True,True,['data/converted_multi_region_aligned_h100_16_merged'],2,711.4999199999968,0
Global Diverse (6),"['us-central1-a_h100_16', 'us-west1-a_h100_16', 'europe-west1-c_h100_16', 'europe-west3-c_h100_16', 'asia-southeast1-b_h100_16', 'asia-south2-b_h100_16']",6,unified_cost_model_oracle,0,multi_region,,,,43.19444444444445,1000.0,0.2,1.2,51.833333333333336,103.66666666666669,True,True,['data/converted_multi_region_aligned_h100_16_merged'],2,758.0838399999961,1
Global Diverse (6),"['us-central1-a_h100_16', 'us-west1-a_h100_16', 'europe-west1-c_h100_16', 'europe-west3-c_h100_16', 'asia-southeast1-b_h100_16', 'asia-south2-b_h100_16']",6,multi_region_rc_cr_threshold_eager_failover,0,multi_region,,,,43.19444444444445,1000.0,0.2,1.2,51.833333333333336,103.66666666666669,True,True,['data/converted_multi_region_aligned_h100_16_merged'],2,869.787290666665,2
Global Diverse (6),"['us-central1-a_h100_16', 'us-west1-a_h100_16', 'europe-west1-c_h100_16', 'europe-west3-c_h100_16', 'asia-southeast1-b_h100_16', 'asia-south2-b_h100_16']",6,multi_region_availability_probe_simple,0,multi_region,,,,43.19444444444445,1000.0,0.2,1.2,51.833333333333336,103.66666666666669,True,True,['data/converted_multi_region_aligned_h100_16_merged'],2,893.2316563178641,1
Global Diverse (6),"['us-central1-a_h100_16', 'us-west1-a_h100_16', 'europe-west1-c_h100_16', 'europe-west3-c_h100_16', 'asia-southeast1-b_h100_16', 'asia-south2-b_h100_16']",6,multi_region_probe_cost_ratio,0,multi_region,,,,43.19444444444445,1000.0,0.2,1.2,51.833333333333336,103.66666666666669,True,True,['data/converted_multi_region_aligned_h100_16_merged'],2,945.5388571690632,2
Global Diverse (6),"['us-central1-a_h100_16', 'us-west1-a_h100_16', 'europe-west1-c_h100_16', 'europe-west3-c_h100_16', 'asia-southeast1-b_h100_16', 'asia-south2-b_h100_16']",6,rc_cr_threshold,0,single_region,,us-central1-a_h100_16,,43.19444444444445,1000.0,0.2,1.2,51.833333333333336,103.66666666666669,True,True,['data/converted_multi_region_aligned_h100_16_merged'],2,1427.0747606333414,0
Global Diverse (6),"['us-central1-a_h100_16', 'us-west1-a_h100_16', 'europe-west1-c_h100_16', 'europe-west3-c_h100_16', 'asia-southeast1-b_h100_16', 'asia-south2-b_h100_16']",6,rc_cr_threshold,0,single_region,,us-west1-a_h100_16,,43.19444444444445,1000.0,0.2,1.2,51.833333333333336,103.66666666666669,True,True,['data/converted_multi_region_aligned_h100_16_merged'],2,2912.9878676999974,0
Global Diverse (6),"['us-central1-a_h100_16', 'us-west1-a_h100_16', 'europe-west1-c_h100_16', 'europe-west3-c_h100_16', 'asia-southeast1-b_h100_16', 'asia-south2-b_h100_16']",6,rc_cr_threshold,0,single_region,,europe-west1-c_h100_16,,43.19444444444445,1000.0,0.2,1.2,51.833333333333336,103.66666666666669,True,True,['data/converted_multi_region_aligned_h100_16_merged'],2,1101.9328648213288,0
Global Diverse (6),"['us-central1-a_h100_16', 'us-west1-a_h100_16', 'europe-west1-c_h100_16', 'europe-west3-c_h100_16', 'asia-southeast1-b_h100_16', 'asia-south2-b_h100_16']",6,rc_cr_threshold,0,single_region,,europe-west3-c_h100_16,,43.19444444444445,1000.0,0.2,1.2,51.833333333333336,103.66666666666669,True,True,['data/converted_multi_region_aligned_h100_16_merged'],2,4236.030618047997,0
Global Diverse (6),"['us-central1-a_h100_16', 'us-west1-a_h100_16', 'europe-west1-c_h100_16', 'europe-west3-c_h100_16', 'asia-southeast1-b_h100_16', 'asia-south2-b_h100_16']",6,rc_cr_threshold,0,single_region,,asia-southeast1-b_h100_16,,43.19444444444445,1000.0,0.2,1.2,51.833333333333336,103.66666666666669,True,True,['data/converted_multi_region_aligned_h100_16_merged'],2,837.6527039999982,0
Global Diverse (6),"['us-central1-a_h100_16', 'us-west1-a_h100_16', 'europe-west1-c_h100_16', 'europe-west3-c_h100_16', 'asia-southeast1-b_h100_16', 'asia-south2-b_h100_16']",6,rc_cr_threshold,0,single_region,,asia-south2-b_h100_16,,43.19444444444445,1000.0,0.2,1.2,51.833333333333336,103.66666666666669,True,True,['data/converted_multi_region_aligned_h100_16_merged'],2,3041.090036256015,0
Global Diverse (6),"['us-central1-a_h100_16', 'us-west1-a_h100_16', 'europe-west1-c_h100_16', 'europe-west3-c_h100_16', 'asia-southeast1-b_h100_16', 'asia-south2-b_h100_16']",6,unified_cost_model_risk,0,multi_region,,,,43.19444444444445,1000.0,0.2,1.2,51.833333333333336,155.5,True,True,['data/converted_multi_region_aligned_h100_16_merged'],3,713.9108155295968,0
Global Diverse (6),"['us-central1-a_h100_16', 'us-west1-a_h100_16', 'europe-west1-c_h100_16', 'europe-west3-c_h100_16', 'asia-southeast1-b_h100_16', 'asia-south2-b_h100_16']",6,multi_region_oracle_dp,0,multi_region,,,,43.19444444444445,1000.0,0.2,1.2,51.833333333333336,155.5,True,True,['data/converted_multi_region_aligned_h100_16_merged'],3,711.4999199999968,0
Global Diverse (6),"['us-central1-a_h100_16', 'us-west1-a_h100_16', 'europe-west1-c_h100_16', 'europe-west3-c_h100_16', 'asia-southeast1-b_h100_16', 'asia-south2-b_h100_16']",6,unified_cost_model_oracle,0,multi_region,,,,43.19444444444445,1000.0,0.2,1.2,51.833333333333336,155.5,True,True,['data/converted_multi_region_aligned_h100_16_merged'],3,751.8003679999963,1
Global Diverse (6),"['us-central1-a_h100_16', 'us-west1-a_h100_16', 'europe-west1-c_h100_16', 'europe-west3-c_h100_16', 'asia-southeast1-b_h100_16', 'asia-south2-b_h100_16']",6,multi_region_rc_cr_threshold_eager_failover,0,multi_region,,,,43.19444444444445,1000.0,0.2,1.2,51.833333333333336,155.5,True,True,['data/converted_multi_region_aligned_h100_16_merged'],3,739.7101919999955,1
Global Diverse (6),"['us-central1-a_h100_16', 'us-west1-a_h100_16', 'europe-west1-c_h100_16', 'europe-west3-c_h100_16', 'asia-southeast1-b_h100_16', 'asia-south2-b_h100_16']",6,multi_region_availability_probe_simple,0,multi_region,,,,43.19444444444445,1000.0,0.2,1.2,51.833333333333336,155.5,True,True,['data/converted_multi_region_aligned_h100_16_merged'],3,892.6741229845369,1
Global Diverse (6),"['us-central1-a_h100_16', 'us-west1-a_h100_16', 'europe-west1-c_h100_16', 'europe-west3-c_h100_16', 'asia-southeast1-b_h100_16', 'asia-south2-b_h100_16']",6,multi_region_probe_cost_ratio,0,multi_region,,,,43.19444444444445,1000.0,0.2,1.2,51.833333333333336,155.5,True,True,['data/converted_multi_region_aligned_h100_16_merged'],3,858.8405835690635,2
Global Diverse (6),"['us-central1-a_h100_16', 'us-west1-a_h100_16', 'europe-west1-c_h100_16', 'europe-west3-c_h100_16', 'asia-southeast1-b_h100_16', 'asia-south2-b_h100_16']",6,rc_cr_threshold,0,single_region,,us-central1-a_h100_16,,43.19444444444445,1000.0,0.2,1.2,51.833333333333336,155.5,True,True,['data/converted_multi_region_aligned_h100_16_merged'],3,835.0763520000035,0
Global Diverse (6),"['us-central1-a_h100_16', 'us-west1-a_h100_16', 'europe-west1-c_h100_16', 'europe-west3-c_h100_16', 'asia-southeast1-b_h100_16', 'asia-south2-b_h100_16']",6,rc_cr_threshold,0,single_region,,us-west1-a_h100_16,,43.19444444444445,1000.0,0.2,1.2,51.833333333333336,155.5,True,True,['data/converted_multi_region_aligned_h100_16_merged'],3,828.7500160000034,0
Global Diverse (6),"['us-central1-a_h100_16', 'us-west1-a_h100_16', 'europe-west1-c_h100_16', 'europe-west3-c_h100_16', 'asia-southeast1-b_h100_16', 'asia-south2-b_h100_16']",6,rc_cr_threshold,0,single_region,,europe-west1-c_h100_16,,43.19444444444445,1000.0,0.2,1.2,51.833333333333336,155.5,True,True,['data/converted_multi_region_aligned_h100_16_merged'],3,714.2259733333301,0
Global Diverse (6),"['us-central1-a_h100_16', 'us-west1-a_h100_16', 'europe-west1-c_h100_16', 'europe-west3-c_h100_16', 'asia-southeast1-b_h100_16', 'asia-south2-b_h100_16']",6,rc_cr_threshold,0,single_region,,europe-west3-c_h100_16,,43.19444444444445,1000.0,0.2,1.2,51.833333333333336,155.5,True,True,['data/converted_multi_region_aligned_h100_16_merged'],3,2879.8662621439803,0
Global Diverse (6),"['us-central1-a_h100_16', 'us-west1-a_h100_16', 'europe-west1-c_h100_16', 'europe-west3-c_h100_16', 'asia-southeast1-b_h100_16', 'asia-south2-b_h100_16']",6,rc_cr_threshold,0,single_region,,asia-southeast1-b_h100_16,,43.19444444444445,1000.0,0.2,1.2,51.833333333333336,155.5,True,True,['data/converted_multi_region_aligned_h100_16_merged'],3,837.6527039999982,0
Global Diverse (6),"['us-central1-a_h100_16', 'us-west1-a_h100_16', 'europe-west1-c_h100_16', 'europe-west3-c_h100_16', 'asia-southeast1-b_h100_16', 'asia-south2-b_h100_16']",6,rc_cr_threshold,0,single_region,,asia-south2-b_h100_16,,43.19444444444445,1000.0,0.2,1.2,51.833333333333336,155.5,True,True,['data/converted_multi_region_aligned_h100_16_merged'],3,3041.090036256015,0
Global Diverse (6),"['us-central1-a_h100_16', 'us-west1-a_h100_16', 'europe-west1-c_h100_16', 'europe-west3-c_h100_16', 'asia-southeast1-b_h100_16', 'asia-south2-b_h100_16']",6,unified_cost_model_risk,0,multi_region,,,,43.19444444444445,1000.0,0.2,1.2,51.833333333333336,207.33333333333331,True,True,['data/converted_multi_region_aligned_h100_16_merged'],4,807.4737237962695,1
Global Diverse (6),"['us-central1-a_h100_16', 'us-west1-a_h100_16', 'europe-west1-c_h100_16', 'europe-west3-c_h100_16', 'asia-southeast1-b_h100_16', 'asia-south2-b_h100_16']",6,multi_region_oracle_dp,0,multi_region,,,,43.19444444444445,1000.0,0.2,1.2,51.833333333333336,207.33333333333331,True,True,['data/converted_multi_region_aligned_h100_16_merged'],4,800.3297439999981,2
Global Diverse (6),"['us-central1-a_h100_16', 'us-west1-a_h100_16', 'europe-west1-c_h100_16', 'europe-west3-c_h100_16', 'asia-southeast1-b_h100_16', 'asia-south2-b_h100_16']",6,unified_cost_model_oracle,0,multi_region,,,,43.19444444444445,1000.0,0.2,1.2,51.833333333333336,207.33333333333331,True,True,['data/converted_multi_region_aligned_h100_16_merged'],4,813.2364533333341,2
Global Diverse (6),"['us-central1-a_h100_16', 'us-west1-a_h100_16', 'europe-west1-c_h100_16', 'europe-west3-c_h100_16', 'asia-southeast1-b_h100_16', 'asia-south2-b_h100_16']",6,multi_region_rc_cr_threshold_eager_failover,0,multi_region,,,,43.19444444444445,1000.0,0.2,1.2,51.833333333333336,207.33333333333331,True,True,['data/converted_multi_region_aligned_h100_16_merged'],4,826.6947093333362,2
Global Diverse (6),"['us-central1-a_h100_16', 'us-west1-a_h100_16', 'europe-west1-c_h100_16', 'europe-west3-c_h100_16', 'asia-southeast1-b_h100_16', 'asia-south2-b_h100_16']",6,multi_region_availability_probe_simple,0,multi_region,,,,43.19444444444445,1000.0,0.2,1.2,51.833333333333336,207.33333333333331,True,True,['data/converted_multi_region_aligned_h100_16_merged'],4,915.1758611178705,2
Global Diverse (6),"['us-central1-a_h100_16', 'us-west1-a_h100_16', 'europe-west1-c_h100_16', 'europe-west3-c_h100_16', 'asia-southeast1-b_h100_16', 'asia-south2-b_h100_16']",6,multi_region_probe_cost_ratio,0,multi_region,,,,43.19444444444445,1000.0,0.2,1.2,51.833333333333336,207.33333333333331,True,True,['data/converted_multi_region_aligned_h100_16_merged'],4,898.7013249024034,1
Global Diverse (6),"['us-central1-a_h100_16', 'us-west1-a_h100_16', 'europe-west1-c_h100_16', 'europe-west3-c_h100_16', 'asia-southeast1-b_h100_16', 'asia-south2-b_h100_16']",6,rc_cr_threshold,0,single_region,,us-central1-a_h100_16,,43.19444444444445,1000.0,0.2,1.2,51.833333333333336,207.33333333333331,True,True,['data/converted_multi_region_aligned_h100_16_merged'],4,828.7500160000034,0
Global Diverse (6),"['us-central1-a_h100_16', 'us-west1-a_h100_16', 'europe-west1-c_h100_16', 'europe-west3-c_h100_16', 'asia-southeast1-b_h100_16', 'asia-south2-b_h100_16']",6,rc_cr_threshold,0,single_region,,us-west1-a_h100_16,,43.19444444444445,1000.0,0.2,1.2,51.833333333333336,207.33333333333331,True,True,['data/converted_multi_region_aligned_h100_16_merged'],4,1099.8531268333402,0
Global Diverse (6),"['us-central1-a_h100_16', 'us-west1-a_h100_16', 'europe-west1-c_h100_16', 'europe-west3-c_h100_16', 'asia-southeast1-b_h100_16', 'asia-south2-b_h100_16']",6,rc_cr_threshold,0,single_region,,europe-west1-c_h100_16,,43.19444444444445,1000.0,0.2,1.2,51.833333333333336,207.33333333333331,True,True,['data/converted_multi_region_aligned_h100_16_merged'],4,2051.208961802666,0
Global Diverse (6),"['us-central1-a_h100_16', 'us-west1-a_h100_16', 'europe-west1-c_h100_16', 'europe-west3-c_h100_16', 'asia-southeast1-b_h100_16', 'asia-south2-b_h100_16']",6,rc_cr_threshold,0,single_region,,europe-west3-c_h100_16,,43.19444444444445,1000.0,0.2,1.2,51.833333333333336,207.33333333333331,True,True,['data/converted_multi_region_aligned_h100_16_merged'],4,2354.6698930559846,0
Global Diverse (6),"['us-central1-a_h100_16', 'us-west1-a_h100_16', 'europe-west1-c_h100_16', 'europe-west3-c_h100_16', 'asia-southeast1-b_h100_16', 'asia-south2-b_h100_16']",6,rc_cr_threshold,0,single_region,,asia-southeast1-b_h100_16,,43.19444444444445,1000.0,0.2,1.2,51.833333333333336,207.33333333333331,True,True,['data/converted_multi_region_aligned_h100_16_merged'],4,837.6527039999982,0
Global Diverse (6),"['us-central1-a_h100_16', 'us-west1-a_h100_16', 'europe-west1-c_h100_16', 'europe-west3-c_h100_16', 'asia-southeast1-b_h100_16', 'asia-south2-b_h100_16']",6,rc_cr_threshold,0,single_region,,asia-south2-b_h100_16,,43.19444444444445,1000.0,0.2,1.2,51.833333333333336,207.33333333333331,True,True,['data/converted_multi_region_aligned_h100_16_merged'],4,3041.090036256015,0
Global Diverse (6),"['us-central1-a_h100_16', 'us-west1-a_h100_16', 'europe-west1-c_h100_16', 'europe-west3-c_h100_16', 'asia-southeast1-b_h100_16', 'asia-south2-b_h100_16']",6,unified_cost_model_risk,0,multi_region,,,,43.19444444444445,1000.0,0.2,1.2,51.833333333333336,259.1666666666667,True,True,['data/converted_multi_region_aligned_h100_16_merged'],5,711.1847621962635,0
Global Diverse (6),"['us-central1-a_h100_16', 'us-west1-a_h100_16', 'europe-west1-c_h100_16', 'europe-west3-c_h100_16', 'asia-southeast1-b_h100_16', 'asia-south2-b_h100_16']",6,multi_region_oracle_dp,0,multi_region,,,,43.19444444444445,1000.0,0.2,1.2,51.833333333333336,259.1666666666667,True,True,['data/converted_multi_region_aligned_h100_16_merged'],5,708.7738666666635,0
Global Diverse (6),"['us-central1-a_h100_16', 'us-west1-a_h100_16', 'europe-west1-c_h100_16', 'europe-west3-c_h100_16', 'asia-southeast1-b_h100_16', 'asia-south2-b_h100_16']",6,unified_cost_model_oracle,0,multi_region,,,,43.19444444444445,1000.0,0.2,1.2,51.833333333333336,259.1666666666667,True,True,['data/converted_multi_region_aligned_h100_16_merged'],5,708.7738666666635,0
Global Diverse (6),"['us-central1-a_h100_16', 'us-west1-a_h100_16', 'europe-west1-c_h100_16', 'europe-west3-c_h100_16', 'asia-southeast1-b_h100_16', 'asia-south2-b_h100_16']",6,multi_region_rc_cr_threshold_eager_failover,0,multi_region,,,,43.19444444444445,1000.0,0.2,1.2,51.833333333333336,259.1666666666667,True,True,['data/converted_multi_region_aligned_h100_16_merged'],5,708.7738666666635,0
Global Diverse (6),"['us-central1-a_h100_16', 'us-west1-a_h100_16', 'europe-west1-c_h100_16', 'europe-west3-c_h100_16', 'asia-southeast1-b_h100_16', 'asia-south2-b_h100_16']",6,multi_region_availability_probe_simple,0,multi_region,,,,43.19444444444445,1000.0,0.2,1.2,51.833333333333336,259.1666666666667,True,True,['data/converted_multi_region_aligned_h100_16_merged'],5,877.4185171178676,1
Global Diverse (6),"['us-central1-a_h100_16', 'us-west1-a_h100_16', 'europe-west1-c_h100_16', 'europe-west3-c_h100_16', 'asia-southeast1-b_h100_16', 'asia-south2-b_h100_16']",6,multi_region_probe_cost_ratio,0,multi_region,,,,43.19444444444445,1000.0,0.2,1.2,51.833333333333336,259.1666666666667,True,True,['data/converted_multi_region_aligned_h100_16_merged'],5,811.3737851690627,0
Global Diverse (6),"['us-central1-a_h100_16', 'us-west1-a_h100_16', 'europe-west1-c_h100_16', 'europe-west3-c_h100_16', 'asia-southeast1-b_h100_16', 'asia-south2-b_h100_16']",6,rc_cr_threshold,0,single_region,,us-central1-a_h100_16,,43.19444444444445,1000.0,0.2,1.2,51.833333333333336,259.1666666666667,True,True,['data/converted_multi_region_aligned_h100_16_merged'],5,828.7500160000034,0
Global Diverse (6),"['us-central1-a_h100_16', 'us-west1-a_h100_16', 'europe-west1-c_h100_16', 'europe-west3-c_h100_16', 'asia-southeast1-b_h100_16', 'asia-south2-b_h100_16']",6,rc_cr_threshold,0,single_region,,us-west1-a_h100_16,,43.19444444444445,1000.0,0.2,1.2,51.833333333333336,259.1666666666667,True,True,['data/converted_multi_region_aligned_h100_16_merged'],5,2356.744341079999,0
Global Diverse (6),"['us-central1-a_h100_16', 'us-west1-a_h100_16', 'europe-west1-c_h100_16', 'europe-west3-c_h100_16', 'asia-southeast1-b_h100_16', 'asia-south2-b_h100_16']",6,rc_cr_threshold,0,single_region,,europe-west1-c_h100_16,,43.19444444444445,1000.0,0.2,1.2,51.833333333333336,259.1666666666667,True,True,['data/converted_multi_region_aligned_h100_16_merged'],5,711.4999199999968,0
Global Diverse (6),"['us-central1-a_h100_16', 'us-west1-a_h100_16', 'europe-west1-c_h100_16', 'europe-west3-c_h100_16', 'asia-southeast1-b_h100_16', 'asia-south2-b_h100_16']",6,rc_cr_threshold,0,single_region,,europe-west3-c_h100_16,,43.19444444444445,1000.0,0.2,1.2,51.833333333333336,259.1666666666667,True,True,['data/converted_multi_region_aligned_h100_16_merged'],5,762.5208959999959,0
Global Diverse (6),"['us-central1-a_h100_16', 'us-west1-a_h100_16', 'europe-west1-c_h100_16', 'europe-west3-c_h100_16', 'asia-southeast1-b_h100_16', 'asia-south2-b_h100_16']",6,rc_cr_threshold,0,single_region,,asia-southeast1-b_h100_16,,43.19444444444445,1000.0,0.2,1.2,51.833333333333336,259.1666666666667,True,True,['data/converted_multi_region_aligned_h100_16_merged'],5,837.6527039999982,0
Global Diverse (6),"['us-central1-a_h100_16', 'us-west1-a_h100_16', 'europe-west1-c_h100_16', 'europe-west3-c_h100_16', 'asia-southeast1-b_h100_16', 'asia-south2-b_h100_16']",6,rc_cr_threshold,0,single_region,,asia-south2-b_h100_16,,43.19444444444445,1000.0,0.2,1.2,51.833333333333336,259.1666666666667,True,True,['data/converted_multi_region_aligned_h100_16_merged'],5,3041.090036256015,0
Global Diverse (6),"['us-central1-a_h100_16', 'us-west1-a_h100_16', 'europe-west1-c_h100_16', 'europe-west3-c_h100_16', 'asia-southeast1-b_h100_16', 'asia-south2-b_h100_16']",6,unified_cost_model_risk,0,multi_region,,,,43.19444444444445,2000.0,0.2,1.2,51.833333333333336,0.0,True,True,['data/converted_multi_region_aligned_h100_16_merged'],0,711.1847621962635,0
Global Diverse (6),"['us-central1-a_h100_16', 'us-west1-a_h100_16', 'europe-west1-c_h100_16', 'europe-west3-c_h100_16', 'asia-southeast1-b_h100_16', 'asia-south2-b_h100_16']",6,multi_region_oracle_dp,0,multi_region,,,,43.19444444444445,2000.0,0.2,1.2,51.833333333333336,0.0,True,True,['data/converted_multi_region_aligned_h100_16_merged'],0,708.7738666666635,0
Global Diverse (6),"['us-central1-a_h100_16', 'us-west1-a_h100_16', 'europe-west1-c_h100_16', 'europe-west3-c_h100_16', 'asia-southeast1-b_h100_16', 'asia-south2-b_h100_16']",6,unified_cost_model_oracle,0,multi_region,,,,43.19444444444445,2000.0,0.2,1.2,51.833333333333336,0.0,True,True,['data/converted_multi_region_aligned_h100_16_merged'],0,708.7738666666635,0
Global Diverse (6),"['us-central1-a_h100_16', 'us-west1-a_h100_16', 'europe-west1-c_h100_16', 'europe-west3-c_h100_16', 'asia-southeast1-b_h100_16', 'asia-south2-b_h100_16']",6,multi_region_rc_cr_threshold_eager_failover,0,multi_region,,,,43.19444444444445,2000.0,0.2,1.2,51.833333333333336,0.0,True,True,['data/converted_multi_region_aligned_h100_16_merged'],0,708.7738666666635,0
Global Diverse (6),"['us-central1-a_h100_16', 'us-west1-a_h100_16', 'europe-west1-c_h100_16', 'europe-west3-c_h100_16', 'asia-southeast1-b_h100_16', 'asia-south2-b_h100_16']",6,multi_region_availability_probe_simple,0,multi_region,,,,43.19444444444445,2000.0,0.2,1.2,51.833333333333336,0.0,True,True,['data/converted_multi_region_aligned_h100_16_merged'],0,931.5432659178626,3
Global Diverse (6),"['us-central1-a_h100_16', 'us-west1-a_h100_16', 'europe-west1-c_h100_16', 'europe-west3-c_h100_16', 'asia-southeast1-b_h100_16', 'asia-south2-b_h100_16']",6,multi_region_probe_cost_ratio,0,multi_region,,,,43.19444444444445,2000.0,0.2,1.2,51.833333333333336,0.0,True,True,['data/converted_multi_region_aligned_h100_16_merged'],0,790.2431782357285,0
Global Diverse (6),"['us-central1-a_h100_16', 'us-west1-a_h100_16', 'europe-west1-c_h100_16', 'europe-west3-c_h100_16', 'asia-southeast1-b_h100_16', 'asia-south2-b_h100_16']",6,rc_cr_threshold,0,single_region,,us-central1-a_h100_16,,43.19444444444445,2000.0,0.2,1.2,51.833333333333336,0.0,True,True,['data/converted_multi_region_aligned_h100_16_merged'],0,1145.3805788066743,0
Global Diverse (6),"['us-central1-a_h100_16', 'us-west1-a_h100_16', 'europe-west1-c_h100_16', 'europe-west3-c_h100_16', 'asia-southeast1-b_h100_16', 'asia-south2-b_h100_16']",6,rc_cr_threshold,0,single_region,,us-west1-a_h100_16,,43.19444444444445,2000.0,0.2,1.2,51.833333333333336,0.0,True,True,['data/converted_multi_region_aligned_h100_16_merged'],0,1014.0229918933372,0
Global Diverse (6),"['us-central1-a_h100_16', 'us-west1-a_h100_16', 'europe-west1-c_h100_16', 'europe-west3-c_h100_16', 'asia-southeast1-b_h100_16', 'asia-south2-b_h100_16']",6,rc_cr_threshold,0,single_region,,europe-west1-c_h100_16,,43.19444444444445,2000.0,0.2,1.2,51.833333333333336,0.0,True,True,['data/converted_multi_region_aligned_h100_16_merged'],0,711.4999199999968,0
Global Diverse (6),"['us-central1-a_h100_16', 'us-west1-a_h100_16', 'europe-west1-c_h100_16', 'europe-west3-c_h100_16', 'asia-southeast1-b_h100_16', 'asia-south2-b_h100_16']",6,rc_cr_threshold,0,single_region,,europe-west3-c_h100_16,,43.19444444444445,2000.0,0.2,1.2,51.833333333333336,0.0,True,True,['data/converted_multi_region_aligned_h100_16_merged'],0,3778.998903167997,0
Global Diverse (6),"['us-central1-a_h100_16', 'us-west1-a_h100_16', 'europe-west1-c_h100_16', 'europe-west3-c_h100_16', 'asia-southeast1-b_h100_16', 'asia-south2-b_h100_16']",6,rc_cr_threshold,0,single_region,,asia-southeast1-b_h100_16,,43.19444444444445,2000.0,0.2,1.2,51.833333333333336,0.0,True,True,['data/converted_multi_region_aligned_h100_16_merged'],0,4599.544343114651,0
Global Diverse (6),"['us-central1-a_h100_16', 'us-west1-a_h100_16', 'europe-west1-c_h100_16', 'europe-west3-c_h100_16', 'asia-southeast1-b_h100_16', 'asia-south2-b_h100_16']",6,rc_cr_threshold,0,single_region,,asia-south2-b_h100_16,,43.19444444444445,2000.0,0.2,1.2,51.833333333333336,0.0,True,True,['data/converted_multi_region_aligned_h100_16_merged'],0,3041.090036256015,0
Global Diverse (6),"['us-central1-a_h100_16', 'us-west1-a_h100_16', 'europe-west1-c_h100_16', 'europe-west3-c_h100_16', 'asia-southeast1-b_h100_16', 'asia-south2-b_h100_16']",6,unified_cost_model_risk,0,multi_region,,,,43.19444444444445,2000.0,0.2,1.2,51.833333333333336,51.833333333333336,True,True,['data/converted_multi_region_aligned_h100_16_merged'],1,856.1967829962699,1
Global Diverse (6),"['us-central1-a_h100_16', 'us-west1-a_h100_16', 'europe-west1-c_h100_16', 'europe-west3-c_h100_16', 'asia-southeast1-b_h100_16', 'asia-south2-b_h100_16']",6,multi_region_oracle_dp,0,multi_region,,,,43.19444444444445,2000.0,0.2,1.2,51.833333333333336,51.833333333333336,True,True,['data/converted_multi_region_aligned_h100_16_merged'],1,803.3530506666633,1
Global Diverse (6),"['us-central1-a_h100_16', 'us-west1-a_h100_16', 'europe-west1-c_h100_16', 'europe-west3-c_h100_16', 'asia-southeast1-b_h100_16', 'asia-south2-b_h100_16']",6,unified_cost_model_oracle,0,multi_region,,,,43.19444444444445,2000.0,0.2,1.2,51.833333333333336,51.833333333333336,True,True,['data/converted_multi_region_aligned_h100_16_merged'],1,1006.7171156266672,3
Global Diverse (6),"['us-central1-a_h100_16', 'us-west1-a_h100_16', 'europe-west1-c_h100_16', 'europe-west3-c_h100_16', 'asia-southeast1-b_h100_16', 'asia-south2-b_h100_16']",6,multi_region_rc_cr_threshold_eager_failover,0,multi_region,,,,43.19444444444445,2000.0,0.2,1.2,51.833333333333336,51.833333333333336,True,True,['data/converted_multi_region_aligned_h100_16_merged'],1,2463.7563896853435,2
Global Diverse (6),"['us-central1-a_h100_16', 'us-west1-a_h100_16', 'europe-west1-c_h100_16', 'europe-west3-c_h100_16', 'asia-southeast1-b_h100_16', 'asia-south2-b_h100_16']",6,multi_region_availability_probe_simple,0,multi_region,,,,43.19444444444445,2000.0,0.2,1.2,51.833333333333336,51.833333333333336,True,True,['data/converted_multi_region_aligned_h100_16_merged'],1,2518.8115330922783,2
Global Diverse (6),"['us-central1-a_h100_16', 'us-west1-a_h100_16', 'europe-west1-c_h100_16', 'europe-west3-c_h100_16', 'asia-southeast1-b_h100_16', 'asia-south2-b_h100_16']",6,multi_region_probe_cost_ratio,0,multi_region,,,,43.19444444444445,2000.0,0.2,1.2,51.833333333333336,51.833333333333336,True,True,['data/converted_multi_region_aligned_h100_16_merged'],1,1451.019571120004,13
Global Diverse (6),"['us-central1-a_h100_16', 'us-west1-a_h100_16', 'europe-west1-c_h100_16', 'europe-west3-c_h100_16', 'asia-southeast1-b_h100_16', 'asia-south2-b_h100_16']",6,rc_cr_threshold,0,single_region,,us-central1-a_h100_16,,43.19444444444445,2000.0,0.2,1.2,51.833333333333336,51.833333333333336,True,True,['data/converted_multi_region_aligned_h100_16_merged'],1,854.0553600000037,0
Global Diverse (6),"['us-central1-a_h100_16', 'us-west1-a_h100_16', 'europe-west1-c_h100_16', 'europe-west3-c_h100_16', 'asia-southeast1-b_h100_16', 'asia-south2-b_h100_16']",6,rc_cr_threshold,0,single_region,,us-west1-a_h100_16,,43.19444444444445,2000.0,0.2,1.2,51.833333333333336,51.833333333333336,True,True,['data/converted_multi_region_aligned_h100_16_merged'],1,3595.081146266658,0
Global Diverse (6),"['us-central1-a_h100_16', 'us-west1-a_h100_16', 'europe-west1-c_h100_16', 'europe-west3-c_h100_16', 'asia-southeast1-b_h100_16', 'asia-south2-b_h100_16']",6,rc_cr_threshold,0,single_region,,europe-west1-c_h100_16,,43.19444444444445,2000.0,0.2,1.2,51.833333333333336,51.833333333333336,True,True,['data/converted_multi_region_aligned_h100_16_merged'],1,1387.2608158293308,0
Global Diverse (6),"['us-central1-a_h100_16', 'us-west1-a_h100_16', 'europe-west1-c_h100_16', 'europe-west3-c_h100_16', 'asia-southeast1-b_h100_16', 'asia-south2-b_h100_16']",6,rc_cr_threshold,0,single_region,,europe-west3-c_h100_16,,43.19444444444445,2000.0,0.2,1.2,51.833333333333336,51.833333333333336,True,True,['data/converted_multi_region_aligned_h100_16_merged'],1,3739.073504063997,0
Global Diverse (6),"['us-central1-a_h100_16', 'us-west1-a_h100_16', 'europe-west1-c_h100_16', 'europe-west3-c_h100_16', 'asia-southeast1-b_h100_16', 'asia-south2-b_h100_16']",6,rc_cr_threshold,0,single_region,,asia-southeast1-b_h100_16,,43.19444444444445,2000.0,0.2,1.2,51.833333333333336,51.833333333333336,True,True,['data/converted_multi_region_aligned_h100_16_merged'],1,3122.030977856021,0
Global Diverse (6),"['us-central1-a_h100_16', 'us-west1-a_h100_16', 'europe-west1-c_h100_16', 'europe-west3-c_h100_16', 'asia-southeast1-b_h100_16', 'asia-south2-b_h100_16']",6,rc_cr_threshold,0,single_region,,asia-south2-b_h100_16,,43.19444444444445,2000.0,0.2,1.2,51.833333333333336,51.833333333333336,True,True,['data/converted_multi_region_aligned_h100_16_merged'],1,3041.090036256015,0
Global Diverse (6),"['us-central1-a_h100_16', 'us-west1-a_h100_16', 'europe-west1-c_h100_16', 'europe-west3-c_h100_16', 'asia-southeast1-b_h100_16', 'asia-south2-b_h100_16']",6,unified_cost_model_risk,0,multi_region,,,,43.19444444444445,2000.0,0.2,1.2,51.833333333333336,103.66666666666669,True,True,['data/converted_multi_region_aligned_h100_16_merged'],2,964.2961312629304,3
Global Diverse (6),"['us-central1-a_h100_16', 'us-west1-a_h100_16', 'europe-west1-c_h100_16', 'europe-west3-c_h100_16', 'asia-southeast1-b_h100_16', 'asia-south2-b_h100_16']",6,multi_region_oracle_dp,0,multi_region,,,,43.19444444444445,2000.0,0.2,1.2,51.833333333333336,103.66666666666669,True,True,['data/converted_multi_region_aligned_h100_16_merged'],2,711.4999199999968,0
Global Diverse (6),"['us-central1-a_h100_16', 'us-west1-a_h100_16', 'europe-west1-c_h100_16', 'europe-west3-c_h100_16', 'asia-southeast1-b_h100_16', 'asia-south2-b_h100_16']",6,unified_cost_model_oracle,0,multi_region,,,,43.19444444444445,2000.0,0.2,1.2,51.833333333333336,103.66666666666669,True,True,['data/converted_multi_region_aligned_h100_16_merged'],2,778.0838399999961,1
Global Diverse (6),"['us-central1-a_h100_16', 'us-west1-a_h100_16', 'europe-west1-c_h100_16', 'europe-west3-c_h100_16', 'asia-southeast1-b_h100_16', 'asia-south2-b_h100_16']",6,multi_region_rc_cr_threshold_eager_failover,0,multi_region,,,,43.19444444444445,2000.0,0.2,1.2,51.833333333333336,103.66666666666669,True,True,['data/converted_multi_region_aligned_h100_16_merged'],2,909.787290666665,2
Global Diverse (6),"['us-central1-a_h100_16', 'us-west1-a_h100_16', 'europe-west1-c_h100_16', 'europe-west3-c_h100_16', 'asia-southeast1-b_h100_16', 'asia-south2-b_h100_16']",6,multi_region_availability_probe_simple,0,multi_region,,,,43.19444444444445,2000.0,0.2,1.2,51.833333333333336,103.66666666666669,True,True,['data/converted_multi_region_aligned_h100_16_merged'],2,913.231656317864,1
Global Diverse (6),"['us-central1-a_h100_16', 'us-west1-a_h100_16', 'europe-west1-c_h100_16', 'europe-west3-c_h100_16', 'asia-southeast1-b_h100_16', 'asia-south2-b_h100_16']",6,multi_region_probe_cost_ratio,0,multi_region,,,,43.19444444444445,2000.0,0.2,1.2,51.833333333333336,103.66666666666669,True,True,['data/converted_multi_region_aligned_h100_16_merged'],2,985.5388571690632,2
Global Diverse (6),"['us-central1-a_h100_16', 'us-west1-a_h100_16', 'europe-west1-c_h100_16', 'europe-west3-c_h100_16', 'asia-southeast1-b_h100_16', 'asia-south2-b_h100_16']",6,rc_cr_threshold,0,single_region,,us-central1-a_h100_16,,43.19444444444445,2000.0,0.2,1.2,51.833333333333336,103.66666666666669,True,True,['data/converted_multi_region_aligned_h100_16_merged'],2,1427.0747606333414,0
Global Diverse (6),"['us-central1-a_h100_16', 'us-west1-a_h100_16', 'europe-west1-c_h100_16', 'europe-west3-c_h100_16', 'asia-southeast1-b_h100_16', 'asia-south2-b_h100_16']",6,rc_cr_threshold,0,single_region,,us-west1-a_h100_16,,43.19444444444445,2000.0,0.2,1.2,51.833333333333336,103.66666666666669,True,True,['data/converted_multi_region_aligned_h100_16_merged'],2,2912.9878676999974,0
Global Diverse (6),"['us-central1-a_h100_16', 'us-west1-a_h100_16', 'europe-west1-c_h100_16', 'europe-west3-c_h100_16', 'asia-southeast1-b_h100_16', 'asia-south2-b_h100_16']",6,rc_cr_threshold,0,single_region,,europe-west1-c_h100_16,,43.19444444444445,2000.0,0.2,1.2,51.833333333333336,103.66666666666669,True,True,['data/converted_multi_region_aligned_h100_16_merged'],2,1101.9328648213288,0
Global Diverse (6),"['us-central1-a_h100_16', 'us-west1-a_h100_16', 'europe-west1-c_h100_16', 'europe-west3-c_h100_16', 'asia-southeast1-b_h100_16', 'asia-south2-b_h100_16']",6,rc_cr_threshold,0,single_region,,europe-west3-c_h100_16,,43.19444444444445,2000.0,0.2,1.2,51.833333333333336,103.66666666666669,True,True,['data/converted_multi_region_aligned_h100_16_merged'],2,4236.030618047997,0
Global Diverse (6),"['us-central1-a_h100_16', 'us-west1-a_h100_16', 'europe-west1-c_h100_16', 'europe-west3-c_h100_16', 'asia-southeast1-b_h100_16', 'asia-south2-b_h100_16']",6,rc_cr_threshold,0,single_region,,asia-southeast1-b_h100_16,,43.19444444444445,2000.0,0.2,1.2,51.833333333333336,103.66666666666669,True,True,['data/converted_multi_region_aligned_h100_16_merged'],2,837.6527039999982,0
Global Diverse (6),"['us-central1-a_h100_16', 'us-west1-a_h100_16', 'europe-west1-c_h100_16', 'europe-west3-c_h100_16', 'asia-southeast1-b_h100_16', 'asia-south2-b_h100_16']",6,rc_cr_threshold,0,single_region,,asia-south2-b_h100_16,,43.19444444444445,2000.0,0.2,1.2,51.833333333333336,103.66666666666669,True,True,['data/converted_multi_region_aligned_h100_16_merged'],2,3041.090036256015,0
Global Diverse (6),"['us-central1-a_h100_16', 'us-west1-a_h100_16', 'europe-west1-c_h100_16', 'europe-west3-c_h100_16', 'asia-southeast1-b_h100_16', 'asia-south2-b_h100_16']",6,unified_cost_model_risk,0,multi_region,,,,43.19444444444445,2000.0,0.2,1.2,51.833333333333336,155.5,True,True,['data/converted_multi_region_aligned_h100_16_merged'],3,713.9108155295968,0
Global Diverse (6),"['us-central1-a_h100_16', 'us-west1-a_h100_16', 'europe-west1-c_h100_16', 'europe-west3-c_h100_16', 'asia-southeast1-b_h100_16', 'asia-south2-b_h100_16']",6,multi_region_oracle_dp,0,multi_region,,,,43.19444444444445,2000.0,0.2,1.2,51.833333333333336,155.5,True,True,['data/converted_multi_region_aligned_h100_16_merged'],3,711.4999199999968,0
Global Diverse (6),"['us-central1-a_h100_16', 'us-west1-a_h100_16', 'europe-west1-c_h100_16', 'europe-west3-c_h100_16', 'asia-southeast1-b_h100_16', 'asia-south2-b_h100_16']",6,unified_cost_model_oracle,0,multi_region,,,,43.19444444444445,2000.0,0.2,1.2,51.833333333333336,155.5,True,True,['data/converted_multi_region_aligned_h100_16_merged'],3,771.8003679999963,1
Global Diverse (6),"['us-central1-a_h100_16', 'us-west1-a_h100_16', 'europe-west1-c_h100_16', 'europe-west3-c_h100_16', 'asia-southeast1-b_h100_16', 'asia-south2-b_h100_16']",6,multi_region_rc_cr_threshold_eager_failover,0,multi_region,,,,43.19444444444445,2000.0,0.2,1.2,51.833333333333336,155.5,True,True,['data/converted_multi_region_aligned_h100_16_merged'],3,759.7101919999955,1
Global Diverse (6),"['us-central1-a_h100_16', 'us-west1-a_h100_16', 'europe-west1-c_h100_16', 'europe-west3-c_h100_16', 'asia-southeast1-b_h100_16', 'asia-south2-b_h100_16']",6,multi_region_availability_probe_simple,0,multi_region,,,,43.19444444444445,2000.0,0.2,1.2,51.833333333333336,155.5,True,True,['data/converted_multi_region_aligned_h100_16_merged'],3,912.6741229845368,1
Global Diverse (6),"['us-central1-a_h100_16', 'us-west1-a_h100_16', 'europe-west1-c_h100_16', 'europe-west3-c_h100_16', 'asia-southeast1-b_h100_16', 'asia-south2-b_h100_16']",6,multi_region_probe_cost_ratio,0,multi_region,,,,43.19444444444445,2000.0,0.2,1.2,51.833333333333336,155.5,True,True,['data/converted_multi_region_aligned_h100_16_merged'],3,898.8405835690635,2
Global Diverse (6),"['us-central1-a_h100_16', 'us-west1-a_h100_16', 'europe-west1-c_h100_16', 'europe-west3-c_h100_16', 'asia-southeast1-b_h100_16', 'asia-south2-b_h100_16']",6,rc_cr_threshold,0,single_region,,us-central1-a_h100_16,,43.19444444444445,2000.0,0.2,1.2,51.833333333333336,155.5,True,True,['data/converted_multi_region_aligned_h100_16_merged'],3,835.0763520000035,0
Global Diverse (6),"['us-central1-a_h100_16', 'us-west1-a_h100_16', 'europe-west1-c_h100_16', 'europe-west3-c_h100_16', 'asia-southeast1-b_h100_16', 'asia-south2-b_h100_16']",6,rc_cr_threshold,0,single_region,,us-west1-a_h100_16,,43.19444444444445,2000.0,0.2,1.2,51.833333333333336,155.5,True,True,['data/converted_multi_region_aligned_h100_16_merged'],3,828.7500160000034,0
Global Diverse (6),"['us-central1-a_h100_16', 'us-west1-a_h100_16', 'europe-west1-c_h100_16', 'europe-west3-c_h100_16', 'asia-southeast1-b_h100_16', 'asia-south2-b_h100_16']",6,rc_cr_threshold,0,single_region,,europe-west1-c_h100_16,,43.19444444444445,2000.0,0.2,1.2,51.833333333333336,155.5,True,True,['data/converted_multi_region_aligned_h100_16_merged'],3,714.2259733333301,0
Global Diverse (6),"['us-central1-a_h100_16', 'us-west1-a_h100_16', 'europe-west1-c_h100_16', 'europe-west3-c_h100_16', 'asia-southeast1-b_h100_16', 'asia-south2-b_h100_16']",6,rc_cr_threshold,0,single_region,,europe-west3-c_h100_16,,43.19444444444445,2000.0,0.2,1.2,51.833333333333336,155.5,True,True,['data/converted_multi_region_aligned_h100_16_merged'],3,2879.8662621439803,0
Global Diverse (6),"['us-central1-a_h100_16', 'us-west1-a_h100_16', 'europe-west1-c_h100_16', 'europe-west3-c_h100_16', 'asia-southeast1-b_h100_16', 'asia-south2-b_h100_16']",6,rc_cr_threshold,0,single_region,,asia-southeast1-b_h100_16,,43.19444444444445,2000.0,0.2,1.2,51.833333333333336,155.5,True,True,['data/converted_multi_region_aligned_h100_16_merged'],3,837.6527039999982,0
Global Diverse (6),"['us-central1-a_h100_16', 'us-west1-a_h100_16', 'europe-west1-c_h100_16', 'europe-west3-c_h100_16', 'asia-southeast1-b_h100_16', 'asia-south2-b_h100_16']",6,rc_cr_threshold,0,single_region,,asia-south2-b_h100_16,,43.19444444444445,2000.0,0.2,1.2,51.833333333333336,155.5,True,True,['data/converted_multi_region_aligned_h100_16_merged'],3,3041.090036256015,0
Global Diverse (6),"['us-central1-a_h100_16', 'us-west1-a_h100_16', 'europe-west1-c_h100_16', 'europe-west3-c_h100_16', 'asia-southeast1-b_h100_16', 'asia-south2-b_h100_16']",6,unified_cost_model_risk,0,multi_region,,,,43.19444444444445,2000.0,0.2,1.2,51.833333333333336,207.33333333333331,True,True,['data/converted_multi_region_aligned_h100_16_merged'],4,866.2875157962698,2
Global Diverse (6),"['us-central1-a_h100_16', 'us-west1-a_h100_16', 'europe-west1-c_h100_16', 'europe-west3-c_h100_16', 'asia-southeast1-b_h100_16', 'asia-south2-b_h100_16']",6,multi_region_oracle_dp,0,multi_region,,,,43.19444444444445,2000.0,0.2,1.2,51.833333333333336,207.33333333333331,True,True,['data/converted_multi_region_aligned_h100_16_merged'],4,822.4236800000033,0
Global Diverse (6),"['us-central1-a_h100_16', 'us-west1-a_h100_16', 'europe-west1-c_h100_16', 'europe-west3-c_h100_16', 'asia-southeast1-b_h100_16', 'asia-south2-b_h100_16']",6,unified_cost_model_oracle,0,multi_region,,,,43.19444444444445,2000.0,0.2,1.2,51.833333333333336,207.33333333333331,True,True,['data/converted_multi_region_aligned_h100_16_merged'],4,853.2364533333341,2
Global Diverse (6),"['us-central1-a_h100_16', 'us-west1-a_h100_16', 'europe-west1-c_h100_16', 'europe-west3-c_h100_16', 'asia-southeast1-b_h100_16', 'asia-south2-b_h100_16']",6,multi_region_rc_cr_threshold_eager_failover,0,multi_region,,,,43.19444444444445,2000.0,0.2,1.2,51.833333333333336,207.33333333333331,True,True,['data/converted_multi_region_aligned_h100_16_merged'],4,866.6947093333362,2
Global Diverse (6),"['us-central1-a_h100_16', 'us-west1-a_h100_16', 'europe-west1-c_h100_16', 'europe-west3-c_h100_16', 'asia-southeast1-b_h100_16', 'asia-south2-b_h100_16']",6,multi_region_availability_probe_simple,0,multi_region,,,,43.19444444444445,2000.0,0.2,1.2,51.833333333333336,207.33333333333331,True,True,['data/converted_multi_region_aligned_h100_16_merged'],4,955.1758611178705,2
Global Diverse (6),"['us-central1-a_h100_16', 'us-west1-a_h100_16', 'europe-west1-c_h100_16', 'europe-west3-c_h100_16', 'asia-southeast1-b_h100_16', 'asia-south2-b_h100_16']",6,multi_region_probe_cost_ratio,0,multi_region,,,,43.19444444444445,2000.0,0.2,1.2,51.833333333333336,207.33333333333331,True,True,['data/converted_multi_region_aligned_h100_16_merged'],4,918.7013249024034,1
Global Diverse (6),"['us-central1-a_h100_16', 'us-west1-a_h100_16', 'europe-west1-c_h100_16', 'europe-west3-c_h100_16', 'asia-southeast1-b_h100_16', 'asia-south2-b_h100_16']",6,rc_cr_threshold,0,single_region,,us-central1-a_h100_16,,43.19444444444445,2000.0,0.2,1.2,51.833333333333336,207.33333333333331,True,True,['data/converted_multi_region_aligned_h100_16_merged'],4,828.7500160000034,0
Global Diverse (6),"['us-central1-a_h100_16', 'us-west1-a_h100_16', 'europe-west1-c_h100_16', 'europe-west3-c_h100_16', 'asia-southeast1-b_h100_16', 'asia-south2-b_h100_16']",6,rc_cr_threshold,0,single_region,,us-west1-a_h100_16,,43.19444444444445,2000.0,0.2,1.2,51.833333333333336,207.33333333333331,True,True,['data/converted_multi_region_aligned_h100_16_merged'],4,1099.8531268333402,0
Global Diverse (6),"['us-central1-a_h100_16', 'us-west1-a_h100_16', 'europe-west1-c_h100_16', 'europe-west3-c_h100_16', 'asia-southeast1-b_h100_16', 'asia-south2-b_h100_16']",6,rc_cr_threshold,0,single_region,,europe-west1-c_h100_16,,43.19444444444445,2000.0,0.2,1.2,51.833333333333336,207.33333333333331,True,True,['data/converted_multi_region_aligned_h100_16_merged'],4,2051.208961802666,0
Global Diverse (6),"['us-central1-a_h100_16', 'us-west1-a_h100_16', 'europe-west1-c_h100_16', 'europe-west3-c_h100_16', 'asia-southeast1-b_h100_16', 'asia-south2-b_h100_16']",6,rc_cr_threshold,0,single_region,,europe-west3-c_h100_16,,43.19444444444445,2000.0,0.2,1.2,51.833333333333336,207.33333333333331,True,True,['data/converted_multi_region_aligned_h100_16_merged'],4,2354.6698930559846,0
Global Diverse (6),"['us-central1-a_h100_16', 'us-west1-a_h100_16', 'europe-west1-c_h100_16', 'europe-west3-c_h100_16', 'asia-southeast1-b_h100_16', 'asia-south2-b_h100_16']",6,rc_cr_threshold,0,single_region,,asia-southeast1-b_h100_16,,43.19444444444445,2000.0,0.2,1.2,51.833333333333336,207.33333333333331,True,True,['data/converted_multi_region_aligned_h100_16_merged'],4,837.6527039999982,0
Global Diverse (6),"['us-central1-a_h100_16', 'us-west1-a_h100_16', 'europe-west1-c_h100_16', 'europe-west3-c_h100_16', 'asia-southeast1-b_h100_16', 'asia-south2-b_h100_16']",6,rc_cr_threshold,0,single_region,,asia-south2-b_h100_16,,43.19444444444445,2000.0,0.2,1.2,51.833333333333336,207.33333333333331,True,True,['data/converted_multi_region_aligned_h100_16_merged'],4,3041.090036256015,0
Global Diverse (6),"['us-central1-a_h100_16', 'us-west1-a_h100_16', 'europe-west1-c_h100_16', 'europe-west3-c_h100_16', 'asia-southeast1-b_h100_16', 'asia-south2-b_h100_16']",6,unified_cost_model_risk,0,multi_region,,,,43.19444444444445,2000.0,0.2,1.2,51.833333333333336,259.1666666666667,True,True,['data/converted_multi_region_aligned_h100_16_merged'],5,711.1847621962635,0
Global Diverse (6),"['us-central1-a_h100_16', 'us-west1-a_h100_16', 'europe-west1-c_h100_16', 'europe-west3-c_h100_16', 'asia-southeast1-b_h100_16', 'asia-south2-b_h100_16']",6,multi_region_oracle_dp,0,multi_region,,,,43.19444444444445,2000.0,0.2,1.2,51.833333333333336,259.1666666666667,True,True,['data/converted_multi_region_aligned_h100_16_merged'],5,708.7738666666635,0
Global Diverse (6),"['us-central1-a_h100_16', 'us-west1-a_h100_16', 'europe-west1-c_h100_16', 'europe-west3-c_h100_16', 'asia-southeast1-b_h100_16', 'asia-south2-b_h100_16']",6,unified_cost_model_oracle,0,multi_region,,,,43.19444444444445,2000.0,0.2,1.2,51.833333333333336,259.1666666666667,True,True,['data/converted_multi_region_aligned_h100_16_merged'],5,708.7738666666635,0
Global Diverse (6),"['us-central1-a_h100_16', 'us-west1-a_h100_16', 'europe-west1-c_h100_16', 'europe-west3-c_h100_16', 'asia-southeast1-b_h100_16', 'asia-south2-b_h100_16']",6,multi_region_rc_cr_threshold_eager_failover,0,multi_region,,,,43.19444444444445,2000.0,0.2,1.2,51.833333333333336,259.1666666666667,True,True,['data/converted_multi_region_aligned_h100_16_merged'],5,708.7738666666635,0
Global Diverse (6),"['us-central1-a_h100_16', 'us-west1-a_h100_16', 'europe-west1-c_h100_16', 'europe-west3-c_h100_16', 'asia-southeast1-b_h100_16', 'asia-south2-b_h100_16']",6,multi_region_availability_probe_simple,0,multi_region,,,,43.19444444444445,2000.0,0.2,1.2,51.833333333333336,259.1666666666667,True,True,['data/converted_multi_region_aligned_h100_16_merged'],5,897.4185171178676,1
Global Diverse (6),"['us-central1-a_h100_16', 'us-west1-a_h100_16', 'europe-west1-c_h100_16', 'europe-west3-c_h100_16', 'asia-southeast1-b_h100_16', 'asia-south2-b_h100_16']",6,multi_region_probe_cost_ratio,0,multi_region,,,,43.19444444444445,2000.0,0.2,1.2,51.833333333333336,259.1666666666667,True,True,['data/converted_multi_region_aligned_h100_16_merged'],5,811.3737851690627,0
Global Diverse (6),"['us-central1-a_h100_16', 'us-west1-a_h100_16', 'europe-west1-c_h100_16', 'europe-west3-c_h100_16', 'asia-southeast1-b_h100_16', 'asia-south2-b_h100_16']",6,rc_cr_threshold,0,single_region,,us-central1-a_h100_16,,43.19444444444445,2000.0,0.2,1.2,51.833333333333336,259.1666666666667,True,True,['data/converted_multi_region_aligned_h100_16_merged'],5,828.7500160000034,0
Global Diverse (6),"['us-central1-a_h100_16', 'us-west1-a_h100_16', 'europe-west1-c_h100_16', 'europe-west3-c_h100_16', 'asia-southeast1-b_h100_16', 'asia-south2-b_h100_16']",6,rc_cr_threshold,0,single_region,,us-west1-a_h100_16,,43.19444444444445,2000.0,0.2,1.2,51.833333333333336,259.1666666666667,True,True,['data/converted_multi_region_aligned_h100_16_merged'],5,2356.744341079999,0
Global Diverse (6),"['us-central1-a_h100_16', 'us-west1-a_h100_16', 'europe-west1-c_h100_16', 'europe-west3-c_h100_16', 'asia-southeast1-b_h100_16', 'asia-south2-b_h100_16']",6,rc_cr_threshold,0,single_region,,europe-west1-c_h100_16,,43.19444444444445,2000.0,0.2,1.2,51.833333333333336,259.1666666666667,True,True,['data/converted_multi_region_aligned_h100_16_merged'],5,711.4999199999968,0
Global Diverse (6),"['us-central1-a_h100_16', 'us-west1-a_h100_16', 'europe-west1-c_h100_16', 'europe-west3-c_h100_16', 'asia-southeast1-b_h100_16', 'asia-south2-b_h100_16']",6,rc_cr_threshold,0,single_region,,europe-west3-c_h100_16,,43.19444444444445,2000.0,0.2,1.2,51.833333333333336,259.1666666666667,True,True,['data/converted_multi_region_aligned_h100_16_merged'],5,762.5208959999959,0
Global Diverse (6),"['us-central1-a_h100_16', 'us-west1-a_h100_16', 'europe-west1-c_h100_16', 'europe-west3-c_h100_16', 'asia-southeast1-b_h100_16', 'asia-south2-b_h100_16']",6,rc_cr_threshold,0,single_region,,asia-southeast1-b_h100_16,,43.19444444444445,2000.0,0.2,1.2,51.833333333333336,259.1666666666667,True,True,['data/converted_multi_region_aligned_h100_16_merged'],5,837.6527039999982,0
Global Diverse (6),"['us-central1-a_h100_16', 'us-west1-a_h100_16', 'europe-west1-c_h100_16', 'europe-west3-c_h100_16', 'asia-southeast1-b_h100_16', 'asia-south2-b_h100_16']",6,rc_cr_threshold,0,single_region,,asia-south2-b_h100_16,,43.19444444444445,2000.0,0.2,1.2,51.833333333333336,259.1666666666667,True,True,['data/converted_multi_region_aligned_h100_16_merged'],5,3041.090036256015,0
Global Diverse (6),"['us-central1-a_h100_16', 'us-west1-a_h100_16', 'europe-west1-c_h100_16', 'europe-west3-c_h100_16', 'asia-southeast1-b_h100_16', 'asia-south2-b_h100_16']",6,unified_cost_model_risk,0,multi_region,,,,43.19444444444445,4000.0,0.2,1.2,51.833333333333336,0.0,True,True,['data/converted_multi_region_aligned_h100_16_merged'],0,711.1847621962635,0
Global Diverse (6),"['us-central1-a_h100_16', 'us-west1-a_h100_16', 'europe-west1-c_h100_16', 'europe-west3-c_h100_16', 'asia-southeast1-b_h100_16', 'asia-south2-b_h100_16']",6,multi_region_oracle_dp,0,multi_region,,,,43.19444444444445,4000.0,0.2,1.2,51.833333333333336,0.0,True,True,['data/converted_multi_region_aligned_h100_16_merged'],0,708.7738666666635,0
Global Diverse (6),"['us-central1-a_h100_16', 'us-west1-a_h100_16', 'europe-west1-c_h100_16', 'europe-west3-c_h100_16', 'asia-southeast1-b_h100_16', 'asia-south2-b_h100_16']",6,unified_cost_model_oracle,0,multi_region,,,,43.19444444444445,4000.0,0.2,1.2,51.833333333333336,0.0,True,True,['data/converted_multi_region_aligned_h100_16_merged'],0,708.7738666666635,0
Global Diverse (6),"['us-central1-a_h100_16', 'us-west1-a_h100_16', 'europe-west1-c_h100_16', 'europe-west3-c_h100_16', 'asia-southeast1-b_h100_16', 'asia-south2-b_h100_16']",6,multi_region_rc_cr_threshold_eager_failover,0,multi_region,,,,43.19444444444445,4000.0,0.2,1.2,51.833333333333336,0.0,True,True,['data/converted_multi_region_aligned_h100_16_merged'],0,708.7738666666635,0
Global Diverse (6),"['us-central1-a_h100_16', 'us-west1-a_h100_16', 'europe-west1-c_h100_16', 'europe-west3-c_h100_16', 'asia-southeast1-b_h100_16', 'asia-south2-b_h100_16']",6,multi_region_availability_probe_simple,0,multi_region,,,,43.19444444444445,4000.0,0.2,1.2,51.833333333333336,0.0,True,True,['data/converted_multi_region_aligned_h100_16_merged'],0,1051.5432659178628,3
Global Diverse (6),"['us-central1-a_h100_16', 'us-west1-a_h100_16', 'europe-west1-c_h100_16', 'europe-west3-c_h100_16', 'asia-southeast1-b_h100_16', 'asia-south2-b_h100_16']",6,multi_region_probe_cost_ratio,0,multi_region,,,,43.19444444444445,4000.0,0.2,1.2,51.833333333333336,0.0,True,True,['data/converted_multi_region_aligned_h100_16_merged'],0,790.2431782357285,0
Global Diverse (6),"['us-central1-a_h100_16', 'us-west1-a_h100_16', 'europe-west1-c_h100_16', 'europe-west3-c_h100_16', 'asia-southeast1-b_h100_16', 'asia-south2-b_h100_16']",6,rc_cr_threshold,0,single_region,,us-central1-a_h100_16,,43.19444444444445,4000.0,0.2,1.2,51.833333333333336,0.0,True,True,['data/converted_multi_region_aligned_h100_16_merged'],0,1145.3805788066743,0
Global Diverse (6),"['us-central1-a_h100_16', 'us-west1-a_h100_16', 'europe-west1-c_h100_16', 'europe-west3-c_h100_16', 'asia-southeast1-b_h100_16', 'asia-south2-b_h100_16']",6,rc_cr_threshold,0,single_region,,us-west1-a_h100_16,,43.19444444444445,4000.0,0.2,1.2,51.833333333333336,0.0,True,True,['data/converted_multi_region_aligned_h100_16_merged'],0,1014.0229918933372,0
Global Diverse (6),"['us-central1-a_h100_16', 'us-west1-a_h100_16', 'europe-west1-c_h100_16', 'europe-west3-c_h100_16', 'asia-southeast1-b_h100_16', 'asia-south2-b_h100_16']",6,rc_cr_threshold,0,single_region,,europe-west1-c_h100_16,,43.19444444444445,4000.0,0.2,1.2,51.833333333333336,0.0,True,True,['data/converted_multi_region_aligned_h100_16_merged'],0,711.4999199999968,0
Global Diverse (6),"['us-central1-a_h100_16', 'us-west1-a_h100_16', 'europe-west1-c_h100_16', 'europe-west3-c_h100_16', 'asia-southeast1-b_h100_16', 'asia-south2-b_h100_16']",6,rc_cr_threshold,0,single_region,,europe-west3-c_h100_16,,43.19444444444445,4000.0,0.2,1.2,51.833333333333336,0.0,True,True,['data/converted_multi_region_aligned_h100_16_merged'],0,3778.998903167997,0
Global Diverse (6),"['us-central1-a_h100_16', 'us-west1-a_h100_16', 'europe-west1-c_h100_16', 'europe-west3-c_h100_16', 'asia-southeast1-b_h100_16', 'asia-south2-b_h100_16']",6,rc_cr_threshold,0,single_region,,asia-southeast1-b_h100_16,,43.19444444444445,4000.0,0.2,1.2,51.833333333333336,0.0,True,True,['data/converted_multi_region_aligned_h100_16_merged'],0,4599.544343114651,0
Global Diverse (6),"['us-central1-a_h100_16', 'us-west1-a_h100_16', 'europe-west1-c_h100_16', 'europe-west3-c_h100_16', 'asia-southeast1-b_h100_16', 'asia-south2-b_h100_16']",6,rc_cr_threshold,0,single_region,,asia-south2-b_h100_16,,43.19444444444445,4000.0,0.2,1.2,51.833333333333336,0.0,True,True,['data/converted_multi_region_aligned_h100_16_merged'],0,3041.090036256015,0
Global Diverse (6),"['us-central1-a_h100_16', 'us-west1-a_h100_16', 'europe-west1-c_h100_16', 'europe-west3-c_h100_16', 'asia-southeast1-b_h100_16', 'asia-south2-b_h100_16']",6,unified_cost_model_risk,0,multi_region,,,,43.19444444444445,4000.0,0.2,1.2,51.833333333333336,51.833333333333336,True,True,['data/converted_multi_region_aligned_h100_16_merged'],1,934.3522469962624,2
Global Diverse (6),"['us-central1-a_h100_16', 'us-west1-a_h100_16', 'europe-west1-c_h100_16', 'europe-west3-c_h100_16', 'asia-southeast1-b_h100_16', 'asia-south2-b_h100_16']",6,multi_region_oracle_dp,0,multi_region,,,,43.19444444444445,4000.0,0.2,1.2,51.833333333333336,51.833333333333336,True,True,['data/converted_multi_region_aligned_h100_16_merged'],1,831.9131840000034,0
Global Diverse (6),"['us-central1-a_h100_16', 'us-west1-a_h100_16', 'europe-west1-c_h100_16', 'europe-west3-c_h100_16', 'asia-southeast1-b_h100_16', 'asia-south2-b_h100_16']",6,unified_cost_model_oracle,0,multi_region,,,,43.19444444444445,4000.0,0.2,1.2,51.833333333333336,51.833333333333336,True,True,['data/converted_multi_region_aligned_h100_16_merged'],1,1126.7171156266672,3
Global Diverse (6),"['us-central1-a_h100_16', 'us-west1-a_h100_16', 'europe-west1-c_h100_16', 'europe-west3-c_h100_16', 'asia-southeast1-b_h100_16', 'asia-south2-b_h100_16']",6,multi_region_rc_cr_threshold_eager_failover,0,multi_region,,,,43.19444444444445,4000.0,0.2,1.2,51.833333333333336,51.833333333333336,True,True,['data/converted_multi_region_aligned_h100_16_merged'],1,2543.7563896853435,2
Global Diverse (6),"['us-central1-a_h100_16', 'us-west1-a_h100_16', 'europe-west1-c_h100_16', 'europe-west3-c_h100_16', 'asia-southeast1-b_h100_16', 'asia-south2-b_h100_16']",6,multi_region_availability_probe_simple,0,multi_region,,,,43.19444444444445,4000.0,0.2,1.2,51.833333333333336,51.833333333333336,True,True,['data/converted_multi_region_aligned_h100_16_merged'],1,2598.8115330922783,2
Global Diverse (6),"['us-central1-a_h100_16', 'us-west1-a_h100_16', 'europe-west1-c_h100_16', 'europe-west3-c_h100_16', 'asia-southeast1-b_h100_16', 'asia-south2-b_h100_16']",6,multi_region_probe_cost_ratio,0,multi_region,,,,43.19444444444445,4000.0,0.2,1.2,51.833333333333336,51.833333333333336,True,True,['data/converted_multi_region_aligned_h100_16_merged'],1,1971.019571120004,13
Global Diverse (6),"['us-central1-a_h100_16', 'us-west1-a_h100_16', 'europe-west1-c_h100_16', 'europe-west3-c_h100_16', 'asia-southeast1-b_h100_16', 'asia-south2-b_h100_16']",6,rc_cr_threshold,0,single_region,,us-central1-a_h100_16,,43.19444444444445,4000.0,0.2,1.2,51.833333333333336,51.833333333333336,True,True,['data/converted_multi_region_aligned_h100_16_merged'],1,854.0553600000037,0
Global Diverse (6),"['us-central1-a_h100_16', 'us-west1-a_h100_16', 'europe-west1-c_h100_16', 'europe-west3-c_h100_16', 'asia-southeast1-b_h100_16', 'asia-south2-b_h100_16']",6,rc_cr_threshold,0,single_region,,us-west1-a_h100_16,,43.19444444444445,4000.0,0.2,1.2,51.833333333333336,51.833333333333336,True,True,['data/converted_multi_region_aligned_h100_16_merged'],1,3595.081146266658,0
Global Diverse (6),"['us-central1-a_h100_16', 'us-west1-a_h100_16', 'europe-west1-c_h100_16', 'europe-west3-c_h100_16', 'asia-southeast1-b_h100_16', 'asia-south2-b_h100_16']",6,rc_cr_threshold,0,single_region,,europe-west1-c_h100_16,,43.19444444444445,4000.0,0.2,1.2,51.833333333333336,51.833333333333336,True,True,['data/converted_multi_region_aligned_h100_16_merged'],1,1387.2608158293308,0
Global Diverse (6),"['us-central1-a_h100_16', 'us-west1-a_h100_16', 'europe-west1-c_h100_16', 'europe-west3-c_h100_16', 'asia-southeast1-b_h100_16', 'asia-south2-b_h100_16']",6,rc_cr_threshold,0,single_region,,europe-west3-c_h100_16,,43.19444444444445,4000.0,0.2,1.2,51.833333333333336,51.833333333333336,True,True,['data/converted_multi_region_aligned_h100_16_merged'],1,3739.073504063997,0
Global Diverse (6),"['us-central1-a_h100_16', 'us-west1-a_h100_16', 'europe-west1-c_h100_16', 'europe-west3-c_h100_16', 'asia-southeast1-b_h100_16', 'asia-south2-b_h100_16']",6,rc_cr_threshold,0,single_region,,asia-southeast1-b_h100_16,,43.19444444444445,4000.0,0.2,1.2,51.833333333333336,51.833333333333336,True,True,['data/converted_multi_region_aligned_h100_16_merged'],1,3122.030977856021,0
Global Diverse (6),"['us-central1-a_h100_16', 'us-west1-a_h100_16', 'europe-west1-c_h100_16', 'europe-west3-c_h100_16', 'asia-southeast1-b_h100_16', 'asia-south2-b_h100_16']",6,rc_cr_threshold,0,single_region,,asia-south2-b_h100_16,,43.19444444444445,4000.0,0.2,1.2,51.833333333333336,51.833333333333336,True,True,['data/converted_multi_region_aligned_h100_16_merged'],1,3041.090036256015,0
Global Diverse (6),"['us-central1-a_h100_16', 'us-west1-a_h100_16', 'europe-west1-c_h100_16', 'europe-west3-c_h100_16', 'asia-southeast1-b_h100_16', 'asia-south2-b_h100_16']",6,unified_cost_model_risk,0,multi_region,,,,43.19444444444445,4000.0,0.2,1.2,51.833333333333336,103.66666666666669,True,True,['data/converted_multi_region_aligned_h100_16_merged'],2,1077.7777952629367,3
Global Diverse (6),"['us-central1-a_h100_16', 'us-west1-a_h100_16', 'europe-west1-c_h100_16', 'europe-west3-c_h100_16', 'asia-southeast1-b_h100_16', 'asia-south2-b_h100_16']",6,multi_region_oracle_dp,0,multi_region,,,,43.19444444444445,4000.0,0.2,1.2,51.833333333333336,103.66666666666669,True,True,['data/converted_multi_region_aligned_h100_16_merged'],2,711.4999199999968,0
Global Diverse (6),"['us-central1-a_h100_16', 'us-west1-a_h100_16', 'europe-west1-c_h100_16', 'europe-west3-c_h100_16', 'asia-southeast1-b_h100_16', 'asia-south2-b_h100_16']",6,unified_cost_model_oracle,0,multi_region,,,,43.19444444444445,4000.0,0.2,1.2,51.833333333333336,103.66666666666669,True,True,['data/converted_multi_region_aligned_h100_16_merged'],2,834.4433066666649,0
Global Diverse (6),"['us-central1-a_h100_16', 'us-west1-a_h100_16', 'europe-west1-c_h100_16', 'europe-west3-c_h100_16', 'asia-southeast1-b_h100_16', 'asia-south2-b_h100_16']",6,multi_region_rc_cr_threshold_eager_failover,0,multi_region,,,,43.19444444444445,4000.0,0.2,1.2,51.833333333333336,103.66666666666669,True,True,['data/converted_multi_region_aligned_h100_16_merged'],2,989.787290666665,2
Global Diverse (6),"['us-central1-a_h100_16', 'us-west1-a_h100_16', 'europe-west1-c_h100_16', 'europe-west3-c_h100_16', 'asia-southeast1-b_h100_16', 'asia-south2-b_h100_16']",6,multi_region_availability_probe_simple,0,multi_region,,,,43.19444444444445,4000.0,0.2,1.2,51.833333333333336,103.66666666666669,True,True,['data/converted_multi_region_aligned_h100_16_merged'],2,953.231656317864,1
Global Diverse (6),"['us-central1-a_h100_16', 'us-west1-a_h100_16', 'europe-west1-c_h100_16', 'europe-west3-c_h100_16', 'asia-southeast1-b_h100_16', 'asia-south2-b_h100_16']",6,multi_region_probe_cost_ratio,0,multi_region,,,,43.19444444444445,4000.0,0.2,1.2,51.833333333333336,103.66666666666669,True,True,['data/converted_multi_region_aligned_h100_16_merged'],2,1065.5388571690632,2
Global Diverse (6),"['us-central1-a_h100_16', 'us-west1-a_h100_16', 'europe-west1-c_h100_16', 'europe-west3-c_h100_16', 'asia-southeast1-b_h100_16', 'asia-south2-b_h100_16']",6,rc_cr_threshold,0,single_region,,us-central1-a_h100_16,,43.19444444444445,4000.0,0.2,1.2,51.833333333333336,103.66666666666669,True,True,['data/converted_multi_region_aligned_h100_16_merged'],2,1427.0747606333414,0
Global Diverse (6),"['us-central1-a_h100_16', 'us-west1-a_h100_16', 'europe-west1-c_h100_16', 'europe-west3-c_h100_16', 'asia-southeast1-b_h100_16', 'asia-south2-b_h100_16']",6,rc_cr_threshold,0,single_region,,us-west1-a_h100_16,,43.19444444444445,4000.0,0.2,1.2,51.833333333333336,103.66666666666669,True,True,['data/converted_multi_region_aligned_h100_16_merged'],2,2912.9878676999974,0
Global Diverse (6),"['us-central1-a_h100_16', 'us-west1-a_h100_16', 'europe-west1-c_h100_16', 'europe-west3-c_h100_16', 'asia-southeast1-b_h100_16', 'asia-south2-b_h100_16']",6,rc_cr_threshold,0,single_region,,europe-west1-c_h100_16,,43.19444444444445,4000.0,0.2,1.2,51.833333333333336,103.66666666666669,True,True,['data/converted_multi_region_aligned_h100_16_merged'],2,1101.9328648213288,0
Global Diverse (6),"['us-central1-a_h100_16', 'us-west1-a_h100_16', 'europe-west1-c_h100_16', 'europe-west3-c_h100_16', 'asia-southeast1-b_h100_16', 'asia-south2-b_h100_16']",6,rc_cr_threshold,0,single_region,,europe-west3-c_h100_16,,43.19444444444445,4000.0,0.2,1.2,51.833333333333336,103.66666666666669,True,True,['data/converted_multi_region_aligned_h100_16_merged'],2,4236.030618047997,0
Global Diverse (6),"['us-central1-a_h100_16', 'us-west1-a_h100_16', 'europe-west1-c_h100_16', 'europe-west3-c_h100_16', 'asia-southeast1-b_h100_16', 'asia-south2-b_h100_16']",6,rc_cr_threshold,0,single_region,,asia-southeast1-b_h100_16,,43.19444444444445,4000.0,0.2,1.2,51.833333333333336,103.66666666666669,True,True,['data/converted_multi_region_aligned_h100_16_merged'],2,837.6527039999982,0
Global Diverse (6),"['us-central1-a_h100_16', 'us-west1-a_h100_16', 'europe-west1-c_h100_16', 'europe-west3-c_h100_16', 'asia-southeast1-b_h100_16', 'asia-south2-b_h100_16']",6,rc_cr_threshold,0,single_region,,asia-south2-b_h100_16,,43.19444444444445,4000.0,0.2,1.2,51.833333333333336,103.66666666666669,True,True,['data/converted_multi_region_aligned_h100_16_merged'],2,3041.090036256015,0
Global Diverse (6),"['us-central1-a_h100_16', 'us-west1-a_h100_16', 'europe-west1-c_h100_16', 'europe-west3-c_h100_16', 'asia-southeast1-b_h100_16', 'asia-south2-b_h100_16']",6,unified_cost_model_risk,0,multi_region,,,,43.19444444444445,4000.0,0.2,1.2,51.833333333333336,155.5,True,True,['data/converted_multi_region_aligned_h100_16_merged'],3,713.9108155295968,0
Global Diverse (6),"['us-central1-a_h100_16', 'us-west1-a_h100_16', 'europe-west1-c_h100_16', 'europe-west3-c_h100_16', 'asia-southeast1-b_h100_16', 'asia-south2-b_h100_16']",6,multi_region_oracle_dp,0,multi_region,,,,43.19444444444445,4000.0,0.2,1.2,51.833333333333336,155.5,True,True,['data/converted_multi_region_aligned_h100_16_merged'],3,711.4999199999968,0
Global Diverse (6),"['us-central1-a_h100_16', 'us-west1-a_h100_16', 'europe-west1-c_h100_16', 'europe-west3-c_h100_16', 'asia-southeast1-b_h100_16', 'asia-south2-b_h100_16']",6,unified_cost_model_oracle,0,multi_region,,,,43.19444444444445,4000.0,0.2,1.2,51.833333333333336,155.5,True,True,['data/converted_multi_region_aligned_h100_16_merged'],3,811.8003679999963,1
Global Diverse (6),"['us-central1-a_h100_16', 'us-west1-a_h100_16', 'europe-west1-c_h100_16', 'europe-west3-c_h100_16', 'asia-southeast1-b_h100_16', 'asia-south2-b_h100_16']",6,multi_region_rc_cr_threshold_eager_failover,0,multi_region,,,,43.19444444444445,4000.0,0.2,1.2,51.833333333333336,155.5,True,True,['data/converted_multi_region_aligned_h100_16_merged'],3,799.7101919999955,1
Global Diverse (6),"['us-central1-a_h100_16', 'us-west1-a_h100_16', 'europe-west1-c_h100_16', 'europe-west3-c_h100_16', 'asia-southeast1-b_h100_16', 'asia-south2-b_h100_16']",6,multi_region_availability_probe_simple,0,multi_region,,,,43.19444444444445,4000.0,0.2,1.2,51.833333333333336,155.5,True,True,['data/converted_multi_region_aligned_h100_16_merged'],3,952.6741229845368,1
Global Diverse (6),"['us-central1-a_h100_16', 'us-west1-a_h100_16', 'europe-west1-c_h100_16', 'europe-west3-c_h100_16', 'asia-southeast1-b_h100_16', 'asia-south2-b_h100_16']",6,multi_region_probe_cost_ratio,0,multi_region,,,,43.19444444444445,4000.0,0.2,1.2,51.833333333333336,155.5,True,True,['data/converted_multi_region_aligned_h100_16_merged'],3,978.8405835690636,2
Global Diverse (6),"['us-central1-a_h100_16', 'us-west1-a_h100_16', 'europe-west1-c_h100_16', 'europe-west3-c_h100_16', 'asia-southeast1-b_h100_16', 'asia-south2-b_h100_16']",6,rc_cr_threshold,0,single_region,,us-central1-a_h100_16,,43.19444444444445,4000.0,0.2,1.2,51.833333333333336,155.5,True,True,['data/converted_multi_region_aligned_h100_16_merged'],3,835.0763520000035,0
Global Diverse (6),"['us-central1-a_h100_16', 'us-west1-a_h100_16', 'europe-west1-c_h100_16', 'europe-west3-c_h100_16', 'asia-southeast1-b_h100_16', 'asia-south2-b_h100_16']",6,rc_cr_threshold,0,single_region,,us-west1-a_h100_16,,43.19444444444445,4000.0,0.2,1.2,51.833333333333336,155.5,True,True,['data/converted_multi_region_aligned_h100_16_merged'],3,828.7500160000034,0
Global Diverse (6),"['us-central1-a_h100_16', 'us-west1-a_h100_16', 'europe-west1-c_h100_16', 'europe-west3-c_h100_16', 'asia-southeast1-b_h100_16', 'asia-south2-b_h100_16']",6,rc_cr_threshold,0,single_region,,europe-west1-c_h100_16,,43.19444444444445,4000.0,0.2,1.2,51.833333333333336,155.5,True,True,['data/converted_multi_region_aligned_h100_16_merged'],3,714.2259733333301,0
Global Diverse (6),"['us-central1-a_h100_16', 'us-west1-a_h100_16', 'europe-west1-c_h100_16', 'europe-west3-c_h100_16', 'asia-southeast1-b_h100_16', 'asia-south2-b_h100_16']",6,rc_cr_threshold,0,single_region,,europe-west3-c_h100_16,,43.19444444444445,4000.0,0.2,1.2,51.833333333333336,155.5,True,True,['data/converted_multi_region_aligned_h100_16_merged'],3,2879.8662621439803,0
Global Diverse (6),"['us-central1-a_h100_16', 'us-west1-a_h100_16', 'europe-west1-c_h100_16', 'europe-west3-c_h100_16', 'asia-southeast1-b_h100_16', 'asia-south2-b_h100_16']",6,rc_cr_threshold,0,single_region,,asia-southeast1-b_h100_16,,43.19444444444445,4000.0,0.2,1.2,51.833333333333336,155.5,True,True,['data/converted_multi_region_aligned_h100_16_merged'],3,837.6527039999982,0
Global Diverse (6),"['us-central1-a_h100_16', 'us-west1-a_h100_16', 'europe-west1-c_h100_16', 'europe-west3-c_h100_16', 'asia-southeast1-b_h100_16', 'asia-south2-b_h100_16']",6,rc_cr_threshold,0,single_region,,asia-south2-b_h100_16,,43.19444444444445,4000.0,0.2,1.2,51.833333333333336,155.5,True,True,['data/converted_multi_region_aligned_h100_16_merged'],3,3041.090036256015,0
Global Diverse (6),"['us-central1-a_h100_16', 'us-west1-a_h100_16', 'europe-west1-c_h100_16', 'europe-west3-c_h100_16', 'asia-southeast1-b_h100_16', 'asia-south2-b_h100_16']",6,unified_cost_model_risk,0,multi_region,,,,43.19444444444445,4000.0,0.2,1.2,51.833333333333336,207.33333333333331,True,True,['data/converted_multi_region_aligned_h100_16_merged'],4,947.2540437962696,2
Global Diverse (6),"['us-central1-a_h100_16', 'us-west1-a_h100_16', 'europe-west1-c_h100_16', 'europe-west3-c_h100_16', 'asia-southeast1-b_h100_16', 'asia-south2-b_h100_16']",6,multi_region_oracle_dp,0,multi_region,,,,43.19444444444445,4000.0,0.2,1.2,51.833333333333336,207.33333333333331,True,True,['data/converted_multi_region_aligned_h100_16_merged'],4,822.4236800000033,0
Global Diverse (6),"['us-central1-a_h100_16', 'us-west1-a_h100_16', 'europe-west1-c_h100_16', 'europe-west3-c_h100_16', 'asia-southeast1-b_h100_16', 'asia-south2-b_h100_16']",6,unified_cost_model_oracle,0,multi_region,,,,43.19444444444445,4000.0,0.2,1.2,51.833333333333336,207.33333333333331,True,True,['data/converted_multi_region_aligned_h100_16_merged'],4,872.2183679999994,1
Global Diverse (6),"['us-central1-a_h100_16', 'us-west1-a_h100_16', 'europe-west1-c_h100_16', 'europe-west3-c_h100_16', 'asia-southeast1-b_h100_16', 'asia-south2-b_h100_16']",6,multi_region_rc_cr_threshold_eager_failover,0,multi_region,,,,43.19444444444445,4000.0,0.2,1.2,51.833333333333336,207.33333333333331,True,True,['data/converted_multi_region_aligned_h100_16_merged'],4,946.6947093333362,2
Global Diverse (6),"['us-central1-a_h100_16', 'us-west1-a_h100_16', 'europe-west1-c_h100_16', 'europe-west3-c_h100_16', 'asia-southeast1-b_h100_16', 'asia-south2-b_h100_16']",6,multi_region_availability_probe_simple,0,multi_region,,,,43.19444444444445,4000.0,0.2,1.2,51.833333333333336,207.33333333333331,True,True,['data/converted_multi_region_aligned_h100_16_merged'],4,1035.1758611178702,2
Global Diverse (6),"['us-central1-a_h100_16', 'us-west1-a_h100_16', 'europe-west1-c_h100_16', 'europe-west3-c_h100_16', 'asia-southeast1-b_h100_16', 'asia-south2-b_h100_16']",6,multi_region_probe_cost_ratio,0,multi_region,,,,43.19444444444445,4000.0,0.2,1.2,51.833333333333336,207.33333333333331,True,True,['data/converted_multi_region_aligned_h100_16_merged'],4,958.7013249024034,1
Global Diverse (6),"['us-central1-a_h100_16', 'us-west1-a_h100_16', 'europe-west1-c_h100_16', 'europe-west3-c_h100_16', 'asia-southeast1-b_h100_16', 'asia-south2-b_h100_16']",6,rc_cr_threshold,0,single_region,,us-central1-a_h100_16,,43.19444444444445,4000.0,0.2,1.2,51.833333333333336,207.33333333333331,True,True,['data/converted_multi_region_aligned_h100_16_merged'],4,828.7500160000034,0
Global Diverse (6),"['us-central1-a_h100_16', 'us-west1-a_h100_16', 'europe-west1-c_h100_16', 'europe-west3-c_h100_16', 'asia-southeast1-b_h100_16', 'asia-south2-b_h100_16']",6,rc_cr_threshold,0,single_region,,us-west1-a_h100_16,,43.19444444444445,4000.0,0.2,1.2,51.833333333333336,207.33333333333331,True,True,['data/converted_multi_region_aligned_h100_16_merged'],4,1099.8531268333402,0
Global Diverse (6),"['us-central1-a_h100_16', 'us-west1-a_h100_16', 'europe-west1-c_h100_16', 'europe-west3-c_h100_16', 'asia-southeast1-b_h100_16', 'asia-south2-b_h100_16']",6,rc_cr_threshold,0,single_region,,europe-west1-c_h100_16,,43.19444444444445,4000.0,0.2,1.2,51.833333333333336,207.33333333333331,True,True,['data/converted_multi_region_aligned_h100_16_merged'],4,2051.208961802666,0
Global Diverse (6),"['us-central1-a_h100_16', 'us-west1-a_h100_16', 'europe-west1-c_h100_16', 'europe-west3-c_h100_16', 'asia-southeast1-b_h100_16', 'asia-south2-b_h100_16']",6,rc_cr_threshold,0,single_region,,europe-west3-c_h100_16,,43.19444444444445,4000.0,0.2,1.2,51.833333333333336,207.33333333333331,True,True,['data/converted_multi_region_aligned_h100_16_merged'],4,2354.6698930559846,0
Global Diverse (6),"['us-central1-a_h100_16', 'us-west1-a_h100_16', 'europe-west1-c_h100_16', 'europe-west3-c_h100_16', 'asia-southeast1-b_h100_16', 'asia-south2-b_h100_16']",6,rc_cr_threshold,0,single_region,,asia-southeast1-b_h100_16,,43.19444444444445,4000.0,0.2,1.2,51.833333333333336,207.33333333333331,True,True,['data/converted_multi_region_aligned_h100_16_merged'],4,837.6527039999982,0
Global Diverse (6),"['us-central1-a_h100_16', 'us-west1-a_h100_16', 'europe-west1-c_h100_16', 'europe-west3-c_h100_16', 'asia-southeast1-b_h100_16', 'asia-south2-b_h100_16']",6,rc_cr_threshold,0,single_region,,asia-south2-b_h100_16,,43.19444444444445,4000.0,0.2,1.2,51.833333333333336,207.33333333333331,True,True,['data/converted_multi_region_aligned_h100_16_merged'],4,3041.090036256015,0
Global Diverse (6),"['us-central1-a_h100_16', 'us-west1-a_h100_16', 'europe-west1-c_h100_16', 'europe-west3-c_h100_16', 'asia-southeast1-b_h100_16', 'asia-south2-b_h100_16']",6,unified_cost_model_risk,0,multi_region,,,,43.19444444444445,4000.0,0.2,1.2,51.833333333333336,259.1666666666667,True,True,['data/converted_multi_region_aligned_h100_16_merged'],5,711.1847621962635,0
Global Diverse (6),"['us-central1-a_h100_16', 'us-west1-a_h100_16', 'europe-west1-c_h100_16', 'europe-west3-c_h100_16', 'asia-southeast1-b_h100_16', 'asia-south2-b_h100_16']",6,multi_region_oracle_dp,0,multi_region,,,,43.19444444444445,4000.0,0.2,1.2,51.833333333333336,259.1666666666667,True,True,['data/converted_multi_region_aligned_h100_16_merged'],5,708.7738666666635,0
Global Diverse (6),"['us-central1-a_h100_16', 'us-west1-a_h100_16', 'europe-west1-c_h100_16', 'europe-west3-c_h100_16', 'asia-southeast1-b_h100_16', 'asia-south2-b_h100_16']",6,unified_cost_model_oracle,0,multi_region,,,,43.19444444444445,4000.0,0.2,1.2,51.833333333333336,259.1666666666667,True,True,['data/converted_multi_region_aligned_h100_16_merged'],5,708.7738666666635,0
Global Diverse (6),"['us-central1-a_h100_16', 'us-west1-a_h100_16', 'europe-west1-c_h100_16', 'europe-west3-c_h100_16', 'asia-southeast1-b_h100_16', 'asia-south2-b_h100_16']",6,multi_region_rc_cr_threshold_eager_failover,0,multi_region,,,,43.19444444444445,4000.0,0.2,1.2,51.833333333333336,259.1666666666667,True,True,['data/converted_multi_region_aligned_h100_16_merged'],5,708.7738666666635,0
Global Diverse (6),"['us-central1-a_h100_16', 'us-west1-a_h100_16', 'europe-west1-c_h100_16', 'europe-west3-c_h100_16', 'asia-southeast1-b_h100_16', 'asia-south2-b_h100_16']",6,multi_region_availability_probe_simple,0,multi_region,,,,43.19444444444445,4000.0,0.2,1.2,51.833333333333336,259.1666666666667,True,True,['data/converted_multi_region_aligned_h100_16_merged'],5,937.4185171178676,1
Global Diverse (6),"['us-central1-a_h100_16', 'us-west1-a_h100_16', 'europe-west1-c_h100_16', 'europe-west3-c_h100_16', 'asia-southeast1-b_h100_16', 'asia-south2-b_h100_16']",6,multi_region_probe_cost_ratio,0,multi_region,,,,43.19444444444445,4000.0,0.2,1.2,51.833333333333336,259.1666666666667,True,True,['data/converted_multi_region_aligned_h100_16_merged'],5,811.3737851690627,0
Global Diverse (6),"['us-central1-a_h100_16', 'us-west1-a_h100_16', 'europe-west1-c_h100_16', 'europe-west3-c_h100_16', 'asia-southeast1-b_h100_16', 'asia-south2-b_h100_16']",6,rc_cr_threshold,0,single_region,,us-central1-a_h100_16,,43.19444444444445,4000.0,0.2,1.2,51.833333333333336,259.1666666666667,True,True,['data/converted_multi_region_aligned_h100_16_merged'],5,828.7500160000034,0
Global Diverse (6),"['us-central1-a_h100_16', 'us-west1-a_h100_16', 'europe-west1-c_h100_16', 'europe-west3-c_h100_16', 'asia-southeast1-b_h100_16', 'asia-south2-b_h100_16']",6,rc_cr_threshold,0,single_region,,us-west1-a_h100_16,,43.19444444444445,4000.0,0.2,1.2,51.833333333333336,259.1666666666667,True,True,['data/converted_multi_region_aligned_h100_16_merged'],5,2356.744341079999,0
Global Diverse (6),"['us-central1-a_h100_16', 'us-west1-a_h100_16', 'europe-west1-c_h100_16', 'europe-west3-c_h100_16', 'asia-southeast1-b_h100_16', 'asia-south2-b_h100_16']",6,rc_cr_threshold,0,single_region,,europe-west1-c_h100_16,,43.19444444444445,4000.0,0.2,1.2,51.833333333333336,259.1666666666667,True,True,['data/converted_multi_region_aligned_h100_16_merged'],5,711.4999199999968,0
Global Diverse (6),"['us-central1-a_h100_16', 'us-west1-a_h100_16', 'europe-west1-c_h100_16', 'europe-west3-c_h100_16', 'asia-southeast1-b_h100_16', 'asia-south2-b_h100_16']",6,rc_cr_threshold,0,single_region,,europe-west3-c_h100_16,,43.19444444444445,4000.0,0.2,1.2,51.833333333333336,259.1666666666667,True,True,['data/converted_multi_region_aligned_h100_16_merged'],5,762.5208959999959,0
Global Diverse (6),"['us-central1-a_h100_16', 'us-west1-a_h100_16', 'europe-west1-c_h100_16', 'europe-west3-c_h100_16', 'asia-southeast1-b_h100_16', 'asia-south2-b_h100_16']",6,rc_cr_threshold,0,single_region,,asia-southeast1-b_h100_16,,43.19444444444445,4000.0,0.2,1.2,51.833333333333336,259.1666666666667,True,True,['data/converted_multi_region_aligned_h100_16_merged'],5,837.6527039999982,0
Global Diverse (6),"['us-central1-a_h100_16', 'us-west1-a_h100_16', 'europe-west1-c_h100_16', 'europe-west3-c_h100_16', 'asia-southeast1-b_h100_16', 'asia-south2-b_h100_16']",6,rc_cr_threshold,0,single_region,,asia-south2-b_h100_16,,43.19444444444445,4000.0,0.2,1.2,51.833333333333336,259.1666666666667,True,True,['data/converted_multi_region_aligned_h100_16_merged'],5,3041.090036256015,0
Global Diverse (6),"['us-central1-a_h100_16', 'us-west1-a_h100_16', 'europe-west1-c_h100_16', 'europe-west3-c_h100_16', 'asia-southeast1-b_h100_16', 'asia-south2-b_h100_16']",6,rc_cr_threshold,0,trace_mode_baseline,best_single,us-central1-a_h100_16,,43.19444444444445,50.0,0.2,1.2,51.833333333333336,0.0,True,True,['data/converted_multi_region_aligned_h100_16_merged'],0,986.5145139066716,0
Global Diverse (6),"['us-central1-a_h100_16', 'us-west1-a_h100_16', 'europe-west1-c_h100_16', 'europe-west3-c_h100_16', 'asia-southeast1-b_h100_16', 'asia-south2-b_h100_16']",6,rc_cr_threshold,0,trace_mode_baseline,average_single,us-central1-a_h100_16,,43.19444444444445,50.0,0.2,1.2,51.833333333333336,0.0,True,True,['data/converted_multi_region_aligned_h100_16_merged'],0,1985.3900405551867,0
Global Diverse (6),"['us-central1-a_h100_16', 'us-west1-a_h100_16', 'europe-west1-c_h100_16', 'europe-west3-c_h100_16', 'asia-southeast1-b_h100_16', 'asia-south2-b_h100_16']",6,rc_cr_threshold,0,trace_mode_baseline,best_single,us-central1-a_h100_16,,43.19444444444445,200.0,0.2,1.2,51.833333333333336,0.0,True,True,['data/converted_multi_region_aligned_h100_16_merged'],0,986.5145139066716,0
Global Diverse (6),"['us-central1-a_h100_16', 'us-west1-a_h100_16', 'europe-west1-c_h100_16', 'europe-west3-c_h100_16', 'asia-southeast1-b_h100_16', 'asia-south2-b_h100_16']",6,rc_cr_threshold,0,trace_mode_baseline,average_single,us-central1-a_h100_16,,43.19444444444445,200.0,0.2,1.2,51.833333333333336,0.0,True,True,['data/converted_multi_region_aligned_h100_16_merged'],0,1985.3900405551867,0
Global Diverse (6),"['us-central1-a_h100_16', 'us-west1-a_h100_16', 'europe-west1-c_h100_16', 'europe-west3-c_h100_16', 'asia-southeast1-b_h100_16', 'asia-south2-b_h100_16']",6,rc_cr_threshold,0,trace_mode_baseline,best_single,us-central1-a_h100_16,,43.19444444444445,500.0,0.2,1.2,51.833333333333336,0.0,True,True,['data/converted_multi_region_aligned_h100_16_merged'],0,986.5145139066716,0
Global Diverse (6),"['us-central1-a_h100_16', 'us-west1-a_h100_16', 'europe-west1-c_h100_16', 'europe-west3-c_h100_16', 'asia-southeast1-b_h100_16', 'asia-south2-b_h100_16']",6,rc_cr_threshold,0,trace_mode_baseline,average_single,us-central1-a_h100_16,,43.19444444444445,500.0,0.2,1.2,51.833333333333336,0.0,True,True,['data/converted_multi_region_aligned_h100_16_merged'],0,1985.3900405551867,0
Global Diverse (6),"['us-central1-a_h100_16', 'us-west1-a_h100_16', 'europe-west1-c_h100_16', 'europe-west3-c_h100_16', 'asia-southeast1-b_h100_16', 'asia-south2-b_h100_16']",6,rc_cr_threshold,0,trace_mode_baseline,best_single,us-central1-a_h100_16,,43.19444444444445,1000.0,0.2,1.2,51.833333333333336,0.0,True,True,['data/converted_multi_region_aligned_h100_16_merged'],0,986.5145139066716,0
Global Diverse (6),"['us-central1-a_h100_16', 'us-west1-a_h100_16', 'europe-west1-c_h100_16', 'europe-west3-c_h100_16', 'asia-southeast1-b_h100_16', 'asia-south2-b_h100_16']",6,rc_cr_threshold,0,trace_mode_baseline,average_single,us-central1-a_h100_16,,43.19444444444445,1000.0,0.2,1.2,51.833333333333336,0.0,True,True,['data/converted_multi_region_aligned_h100_16_merged'],0,1985.3900405551867,0
Global Diverse (6),"['us-central1-a_h100_16', 'us-west1-a_h100_16', 'europe-west1-c_h100_16', 'europe-west3-c_h100_16', 'asia-southeast1-b_h100_16', 'asia-south2-b_h100_16']",6,rc_cr_threshold,0,trace_mode_baseline,best_single,us-central1-a_h100_16,,43.19444444444445,2000.0,0.2,1.2,51.833333333333336,0.0,True,True,['data/converted_multi_region_aligned_h100_16_merged'],0,986.5145139066716,0
Global Diverse (6),"['us-central1-a_h100_16', 'us-west1-a_h100_16', 'europe-west1-c_h100_16', 'europe-west3-c_h100_16', 'asia-southeast1-b_h100_16', 'asia-south2-b_h100_16']",6,rc_cr_threshold,0,trace_mode_baseline,average_single,us-central1-a_h100_16,,43.19444444444445,2000.0,0.2,1.2,51.833333333333336,0.0,True,True,['data/converted_multi_region_aligned_h100_16_merged'],0,1985.3900405551867,0
Global Diverse (6),"['us-central1-a_h100_16', 'us-west1-a_h100_16', 'europe-west1-c_h100_16', 'europe-west3-c_h100_16', 'asia-southeast1-b_h100_16', 'asia-south2-b_h100_16']",6,rc_cr_threshold,0,trace_mode_baseline,best_single,us-central1-a_h100_16,,43.19444444444445,4000.0,0.2,1.2,51.833333333333336,0.0,True,True,['data/converted_multi_region_aligned_h100_16_merged'],0,986.5145139066716,0
Global Diverse (6),"['us-central1-a_h100_16', 'us-west1-a_h100_16', 'europe-west1-c_h100_16', 'europe-west3-c_h100_16', 'asia-southeast1-b_h100_16', 'asia-south2-b_h100_16']",6,rc_cr_threshold,0,trace_mode_baseline,average_single,us-central1-a_h100_16,,43.19444444444445,4000.0,0.2,1.2,51.833333333333336,0.0,True,True,['data/converted_multi_region_aligned_h100_16_merged'],0,1985.3900405551867,0
Global Diverse (6),"['us-central1-a_h100_16', 'us-west1-a_h100_16', 'europe-west1-c_h100_16', 'europe-west3-c_h100_16', 'asia-southeast1-b_h100_16', 'asia-south2-b_h100_16']",6,unified_cost_model_risk,0,multi_region,,,,43.19444444444445,0.0,0.2,1.2,51.833333333333336,0.0,True,True,['data/converted_multi_region_aligned_h100_16_merged'],0,711.1847621962635,0
Global Diverse (6),"['us-central1-a_h100_16', 'us-west1-a_h100_16', 'europe-west1-c_h100_16', 'europe-west3-c_h100_16', 'asia-southeast1-b_h100_16', 'asia-south2-b_h100_16']",6,multi_region_oracle_dp,0,multi_region,,,,43.19444444444445,0.0,0.2,1.2,51.833333333333336,0.0,True,True,['data/converted_multi_region_aligned_h100_16_merged'],0,708.7738666666635,0
Global Diverse (6),"['us-central1-a_h100_16', 'us-west1-a_h100_16', 'europe-west1-c_h100_16', 'europe-west3-c_h100_16', 'asia-southeast1-b_h100_16', 'asia-south2-b_h100_16']",6,unified_cost_model_oracle,0,multi_region,,,,43.19444444444445,0.0,0.2,1.2,51.833333333333336,0.0,True,True,['data/converted_multi_region_aligned_h100_16_merged'],0,708.7738666666635,0
Global Diverse (6),"['us-central1-a_h100_16', 'us-west1-a_h100_16', 'europe-west1-c_h100_16', 'europe-west3-c_h100_16', 'asia-southeast1-b_h100_16', 'asia-south2-b_h100_16']",6,multi_region_rc_cr_threshold_eager_failover,0,multi_region,,,,43.19444444444445,0.0,0.2,1.2,51.833333333333336,0.0,True,True,['data/converted_multi_region_aligned_h100_16_merged'],0,708.7738666666635,0
Global Diverse (6),"['us-central1-a_h100_16', 'us-west1-a_h100_16', 'europe-west1-c_h100_16', 'europe-west3-c_h100_16', 'asia-southeast1-b_h100_16', 'asia-south2-b_h100_16']",6,multi_region_availability_probe_simple,0,multi_region,,,,43.19444444444445,0.0,0.2,1.2,51.833333333333336,0.0,True,True,['data/converted_multi_region_aligned_h100_16_merged'],0,811.5432659178626,3
Global Diverse (6),"['us-central1-a_h100_16', 'us-west1-a_h100_16', 'europe-west1-c_h100_16', 'europe-west3-c_h100_16', 'asia-southeast1-b_h100_16', 'asia-south2-b_h100_16']",6,multi_region_probe_cost_ratio,0,multi_region,,,,43.19444444444445,0.0,0.2,1.2,51.833333333333336,0.0,True,True,['data/converted_multi_region_aligned_h100_16_merged'],0,790.2431782357285,0
Global Diverse (6),"['us-central1-a_h100_16', 'us-west1-a_h100_16', 'europe-west1-c_h100_16', 'europe-west3-c_h100_16', 'asia-southeast1-b_h100_16', 'asia-south2-b_h100_16']",6,rc_cr_threshold,0,single_region,,us-central1-a_h100_16,,43.19444444444445,0.0,0.2,1.2,51.833333333333336,0.0,True,True,['data/converted_multi_region_aligned_h100_16_merged'],0,1145.3805788066745,0
Global Diverse (6),"['us-central1-a_h100_16', 'us-west1-a_h100_16', 'europe-west1-c_h100_16', 'europe-west3-c_h100_16', 'asia-southeast1-b_h100_16', 'asia-south2-b_h100_16']",6,rc_cr_threshold,0,single_region,,us-west1-a_h100_16,,43.19444444444445,0.0,0.2,1.2,51.833333333333336,0.0,True,True,['data/converted_multi_region_aligned_h100_16_merged'],0,1014.0229918933371,0
Global Diverse (6),"['us-central1-a_h100_16', 'us-west1-a_h100_16', 'europe-west1-c_h100_16', 'europe-west3-c_h100_16', 'asia-southeast1-b_h100_16', 'asia-south2-b_h100_16']",6,rc_cr_threshold,0,single_region,,europe-west1-c_h100_16,,43.19444444444445,0.0,0.2,1.2,51.833333333333336,0.0,True,True,['data/converted_multi_region_aligned_h100_16_merged'],0,711.4999199999968,0
Global Diverse (6),"['us-central1-a_h100_16', 'us-west1-a_h100_16', 'europe-west1-c_h100_16', 'europe-west3-c_h100_16', 'asia-southeast1-b_h100_16', 'asia-south2-b_h100_16']",6,rc_cr_threshold,0,single_region,,europe-west3-c_h100_16,,43.19444444444445,0.0,0.2,1.2,51.833333333333336,0.0,True,True,['data/converted_multi_region_aligned_h100_16_merged'],0,3778.9989031679966,0
Global Diverse (6),"['us-central1-a_h100_16', 'us-west1-a_h100_16', 'europe-west1-c_h100_16', 'europe-west3-c_h100_16', 'asia-southeast1-b_h100_16', 'asia-south2-b_h100_16']",6,rc_cr_threshold,0,single_region,,asia-southeast1-b_h100_16,,43.19444444444445,0.0,0.2,1.2,51.833333333333336,0.0,True,True,['data/converted_multi_region_aligned_h100_16_merged'],0,4599.544343114651,0
Global Diverse (6),"['us-central1-a_h100_16', 'us-west1-a_h100_16', 'europe-west1-c_h100_16', 'europe-west3-c_h100_16', 'asia-southeast1-b_h100_16', 'asia-south2-b_h100_16']",6,rc_cr_threshold,0,single_region,,asia-south2-b_h100_16,,43.19444444444445,0.0,0.2,1.2,51.833333333333336,0.0,True,True,['data/converted_multi_region_aligned_h100_16_merged'],0,3041.090036256015,0
Global Diverse (6),"['us-central1-a_h100_16', 'us-west1-a_h100_16', 'europe-west1-c_h100_16', 'europe-west3-c_h100_16', 'asia-southeast1-b_h100_16', 'asia-south2-b_h100_16']",6,unified_cost_model_risk,0,multi_region,,,,43.19444444444445,0.0,0.2,1.2,51.833333333333336,51.833333333333336,True,True,['data/converted_multi_region_aligned_h100_16_merged'],1,820.0192736629366,5
Global Diverse (6),"['us-central1-a_h100_16', 'us-west1-a_h100_16', 'europe-west1-c_h100_16', 'europe-west3-c_h100_16', 'asia-southeast1-b_h100_16', 'asia-south2-b_h100_16']",6,multi_region_oracle_dp,0,multi_region,,,,43.19444444444445,0.0,0.2,1.2,51.833333333333336,51.833333333333336,True,True,['data/converted_multi_region_aligned_h100_16_merged'],1,730.9690026666641,2
Global Diverse (6),"['us-central1-a_h100_16', 'us-west1-a_h100_16', 'europe-west1-c_h100_16', 'europe-west3-c_h100_16', 'asia-southeast1-b_h100_16', 'asia-south2-b_h100_16']",6,unified_cost_model_oracle,0,multi_region,,,,43.19444444444445,0.0,0.2,1.2,51.833333333333336,51.833333333333336,True,True,['data/converted_multi_region_aligned_h100_16_merged'],1,798.1351705173294,7
Global Diverse (6),"['us-central1-a_h100_16', 'us-west1-a_h100_16', 'europe-west1-c_h100_16', 'europe-west3-c_h100_16', 'asia-southeast1-b_h100_16', 'asia-south2-b_h100_16']",6,multi_region_rc_cr_threshold_eager_failover,0,multi_region,,,,43.19444444444445,0.0,0.2,1.2,51.833333333333336,51.833333333333336,True,True,['data/converted_multi_region_aligned_h100_16_merged'],1,2383.7563896853435,2
Global Diverse (6),"['us-central1-a_h100_16', 'us-west1-a_h100_16', 'europe-west1-c_h100_16', 'europe-west3-c_h100_16', 'asia-southeast1-b_h100_16', 'asia-south2-b_h100_16']",6,multi_region_availability_probe_simple,0,multi_region,,,,43.19444444444445,0.0,0.2,1.2,51.833333333333336,51.833333333333336,True,True,['data/converted_multi_region_aligned_h100_16_merged'],1,2438.8115330922783,2
Global Diverse (6),"['us-central1-a_h100_16', 'us-west1-a_h100_16', 'europe-west1-c_h100_16', 'europe-west3-c_h100_16', 'asia-southeast1-b_h100_16', 'asia-south2-b_h100_16']",6,multi_region_probe_cost_ratio,0,multi_region,,,,43.19444444444445,0.0,0.2,1.2,51.833333333333336,51.833333333333336,True,True,['data/converted_multi_region_aligned_h100_16_merged'],1,931.019571120004,13
Global Diverse (6),"['us-central1-a_h100_16', 'us-west1-a_h100_16', 'europe-west1-c_h100_16', 'europe-west3-c_h100_16', 'asia-southeast1-b_h100_16', 'asia-south2-b_h100_16']",6,rc_cr_threshold,0,single_region,,us-central1-a_h100_16,,43.19444444444445,0.0,0.2,1.2,51.833333333333336,51.833333333333336,True,True,['data/converted_multi_region_aligned_h100_16_merged'],1,854.0553600000037,0
Global Diverse (6),"['us-central1-a_h100_16', 'us-west1-a_h100_16', 'europe-west1-c_h100_16', 'europe-west3-c_h100_16', 'asia-southeast1-b_h100_16', 'asia-south2-b_h100_16']",6,rc_cr_threshold,0,single_region,,us-west1-a_h100_16,,43.19444444444445,0.0,0.2,1.2,51.833333333333336,51.833333333333336,True,True,['data/converted_multi_region_aligned_h100_16_merged'],1,3595.081146266658,0
Global Diverse (6),"['us-central1-a_h100_16', 'us-west1-a_h100_16', 'europe-west1-c_h100_16', 'europe-west3-c_h100_16', 'asia-southeast1-b_h100_16', 'asia-south2-b_h100_16']",6,rc_cr_threshold,0,single_region,,europe-west1-c_h100_16,,43.19444444444445,0.0,0.2,1.2,51.833333333333336,51.833333333333336,True,True,['data/converted_multi_region_aligned_h100_16_merged'],1,1387.2608158293308,0
Global Diverse (6),"['us-central1-a_h100_16', 'us-west1-a_h100_16', 'europe-west1-c_h100_16', 'europe-west3-c_h100_16', 'asia-southeast1-b_h100_16', 'asia-south2-b_h100_16']",6,rc_cr_threshold,0,single_region,,europe-west3-c_h100_16,,43.19444444444445,0.0,0.2,1.2,51.833333333333336,51.833333333333336,True,True,['data/converted_multi_region_aligned_h100_16_merged'],1,3739.073504063997,0
Global Diverse (6),"['us-central1-a_h100_16', 'us-west1-a_h100_16', 'europe-west1-c_h100_16', 'europe-west3-c_h100_16', 'asia-southeast1-b_h100_16', 'asia-south2-b_h100_16']",6,rc_cr_threshold,0,single_region,,asia-southeast1-b_h100_16,,43.19444444444445,0.0,0.2,1.2,51.833333333333336,51.833333333333336,True,True,['data/converted_multi_region_aligned_h100_16_merged'],1,3122.030977856021,0
Global Diverse (6),"['us-central1-a_h100_16', 'us-west1-a_h100_16', 'europe-west1-c_h100_16', 'europe-west3-c_h100_16', 'asia-southeast1-b_h100_16', 'asia-south2-b_h100_16']",6,rc_cr_threshold,0,single_region,,asia-south2-b_h100_16,,43.19444444444445,0.0,0.2,1.2,51.833333333333336,51.833333333333336,True,True,['data/converted_multi_region_aligned_h100_16_merged'],1,3041.090036256015,0
Global Diverse (6),"['us-central1-a_h100_16', 'us-west1-a_h100_16', 'europe-west1-c_h100_16', 'europe-west3-c_h100_16', 'asia-southeast1-b_h100_16', 'asia-south2-b_h100_16']",6,unified_cost_model_risk,0,multi_region,,,,43.19444444444445,0.0,0.2,1.2,51.833333333333336,103.66666666666669,True,True,['data/converted_multi_region_aligned_h100_16_merged'],2,832.4949547295982,2
Global Diverse (6),"['us-central1-a_h100_16', 'us-west1-a_h100_16', 'europe-west1-c_h100_16', 'europe-west3-c_h100_16', 'asia-southeast1-b_h100_16', 'asia-south2-b_h100_16']",6,multi_region_oracle_dp,0,multi_region,,,,43.19444444444445,0.0,0.2,1.2,51.833333333333336,103.66666666666669,True,True,['data/converted_multi_region_aligned_h100_16_merged'],2,711.4999199999968,0
Global Diverse (6),"['us-central1-a_h100_16', 'us-west1-a_h100_16', 'europe-west1-c_h100_16', 'europe-west3-c_h100_16', 'asia-southeast1-b_h100_16', 'asia-south2-b_h100_16']",6,unified_cost_model_oracle,0,multi_region,,,,43.19444444444445,0.0,0.2,1.2,51.833333333333336,103.66666666666669,True,True,['data/converted_multi_region_aligned_h100_16_merged'],2,738.0838399999961,1
Global Diverse (6),"['us-central1-a_h100_16', 'us-west1-a_h100_16', 'europe-west1-c_h100_16', 'europe-west3-c_h100_16', 'asia-southeast1-b_h100_16', 'asia-south2-b_h100_16']",6,multi_region_rc_cr_threshold_eager_failover,0,multi_region,,,,43.19444444444445,0.0,0.2,1.2,51.833333333333336,103.66666666666669,True,True,['data/converted_multi_region_aligned_h100_16_merged'],2,829.787290666665,2
Global Diverse (6),"['us-central1-a_h100_16', 'us-west1-a_h100_16', 'europe-west1-c_h100_16', 'europe-west3-c_h100_16', 'asia-southeast1-b_h100_16', 'asia-south2-b_h100_16']",6,multi_region_availability_probe_simple,0,multi_region,,,,43.19444444444445,0.0,0.2,1.2,51.833333333333336,103.66666666666669,True,True,['data/converted_multi_region_aligned_h100_16_merged'],2,873.2316563178641,1
Global Diverse (6),"['us-central1-a_h100_16', 'us-west1-a_h100_16', 'europe-west1-c_h100_16', 'europe-west3-c_h100_16', 'asia-southeast1-b_h100_16', 'asia-south2-b_h100_16']",6,multi_region_probe_cost_ratio,0,multi_region,,,,43.19444444444445,0.0,0.2,1.2,51.833333333333336,103.66666666666669,True,True,['data/converted_multi_region_aligned_h100_16_merged'],2,905.5388571690632,2
Global Diverse (6),"['us-central1-a_h100_16', 'us-west1-a_h100_16', 'europe-west1-c_h100_16', 'europe-west3-c_h100_16', 'asia-southeast1-b_h100_16', 'asia-south2-b_h100_16']",6,rc_cr_threshold,0,single_region,,us-central1-a_h100_16,,43.19444444444445,0.0,0.2,1.2,51.833333333333336,103.66666666666669,True,True,['data/converted_multi_region_aligned_h100_16_merged'],2,1427.0747606333414,0
Global Diverse (6),"['us-central1-a_h100_16', 'us-west1-a_h100_16', 'europe-west1-c_h100_16', 'europe-west3-c_h100_16', 'asia-southeast1-b_h100_16', 'asia-south2-b_h100_16']",6,rc_cr_threshold,0,single_region,,us-west1-a_h100_16,,43.19444444444445,0.0,0.2,1.2,51.833333333333336,103.66666666666669,True,True,['data/converted_multi_region_aligned_h100_16_merged'],2,2912.9878676999974,0
Global Diverse (6),"['us-central1-a_h100_16', 'us-west1-a_h100_16', 'europe-west1-c_h100_16', 'europe-west3-c_h100_16', 'asia-southeast1-b_h100_16', 'asia-south2-b_h100_16']",6,rc_cr_threshold,0,single_region,,europe-west1-c_h100_16,,43.19444444444445,0.0,0.2,1.2,51.833333333333336,103.66666666666669,True,True,['data/converted_multi_region_aligned_h100_16_merged'],2,1101.9328648213288,0
Global Diverse (6),"['us-central1-a_h100_16', 'us-west1-a_h100_16', 'europe-west1-c_h100_16', 'europe-west3-c_h100_16', 'asia-southeast1-b_h100_16', 'asia-south2-b_h100_16']",6,rc_cr_threshold,0,single_region,,europe-west3-c_h100_16,,43.19444444444445,0.0,0.2,1.2,51.833333333333336,103.66666666666669,True,True,['data/converted_multi_region_aligned_h100_16_merged'],2,4236.030618047997,0
Global Diverse (6),"['us-central1-a_h100_16', 'us-west1-a_h100_16', 'europe-west1-c_h100_16', 'europe-west3-c_h100_16', 'asia-southeast1-b_h100_16', 'asia-south2-b_h100_16']",6,rc_cr_threshold,0,single_region,,asia-southeast1-b_h100_16,,43.19444444444445,0.0,0.2,1.2,51.833333333333336,103.66666666666669,True,True,['data/converted_multi_region_aligned_h100_16_merged'],2,837.6527039999982,0
Global Diverse (6),"['us-central1-a_h100_16', 'us-west1-a_h100_16', 'europe-west1-c_h100_16', 'europe-west3-c_h100_16', 'asia-southeast1-b_h100_16', 'asia-south2-b_h100_16']",6,rc_cr_threshold,0,single_region,,asia-south2-b_h100_16,,43.19444444444445,0.0,0.2,1.2,51.833333333333336,103.66666666666669,True,True,['data/converted_multi_region_aligned_h100_16_merged'],2,3041.090036256015,0
Global Diverse (6),"['us-central1-a_h100_16', 'us-west1-a_h100_16', 'europe-west1-c_h100_16', 'europe-west3-c_h100_16', 'asia-southeast1-b_h100_16', 'asia-south2-b_h100_16']",6,unified_cost_model_risk,0,multi_region,,,,43.19444444444445,0.0,0.2,1.2,51.833333333333336,155.5,True,True,['data/converted_multi_region_aligned_h100_16_merged'],3,722.3936928629288,1
Global Diverse (6),"['us-central1-a_h100_16', 'us-west1-a_h100_16', 'europe-west1-c_h100_16', 'europe-west3-c_h100_16', 'asia-southeast1-b_h100_16', 'asia-south2-b_h100_16']",6,multi_region_oracle_dp,0,multi_region,,,,43.19444444444445,0.0,0.2,1.2,51.833333333333336,155.5,True,True,['data/converted_multi_region_aligned_h100_16_merged'],3,711.4999199999968,0
Global Diverse (6),"['us-central1-a_h100_16', 'us-west1-a_h100_16', 'europe-west1-c_h100_16', 'europe-west3-c_h100_16', 'asia-southeast1-b_h100_16', 'asia-south2-b_h100_16']",6,unified_cost_model_oracle,0,multi_region,,,,43.19444444444445,0.0,0.2,1.2,51.833333333333336,155.5,True,True,['data/converted_multi_region_aligned_h100_16_merged'],3,719.7101919999955,1
Global Diverse (6),"['us-central1-a_h100_16', 'us-west1-a_h100_16', 'europe-west1-c_h100_16', 'europe-west3-c_h100_16', 'asia-southeast1-b_h100_16', 'asia-south2-b_h100_16']",6,multi_region_rc_cr_threshold_eager_failover,0,multi_region,,,,43.19444444444445,0.0,0.2,1.2,51.833333333333336,155.5,True,True,['data/converted_multi_region_aligned_h100_16_merged'],3,719.7101919999955,1
Global Diverse (6),"['us-central1-a_h100_16', 'us-west1-a_h100_16', 'europe-west1-c_h100_16', 'europe-west3-c_h100_16', 'asia-southeast1-b_h100_16', 'asia-south2-b_h100_16']",6,multi_region_availability_probe_simple,0,multi_region,,,,43.19444444444445,0.0,0.2,1.2,51.833333333333336,155.5,True,True,['data/converted_multi_region_aligned_h100_16_merged'],3,872.6741229845369,1
Global Diverse (6),"['us-central1-a_h100_16', 'us-west1-a_h100_16', 'europe-west1-c_h100_16', 'europe-west3-c_h100_16', 'asia-southeast1-b_h100_16', 'asia-south2-b_h100_16']",6,multi_region_probe_cost_ratio,0,multi_region,,,,43.19444444444445,0.0,0.2,1.2,51.833333333333336,155.5,True,True,['data/converted_multi_region_aligned_h100_16_merged'],3,818.8405835690635,2
Global Diverse (6),"['us-central1-a_h100_16', 'us-west1-a_h100_16', 'europe-west1-c_h100_16', 'europe-west3-c_h100_16', 'asia-southeast1-b_h100_16', 'asia-south2-b_h100_16']",6,rc_cr_threshold,0,single_region,,us-central1-a_h100_16,,43.19444444444445,0.0,0.2,1.2,51.833333333333336,155.5,True,True,['data/converted_multi_region_aligned_h100_16_merged'],3,835.0763520000035,0
Global Diverse (6),"['us-central1-a_h100_16', 'us-west1-a_h100_16', 'europe-west1-c_h100_16', 'europe-west3-c_h100_16', 'asia-southeast1-b_h100_16', 'asia-south2-b_h100_16']",6,rc_cr_threshold,0,single_region,,us-west1-a_h100_16,,43.19444444444445,0.0,0.2,1.2,51.833333333333336,155.5,True,True,['data/converted_multi_region_aligned_h100_16_merged'],3,828.7500160000034,0
Global Diverse (6),"['us-central1-a_h100_16', 'us-west1-a_h100_16', 'europe-west1-c_h100_16', 'europe-west3-c_h100_16', 'asia-southeast1-b_h100_16', 'asia-south2-b_h100_16']",6,rc_cr_threshold,0,single_region,,europe-west1-c_h100_16,,43.19444444444445,0.0,0.2,1.2,51.833333333333336,155.5,True,True,['data/converted_multi_region_aligned_h100_16_merged'],3,714.2259733333301,0
Global Diverse (6),"['us-central1-a_h100_16', 'us-west1-a_h100_16', 'europe-west1-c_h100_16', 'europe-west3-c_h100_16', 'asia-southeast1-b_h100_16', 'asia-south2-b_h100_16']",6,rc_cr_threshold,0,single_region,,europe-west3-c_h100_16,,43.19444444444445,0.0,0.2,1.2,51.833333333333336,155.5,True,True,['data/converted_multi_region_aligned_h100_16_merged'],3,2879.8662621439803,0
Global Diverse (6),"['us-central1-a_h100_16', 'us-west1-a_h100_16', 'europe-west1-c_h100_16', 'europe-west3-c_h100_16', 'asia-southeast1-b_h100_16', 'asia-south2-b_h100_16']",6,rc_cr_threshold,0,single_region,,asia-southeast1-b_h100_16,,43.19444444444445,0.0,0.2,1.2,51.833333333333336,155.5,True,True,['data/converted_multi_region_aligned_h100_16_merged'],3,837.6527039999982,0
Global Diverse (6),"['us-central1-a_h100_16', 'us-west1-a_h100_16', 'europe-west1-c_h100_16', 'europe-west3-c_h100_16', 'asia-southeast1-b_h100_16', 'asia-south2-b_h100_16']",6,rc_cr_threshold,0,single_region,,asia-south2-b_h100_16,,43.19444444444445,0.0,0.2,1.2,51.833333333333336,155.5,True,True,['data/converted_multi_region_aligned_h100_16_merged'],3,3041.090036256015,0
Global Diverse (6),"['us-central1-a_h100_16', 'us-west1-a_h100_16', 'europe-west1-c_h100_16', 'europe-west3-c_h100_16', 'asia-southeast1-b_h100_16', 'asia-south2-b_h100_16']",6,unified_cost_model_risk,0,multi_region,,,,43.19444444444445,0.0,0.2,1.2,51.833333333333336,207.33333333333331,True,True,['data/converted_multi_region_aligned_h100_16_merged'],4,789.6703637962696,2
Global Diverse (6),"['us-central1-a_h100_16', 'us-west1-a_h100_16', 'europe-west1-c_h100_16', 'europe-west3-c_h100_16', 'asia-southeast1-b_h100_16', 'asia-south2-b_h100_16']",6,multi_region_oracle_dp,0,multi_region,,,,43.19444444444445,0.0,0.2,1.2,51.833333333333336,207.33333333333331,True,True,['data/converted_multi_region_aligned_h100_16_merged'],4,747.5451999999981,4
Global Diverse (6),"['us-central1-a_h100_16', 'us-west1-a_h100_16', 'europe-west1-c_h100_16', 'europe-west3-c_h100_16', 'asia-southeast1-b_h100_16', 'asia-south2-b_h100_16']",6,unified_cost_model_oracle,0,multi_region,,,,43.19444444444445,0.0,0.2,1.2,51.833333333333336,207.33333333333331,True,True,['data/converted_multi_region_aligned_h100_16_merged'],4,773.2364533333341,2
Global Diverse (6),"['us-central1-a_h100_16', 'us-west1-a_h100_16', 'europe-west1-c_h100_16', 'europe-west3-c_h100_16', 'asia-southeast1-b_h100_16', 'asia-south2-b_h100_16']",6,multi_region_rc_cr_threshold_eager_failover,0,multi_region,,,,43.19444444444445,0.0,0.2,1.2,51.833333333333336,207.33333333333331,True,True,['data/converted_multi_region_aligned_h100_16_merged'],4,786.6947093333362,2
Global Diverse (6),"['us-central1-a_h100_16', 'us-west1-a_h100_16', 'europe-west1-c_h100_16', 'europe-west3-c_h100_16', 'asia-southeast1-b_h100_16', 'asia-south2-b_h100_16']",6,multi_region_availability_probe_simple,0,multi_region,,,,43.19444444444445,0.0,0.2,1.2,51.833333333333336,207.33333333333331,True,True,['data/converted_multi_region_aligned_h100_16_merged'],4,875.1758611178703,2
Global Diverse (6),"['us-central1-a_h100_16', 'us-west1-a_h100_16', 'europe-west1-c_h100_16', 'europe-west3-c_h100_16', 'asia-southeast1-b_h100_16', 'asia-south2-b_h100_16']",6,multi_region_probe_cost_ratio,0,multi_region,,,,43.19444444444445,0.0,0.2,1.2,51.833333333333336,207.33333333333331,True,True,['data/converted_multi_region_aligned_h100_16_merged'],4,878.7013249024034,1
Global Diverse (6),"['us-central1-a_h100_16', 'us-west1-a_h100_16', 'europe-west1-c_h100_16', 'europe-west3-c_h100_16', 'asia-southeast1-b_h100_16', 'asia-south2-b_h100_16']",6,rc_cr_threshold,0,single_region,,us-central1-a_h100_16,,43.19444444444445,0.0,0.2,1.2,51.833333333333336,207.33333333333331,True,True,['data/converted_multi_region_aligned_h100_16_merged'],4,828.7500160000034,0
Global Diverse (6),"['us-central1-a_h100_16', 'us-west1-a_h100_16', 'europe-west1-c_h100_16', 'europe-west3-c_h100_16', 'asia-southeast1-b_h100_16', 'asia-south2-b_h100_16']",6,rc_cr_threshold,0,single_region,,us-west1-a_h100_16,,43.19444444444445,0.0,0.2,1.2,51.833333333333336,207.33333333333331,True,True,['data/converted_multi_region_aligned_h100_16_merged'],4,1099.8531268333402,0
Global Diverse (6),"['us-central1-a_h100_16', 'us-west1-a_h100_16', 'europe-west1-c_h100_16', 'europe-west3-c_h100_16', 'asia-southeast1-b_h100_16', 'asia-south2-b_h100_16']",6,rc_cr_threshold,0,single_region,,europe-west1-c_h100_16,,43.19444444444445,0.0,0.2,1.2,51.833333333333336,207.33333333333331,True,True,['data/converted_multi_region_aligned_h100_16_merged'],4,2051.208961802666,0
Global Diverse (6),"['us-central1-a_h100_16', 'us-west1-a_h100_16', 'europe-west1-c_h100_16', 'europe-west3-c_h100_16', 'asia-southeast1-b_h100_16', 'asia-south2-b_h100_16']",6,rc_cr_threshold,0,single_region,,europe-west3-c_h100_16,,43.19444444444445,0.0,0.2,1.2,51.833333333333336,207.33333333333331,True,True,['data/converted_multi_region_aligned_h100_16_merged'],4,2354.6698930559846,0
Global Diverse (6),"['us-central1-a_h100_16', 'us-west1-a_h100_16', 'europe-west1-c_h100_16', 'europe-west3-c_h100_16', 'asia-southeast1-b_h100_16', 'asia-south2-b_h100_16']",6,rc_cr_threshold,0,single_region,,asia-southeast1-b_h100_16,,43.19444444444445,0.0,0.2,1.2,51.833333333333336,207.33333333333331,True,True,['data/converted_multi_region_aligned_h100_16_merged'],4,837.6527039999982,0
Global Diverse (6),"['us-central1-a_h100_16', 'us-west1-a_h100_16', 'europe-west1-c_h100_16', 'europe-west3-c_h100_16', 'asia-southeast1-b_h100_16', 'asia-south2-b_h100_16']",6,rc_cr_threshold,0,single_region,,asia-south2-b_h100_16,,43.19444444444445,0.0,0.2,1.2,51.833333333333336,207.33333333333331,True,True,['data/converted_multi_region_aligned_h100_16_merged'],4,3041.090036256015,0
Global Diverse (6),"['us-central1-a_h100_16', 'us-west1-a_h100_16', 'europe-west1-c_h100_16', 'europe-west3-c_h100_16', 'asia-southeast1-b_h100_16', 'asia-south2-b_h100_16']",6,unified_cost_model_risk,0,multi_region,,,,43.19444444444445,0.0,0.2,1.2,51.833333333333336,259.1666666666667,True,True,['data/converted_multi_region_aligned_h100_16_merged'],5,711.1847621962635,0
Global Diverse (6),"['us-central1-a_h100_16', 'us-west1-a_h100_16', 'europe-west1-c_h100_16', 'europe-west3-c_h100_16', 'asia-southeast1-b_h100_16', 'asia-south2-b_h100_16']",6,multi_region_oracle_dp,0,multi_region,,,,43.19444444444445,0.0,0.2,1.2,51.833333333333336,259.1666666666667,True,True,['data/converted_multi_region_aligned_h100_16_merged'],5,708.7738666666635,0
Global Diverse (6),"['us-central1-a_h100_16', 'us-west1-a_h100_16', 'europe-west1-c_h100_16', 'europe-west3-c_h100_16', 'asia-southeast1-b_h100_16', 'asia-south2-b_h100_16']",6,unified_cost_model_oracle,0,multi_region,,,,43.19444444444445,0.0,0.2,1.2,51.833333333333336,259.1666666666667,True,True,['data/converted_multi_region_aligned_h100_16_merged'],5,708.7738666666635,0
Global Diverse (6),"['us-central1-a_h100_16', 'us-west1-a_h100_16', 'europe-west1-c_h100_16', 'europe-west3-c_h100_16', 'asia-southeast1-b_h100_16', 'asia-south2-b_h100_16']",6,multi_region_rc_cr_threshold_eager_failover,0,multi_region,,,,43.19444444444445,0.0,0.2,1.2,51.833333333333336,259.1666666666667,True,True,['data/converted_multi_region_aligned_h100_16_merged'],5,708.7738666666635,0
Global Diverse (6),"['us-central1-a_h100_16', 'us-west1-a_h100_16', 'europe-west1-c_h100_16', 'europe-west3-c_h100_16', 'asia-southeast1-b_h100_16', 'asia-south2-b_h100_16']",6,multi_region_availability_probe_simple,0,multi_region,,,,43.19444444444445,0.0,0.2,1.2,51.833333333333336,259.1666666666667,True,True,['data/converted_multi_region_aligned_h100_16_merged'],5,857.4185171178676,1
Global Diverse (6),"['us-central1-a_h100_16', 'us-west1-a_h100_16', 'europe-west1-c_h100_16', 'europe-west3-c_h100_16', 'asia-southeast1-b_h100_16', 'asia-south2-b_h100_16']",6,multi_region_probe_cost_ratio,0,multi_region,,,,43.19444444444445,0.0,0.2,1.2,51.833333333333336,259.1666666666667,True,True,['data/converted_multi_region_aligned_h100_16_merged'],5,811.3737851690627,0
Global Diverse (6),"['us-central1-a_h100_16', 'us-west1-a_h100_16', 'europe-west1-c_h100_16', 'europe-west3-c_h100_16', 'asia-southeast1-b_h100_16', 'asia-south2-b_h100_16']",6,rc_cr_threshold,0,single_region,,us-central1-a_h100_16,,43.19444444444445,0.0,0.2,1.2,51.833333333333336,259.1666666666667,True,True,['data/converted_multi_region_aligned_h100_16_merged'],5,828.7500160000034,0
Global Diverse (6),"['us-central1-a_h100_16', 'us-west1-a_h100_16', 'europe-west1-c_h100_16', 'europe-west3-c_h100_16', 'asia-southeast1-b_h100_16', 'asia-south2-b_h100_16']",6,rc_cr_threshold,0,single_region,,us-west1-a_h100_16,,43.19444444444445,0.0,0.2,1.2,51.833333333333336,259.1666666666667,True,True,['data/converted_multi_region_aligned_h100_16_merged'],5,2356.744341079999,0
Global Diverse (6),"['us-central1-a_h100_16', 'us-west1-a_h100_16', 'europe-west1-c_h100_16', 'europe-west3-c_h100_16', 'asia-southeast1-b_h100_16', 'asia-south2-b_h100_16']",6,rc_cr_threshold,0,single_region,,europe-west1-c_h100_16,,43.19444444444445,0.0,0.2,1.2,51.833333333333336,259.1666666666667,True,True,['data/converted_multi_region_aligned_h100_16_merged'],5,711.4999199999968,0
Global Diverse (6),"['us-central1-a_h100_16', 'us-west1-a_h100_16', 'europe-west1-c_h100_16', 'europe-west3-c_h100_16', 'asia-southeast1-b_h100_16', 'asia-south2-b_h100_16']",6,rc_cr_threshold,0,single_region,,europe-west3-c_h100_16,,43.19444444444445,0.0,0.2,1.2,51.833333333333336,259.1666666666667,True,True,['data/converted_multi_region_aligned_h100_16_merged'],5,762.5208959999959,0
Global Diverse (6),"['us-central1-a_h100_16', 'us-west1-a_h100_16', 'europe-west1-c_h100_16', 'europe-west3-c_h100_16', 'asia-southeast1-b_h100_16', 'asia-south2-b_h100_16']",6,rc_cr_threshold,0,single_region,,asia-southeast1-b_h100_16,,43.19444444444445,0.0,0.2,1.2,51.833333333333336,259.1666666666667,True,True,['data/converted_multi_region_aligned_h100_16_merged'],5,837.6527039999982,0
Global Diverse (6),"['us-central1-a_h100_16', 'us-west1-a_h100_16', 'europe-west1-c_h100_16', 'europe-west3-c_h100_16', 'asia-southeast1-b_h100_16', 'asia-south2-b_h100_16']",6,rc_cr_threshold,0,single_region,,asia-south2-b_h100_16,,43.19444444444445,0.0,0.2,1.2,51.833333333333336,259.1666666666667,True,True,['data/converted_multi_region_aligned_h100_16_merged'],5,3041.090036256015,0
Global Diverse (6),"['us-central1-a_h100_16', 'us-west1-a_h100_16', 'europe-west1-c_h100_16', 'europe-west3-c_h100_16', 'asia-southeast1-b_h100_16', 'asia-south2-b_h100_16']",6,rc_cr_threshold,0,trace_mode_baseline,best_single,us-central1-a_h100_16,,43.19444444444445,0.0,0.2,1.2,51.833333333333336,0.0,True,True,['data/converted_multi_region_aligned_h100_16_merged'],0,986.5145139066717,0
Global Diverse (6),"['us-central1-a_h100_16', 'us-west1-a_h100_16', 'europe-west1-c_h100_16', 'europe-west3-c_h100_16', 'asia-southeast1-b_h100_16', 'asia-south2-b_h100_16']",6,rc_cr_threshold,0,trace_mode_baseline,average_single,us-central1-a_h100_16,,43.19444444444445,0.0,0.2,1.2,51.833333333333336,0.0,True,True,['data/converted_multi_region_aligned_h100_16_merged'],0,1985.3900405551867,0
