scenario_name,regions_in_scenario,num_regions,strategy,trace_index,task_type,trace_mode,region,strategy_file,task_duration,checkpoint_size,restart_overhead,deadline_ratio,deadline_hours,env_start_hours,use_full_trace,enforce_window_bound,data_paths,window_index,cost,migrations
Global Diverse (6),"['us-central1-a_h100_16', 'us-west1-a_h100_16', 'europe-west1-c_h100_16', 'europe-west3-c_h100_16', 'asia-southeast1-b_h100_16', 'asia-south2-b_h100_16']",6,unified_cost_model_risk,0,multi_region,,,,51.833333333333336,50.0,0.2,1.0,51.833333333333336,0.0,True,True,['data/converted_multi_region_aligned_h100_16_merged'],0,4294.073413718667,0
Global Diverse (6),"['us-central1-a_h100_16', 'us-west1-a_h100_16', 'europe-west1-c_h100_16', 'europe-west3-c_h100_16', 'asia-southeast1-b_h100_16', 'asia-south2-b_h100_16']",6,multi_region_oracle_dp,0,multi_region,,,,51.833333333333336,50.0,0.2,1.0,51.833333333333336,0.0,True,True,['data/converted_multi_region_aligned_h100_16_merged'],0,4294.073413718667,0
Global Diverse (6),"['us-central1-a_h100_16', 'us-west1-a_h100_16', 'europe-west1-c_h100_16', 'europe-west3-c_h100_16', 'asia-southeast1-b_h100_16', 'asia-south2-b_h100_16']",6,unified_cost_model_oracle,0,multi_region,,,,51.833333333333336,50.0,0.2,1.0,51.833333333333336,0.0,True,True,['data/converted_multi_region_aligned_h100_16_merged'],0,4294.073413718667,0
Global Diverse (6),"['us-central1-a_h100_16', 'us-west1-a_h100_16', 'europe-west1-c_h100_16', 'europe-west3-c_h100_16', 'asia-southeast1-b_h100_16', 'asia-south2-b_h100_16']",6,multi_region_rc_cr_threshold_eager_failover,0,multi_region,,,,51.833333333333336,50.0,0.2,1.0,51.833333333333336,0.0,True,True,['data/converted_multi_region_aligned_h100_16_merged'],0,4294.073413718667,0
Global Diverse (6),"['us-central1-a_h100_16', 'us-west1-a_h100_16', 'europe-west1-c_h100_16', 'europe-west3-c_h100_16', 'asia-southeast1-b_h100_16', 'asia-south2-b_h100_16']",6,multi_region_availability_probe_simple,0,multi_region,,,,51.833333333333336,50.0,0.2,1.0,51.833333333333336,0.0,True,True,['data/converted_multi_region_aligned_h100_16_merged'],0,4294.073413718667,0
Global Diverse (6),"['us-central1-a_h100_16', 'us-west1-a_h100_16', 'europe-west1-c_h100_16', 'europe-west3-c_h100_16', 'asia-southeast1-b_h100_16', 'asia-south2-b_h100_16']",6,multi_region_probe_cost_ratio,0,multi_region,,,,51.833333333333336,50.0,0.2,1.0,51.833333333333336,0.0,True,True,['data/converted_multi_region_aligned_h100_16_merged'],0,4294.073413718667,0
Global Diverse (6),"['us-central1-a_h100_16', 'us-west1-a_h100_16', 'europe-west1-c_h100_16', 'europe-west3-c_h100_16', 'asia-southeast1-b_h100_16', 'asia-south2-b_h100_16']",6,rc_cr_threshold,0,single_region,,us-central1-a_h100_16,,51.833333333333336,50.0,0.2,1.0,51.833333333333336,0.0,True,True,['data/converted_multi_region_aligned_h100_16_merged'],0,4294.073413718667,0
Global Diverse (6),"['us-central1-a_h100_16', 'us-west1-a_h100_16', 'europe-west1-c_h100_16', 'europe-west3-c_h100_16', 'asia-southeast1-b_h100_16', 'asia-south2-b_h100_16']",6,rc_cr_threshold,0,single_region,,us-west1-a_h100_16,,51.833333333333336,50.0,0.2,1.0,51.833333333333336,0.0,True,True,['data/converted_multi_region_aligned_h100_16_merged'],0,4294.073413718667,0
Global Diverse (6),"['us-central1-a_h100_16', 'us-west1-a_h100_16', 'europe-west1-c_h100_16', 'europe-west3-c_h100_16', 'asia-southeast1-b_h100_16', 'asia-south2-b_h100_16']",6,rc_cr_threshold,0,single_region,,europe-west1-c_h100_16,,51.833333333333336,50.0,0.2,1.0,51.833333333333336,0.0,True,True,['data/converted_multi_region_aligned_h100_16_merged'],0,4728.2034529856,0
Global Diverse (6),"['us-central1-a_h100_16', 'us-west1-a_h100_16', 'europe-west1-c_h100_16', 'europe-west3-c_h100_16', 'asia-southeast1-b_h100_16', 'asia-south2-b_h100_16']",6,rc_cr_threshold,0,single_region,,europe-west3-c_h100_16,,51.833333333333336,50.0,0.2,1.0,51.833333333333336,0.0,True,True,['data/converted_multi_region_aligned_h100_16_merged'],0,5067.0067392896,0
Global Diverse (6),"['us-central1-a_h100_16', 'us-west1-a_h100_16', 'europe-west1-c_h100_16', 'europe-west3-c_h100_16', 'asia-southeast1-b_h100_16', 'asia-south2-b_h100_16']",6,rc_cr_threshold,0,single_region,,asia-southeast1-b_h100_16,,51.833333333333336,50.0,0.2,1.0,51.833333333333336,0.0,True,True,['data/converted_multi_region_aligned_h100_16_merged'],0,5567.968383980801,0
Global Diverse (6),"['us-central1-a_h100_16', 'us-west1-a_h100_16', 'europe-west1-c_h100_16', 'europe-west3-c_h100_16', 'asia-southeast1-b_h100_16', 'asia-south2-b_h100_16']",6,rc_cr_threshold,0,single_region,,asia-south2-b_h100_16,,51.833333333333336,50.0,0.2,1.0,51.833333333333336,0.0,True,True,['data/converted_multi_region_aligned_h100_16_merged'],0,5157.612850506667,0
Global Diverse (6),"['us-central1-a_h100_16', 'us-west1-a_h100_16', 'europe-west1-c_h100_16', 'europe-west3-c_h100_16', 'asia-southeast1-b_h100_16', 'asia-south2-b_h100_16']",6,unified_cost_model_risk,0,multi_region,,,,51.833333333333336,50.0,0.2,1.0,51.833333333333336,51.833333333333336,True,True,['data/converted_multi_region_aligned_h100_16_merged'],1,4294.073413718667,0
Global Diverse (6),"['us-central1-a_h100_16', 'us-west1-a_h100_16', 'europe-west1-c_h100_16', 'europe-west3-c_h100_16', 'asia-southeast1-b_h100_16', 'asia-south2-b_h100_16']",6,multi_region_oracle_dp,0,multi_region,,,,51.833333333333336,50.0,0.2,1.0,51.833333333333336,51.833333333333336,True,True,['data/converted_multi_region_aligned_h100_16_merged'],1,4294.073413718667,0
Global Diverse (6),"['us-central1-a_h100_16', 'us-west1-a_h100_16', 'europe-west1-c_h100_16', 'europe-west3-c_h100_16', 'asia-southeast1-b_h100_16', 'asia-south2-b_h100_16']",6,unified_cost_model_oracle,0,multi_region,,,,51.833333333333336,50.0,0.2,1.0,51.833333333333336,51.833333333333336,True,True,['data/converted_multi_region_aligned_h100_16_merged'],1,4294.073413718667,0
Global Diverse (6),"['us-central1-a_h100_16', 'us-west1-a_h100_16', 'europe-west1-c_h100_16', 'europe-west3-c_h100_16', 'asia-southeast1-b_h100_16', 'asia-south2-b_h100_16']",6,multi_region_rc_cr_threshold_eager_failover,0,multi_region,,,,51.833333333333336,50.0,0.2,1.0,51.833333333333336,51.833333333333336,True,True,['data/converted_multi_region_aligned_h100_16_merged'],1,4294.073413718667,0
Global Diverse (6),"['us-central1-a_h100_16', 'us-west1-a_h100_16', 'europe-west1-c_h100_16', 'europe-west3-c_h100_16', 'asia-southeast1-b_h100_16', 'asia-south2-b_h100_16']",6,multi_region_availability_probe_simple,0,multi_region,,,,51.833333333333336,50.0,0.2,1.0,51.833333333333336,51.833333333333336,True,True,['data/converted_multi_region_aligned_h100_16_merged'],1,4294.073413718667,0
Global Diverse (6),"['us-central1-a_h100_16', 'us-west1-a_h100_16', 'europe-west1-c_h100_16', 'europe-west3-c_h100_16', 'asia-southeast1-b_h100_16', 'asia-south2-b_h100_16']",6,multi_region_probe_cost_ratio,0,multi_region,,,,51.833333333333336,50.0,0.2,1.0,51.833333333333336,51.833333333333336,True,True,['data/converted_multi_region_aligned_h100_16_merged'],1,4294.073413718667,0
Global Diverse (6),"['us-central1-a_h100_16', 'us-west1-a_h100_16', 'europe-west1-c_h100_16', 'europe-west3-c_h100_16', 'asia-southeast1-b_h100_16', 'asia-south2-b_h100_16']",6,rc_cr_threshold,0,single_region,,us-central1-a_h100_16,,51.833333333333336,50.0,0.2,1.0,51.833333333333336,51.833333333333336,True,True,['data/converted_multi_region_aligned_h100_16_merged'],1,4294.073413718667,0
Global Diverse (6),"['us-central1-a_h100_16', 'us-west1-a_h100_16', 'europe-west1-c_h100_16', 'europe-west3-c_h100_16', 'asia-southeast1-b_h100_16', 'asia-south2-b_h100_16']",6,rc_cr_threshold,0,single_region,,us-west1-a_h100_16,,51.833333333333336,50.0,0.2,1.0,51.833333333333336,51.833333333333336,True,True,['data/converted_multi_region_aligned_h100_16_merged'],1,4294.073413718667,0
Global Diverse (6),"['us-central1-a_h100_16', 'us-west1-a_h100_16', 'europe-west1-c_h100_16', 'europe-west3-c_h100_16', 'asia-southeast1-b_h100_16', 'asia-south2-b_h100_16']",6,rc_cr_threshold,0,single_region,,europe-west1-c_h100_16,,51.833333333333336,50.0,0.2,1.0,51.833333333333336,51.833333333333336,True,True,['data/converted_multi_region_aligned_h100_16_merged'],1,4728.2034529856,0
Global Diverse (6),"['us-central1-a_h100_16', 'us-west1-a_h100_16', 'europe-west1-c_h100_16', 'europe-west3-c_h100_16', 'asia-southeast1-b_h100_16', 'asia-south2-b_h100_16']",6,rc_cr_threshold,0,single_region,,europe-west3-c_h100_16,,51.833333333333336,50.0,0.2,1.0,51.833333333333336,51.833333333333336,True,True,['data/converted_multi_region_aligned_h100_16_merged'],1,5067.0067392896,0
Global Diverse (6),"['us-central1-a_h100_16', 'us-west1-a_h100_16', 'europe-west1-c_h100_16', 'europe-west3-c_h100_16', 'asia-southeast1-b_h100_16', 'asia-south2-b_h100_16']",6,rc_cr_threshold,0,single_region,,asia-southeast1-b_h100_16,,51.833333333333336,50.0,0.2,1.0,51.833333333333336,51.833333333333336,True,True,['data/converted_multi_region_aligned_h100_16_merged'],1,5567.968383980801,0
Global Diverse (6),"['us-central1-a_h100_16', 'us-west1-a_h100_16', 'europe-west1-c_h100_16', 'europe-west3-c_h100_16', 'asia-southeast1-b_h100_16', 'asia-south2-b_h100_16']",6,rc_cr_threshold,0,single_region,,asia-south2-b_h100_16,,51.833333333333336,50.0,0.2,1.0,51.833333333333336,51.833333333333336,True,True,['data/converted_multi_region_aligned_h100_16_merged'],1,5157.612850506667,0
Global Diverse (6),"['us-central1-a_h100_16', 'us-west1-a_h100_16', 'europe-west1-c_h100_16', 'europe-west3-c_h100_16', 'asia-southeast1-b_h100_16', 'asia-south2-b_h100_16']",6,unified_cost_model_risk,0,multi_region,,,,51.833333333333336,50.0,0.2,1.0,51.833333333333336,103.66666666666667,True,True,['data/converted_multi_region_aligned_h100_16_merged'],2,4294.073413718667,0
Global Diverse (6),"['us-central1-a_h100_16', 'us-west1-a_h100_16', 'europe-west1-c_h100_16', 'europe-west3-c_h100_16', 'asia-southeast1-b_h100_16', 'asia-south2-b_h100_16']",6,multi_region_oracle_dp,0,multi_region,,,,51.833333333333336,50.0,0.2,1.0,51.833333333333336,103.66666666666667,True,True,['data/converted_multi_region_aligned_h100_16_merged'],2,4294.073413718667,0
Global Diverse (6),"['us-central1-a_h100_16', 'us-west1-a_h100_16', 'europe-west1-c_h100_16', 'europe-west3-c_h100_16', 'asia-southeast1-b_h100_16', 'asia-south2-b_h100_16']",6,unified_cost_model_oracle,0,multi_region,,,,51.833333333333336,50.0,0.2,1.0,51.833333333333336,103.66666666666667,True,True,['data/converted_multi_region_aligned_h100_16_merged'],2,4294.073413718667,0
Global Diverse (6),"['us-central1-a_h100_16', 'us-west1-a_h100_16', 'europe-west1-c_h100_16', 'europe-west3-c_h100_16', 'asia-southeast1-b_h100_16', 'asia-south2-b_h100_16']",6,multi_region_rc_cr_threshold_eager_failover,0,multi_region,,,,51.833333333333336,50.0,0.2,1.0,51.833333333333336,103.66666666666667,True,True,['data/converted_multi_region_aligned_h100_16_merged'],2,4294.073413718667,0
Global Diverse (6),"['us-central1-a_h100_16', 'us-west1-a_h100_16', 'europe-west1-c_h100_16', 'europe-west3-c_h100_16', 'asia-southeast1-b_h100_16', 'asia-south2-b_h100_16']",6,multi_region_availability_probe_simple,0,multi_region,,,,51.833333333333336,50.0,0.2,1.0,51.833333333333336,103.66666666666667,True,True,['data/converted_multi_region_aligned_h100_16_merged'],2,4294.073413718667,0
Global Diverse (6),"['us-central1-a_h100_16', 'us-west1-a_h100_16', 'europe-west1-c_h100_16', 'europe-west3-c_h100_16', 'asia-southeast1-b_h100_16', 'asia-south2-b_h100_16']",6,multi_region_probe_cost_ratio,0,multi_region,,,,51.833333333333336,50.0,0.2,1.0,51.833333333333336,103.66666666666667,True,True,['data/converted_multi_region_aligned_h100_16_merged'],2,4294.073413718667,0
Global Diverse (6),"['us-central1-a_h100_16', 'us-west1-a_h100_16', 'europe-west1-c_h100_16', 'europe-west3-c_h100_16', 'asia-southeast1-b_h100_16', 'asia-south2-b_h100_16']",6,rc_cr_threshold,0,single_region,,us-central1-a_h100_16,,51.833333333333336,50.0,0.2,1.0,51.833333333333336,103.66666666666667,True,True,['data/converted_multi_region_aligned_h100_16_merged'],2,4294.073413718667,0
Global Diverse (6),"['us-central1-a_h100_16', 'us-west1-a_h100_16', 'europe-west1-c_h100_16', 'europe-west3-c_h100_16', 'asia-southeast1-b_h100_16', 'asia-south2-b_h100_16']",6,rc_cr_threshold,0,single_region,,us-west1-a_h100_16,,51.833333333333336,50.0,0.2,1.0,51.833333333333336,103.66666666666667,True,True,['data/converted_multi_region_aligned_h100_16_merged'],2,4294.073413718667,0
Global Diverse (6),"['us-central1-a_h100_16', 'us-west1-a_h100_16', 'europe-west1-c_h100_16', 'europe-west3-c_h100_16', 'asia-southeast1-b_h100_16', 'asia-south2-b_h100_16']",6,rc_cr_threshold,0,single_region,,europe-west1-c_h100_16,,51.833333333333336,50.0,0.2,1.0,51.833333333333336,103.66666666666667,True,True,['data/converted_multi_region_aligned_h100_16_merged'],2,4728.2034529856,0
Global Diverse (6),"['us-central1-a_h100_16', 'us-west1-a_h100_16', 'europe-west1-c_h100_16', 'europe-west3-c_h100_16', 'asia-southeast1-b_h100_16', 'asia-south2-b_h100_16']",6,rc_cr_threshold,0,single_region,,europe-west3-c_h100_16,,51.833333333333336,50.0,0.2,1.0,51.833333333333336,103.66666666666667,True,True,['data/converted_multi_region_aligned_h100_16_merged'],2,5067.0067392896,0
Global Diverse (6),"['us-central1-a_h100_16', 'us-west1-a_h100_16', 'europe-west1-c_h100_16', 'europe-west3-c_h100_16', 'asia-southeast1-b_h100_16', 'asia-south2-b_h100_16']",6,rc_cr_threshold,0,single_region,,asia-southeast1-b_h100_16,,51.833333333333336,50.0,0.2,1.0,51.833333333333336,103.66666666666667,True,True,['data/converted_multi_region_aligned_h100_16_merged'],2,5567.968383980801,0
Global Diverse (6),"['us-central1-a_h100_16', 'us-west1-a_h100_16', 'europe-west1-c_h100_16', 'europe-west3-c_h100_16', 'asia-southeast1-b_h100_16', 'asia-south2-b_h100_16']",6,rc_cr_threshold,0,single_region,,asia-south2-b_h100_16,,51.833333333333336,50.0,0.2,1.0,51.833333333333336,103.66666666666667,True,True,['data/converted_multi_region_aligned_h100_16_merged'],2,5157.612850506667,0
Global Diverse (6),"['us-central1-a_h100_16', 'us-west1-a_h100_16', 'europe-west1-c_h100_16', 'europe-west3-c_h100_16', 'asia-southeast1-b_h100_16', 'asia-south2-b_h100_16']",6,unified_cost_model_risk,0,multi_region,,,,51.833333333333336,50.0,0.2,1.0,51.833333333333336,155.5,True,True,['data/converted_multi_region_aligned_h100_16_merged'],3,4294.073413718667,0
Global Diverse (6),"['us-central1-a_h100_16', 'us-west1-a_h100_16', 'europe-west1-c_h100_16', 'europe-west3-c_h100_16', 'asia-southeast1-b_h100_16', 'asia-south2-b_h100_16']",6,multi_region_oracle_dp,0,multi_region,,,,51.833333333333336,50.0,0.2,1.0,51.833333333333336,155.5,True,True,['data/converted_multi_region_aligned_h100_16_merged'],3,4294.073413718667,0
Global Diverse (6),"['us-central1-a_h100_16', 'us-west1-a_h100_16', 'europe-west1-c_h100_16', 'europe-west3-c_h100_16', 'asia-southeast1-b_h100_16', 'asia-south2-b_h100_16']",6,unified_cost_model_oracle,0,multi_region,,,,51.833333333333336,50.0,0.2,1.0,51.833333333333336,155.5,True,True,['data/converted_multi_region_aligned_h100_16_merged'],3,4294.073413718667,0
Global Diverse (6),"['us-central1-a_h100_16', 'us-west1-a_h100_16', 'europe-west1-c_h100_16', 'europe-west3-c_h100_16', 'asia-southeast1-b_h100_16', 'asia-south2-b_h100_16']",6,multi_region_rc_cr_threshold_eager_failover,0,multi_region,,,,51.833333333333336,50.0,0.2,1.0,51.833333333333336,155.5,True,True,['data/converted_multi_region_aligned_h100_16_merged'],3,4294.073413718667,0
Global Diverse (6),"['us-central1-a_h100_16', 'us-west1-a_h100_16', 'europe-west1-c_h100_16', 'europe-west3-c_h100_16', 'asia-southeast1-b_h100_16', 'asia-south2-b_h100_16']",6,multi_region_availability_probe_simple,0,multi_region,,,,51.833333333333336,50.0,0.2,1.0,51.833333333333336,155.5,True,True,['data/converted_multi_region_aligned_h100_16_merged'],3,4294.073413718667,0
Global Diverse (6),"['us-central1-a_h100_16', 'us-west1-a_h100_16', 'europe-west1-c_h100_16', 'europe-west3-c_h100_16', 'asia-southeast1-b_h100_16', 'asia-south2-b_h100_16']",6,multi_region_probe_cost_ratio,0,multi_region,,,,51.833333333333336,50.0,0.2,1.0,51.833333333333336,155.5,True,True,['data/converted_multi_region_aligned_h100_16_merged'],3,4294.073413718667,0
Global Diverse (6),"['us-central1-a_h100_16', 'us-west1-a_h100_16', 'europe-west1-c_h100_16', 'europe-west3-c_h100_16', 'asia-southeast1-b_h100_16', 'asia-south2-b_h100_16']",6,rc_cr_threshold,0,single_region,,us-central1-a_h100_16,,51.833333333333336,50.0,0.2,1.0,51.833333333333336,155.5,True,True,['data/converted_multi_region_aligned_h100_16_merged'],3,4294.073413718667,0
Global Diverse (6),"['us-central1-a_h100_16', 'us-west1-a_h100_16', 'europe-west1-c_h100_16', 'europe-west3-c_h100_16', 'asia-southeast1-b_h100_16', 'asia-south2-b_h100_16']",6,rc_cr_threshold,0,single_region,,us-west1-a_h100_16,,51.833333333333336,50.0,0.2,1.0,51.833333333333336,155.5,True,True,['data/converted_multi_region_aligned_h100_16_merged'],3,4294.073413718667,0
Global Diverse (6),"['us-central1-a_h100_16', 'us-west1-a_h100_16', 'europe-west1-c_h100_16', 'europe-west3-c_h100_16', 'asia-southeast1-b_h100_16', 'asia-south2-b_h100_16']",6,rc_cr_threshold,0,single_region,,europe-west1-c_h100_16,,51.833333333333336,50.0,0.2,1.0,51.833333333333336,155.5,True,True,['data/converted_multi_region_aligned_h100_16_merged'],3,4728.2034529856,0
Global Diverse (6),"['us-central1-a_h100_16', 'us-west1-a_h100_16', 'europe-west1-c_h100_16', 'europe-west3-c_h100_16', 'asia-southeast1-b_h100_16', 'asia-south2-b_h100_16']",6,rc_cr_threshold,0,single_region,,europe-west3-c_h100_16,,51.833333333333336,50.0,0.2,1.0,51.833333333333336,155.5,True,True,['data/converted_multi_region_aligned_h100_16_merged'],3,5067.0067392896,0
Global Diverse (6),"['us-central1-a_h100_16', 'us-west1-a_h100_16', 'europe-west1-c_h100_16', 'europe-west3-c_h100_16', 'asia-southeast1-b_h100_16', 'asia-south2-b_h100_16']",6,rc_cr_threshold,0,single_region,,asia-southeast1-b_h100_16,,51.833333333333336,50.0,0.2,1.0,51.833333333333336,155.5,True,True,['data/converted_multi_region_aligned_h100_16_merged'],3,5567.968383980801,0
Global Diverse (6),"['us-central1-a_h100_16', 'us-west1-a_h100_16', 'europe-west1-c_h100_16', 'europe-west3-c_h100_16', 'asia-southeast1-b_h100_16', 'asia-south2-b_h100_16']",6,rc_cr_threshold,0,single_region,,asia-south2-b_h100_16,,51.833333333333336,50.0,0.2,1.0,51.833333333333336,155.5,True,True,['data/converted_multi_region_aligned_h100_16_merged'],3,5157.612850506667,0
Global Diverse (6),"['us-central1-a_h100_16', 'us-west1-a_h100_16', 'europe-west1-c_h100_16', 'europe-west3-c_h100_16', 'asia-southeast1-b_h100_16', 'asia-south2-b_h100_16']",6,unified_cost_model_risk,0,multi_region,,,,51.833333333333336,50.0,0.2,1.0,51.833333333333336,207.33333333333334,True,True,['data/converted_multi_region_aligned_h100_16_merged'],4,4294.073413718667,0
Global Diverse (6),"['us-central1-a_h100_16', 'us-west1-a_h100_16', 'europe-west1-c_h100_16', 'europe-west3-c_h100_16', 'asia-southeast1-b_h100_16', 'asia-south2-b_h100_16']",6,multi_region_oracle_dp,0,multi_region,,,,51.833333333333336,50.0,0.2,1.0,51.833333333333336,207.33333333333334,True,True,['data/converted_multi_region_aligned_h100_16_merged'],4,4294.073413718667,0
Global Diverse (6),"['us-central1-a_h100_16', 'us-west1-a_h100_16', 'europe-west1-c_h100_16', 'europe-west3-c_h100_16', 'asia-southeast1-b_h100_16', 'asia-south2-b_h100_16']",6,unified_cost_model_oracle,0,multi_region,,,,51.833333333333336,50.0,0.2,1.0,51.833333333333336,207.33333333333334,True,True,['data/converted_multi_region_aligned_h100_16_merged'],4,4294.073413718667,0
Global Diverse (6),"['us-central1-a_h100_16', 'us-west1-a_h100_16', 'europe-west1-c_h100_16', 'europe-west3-c_h100_16', 'asia-southeast1-b_h100_16', 'asia-south2-b_h100_16']",6,multi_region_rc_cr_threshold_eager_failover,0,multi_region,,,,51.833333333333336,50.0,0.2,1.0,51.833333333333336,207.33333333333334,True,True,['data/converted_multi_region_aligned_h100_16_merged'],4,4294.073413718667,0
Global Diverse (6),"['us-central1-a_h100_16', 'us-west1-a_h100_16', 'europe-west1-c_h100_16', 'europe-west3-c_h100_16', 'asia-southeast1-b_h100_16', 'asia-south2-b_h100_16']",6,multi_region_availability_probe_simple,0,multi_region,,,,51.833333333333336,50.0,0.2,1.0,51.833333333333336,207.33333333333334,True,True,['data/converted_multi_region_aligned_h100_16_merged'],4,4294.073413718667,0
Global Diverse (6),"['us-central1-a_h100_16', 'us-west1-a_h100_16', 'europe-west1-c_h100_16', 'europe-west3-c_h100_16', 'asia-southeast1-b_h100_16', 'asia-south2-b_h100_16']",6,multi_region_probe_cost_ratio,0,multi_region,,,,51.833333333333336,50.0,0.2,1.0,51.833333333333336,207.33333333333334,True,True,['data/converted_multi_region_aligned_h100_16_merged'],4,4294.073413718667,0
Global Diverse (6),"['us-central1-a_h100_16', 'us-west1-a_h100_16', 'europe-west1-c_h100_16', 'europe-west3-c_h100_16', 'asia-southeast1-b_h100_16', 'asia-south2-b_h100_16']",6,rc_cr_threshold,0,single_region,,us-central1-a_h100_16,,51.833333333333336,50.0,0.2,1.0,51.833333333333336,207.33333333333334,True,True,['data/converted_multi_region_aligned_h100_16_merged'],4,4294.073413718667,0
Global Diverse (6),"['us-central1-a_h100_16', 'us-west1-a_h100_16', 'europe-west1-c_h100_16', 'europe-west3-c_h100_16', 'asia-southeast1-b_h100_16', 'asia-south2-b_h100_16']",6,rc_cr_threshold,0,single_region,,us-west1-a_h100_16,,51.833333333333336,50.0,0.2,1.0,51.833333333333336,207.33333333333334,True,True,['data/converted_multi_region_aligned_h100_16_merged'],4,4294.073413718667,0
Global Diverse (6),"['us-central1-a_h100_16', 'us-west1-a_h100_16', 'europe-west1-c_h100_16', 'europe-west3-c_h100_16', 'asia-southeast1-b_h100_16', 'asia-south2-b_h100_16']",6,rc_cr_threshold,0,single_region,,europe-west1-c_h100_16,,51.833333333333336,50.0,0.2,1.0,51.833333333333336,207.33333333333334,True,True,['data/converted_multi_region_aligned_h100_16_merged'],4,4728.2034529856,0
Global Diverse (6),"['us-central1-a_h100_16', 'us-west1-a_h100_16', 'europe-west1-c_h100_16', 'europe-west3-c_h100_16', 'asia-southeast1-b_h100_16', 'asia-south2-b_h100_16']",6,rc_cr_threshold,0,single_region,,europe-west3-c_h100_16,,51.833333333333336,50.0,0.2,1.0,51.833333333333336,207.33333333333334,True,True,['data/converted_multi_region_aligned_h100_16_merged'],4,5067.0067392896,0
Global Diverse (6),"['us-central1-a_h100_16', 'us-west1-a_h100_16', 'europe-west1-c_h100_16', 'europe-west3-c_h100_16', 'asia-southeast1-b_h100_16', 'asia-south2-b_h100_16']",6,rc_cr_threshold,0,single_region,,asia-southeast1-b_h100_16,,51.833333333333336,50.0,0.2,1.0,51.833333333333336,207.33333333333334,True,True,['data/converted_multi_region_aligned_h100_16_merged'],4,5567.968383980801,0
Global Diverse (6),"['us-central1-a_h100_16', 'us-west1-a_h100_16', 'europe-west1-c_h100_16', 'europe-west3-c_h100_16', 'asia-southeast1-b_h100_16', 'asia-south2-b_h100_16']",6,rc_cr_threshold,0,single_region,,asia-south2-b_h100_16,,51.833333333333336,50.0,0.2,1.0,51.833333333333336,207.33333333333334,True,True,['data/converted_multi_region_aligned_h100_16_merged'],4,5157.612850506667,0
Global Diverse (6),"['us-central1-a_h100_16', 'us-west1-a_h100_16', 'europe-west1-c_h100_16', 'europe-west3-c_h100_16', 'asia-southeast1-b_h100_16', 'asia-south2-b_h100_16']",6,unified_cost_model_risk,0,multi_region,,,,51.833333333333336,50.0,0.2,1.0,51.833333333333336,259.1666666666667,True,True,['data/converted_multi_region_aligned_h100_16_merged'],5,4294.073413718667,0
Global Diverse (6),"['us-central1-a_h100_16', 'us-west1-a_h100_16', 'europe-west1-c_h100_16', 'europe-west3-c_h100_16', 'asia-southeast1-b_h100_16', 'asia-south2-b_h100_16']",6,multi_region_oracle_dp,0,multi_region,,,,51.833333333333336,50.0,0.2,1.0,51.833333333333336,259.1666666666667,True,True,['data/converted_multi_region_aligned_h100_16_merged'],5,4294.073413718667,0
Global Diverse (6),"['us-central1-a_h100_16', 'us-west1-a_h100_16', 'europe-west1-c_h100_16', 'europe-west3-c_h100_16', 'asia-southeast1-b_h100_16', 'asia-south2-b_h100_16']",6,unified_cost_model_oracle,0,multi_region,,,,51.833333333333336,50.0,0.2,1.0,51.833333333333336,259.1666666666667,True,True,['data/converted_multi_region_aligned_h100_16_merged'],5,4294.073413718667,0
Global Diverse (6),"['us-central1-a_h100_16', 'us-west1-a_h100_16', 'europe-west1-c_h100_16', 'europe-west3-c_h100_16', 'asia-southeast1-b_h100_16', 'asia-south2-b_h100_16']",6,multi_region_rc_cr_threshold_eager_failover,0,multi_region,,,,51.833333333333336,50.0,0.2,1.0,51.833333333333336,259.1666666666667,True,True,['data/converted_multi_region_aligned_h100_16_merged'],5,4294.073413718667,0
Global Diverse (6),"['us-central1-a_h100_16', 'us-west1-a_h100_16', 'europe-west1-c_h100_16', 'europe-west3-c_h100_16', 'asia-southeast1-b_h100_16', 'asia-south2-b_h100_16']",6,multi_region_availability_probe_simple,0,multi_region,,,,51.833333333333336,50.0,0.2,1.0,51.833333333333336,259.1666666666667,True,True,['data/converted_multi_region_aligned_h100_16_merged'],5,4294.073413718667,0
Global Diverse (6),"['us-central1-a_h100_16', 'us-west1-a_h100_16', 'europe-west1-c_h100_16', 'europe-west3-c_h100_16', 'asia-southeast1-b_h100_16', 'asia-south2-b_h100_16']",6,multi_region_probe_cost_ratio,0,multi_region,,,,51.833333333333336,50.0,0.2,1.0,51.833333333333336,259.1666666666667,True,True,['data/converted_multi_region_aligned_h100_16_merged'],5,4294.073413718667,0
Global Diverse (6),"['us-central1-a_h100_16', 'us-west1-a_h100_16', 'europe-west1-c_h100_16', 'europe-west3-c_h100_16', 'asia-southeast1-b_h100_16', 'asia-south2-b_h100_16']",6,rc_cr_threshold,0,single_region,,us-central1-a_h100_16,,51.833333333333336,50.0,0.2,1.0,51.833333333333336,259.1666666666667,True,True,['data/converted_multi_region_aligned_h100_16_merged'],5,4294.073413718667,0
Global Diverse (6),"['us-central1-a_h100_16', 'us-west1-a_h100_16', 'europe-west1-c_h100_16', 'europe-west3-c_h100_16', 'asia-southeast1-b_h100_16', 'asia-south2-b_h100_16']",6,rc_cr_threshold,0,single_region,,us-west1-a_h100_16,,51.833333333333336,50.0,0.2,1.0,51.833333333333336,259.1666666666667,True,True,['data/converted_multi_region_aligned_h100_16_merged'],5,4294.073413718667,0
Global Diverse (6),"['us-central1-a_h100_16', 'us-west1-a_h100_16', 'europe-west1-c_h100_16', 'europe-west3-c_h100_16', 'asia-southeast1-b_h100_16', 'asia-south2-b_h100_16']",6,rc_cr_threshold,0,single_region,,europe-west1-c_h100_16,,51.833333333333336,50.0,0.2,1.0,51.833333333333336,259.1666666666667,True,True,['data/converted_multi_region_aligned_h100_16_merged'],5,4728.2034529856,0
Global Diverse (6),"['us-central1-a_h100_16', 'us-west1-a_h100_16', 'europe-west1-c_h100_16', 'europe-west3-c_h100_16', 'asia-southeast1-b_h100_16', 'asia-south2-b_h100_16']",6,rc_cr_threshold,0,single_region,,europe-west3-c_h100_16,,51.833333333333336,50.0,0.2,1.0,51.833333333333336,259.1666666666667,True,True,['data/converted_multi_region_aligned_h100_16_merged'],5,5067.0067392896,0
Global Diverse (6),"['us-central1-a_h100_16', 'us-west1-a_h100_16', 'europe-west1-c_h100_16', 'europe-west3-c_h100_16', 'asia-southeast1-b_h100_16', 'asia-south2-b_h100_16']",6,rc_cr_threshold,0,single_region,,asia-southeast1-b_h100_16,,51.833333333333336,50.0,0.2,1.0,51.833333333333336,259.1666666666667,True,True,['data/converted_multi_region_aligned_h100_16_merged'],5,5567.968383980801,0
Global Diverse (6),"['us-central1-a_h100_16', 'us-west1-a_h100_16', 'europe-west1-c_h100_16', 'europe-west3-c_h100_16', 'asia-southeast1-b_h100_16', 'asia-south2-b_h100_16']",6,rc_cr_threshold,0,single_region,,asia-south2-b_h100_16,,51.833333333333336,50.0,0.2,1.0,51.833333333333336,259.1666666666667,True,True,['data/converted_multi_region_aligned_h100_16_merged'],5,5157.612850506667,0
Global Diverse (6),"['us-central1-a_h100_16', 'us-west1-a_h100_16', 'europe-west1-c_h100_16', 'europe-west3-c_h100_16', 'asia-southeast1-b_h100_16', 'asia-south2-b_h100_16']",6,unified_cost_model_risk,0,multi_region,,,,49.36507936507937,50.0,0.2,1.05,51.833333333333336,0.0,True,True,['data/converted_multi_region_aligned_h100_16_merged'],0,812.048735529596,0
Global Diverse (6),"['us-central1-a_h100_16', 'us-west1-a_h100_16', 'europe-west1-c_h100_16', 'europe-west3-c_h100_16', 'asia-southeast1-b_h100_16', 'asia-south2-b_h100_16']",6,multi_region_oracle_dp,0,multi_region,,,,49.36507936507937,50.0,0.2,1.05,51.833333333333336,0.0,True,True,['data/converted_multi_region_aligned_h100_16_merged'],0,809.637839999996,0
Global Diverse (6),"['us-central1-a_h100_16', 'us-west1-a_h100_16', 'europe-west1-c_h100_16', 'europe-west3-c_h100_16', 'asia-southeast1-b_h100_16', 'asia-south2-b_h100_16']",6,unified_cost_model_oracle,0,multi_region,,,,49.36507936507937,50.0,0.2,1.05,51.833333333333336,0.0,True,True,['data/converted_multi_region_aligned_h100_16_merged'],0,809.637839999996,0
Global Diverse (6),"['us-central1-a_h100_16', 'us-west1-a_h100_16', 'europe-west1-c_h100_16', 'europe-west3-c_h100_16', 'asia-southeast1-b_h100_16', 'asia-south2-b_h100_16']",6,multi_region_rc_cr_threshold_eager_failover,0,multi_region,,,,49.36507936507937,50.0,0.2,1.05,51.833333333333336,0.0,True,True,['data/converted_multi_region_aligned_h100_16_merged'],0,809.637839999996,0
Global Diverse (6),"['us-central1-a_h100_16', 'us-west1-a_h100_16', 'europe-west1-c_h100_16', 'europe-west3-c_h100_16', 'asia-southeast1-b_h100_16', 'asia-south2-b_h100_16']",6,multi_region_availability_probe_simple,0,multi_region,,,,49.36507936507937,50.0,0.2,1.05,51.833333333333336,0.0,True,True,['data/converted_multi_region_aligned_h100_16_merged'],0,921.0490959733285,3
Global Diverse (6),"['us-central1-a_h100_16', 'us-west1-a_h100_16', 'europe-west1-c_h100_16', 'europe-west3-c_h100_16', 'asia-southeast1-b_h100_16', 'asia-south2-b_h100_16']",6,multi_region_probe_cost_ratio,0,multi_region,,,,49.36507936507937,50.0,0.2,1.05,51.833333333333336,0.0,True,True,['data/converted_multi_region_aligned_h100_16_merged'],0,901.1646783466608,0
Global Diverse (6),"['us-central1-a_h100_16', 'us-west1-a_h100_16', 'europe-west1-c_h100_16', 'europe-west3-c_h100_16', 'asia-southeast1-b_h100_16', 'asia-south2-b_h100_16']",6,rc_cr_threshold,0,single_region,,us-central1-a_h100_16,,49.36507936507937,50.0,0.2,1.05,51.833333333333336,0.0,True,True,['data/converted_multi_region_aligned_h100_16_merged'],0,1915.9010283933426,0
Global Diverse (6),"['us-central1-a_h100_16', 'us-west1-a_h100_16', 'europe-west1-c_h100_16', 'europe-west3-c_h100_16', 'asia-southeast1-b_h100_16', 'asia-south2-b_h100_16']",6,rc_cr_threshold,0,single_region,,us-west1-a_h100_16,,49.36507936507937,50.0,0.2,1.05,51.833333333333336,0.0,True,True,['data/converted_multi_region_aligned_h100_16_merged'],0,1527.1945696400016,0
Global Diverse (6),"['us-central1-a_h100_16', 'us-west1-a_h100_16', 'europe-west1-c_h100_16', 'europe-west3-c_h100_16', 'asia-southeast1-b_h100_16', 'asia-south2-b_h100_16']",6,rc_cr_threshold,0,single_region,,europe-west1-c_h100_16,,49.36507936507937,50.0,0.2,1.05,51.833333333333336,0.0,True,True,['data/converted_multi_region_aligned_h100_16_merged'],0,812.3638933333293,0
Global Diverse (6),"['us-central1-a_h100_16', 'us-west1-a_h100_16', 'europe-west1-c_h100_16', 'europe-west3-c_h100_16', 'asia-southeast1-b_h100_16', 'asia-south2-b_h100_16']",6,rc_cr_threshold,0,single_region,,europe-west3-c_h100_16,,49.36507936507937,50.0,0.2,1.05,51.833333333333336,0.0,True,True,['data/converted_multi_region_aligned_h100_16_merged'],0,4502.206724095996,0
Global Diverse (6),"['us-central1-a_h100_16', 'us-west1-a_h100_16', 'europe-west1-c_h100_16', 'europe-west3-c_h100_16', 'asia-southeast1-b_h100_16', 'asia-south2-b_h100_16']",6,rc_cr_threshold,0,single_region,,asia-southeast1-b_h100_16,,49.36507936507937,50.0,0.2,1.05,51.833333333333336,0.0,True,True,['data/converted_multi_region_aligned_h100_16_merged'],0,5280.469302879979,0
Global Diverse (6),"['us-central1-a_h100_16', 'us-west1-a_h100_16', 'europe-west1-c_h100_16', 'europe-west3-c_h100_16', 'asia-southeast1-b_h100_16', 'asia-south2-b_h100_16']",6,rc_cr_threshold,0,single_region,,asia-south2-b_h100_16,,49.36507936507937,50.0,0.2,1.05,51.833333333333336,0.0,True,True,['data/converted_multi_region_aligned_h100_16_merged'],0,3472.2024168746852,0
Global Diverse (6),"['us-central1-a_h100_16', 'us-west1-a_h100_16', 'europe-west1-c_h100_16', 'europe-west3-c_h100_16', 'asia-southeast1-b_h100_16', 'asia-south2-b_h100_16']",6,unified_cost_model_risk,0,multi_region,,,,49.36507936507937,50.0,0.2,1.05,51.833333333333336,51.833333333333336,True,True,['data/converted_multi_region_aligned_h100_16_merged'],1,967.7104041471978,5
Global Diverse (6),"['us-central1-a_h100_16', 'us-west1-a_h100_16', 'europe-west1-c_h100_16', 'europe-west3-c_h100_16', 'asia-southeast1-b_h100_16', 'asia-south2-b_h100_16']",6,multi_region_oracle_dp,0,multi_region,,,,49.36507936507937,50.0,0.2,1.05,51.833333333333336,51.833333333333336,True,True,['data/converted_multi_region_aligned_h100_16_merged'],1,890.502501333328,3
Global Diverse (6),"['us-central1-a_h100_16', 'us-west1-a_h100_16', 'europe-west1-c_h100_16', 'europe-west3-c_h100_16', 'asia-southeast1-b_h100_16', 'asia-south2-b_h100_16']",6,unified_cost_model_oracle,0,multi_region,,,,49.36507936507937,50.0,0.2,1.05,51.833333333333336,51.833333333333336,True,True,['data/converted_multi_region_aligned_h100_16_merged'],1,922.6095011839955,7
Global Diverse (6),"['us-central1-a_h100_16', 'us-west1-a_h100_16', 'europe-west1-c_h100_16', 'europe-west3-c_h100_16', 'asia-southeast1-b_h100_16', 'asia-south2-b_h100_16']",6,multi_region_rc_cr_threshold_eager_failover,0,multi_region,,,,49.36507936507937,50.0,0.2,1.05,51.833333333333336,51.833333333333336,True,True,['data/converted_multi_region_aligned_h100_16_merged'],1,2816.8687703040137,2
Global Diverse (6),"['us-central1-a_h100_16', 'us-west1-a_h100_16', 'europe-west1-c_h100_16', 'europe-west3-c_h100_16', 'asia-southeast1-b_h100_16', 'asia-south2-b_h100_16']",6,multi_region_availability_probe_simple,0,multi_region,,,,49.36507936507937,50.0,0.2,1.05,51.833333333333336,51.833333333333336,True,True,['data/converted_multi_region_aligned_h100_16_merged'],1,2874.65349931095,2
Global Diverse (6),"['us-central1-a_h100_16', 'us-west1-a_h100_16', 'europe-west1-c_h100_16', 'europe-west3-c_h100_16', 'asia-southeast1-b_h100_16', 'asia-south2-b_h100_16']",6,multi_region_probe_cost_ratio,0,multi_region,,,,49.36507936507937,50.0,0.2,1.05,51.833333333333336,51.833333333333336,True,True,['data/converted_multi_region_aligned_h100_16_merged'],1,2213.366619532806,10
Global Diverse (6),"['us-central1-a_h100_16', 'us-west1-a_h100_16', 'europe-west1-c_h100_16', 'europe-west3-c_h100_16', 'asia-southeast1-b_h100_16', 'asia-south2-b_h100_16']",6,rc_cr_threshold,0,single_region,,us-central1-a_h100_16,,49.36507936507937,50.0,0.2,1.05,51.833333333333336,51.833333333333336,True,True,['data/converted_multi_region_aligned_h100_16_merged'],1,2659.337598933333,0
Global Diverse (6),"['us-central1-a_h100_16', 'us-west1-a_h100_16', 'europe-west1-c_h100_16', 'europe-west3-c_h100_16', 'asia-southeast1-b_h100_16', 'asia-south2-b_h100_16']",6,rc_cr_threshold,0,single_region,,us-west1-a_h100_16,,49.36507936507937,50.0,0.2,1.05,51.833333333333336,51.833333333333336,True,True,['data/converted_multi_region_aligned_h100_16_merged'],1,4115.680627006655,0
Global Diverse (6),"['us-central1-a_h100_16', 'us-west1-a_h100_16', 'europe-west1-c_h100_16', 'europe-west3-c_h100_16', 'asia-southeast1-b_h100_16', 'asia-south2-b_h100_16']",6,rc_cr_threshold,0,single_region,,europe-west1-c_h100_16,,49.36507936507937,50.0,0.2,1.05,51.833333333333336,51.833333333333336,True,True,['data/converted_multi_region_aligned_h100_16_merged'],1,2862.666981205322,0
Global Diverse (6),"['us-central1-a_h100_16', 'us-west1-a_h100_16', 'europe-west1-c_h100_16', 'europe-west3-c_h100_16', 'asia-southeast1-b_h100_16', 'asia-south2-b_h100_16']",6,rc_cr_threshold,0,single_region,,europe-west3-c_h100_16,,49.36507936507937,50.0,0.2,1.05,51.833333333333336,51.833333333333336,True,True,['data/converted_multi_region_aligned_h100_16_merged'],1,4339.583591679997,0
Global Diverse (6),"['us-central1-a_h100_16', 'us-west1-a_h100_16', 'europe-west1-c_h100_16', 'europe-west3-c_h100_16', 'asia-southeast1-b_h100_16', 'asia-south2-b_h100_16']",6,rc_cr_threshold,0,single_region,,asia-southeast1-b_h100_16,,49.36507936507937,50.0,0.2,1.05,51.833333333333336,51.833333333333336,True,True,['data/converted_multi_region_aligned_h100_16_merged'],1,3627.8191343146846,0
Global Diverse (6),"['us-central1-a_h100_16', 'us-west1-a_h100_16', 'europe-west1-c_h100_16', 'europe-west3-c_h100_16', 'asia-southeast1-b_h100_16', 'asia-south2-b_h100_16']",6,rc_cr_threshold,0,single_region,,asia-south2-b_h100_16,,49.36507936507937,50.0,0.2,1.05,51.833333333333336,51.833333333333336,True,True,['data/converted_multi_region_aligned_h100_16_merged'],1,3472.2024168746852,0
Global Diverse (6),"['us-central1-a_h100_16', 'us-west1-a_h100_16', 'europe-west1-c_h100_16', 'europe-west3-c_h100_16', 'asia-southeast1-b_h100_16', 'asia-south2-b_h100_16']",6,unified_cost_model_risk,0,multi_region,,,,49.36507936507937,50.0,0.2,1.05,51.833333333333336,103.66666666666667,True,True,['data/converted_multi_region_aligned_h100_16_merged'],2,953.2426560629303,2
Global Diverse (6),"['us-central1-a_h100_16', 'us-west1-a_h100_16', 'europe-west1-c_h100_16', 'europe-west3-c_h100_16', 'asia-southeast1-b_h100_16', 'asia-south2-b_h100_16']",6,multi_region_oracle_dp,0,multi_region,,,,49.36507936507937,50.0,0.2,1.05,51.833333333333336,103.66666666666667,True,True,['data/converted_multi_region_aligned_h100_16_merged'],2,829.6568906666623,2
Global Diverse (6),"['us-central1-a_h100_16', 'us-west1-a_h100_16', 'europe-west1-c_h100_16', 'europe-west3-c_h100_16', 'asia-southeast1-b_h100_16', 'asia-south2-b_h100_16']",6,unified_cost_model_oracle,0,multi_region,,,,49.36507936507937,50.0,0.2,1.05,51.833333333333336,103.66666666666667,True,True,['data/converted_multi_region_aligned_h100_16_merged'],2,839.9478133333287,1
Global Diverse (6),"['us-central1-a_h100_16', 'us-west1-a_h100_16', 'europe-west1-c_h100_16', 'europe-west3-c_h100_16', 'asia-southeast1-b_h100_16', 'asia-south2-b_h100_16']",6,multi_region_rc_cr_threshold_eager_failover,0,multi_region,,,,49.36507936507937,50.0,0.2,1.05,51.833333333333336,103.66666666666667,True,True,['data/converted_multi_region_aligned_h100_16_merged'],2,950.534991999997,2
Global Diverse (6),"['us-central1-a_h100_16', 'us-west1-a_h100_16', 'europe-west1-c_h100_16', 'europe-west3-c_h100_16', 'asia-southeast1-b_h100_16', 'asia-south2-b_h100_16']",6,multi_region_availability_probe_simple,0,multi_region,,,,49.36507936507937,50.0,0.2,1.05,51.833333333333336,103.66666666666667,True,True,['data/converted_multi_region_aligned_h100_16_merged'],2,998.2416298399961,1
Global Diverse (6),"['us-central1-a_h100_16', 'us-west1-a_h100_16', 'europe-west1-c_h100_16', 'europe-west3-c_h100_16', 'asia-southeast1-b_h100_16', 'asia-south2-b_h100_16']",6,multi_region_probe_cost_ratio,0,multi_region,,,,49.36507936507937,50.0,0.2,1.05,51.833333333333336,103.66666666666667,True,True,['data/converted_multi_region_aligned_h100_16_merged'],2,1037.1274196799952,2
Global Diverse (6),"['us-central1-a_h100_16', 'us-west1-a_h100_16', 'europe-west1-c_h100_16', 'europe-west3-c_h100_16', 'asia-southeast1-b_h100_16', 'asia-south2-b_h100_16']",6,rc_cr_threshold,0,single_region,,us-central1-a_h100_16,,49.36507936507937,50.0,0.2,1.05,51.833333333333336,103.66666666666667,True,True,['data/converted_multi_region_aligned_h100_16_merged'],2,1799.3992474666743,0
Global Diverse (6),"['us-central1-a_h100_16', 'us-west1-a_h100_16', 'europe-west1-c_h100_16', 'europe-west3-c_h100_16', 'asia-southeast1-b_h100_16', 'asia-south2-b_h100_16']",6,rc_cr_threshold,0,single_region,,us-west1-a_h100_16,,49.36507936507937,50.0,0.2,1.05,51.833333333333336,103.66666666666667,True,True,['data/converted_multi_region_aligned_h100_16_merged'],2,3557.517032359994,0
Global Diverse (6),"['us-central1-a_h100_16', 'us-west1-a_h100_16', 'europe-west1-c_h100_16', 'europe-west3-c_h100_16', 'asia-southeast1-b_h100_16', 'asia-south2-b_h100_16']",6,rc_cr_threshold,0,single_region,,europe-west1-c_h100_16,,49.36507936507937,50.0,0.2,1.05,51.833333333333336,103.66666666666667,True,True,['data/converted_multi_region_aligned_h100_16_merged'],2,1786.477463743996,0
Global Diverse (6),"['us-central1-a_h100_16', 'us-west1-a_h100_16', 'europe-west1-c_h100_16', 'europe-west3-c_h100_16', 'asia-southeast1-b_h100_16', 'asia-south2-b_h100_16']",6,rc_cr_threshold,0,single_region,,europe-west3-c_h100_16,,49.36507936507937,50.0,0.2,1.05,51.833333333333336,103.66666666666667,True,True,['data/converted_multi_region_aligned_h100_16_merged'],2,4802.458378559996,0
Global Diverse (6),"['us-central1-a_h100_16', 'us-west1-a_h100_16', 'europe-west1-c_h100_16', 'europe-west3-c_h100_16', 'asia-southeast1-b_h100_16', 'asia-south2-b_h100_16']",6,rc_cr_threshold,0,single_region,,asia-southeast1-b_h100_16,,49.36507936507937,50.0,0.2,1.05,51.833333333333336,103.66666666666667,True,True,['data/converted_multi_region_aligned_h100_16_merged'],2,956.4004053333302,0
Global Diverse (6),"['us-central1-a_h100_16', 'us-west1-a_h100_16', 'europe-west1-c_h100_16', 'europe-west3-c_h100_16', 'asia-southeast1-b_h100_16', 'asia-south2-b_h100_16']",6,rc_cr_threshold,0,single_region,,asia-south2-b_h100_16,,49.36507936507937,50.0,0.2,1.05,51.833333333333336,103.66666666666667,True,True,['data/converted_multi_region_aligned_h100_16_merged'],2,3472.2024168746852,0
Global Diverse (6),"['us-central1-a_h100_16', 'us-west1-a_h100_16', 'europe-west1-c_h100_16', 'europe-west3-c_h100_16', 'asia-southeast1-b_h100_16', 'asia-south2-b_h100_16']",6,unified_cost_model_risk,0,multi_region,,,,49.36507936507937,50.0,0.2,1.05,51.833333333333336,155.5,True,True,['data/converted_multi_region_aligned_h100_16_merged'],3,836.136956862927,2
Global Diverse (6),"['us-central1-a_h100_16', 'us-west1-a_h100_16', 'europe-west1-c_h100_16', 'europe-west3-c_h100_16', 'asia-southeast1-b_h100_16', 'asia-south2-b_h100_16']",6,multi_region_oracle_dp,0,multi_region,,,,49.36507936507937,50.0,0.2,1.05,51.833333333333336,155.5,True,True,['data/converted_multi_region_aligned_h100_16_merged'],3,831.7511466666602,2
Global Diverse (6),"['us-central1-a_h100_16', 'us-west1-a_h100_16', 'europe-west1-c_h100_16', 'europe-west3-c_h100_16', 'asia-southeast1-b_h100_16', 'asia-south2-b_h100_16']",6,unified_cost_model_oracle,0,multi_region,,,,49.36507936507937,50.0,0.2,1.05,51.833333333333336,155.5,True,True,['data/converted_multi_region_aligned_h100_16_merged'],3,833.5921439999935,2
Global Diverse (6),"['us-central1-a_h100_16', 'us-west1-a_h100_16', 'europe-west1-c_h100_16', 'europe-west3-c_h100_16', 'asia-southeast1-b_h100_16', 'asia-south2-b_h100_16']",6,multi_region_rc_cr_threshold_eager_failover,0,multi_region,,,,49.36507936507937,50.0,0.2,1.05,51.833333333333336,155.5,True,True,['data/converted_multi_region_aligned_h100_16_merged'],3,833.4534559999937,2
Global Diverse (6),"['us-central1-a_h100_16', 'us-west1-a_h100_16', 'europe-west1-c_h100_16', 'europe-west3-c_h100_16', 'asia-southeast1-b_h100_16', 'asia-south2-b_h100_16']",6,multi_region_availability_probe_simple,0,multi_region,,,,49.36507936507937,50.0,0.2,1.05,51.833333333333336,155.5,True,True,['data/converted_multi_region_aligned_h100_16_merged'],3,997.2676805066718,1
Global Diverse (6),"['us-central1-a_h100_16', 'us-west1-a_h100_16', 'europe-west1-c_h100_16', 'europe-west3-c_h100_16', 'asia-southeast1-b_h100_16', 'asia-south2-b_h100_16']",6,multi_region_probe_cost_ratio,0,multi_region,,,,49.36507936507937,50.0,0.2,1.05,51.833333333333336,155.5,True,True,['data/converted_multi_region_aligned_h100_16_merged'],3,952.7391834133315,3
Global Diverse (6),"['us-central1-a_h100_16', 'us-west1-a_h100_16', 'europe-west1-c_h100_16', 'europe-west3-c_h100_16', 'asia-southeast1-b_h100_16', 'asia-south2-b_h100_16']",6,rc_cr_threshold,0,single_region,,us-central1-a_h100_16,,49.36507936507937,50.0,0.2,1.05,51.833333333333336,155.5,True,True,['data/converted_multi_region_aligned_h100_16_merged'],3,952.113568000005,0
Global Diverse (6),"['us-central1-a_h100_16', 'us-west1-a_h100_16', 'europe-west1-c_h100_16', 'europe-west3-c_h100_16', 'asia-southeast1-b_h100_16', 'asia-south2-b_h100_16']",6,rc_cr_threshold,0,single_region,,us-west1-a_h100_16,,49.36507936507937,50.0,0.2,1.05,51.833333333333336,155.5,True,True,['data/converted_multi_region_aligned_h100_16_merged'],3,945.7872320000049,0
Global Diverse (6),"['us-central1-a_h100_16', 'us-west1-a_h100_16', 'europe-west1-c_h100_16', 'europe-west3-c_h100_16', 'asia-southeast1-b_h100_16', 'asia-south2-b_h100_16']",6,rc_cr_threshold,0,single_region,,europe-west1-c_h100_16,,49.36507936507937,50.0,0.2,1.05,51.833333333333336,155.5,True,True,['data/converted_multi_region_aligned_h100_16_merged'],3,1240.0530482986635,0
Global Diverse (6),"['us-central1-a_h100_16', 'us-west1-a_h100_16', 'europe-west1-c_h100_16', 'europe-west3-c_h100_16', 'asia-southeast1-b_h100_16', 'asia-south2-b_h100_16']",6,rc_cr_threshold,0,single_region,,europe-west3-c_h100_16,,49.36507936507937,50.0,0.2,1.05,51.833333333333336,155.5,True,True,['data/converted_multi_region_aligned_h100_16_merged'],3,4002.3280741119856,0
Global Diverse (6),"['us-central1-a_h100_16', 'us-west1-a_h100_16', 'europe-west1-c_h100_16', 'europe-west3-c_h100_16', 'asia-southeast1-b_h100_16', 'asia-south2-b_h100_16']",6,rc_cr_threshold,0,single_region,,asia-southeast1-b_h100_16,,49.36507936507937,50.0,0.2,1.05,51.833333333333336,155.5,True,True,['data/converted_multi_region_aligned_h100_16_merged'],3,956.4004053333302,0
Global Diverse (6),"['us-central1-a_h100_16', 'us-west1-a_h100_16', 'europe-west1-c_h100_16', 'europe-west3-c_h100_16', 'asia-southeast1-b_h100_16', 'asia-south2-b_h100_16']",6,rc_cr_threshold,0,single_region,,asia-south2-b_h100_16,,49.36507936507937,50.0,0.2,1.05,51.833333333333336,155.5,True,True,['data/converted_multi_region_aligned_h100_16_merged'],3,3472.2024168746852,0
Global Diverse (6),"['us-central1-a_h100_16', 'us-west1-a_h100_16', 'europe-west1-c_h100_16', 'europe-west3-c_h100_16', 'asia-southeast1-b_h100_16', 'asia-south2-b_h100_16']",6,unified_cost_model_risk,0,multi_region,,,,49.36507936507937,50.0,0.2,1.05,51.833333333333336,207.33333333333334,True,True,['data/converted_multi_region_aligned_h100_16_merged'],4,908.7075797962711,2
Global Diverse (6),"['us-central1-a_h100_16', 'us-west1-a_h100_16', 'europe-west1-c_h100_16', 'europe-west3-c_h100_16', 'asia-southeast1-b_h100_16', 'asia-south2-b_h100_16']",6,multi_region_oracle_dp,0,multi_region,,,,49.36507936507937,50.0,0.2,1.05,51.833333333333336,207.33333333333334,True,True,['data/converted_multi_region_aligned_h100_16_merged'],4,869.7131999999966,3
Global Diverse (6),"['us-central1-a_h100_16', 'us-west1-a_h100_16', 'europe-west1-c_h100_16', 'europe-west3-c_h100_16', 'asia-southeast1-b_h100_16', 'asia-south2-b_h100_16']",6,unified_cost_model_oracle,0,multi_region,,,,49.36507936507937,50.0,0.2,1.05,51.833333333333336,207.33333333333334,True,True,['data/converted_multi_region_aligned_h100_16_merged'],4,876.1004266666666,2
Global Diverse (6),"['us-central1-a_h100_16', 'us-west1-a_h100_16', 'europe-west1-c_h100_16', 'europe-west3-c_h100_16', 'asia-southeast1-b_h100_16', 'asia-south2-b_h100_16']",6,multi_region_rc_cr_threshold_eager_failover,0,multi_region,,,,49.36507936507937,50.0,0.2,1.05,51.833333333333336,207.33333333333334,True,True,['data/converted_multi_region_aligned_h100_16_merged'],4,905.7319253333377,2
Global Diverse (6),"['us-central1-a_h100_16', 'us-west1-a_h100_16', 'europe-west1-c_h100_16', 'europe-west3-c_h100_16', 'asia-southeast1-b_h100_16', 'asia-south2-b_h100_16']",6,multi_region_availability_probe_simple,0,multi_region,,,,49.36507936507937,50.0,0.2,1.05,51.833333333333336,207.33333333333334,True,True,['data/converted_multi_region_aligned_h100_16_merged'],4,1001.3146293066719,2
Global Diverse (6),"['us-central1-a_h100_16', 'us-west1-a_h100_16', 'europe-west1-c_h100_16', 'europe-west3-c_h100_16', 'asia-southeast1-b_h100_16', 'asia-south2-b_h100_16']",6,multi_region_probe_cost_ratio,0,multi_region,,,,49.36507936507937,50.0,0.2,1.05,51.833333333333336,207.33333333333334,True,True,['data/converted_multi_region_aligned_h100_16_merged'],4,1010.941645280005,1
Global Diverse (6),"['us-central1-a_h100_16', 'us-west1-a_h100_16', 'europe-west1-c_h100_16', 'europe-west3-c_h100_16', 'asia-southeast1-b_h100_16', 'asia-south2-b_h100_16']",6,rc_cr_threshold,0,single_region,,us-central1-a_h100_16,,49.36507936507937,50.0,0.2,1.05,51.833333333333336,207.33333333333334,True,True,['data/converted_multi_region_aligned_h100_16_merged'],4,945.7872320000049,0
Global Diverse (6),"['us-central1-a_h100_16', 'us-west1-a_h100_16', 'europe-west1-c_h100_16', 'europe-west3-c_h100_16', 'asia-southeast1-b_h100_16', 'asia-south2-b_h100_16']",6,rc_cr_threshold,0,single_region,,us-west1-a_h100_16,,49.36507936507937,50.0,0.2,1.05,51.833333333333336,207.33333333333334,True,True,['data/converted_multi_region_aligned_h100_16_merged'],4,1979.4474543533422,0
Global Diverse (6),"['us-central1-a_h100_16', 'us-west1-a_h100_16', 'europe-west1-c_h100_16', 'europe-west3-c_h100_16', 'asia-southeast1-b_h100_16', 'asia-south2-b_h100_16']",6,rc_cr_threshold,0,single_region,,europe-west1-c_h100_16,,49.36507936507937,50.0,0.2,1.05,51.833333333333336,207.33333333333334,True,True,['data/converted_multi_region_aligned_h100_16_merged'],4,2444.67050962133,0
Global Diverse (6),"['us-central1-a_h100_16', 'us-west1-a_h100_16', 'europe-west1-c_h100_16', 'europe-west3-c_h100_16', 'asia-southeast1-b_h100_16', 'asia-south2-b_h100_16']",6,rc_cr_threshold,0,single_region,,europe-west3-c_h100_16,,49.36507936507937,50.0,0.2,1.05,51.833333333333336,207.33333333333334,True,True,['data/converted_multi_region_aligned_h100_16_merged'],4,3434.60787865598,0
Global Diverse (6),"['us-central1-a_h100_16', 'us-west1-a_h100_16', 'europe-west1-c_h100_16', 'europe-west3-c_h100_16', 'asia-southeast1-b_h100_16', 'asia-south2-b_h100_16']",6,rc_cr_threshold,0,single_region,,asia-southeast1-b_h100_16,,49.36507936507937,50.0,0.2,1.05,51.833333333333336,207.33333333333334,True,True,['data/converted_multi_region_aligned_h100_16_merged'],4,956.4004053333302,0
Global Diverse (6),"['us-central1-a_h100_16', 'us-west1-a_h100_16', 'europe-west1-c_h100_16', 'europe-west3-c_h100_16', 'asia-southeast1-b_h100_16', 'asia-south2-b_h100_16']",6,rc_cr_threshold,0,single_region,,asia-south2-b_h100_16,,49.36507936507937,50.0,0.2,1.05,51.833333333333336,207.33333333333334,True,True,['data/converted_multi_region_aligned_h100_16_merged'],4,3472.2024168746852,0
Global Diverse (6),"['us-central1-a_h100_16', 'us-west1-a_h100_16', 'europe-west1-c_h100_16', 'europe-west3-c_h100_16', 'asia-southeast1-b_h100_16', 'asia-south2-b_h100_16']",6,unified_cost_model_risk,0,multi_region,,,,49.36507936507937,50.0,0.2,1.05,51.833333333333336,259.1666666666667,True,True,['data/converted_multi_region_aligned_h100_16_merged'],5,812.048735529596,0
Global Diverse (6),"['us-central1-a_h100_16', 'us-west1-a_h100_16', 'europe-west1-c_h100_16', 'europe-west3-c_h100_16', 'asia-southeast1-b_h100_16', 'asia-south2-b_h100_16']",6,multi_region_oracle_dp,0,multi_region,,,,49.36507936507937,50.0,0.2,1.05,51.833333333333336,259.1666666666667,True,True,['data/converted_multi_region_aligned_h100_16_merged'],5,809.637839999996,0
Global Diverse (6),"['us-central1-a_h100_16', 'us-west1-a_h100_16', 'europe-west1-c_h100_16', 'europe-west3-c_h100_16', 'asia-southeast1-b_h100_16', 'asia-south2-b_h100_16']",6,unified_cost_model_oracle,0,multi_region,,,,49.36507936507937,50.0,0.2,1.05,51.833333333333336,259.1666666666667,True,True,['data/converted_multi_region_aligned_h100_16_merged'],5,809.637839999996,0
Global Diverse (6),"['us-central1-a_h100_16', 'us-west1-a_h100_16', 'europe-west1-c_h100_16', 'europe-west3-c_h100_16', 'asia-southeast1-b_h100_16', 'asia-south2-b_h100_16']",6,multi_region_rc_cr_threshold_eager_failover,0,multi_region,,,,49.36507936507937,50.0,0.2,1.05,51.833333333333336,259.1666666666667,True,True,['data/converted_multi_region_aligned_h100_16_merged'],5,809.637839999996,0
Global Diverse (6),"['us-central1-a_h100_16', 'us-west1-a_h100_16', 'europe-west1-c_h100_16', 'europe-west3-c_h100_16', 'asia-southeast1-b_h100_16', 'asia-south2-b_h100_16']",6,multi_region_availability_probe_simple,0,multi_region,,,,49.36507936507937,50.0,0.2,1.05,51.833333333333336,259.1666666666667,True,True,['data/converted_multi_region_aligned_h100_16_merged'],5,965.5662266400002,1
Global Diverse (6),"['us-central1-a_h100_16', 'us-west1-a_h100_16', 'europe-west1-c_h100_16', 'europe-west3-c_h100_16', 'asia-southeast1-b_h100_16', 'asia-south2-b_h100_16']",6,multi_region_probe_cost_ratio,0,multi_region,,,,49.36507936507937,50.0,0.2,1.05,51.833333333333336,259.1666666666667,True,True,['data/converted_multi_region_aligned_h100_16_merged'],5,924.8052308799953,0
Global Diverse (6),"['us-central1-a_h100_16', 'us-west1-a_h100_16', 'europe-west1-c_h100_16', 'europe-west3-c_h100_16', 'asia-southeast1-b_h100_16', 'asia-south2-b_h100_16']",6,rc_cr_threshold,0,single_region,,us-central1-a_h100_16,,49.36507936507937,50.0,0.2,1.05,51.833333333333336,259.1666666666667,True,True,['data/converted_multi_region_aligned_h100_16_merged'],5,945.7872320000049,0
Global Diverse (6),"['us-central1-a_h100_16', 'us-west1-a_h100_16', 'europe-west1-c_h100_16', 'europe-west3-c_h100_16', 'asia-southeast1-b_h100_16', 'asia-south2-b_h100_16']",6,rc_cr_threshold,0,single_region,,us-west1-a_h100_16,,49.36507936507937,50.0,0.2,1.05,51.833333333333336,259.1666666666667,True,True,['data/converted_multi_region_aligned_h100_16_merged'],5,3623.1250593266604,0
Global Diverse (6),"['us-central1-a_h100_16', 'us-west1-a_h100_16', 'europe-west1-c_h100_16', 'europe-west3-c_h100_16', 'asia-southeast1-b_h100_16', 'asia-south2-b_h100_16']",6,rc_cr_threshold,0,single_region,,europe-west1-c_h100_16,,49.36507936507937,50.0,0.2,1.05,51.833333333333336,259.1666666666667,True,True,['data/converted_multi_region_aligned_h100_16_merged'],5,812.3638933333293,0
Global Diverse (6),"['us-central1-a_h100_16', 'us-west1-a_h100_16', 'europe-west1-c_h100_16', 'europe-west3-c_h100_16', 'asia-southeast1-b_h100_16', 'asia-south2-b_h100_16']",6,rc_cr_threshold,0,single_region,,europe-west3-c_h100_16,,49.36507936507937,50.0,0.2,1.05,51.833333333333336,259.1666666666667,True,True,['data/converted_multi_region_aligned_h100_16_merged'],5,870.6177279999939,0
Global Diverse (6),"['us-central1-a_h100_16', 'us-west1-a_h100_16', 'europe-west1-c_h100_16', 'europe-west3-c_h100_16', 'asia-southeast1-b_h100_16', 'asia-south2-b_h100_16']",6,rc_cr_threshold,0,single_region,,asia-southeast1-b_h100_16,,49.36507936507937,50.0,0.2,1.05,51.833333333333336,259.1666666666667,True,True,['data/converted_multi_region_aligned_h100_16_merged'],5,956.4004053333302,0
Global Diverse (6),"['us-central1-a_h100_16', 'us-west1-a_h100_16', 'europe-west1-c_h100_16', 'europe-west3-c_h100_16', 'asia-southeast1-b_h100_16', 'asia-south2-b_h100_16']",6,rc_cr_threshold,0,single_region,,asia-south2-b_h100_16,,49.36507936507937,50.0,0.2,1.05,51.833333333333336,259.1666666666667,True,True,['data/converted_multi_region_aligned_h100_16_merged'],5,3483.854102837352,0
Global Diverse (6),"['us-central1-a_h100_16', 'us-west1-a_h100_16', 'europe-west1-c_h100_16', 'europe-west3-c_h100_16', 'asia-southeast1-b_h100_16', 'asia-south2-b_h100_16']",6,unified_cost_model_risk,0,multi_region,,,,47.12121212121212,50.0,0.2,1.1,51.833333333333336,0.0,True,True,['data/converted_multi_region_aligned_h100_16_merged'],0,773.8839888629296,0
Global Diverse (6),"['us-central1-a_h100_16', 'us-west1-a_h100_16', 'europe-west1-c_h100_16', 'europe-west3-c_h100_16', 'asia-southeast1-b_h100_16', 'asia-south2-b_h100_16']",6,multi_region_oracle_dp,0,multi_region,,,,47.12121212121212,50.0,0.2,1.1,51.833333333333336,0.0,True,True,['data/converted_multi_region_aligned_h100_16_merged'],0,771.4730933333296,0
Global Diverse (6),"['us-central1-a_h100_16', 'us-west1-a_h100_16', 'europe-west1-c_h100_16', 'europe-west3-c_h100_16', 'asia-southeast1-b_h100_16', 'asia-south2-b_h100_16']",6,unified_cost_model_oracle,0,multi_region,,,,47.12121212121212,50.0,0.2,1.1,51.833333333333336,0.0,True,True,['data/converted_multi_region_aligned_h100_16_merged'],0,771.4730933333296,0
Global Diverse (6),"['us-central1-a_h100_16', 'us-west1-a_h100_16', 'europe-west1-c_h100_16', 'europe-west3-c_h100_16', 'asia-southeast1-b_h100_16', 'asia-south2-b_h100_16']",6,multi_region_rc_cr_threshold_eager_failover,0,multi_region,,,,47.12121212121212,50.0,0.2,1.1,51.833333333333336,0.0,True,True,['data/converted_multi_region_aligned_h100_16_merged'],0,771.4730933333296,0
Global Diverse (6),"['us-central1-a_h100_16', 'us-west1-a_h100_16', 'europe-west1-c_h100_16', 'europe-west3-c_h100_16', 'asia-southeast1-b_h100_16', 'asia-south2-b_h100_16']",6,multi_region_availability_probe_simple,0,multi_region,,,,47.12121212121212,50.0,0.2,1.1,51.833333333333336,0.0,True,True,['data/converted_multi_region_aligned_h100_16_merged'],0,883.5158239103954,3
Global Diverse (6),"['us-central1-a_h100_16', 'us-west1-a_h100_16', 'europe-west1-c_h100_16', 'europe-west3-c_h100_16', 'asia-southeast1-b_h100_16', 'asia-south2-b_h100_16']",6,multi_region_probe_cost_ratio,0,multi_region,,,,47.12121212121212,50.0,0.2,1.1,51.833333333333336,0.0,True,True,['data/converted_multi_region_aligned_h100_16_merged'],0,859.4526536874612,0
Global Diverse (6),"['us-central1-a_h100_16', 'us-west1-a_h100_16', 'europe-west1-c_h100_16', 'europe-west3-c_h100_16', 'asia-southeast1-b_h100_16', 'asia-south2-b_h100_16']",6,rc_cr_threshold,0,single_region,,us-central1-a_h100_16,,47.12121212121212,50.0,0.2,1.1,51.833333333333336,0.0,True,True,['data/converted_multi_region_aligned_h100_16_merged'],0,1366.4084367133435,0
Global Diverse (6),"['us-central1-a_h100_16', 'us-west1-a_h100_16', 'europe-west1-c_h100_16', 'europe-west3-c_h100_16', 'asia-southeast1-b_h100_16', 'asia-south2-b_h100_16']",6,rc_cr_threshold,0,single_region,,us-west1-a_h100_16,,47.12121212121212,50.0,0.2,1.1,51.833333333333336,0.0,True,True,['data/converted_multi_region_aligned_h100_16_merged'],0,1330.3704887400024,0
Global Diverse (6),"['us-central1-a_h100_16', 'us-west1-a_h100_16', 'europe-west1-c_h100_16', 'europe-west3-c_h100_16', 'asia-southeast1-b_h100_16', 'asia-south2-b_h100_16']",6,rc_cr_threshold,0,single_region,,europe-west1-c_h100_16,,47.12121212121212,50.0,0.2,1.1,51.833333333333336,0.0,True,True,['data/converted_multi_region_aligned_h100_16_merged'],0,774.199146666663,0
Global Diverse (6),"['us-central1-a_h100_16', 'us-west1-a_h100_16', 'europe-west1-c_h100_16', 'europe-west3-c_h100_16', 'asia-southeast1-b_h100_16', 'asia-south2-b_h100_16']",6,rc_cr_threshold,0,single_region,,europe-west3-c_h100_16,,47.12121212121212,50.0,0.2,1.1,51.833333333333336,0.0,True,True,['data/converted_multi_region_aligned_h100_16_merged'],0,4011.738899583993,0
Global Diverse (6),"['us-central1-a_h100_16', 'us-west1-a_h100_16', 'europe-west1-c_h100_16', 'europe-west3-c_h100_16', 'asia-southeast1-b_h100_16', 'asia-south2-b_h100_16']",6,rc_cr_threshold,0,single_region,,asia-southeast1-b_h100_16,,47.12121212121212,50.0,0.2,1.1,51.833333333333336,0.0,True,True,['data/converted_multi_region_aligned_h100_16_merged'],0,5027.575224650648,0
Global Diverse (6),"['us-central1-a_h100_16', 'us-west1-a_h100_16', 'europe-west1-c_h100_16', 'europe-west3-c_h100_16', 'asia-southeast1-b_h100_16', 'asia-south2-b_h100_16']",6,rc_cr_threshold,0,single_region,,asia-south2-b_h100_16,,47.12121212121212,50.0,0.2,1.1,51.833333333333336,0.0,True,True,['data/converted_multi_region_aligned_h100_16_merged'],0,3309.0788133973506,0
Global Diverse (6),"['us-central1-a_h100_16', 'us-west1-a_h100_16', 'europe-west1-c_h100_16', 'europe-west3-c_h100_16', 'asia-southeast1-b_h100_16', 'asia-south2-b_h100_16']",6,unified_cost_model_risk,0,multi_region,,,,47.12121212121212,50.0,0.2,1.1,51.833333333333336,51.833333333333336,True,True,['data/converted_multi_region_aligned_h100_16_merged'],1,902.5569547295988,5
Global Diverse (6),"['us-central1-a_h100_16', 'us-west1-a_h100_16', 'europe-west1-c_h100_16', 'europe-west3-c_h100_16', 'asia-southeast1-b_h100_16', 'asia-south2-b_h100_16']",6,multi_region_oracle_dp,0,multi_region,,,,47.12121212121212,50.0,0.2,1.1,51.833333333333336,51.833333333333336,True,True,['data/converted_multi_region_aligned_h100_16_merged'],1,814.4642666666625,4
Global Diverse (6),"['us-central1-a_h100_16', 'us-west1-a_h100_16', 'europe-west1-c_h100_16', 'europe-west3-c_h100_16', 'asia-southeast1-b_h100_16', 'asia-south2-b_h100_16']",6,unified_cost_model_oracle,0,multi_region,,,,47.12121212121212,50.0,0.2,1.1,51.833333333333336,51.833333333333336,True,True,['data/converted_multi_region_aligned_h100_16_merged'],1,870.5604505173288,7
Global Diverse (6),"['us-central1-a_h100_16', 'us-west1-a_h100_16', 'europe-west1-c_h100_16', 'europe-west3-c_h100_16', 'asia-southeast1-b_h100_16', 'asia-south2-b_h100_16']",6,multi_region_rc_cr_threshold_eager_failover,0,multi_region,,,,47.12121212121212,50.0,0.2,1.1,51.833333333333336,51.833333333333336,True,True,['data/converted_multi_region_aligned_h100_16_merged'],1,2665.3968527893458,2
Global Diverse (6),"['us-central1-a_h100_16', 'us-west1-a_h100_16', 'europe-west1-c_h100_16', 'europe-west3-c_h100_16', 'asia-southeast1-b_h100_16', 'asia-south2-b_h100_16']",6,multi_region_availability_probe_simple,0,multi_region,,,,47.12121212121212,50.0,0.2,1.1,51.833333333333336,51.833333333333336,True,True,['data/converted_multi_region_aligned_h100_16_merged'],1,2722.271719929615,2
Global Diverse (6),"['us-central1-a_h100_16', 'us-west1-a_h100_16', 'europe-west1-c_h100_16', 'europe-west3-c_h100_16', 'asia-southeast1-b_h100_16', 'asia-south2-b_h100_16']",6,multi_region_probe_cost_ratio,0,multi_region,,,,47.12121212121212,50.0,0.2,1.1,51.833333333333336,51.833333333333336,True,True,['data/converted_multi_region_aligned_h100_16_merged'],1,1026.9704577717384,13
Global Diverse (6),"['us-central1-a_h100_16', 'us-west1-a_h100_16', 'europe-west1-c_h100_16', 'europe-west3-c_h100_16', 'asia-southeast1-b_h100_16', 'asia-south2-b_h100_16']",6,rc_cr_threshold,0,single_region,,us-central1-a_h100_16,,47.12121212121212,50.0,0.2,1.1,51.833333333333336,51.833333333333336,True,True,['data/converted_multi_region_aligned_h100_16_merged'],1,1367.3684707266755,0
Global Diverse (6),"['us-central1-a_h100_16', 'us-west1-a_h100_16', 'europe-west1-c_h100_16', 'europe-west3-c_h100_16', 'asia-southeast1-b_h100_16', 'asia-south2-b_h100_16']",6,rc_cr_threshold,0,single_region,,us-west1-a_h100_16,,47.12121212121212,50.0,0.2,1.1,51.833333333333336,51.833333333333336,True,True,['data/converted_multi_region_aligned_h100_16_merged'],1,3935.7739530999897,0
Global Diverse (6),"['us-central1-a_h100_16', 'us-west1-a_h100_16', 'europe-west1-c_h100_16', 'europe-west3-c_h100_16', 'asia-southeast1-b_h100_16', 'asia-south2-b_h100_16']",6,rc_cr_threshold,0,single_region,,europe-west1-c_h100_16,,47.12121212121212,50.0,0.2,1.1,51.833333333333336,51.833333333333336,True,True,['data/converted_multi_region_aligned_h100_16_merged'],1,1888.856404223998,0
Global Diverse (6),"['us-central1-a_h100_16', 'us-west1-a_h100_16', 'europe-west1-c_h100_16', 'europe-west3-c_h100_16', 'asia-southeast1-b_h100_16', 'asia-south2-b_h100_16']",6,rc_cr_threshold,0,single_region,,europe-west3-c_h100_16,,47.12121212121212,50.0,0.2,1.1,51.833333333333336,51.833333333333336,True,True,['data/converted_multi_region_aligned_h100_16_merged'],1,4128.593560895997,0
Global Diverse (6),"['us-central1-a_h100_16', 'us-west1-a_h100_16', 'europe-west1-c_h100_16', 'europe-west3-c_h100_16', 'asia-southeast1-b_h100_16', 'asia-south2-b_h100_16']",6,rc_cr_threshold,0,single_region,,asia-southeast1-b_h100_16,,47.12121212121212,50.0,0.2,1.1,51.833333333333336,51.833333333333336,True,True,['data/converted_multi_region_aligned_h100_16_merged'],1,3832.9381220053438,0
Global Diverse (6),"['us-central1-a_h100_16', 'us-west1-a_h100_16', 'europe-west1-c_h100_16', 'europe-west3-c_h100_16', 'asia-southeast1-b_h100_16', 'asia-south2-b_h100_16']",6,rc_cr_threshold,0,single_region,,asia-south2-b_h100_16,,47.12121212121212,50.0,0.2,1.1,51.833333333333336,51.833333333333336,True,True,['data/converted_multi_region_aligned_h100_16_merged'],1,3309.0788133973506,0
Global Diverse (6),"['us-central1-a_h100_16', 'us-west1-a_h100_16', 'europe-west1-c_h100_16', 'europe-west3-c_h100_16', 'asia-southeast1-b_h100_16', 'asia-south2-b_h100_16']",6,unified_cost_model_risk,0,multi_region,,,,47.12121212121212,50.0,0.2,1.1,51.833333333333336,103.66666666666667,True,True,['data/converted_multi_region_aligned_h100_16_merged'],2,911.5204907295974,2
Global Diverse (6),"['us-central1-a_h100_16', 'us-west1-a_h100_16', 'europe-west1-c_h100_16', 'europe-west3-c_h100_16', 'asia-southeast1-b_h100_16', 'asia-south2-b_h100_16']",6,multi_region_oracle_dp,0,multi_region,,,,47.12121212121212,50.0,0.2,1.1,51.833333333333336,103.66666666666667,True,True,['data/converted_multi_region_aligned_h100_16_merged'],2,786.8966293333294,2
Global Diverse (6),"['us-central1-a_h100_16', 'us-west1-a_h100_16', 'europe-west1-c_h100_16', 'europe-west3-c_h100_16', 'asia-southeast1-b_h100_16', 'asia-south2-b_h100_16']",6,unified_cost_model_oracle,0,multi_region,,,,47.12121212121212,50.0,0.2,1.1,51.833333333333336,103.66666666666667,True,True,['data/converted_multi_region_aligned_h100_16_merged'],2,804.5091199999956,1
Global Diverse (6),"['us-central1-a_h100_16', 'us-west1-a_h100_16', 'europe-west1-c_h100_16', 'europe-west3-c_h100_16', 'asia-southeast1-b_h100_16', 'asia-south2-b_h100_16']",6,multi_region_rc_cr_threshold_eager_failover,0,multi_region,,,,47.12121212121212,50.0,0.2,1.1,51.833333333333336,103.66666666666667,True,True,['data/converted_multi_region_aligned_h100_16_merged'],2,908.8128266666641,2
Global Diverse (6),"['us-central1-a_h100_16', 'us-west1-a_h100_16', 'europe-west1-c_h100_16', 'europe-west3-c_h100_16', 'asia-southeast1-b_h100_16', 'asia-south2-b_h100_16']",6,multi_region_availability_probe_simple,0,multi_region,,,,47.12121212121212,50.0,0.2,1.1,51.833333333333336,103.66666666666667,True,True,['data/converted_multi_region_aligned_h100_16_merged'],2,954.7653737770632,1
Global Diverse (6),"['us-central1-a_h100_16', 'us-west1-a_h100_16', 'europe-west1-c_h100_16', 'europe-west3-c_h100_16', 'asia-southeast1-b_h100_16', 'asia-south2-b_h100_16']",6,multi_region_probe_cost_ratio,0,multi_region,,,,47.12121212121212,50.0,0.2,1.1,51.833333333333336,103.66666666666667,True,True,['data/converted_multi_region_aligned_h100_16_merged'],2,991.5807560874623,2
Global Diverse (6),"['us-central1-a_h100_16', 'us-west1-a_h100_16', 'europe-west1-c_h100_16', 'europe-west3-c_h100_16', 'asia-southeast1-b_h100_16', 'asia-south2-b_h100_16']",6,rc_cr_threshold,0,single_region,,us-central1-a_h100_16,,47.12121212121212,50.0,0.2,1.1,51.833333333333336,103.66666666666667,True,True,['data/converted_multi_region_aligned_h100_16_merged'],2,1563.3740505933422,0
Global Diverse (6),"['us-central1-a_h100_16', 'us-west1-a_h100_16', 'europe-west1-c_h100_16', 'europe-west3-c_h100_16', 'asia-southeast1-b_h100_16', 'asia-south2-b_h100_16']",6,rc_cr_threshold,0,single_region,,us-west1-a_h100_16,,47.12121212121212,50.0,0.2,1.1,51.833333333333336,103.66666666666667,True,True,['data/converted_multi_region_aligned_h100_16_merged'],2,3165.7889385866633,0
Global Diverse (6),"['us-central1-a_h100_16', 'us-west1-a_h100_16', 'europe-west1-c_h100_16', 'europe-west3-c_h100_16', 'asia-southeast1-b_h100_16', 'asia-south2-b_h100_16']",6,rc_cr_threshold,0,single_region,,europe-west1-c_h100_16,,47.12121212121212,50.0,0.2,1.1,51.833333333333336,103.66666666666667,True,True,['data/converted_multi_region_aligned_h100_16_merged'],2,1279.1267752533286,0
Global Diverse (6),"['us-central1-a_h100_16', 'us-west1-a_h100_16', 'europe-west1-c_h100_16', 'europe-west3-c_h100_16', 'asia-southeast1-b_h100_16', 'asia-south2-b_h100_16']",6,rc_cr_threshold,0,single_region,,europe-west3-c_h100_16,,47.12121212121212,50.0,0.2,1.1,51.833333333333336,103.66666666666667,True,True,['data/converted_multi_region_aligned_h100_16_merged'],2,4591.468347775996,0
Global Diverse (6),"['us-central1-a_h100_16', 'us-west1-a_h100_16', 'europe-west1-c_h100_16', 'europe-west3-c_h100_16', 'asia-southeast1-b_h100_16', 'asia-south2-b_h100_16']",6,rc_cr_threshold,0,single_region,,asia-southeast1-b_h100_16,,47.12121212121212,50.0,0.2,1.1,51.833333333333336,103.66666666666667,True,True,['data/converted_multi_region_aligned_h100_16_merged'],2,911.468842666664,0
Global Diverse (6),"['us-central1-a_h100_16', 'us-west1-a_h100_16', 'europe-west1-c_h100_16', 'europe-west3-c_h100_16', 'asia-southeast1-b_h100_16', 'asia-south2-b_h100_16']",6,rc_cr_threshold,0,single_region,,asia-south2-b_h100_16,,47.12121212121212,50.0,0.2,1.1,51.833333333333336,103.66666666666667,True,True,['data/converted_multi_region_aligned_h100_16_merged'],2,3309.0788133973506,0
Global Diverse (6),"['us-central1-a_h100_16', 'us-west1-a_h100_16', 'europe-west1-c_h100_16', 'europe-west3-c_h100_16', 'asia-southeast1-b_h100_16', 'asia-south2-b_h100_16']",6,unified_cost_model_risk,0,multi_region,,,,47.12121212121212,50.0,0.2,1.1,51.833333333333336,155.5,True,True,['data/converted_multi_region_aligned_h100_16_merged'],3,793.5105568629275,1
Global Diverse (6),"['us-central1-a_h100_16', 'us-west1-a_h100_16', 'europe-west1-c_h100_16', 'europe-west3-c_h100_16', 'asia-southeast1-b_h100_16', 'asia-south2-b_h100_16']",6,multi_region_oracle_dp,0,multi_region,,,,47.12121212121212,50.0,0.2,1.1,51.833333333333336,155.5,True,True,['data/converted_multi_region_aligned_h100_16_merged'],3,784.5609066666623,1
Global Diverse (6),"['us-central1-a_h100_16', 'us-west1-a_h100_16', 'europe-west1-c_h100_16', 'europe-west3-c_h100_16', 'asia-southeast1-b_h100_16', 'asia-south2-b_h100_16']",6,unified_cost_model_oracle,0,multi_region,,,,47.12121212121212,50.0,0.2,1.1,51.833333333333336,155.5,True,True,['data/converted_multi_region_aligned_h100_16_merged'],3,790.8270559999942,1
Global Diverse (6),"['us-central1-a_h100_16', 'us-west1-a_h100_16', 'europe-west1-c_h100_16', 'europe-west3-c_h100_16', 'asia-southeast1-b_h100_16', 'asia-south2-b_h100_16']",6,multi_region_rc_cr_threshold_eager_failover,0,multi_region,,,,47.12121212121212,50.0,0.2,1.1,51.833333333333336,155.5,True,True,['data/converted_multi_region_aligned_h100_16_merged'],3,790.8270559999942,1
Global Diverse (6),"['us-central1-a_h100_16', 'us-west1-a_h100_16', 'europe-west1-c_h100_16', 'europe-west3-c_h100_16', 'asia-southeast1-b_h100_16', 'asia-south2-b_h100_16']",6,multi_region_availability_probe_simple,0,multi_region,,,,47.12121212121212,50.0,0.2,1.1,51.833333333333336,155.5,True,True,['data/converted_multi_region_aligned_h100_16_merged'],3,954.0519177770713,1
Global Diverse (6),"['us-central1-a_h100_16', 'us-west1-a_h100_16', 'europe-west1-c_h100_16', 'europe-west3-c_h100_16', 'asia-southeast1-b_h100_16', 'asia-south2-b_h100_16']",6,multi_region_probe_cost_ratio,0,multi_region,,,,47.12121212121212,50.0,0.2,1.1,51.833333333333336,155.5,True,True,['data/converted_multi_region_aligned_h100_16_merged'],3,907.4288419541309,3
Global Diverse (6),"['us-central1-a_h100_16', 'us-west1-a_h100_16', 'europe-west1-c_h100_16', 'europe-west3-c_h100_16', 'asia-southeast1-b_h100_16', 'asia-south2-b_h100_16']",6,rc_cr_threshold,0,single_region,,us-central1-a_h100_16,,47.12121212121212,50.0,0.2,1.1,51.833333333333336,155.5,True,True,['data/converted_multi_region_aligned_h100_16_merged'],3,910.9923840000044,0
Global Diverse (6),"['us-central1-a_h100_16', 'us-west1-a_h100_16', 'europe-west1-c_h100_16', 'europe-west3-c_h100_16', 'asia-southeast1-b_h100_16', 'asia-south2-b_h100_16']",6,rc_cr_threshold,0,single_region,,us-west1-a_h100_16,,47.12121212121212,50.0,0.2,1.1,51.833333333333336,155.5,True,True,['data/converted_multi_region_aligned_h100_16_merged'],3,904.6660480000044,0
Global Diverse (6),"['us-central1-a_h100_16', 'us-west1-a_h100_16', 'europe-west1-c_h100_16', 'europe-west3-c_h100_16', 'asia-southeast1-b_h100_16', 'asia-south2-b_h100_16']",6,rc_cr_threshold,0,single_region,,europe-west1-c_h100_16,,47.12121212121212,50.0,0.2,1.1,51.833333333333336,155.5,True,True,['data/converted_multi_region_aligned_h100_16_merged'],3,1043.1707776746634,0
Global Diverse (6),"['us-central1-a_h100_16', 'us-west1-a_h100_16', 'europe-west1-c_h100_16', 'europe-west3-c_h100_16', 'asia-southeast1-b_h100_16', 'asia-south2-b_h100_16']",6,rc_cr_threshold,0,single_region,,europe-west3-c_h100_16,,47.12121212121212,50.0,0.2,1.1,51.833333333333336,155.5,True,True,['data/converted_multi_region_aligned_h100_16_merged'],3,3322.6201844479806,0
Global Diverse (6),"['us-central1-a_h100_16', 'us-west1-a_h100_16', 'europe-west1-c_h100_16', 'europe-west3-c_h100_16', 'asia-southeast1-b_h100_16', 'asia-south2-b_h100_16']",6,rc_cr_threshold,0,single_region,,asia-southeast1-b_h100_16,,47.12121212121212,50.0,0.2,1.1,51.833333333333336,155.5,True,True,['data/converted_multi_region_aligned_h100_16_merged'],3,911.468842666664,0
Global Diverse (6),"['us-central1-a_h100_16', 'us-west1-a_h100_16', 'europe-west1-c_h100_16', 'europe-west3-c_h100_16', 'asia-southeast1-b_h100_16', 'asia-south2-b_h100_16']",6,rc_cr_threshold,0,single_region,,asia-south2-b_h100_16,,47.12121212121212,50.0,0.2,1.1,51.833333333333336,155.5,True,True,['data/converted_multi_region_aligned_h100_16_merged'],3,3309.0788133973506,0
Global Diverse (6),"['us-central1-a_h100_16', 'us-west1-a_h100_16', 'europe-west1-c_h100_16', 'europe-west3-c_h100_16', 'asia-southeast1-b_h100_16', 'asia-south2-b_h100_16']",6,unified_cost_model_risk,0,multi_region,,,,47.12121212121212,50.0,0.2,1.1,51.833333333333336,207.33333333333334,True,True,['data/converted_multi_region_aligned_h100_16_merged'],4,867.5863957962706,2
Global Diverse (6),"['us-central1-a_h100_16', 'us-west1-a_h100_16', 'europe-west1-c_h100_16', 'europe-west3-c_h100_16', 'asia-southeast1-b_h100_16', 'asia-south2-b_h100_16']",6,multi_region_oracle_dp,0,multi_region,,,,47.12121212121212,50.0,0.2,1.1,51.833333333333336,207.33333333333334,True,True,['data/converted_multi_region_aligned_h100_16_merged'],4,828.1549013333293,3
Global Diverse (6),"['us-central1-a_h100_16', 'us-west1-a_h100_16', 'europe-west1-c_h100_16', 'europe-west3-c_h100_16', 'asia-southeast1-b_h100_16', 'asia-south2-b_h100_16']",6,unified_cost_model_oracle,0,multi_region,,,,47.12121212121212,50.0,0.2,1.1,51.833333333333336,207.33333333333334,True,True,['data/converted_multi_region_aligned_h100_16_merged'],4,840.6617333333336,2
Global Diverse (6),"['us-central1-a_h100_16', 'us-west1-a_h100_16', 'europe-west1-c_h100_16', 'europe-west3-c_h100_16', 'asia-southeast1-b_h100_16', 'asia-south2-b_h100_16']",6,multi_region_rc_cr_threshold_eager_failover,0,multi_region,,,,47.12121212121212,50.0,0.2,1.1,51.833333333333336,207.33333333333334,True,True,['data/converted_multi_region_aligned_h100_16_merged'],4,864.6107413333372,2
Global Diverse (6),"['us-central1-a_h100_16', 'us-west1-a_h100_16', 'europe-west1-c_h100_16', 'europe-west3-c_h100_16', 'asia-southeast1-b_h100_16', 'asia-south2-b_h100_16']",6,multi_region_availability_probe_simple,0,multi_region,,,,47.12121212121212,50.0,0.2,1.1,51.833333333333336,207.33333333333334,True,True,['data/converted_multi_region_aligned_h100_16_merged'],4,957.826261243738,2
Global Diverse (6),"['us-central1-a_h100_16', 'us-west1-a_h100_16', 'europe-west1-c_h100_16', 'europe-west3-c_h100_16', 'asia-southeast1-b_h100_16', 'asia-south2-b_h100_16']",6,multi_region_probe_cost_ratio,0,multi_region,,,,47.12121212121212,50.0,0.2,1.1,51.833333333333336,207.33333333333334,True,True,['data/converted_multi_region_aligned_h100_16_merged'],4,965.0860931541378,1
Global Diverse (6),"['us-central1-a_h100_16', 'us-west1-a_h100_16', 'europe-west1-c_h100_16', 'europe-west3-c_h100_16', 'asia-southeast1-b_h100_16', 'asia-south2-b_h100_16']",6,rc_cr_threshold,0,single_region,,us-central1-a_h100_16,,47.12121212121212,50.0,0.2,1.1,51.833333333333336,207.33333333333334,True,True,['data/converted_multi_region_aligned_h100_16_merged'],4,904.6660480000044,0
Global Diverse (6),"['us-central1-a_h100_16', 'us-west1-a_h100_16', 'europe-west1-c_h100_16', 'europe-west3-c_h100_16', 'asia-southeast1-b_h100_16', 'asia-south2-b_h100_16']",6,rc_cr_threshold,0,single_region,,us-west1-a_h100_16,,47.12121212121212,50.0,0.2,1.1,51.833333333333336,207.33333333333334,True,True,['data/converted_multi_region_aligned_h100_16_merged'],4,1429.9548626733438,0
Global Diverse (6),"['us-central1-a_h100_16', 'us-west1-a_h100_16', 'europe-west1-c_h100_16', 'europe-west3-c_h100_16', 'asia-southeast1-b_h100_16', 'asia-south2-b_h100_16']",6,rc_cr_threshold,0,single_region,,europe-west1-c_h100_16,,47.12121212121212,50.0,0.2,1.1,51.833333333333336,207.33333333333334,True,True,['data/converted_multi_region_aligned_h100_16_merged'],4,2290.496555807999,0
Global Diverse (6),"['us-central1-a_h100_16', 'us-west1-a_h100_16', 'europe-west1-c_h100_16', 'europe-west3-c_h100_16', 'asia-southeast1-b_h100_16', 'asia-south2-b_h100_16']",6,rc_cr_threshold,0,single_region,,europe-west3-c_h100_16,,47.12121212121212,50.0,0.2,1.1,51.833333333333336,207.33333333333334,True,True,['data/converted_multi_region_aligned_h100_16_merged'],4,2572.802209471985,0
Global Diverse (6),"['us-central1-a_h100_16', 'us-west1-a_h100_16', 'europe-west1-c_h100_16', 'europe-west3-c_h100_16', 'asia-southeast1-b_h100_16', 'asia-south2-b_h100_16']",6,rc_cr_threshold,0,single_region,,asia-southeast1-b_h100_16,,47.12121212121212,50.0,0.2,1.1,51.833333333333336,207.33333333333334,True,True,['data/converted_multi_region_aligned_h100_16_merged'],4,911.468842666664,0
Global Diverse (6),"['us-central1-a_h100_16', 'us-west1-a_h100_16', 'europe-west1-c_h100_16', 'europe-west3-c_h100_16', 'asia-southeast1-b_h100_16', 'asia-south2-b_h100_16']",6,rc_cr_threshold,0,single_region,,asia-south2-b_h100_16,,47.12121212121212,50.0,0.2,1.1,51.833333333333336,207.33333333333334,True,True,['data/converted_multi_region_aligned_h100_16_merged'],4,3309.0788133973506,0
Global Diverse (6),"['us-central1-a_h100_16', 'us-west1-a_h100_16', 'europe-west1-c_h100_16', 'europe-west3-c_h100_16', 'asia-southeast1-b_h100_16', 'asia-south2-b_h100_16']",6,unified_cost_model_risk,0,multi_region,,,,47.12121212121212,50.0,0.2,1.1,51.833333333333336,259.1666666666667,True,True,['data/converted_multi_region_aligned_h100_16_merged'],5,773.8839888629296,0
Global Diverse (6),"['us-central1-a_h100_16', 'us-west1-a_h100_16', 'europe-west1-c_h100_16', 'europe-west3-c_h100_16', 'asia-southeast1-b_h100_16', 'asia-south2-b_h100_16']",6,multi_region_oracle_dp,0,multi_region,,,,47.12121212121212,50.0,0.2,1.1,51.833333333333336,259.1666666666667,True,True,['data/converted_multi_region_aligned_h100_16_merged'],5,771.4730933333296,0
Global Diverse (6),"['us-central1-a_h100_16', 'us-west1-a_h100_16', 'europe-west1-c_h100_16', 'europe-west3-c_h100_16', 'asia-southeast1-b_h100_16', 'asia-south2-b_h100_16']",6,unified_cost_model_oracle,0,multi_region,,,,47.12121212121212,50.0,0.2,1.1,51.833333333333336,259.1666666666667,True,True,['data/converted_multi_region_aligned_h100_16_merged'],5,771.4730933333296,0
Global Diverse (6),"['us-central1-a_h100_16', 'us-west1-a_h100_16', 'europe-west1-c_h100_16', 'europe-west3-c_h100_16', 'asia-southeast1-b_h100_16', 'asia-south2-b_h100_16']",6,multi_region_rc_cr_threshold_eager_failover,0,multi_region,,,,47.12121212121212,50.0,0.2,1.1,51.833333333333336,259.1666666666667,True,True,['data/converted_multi_region_aligned_h100_16_merged'],5,771.4730933333296,0
Global Diverse (6),"['us-central1-a_h100_16', 'us-west1-a_h100_16', 'europe-west1-c_h100_16', 'europe-west3-c_h100_16', 'asia-southeast1-b_h100_16', 'asia-south2-b_h100_16']",6,multi_region_availability_probe_simple,0,multi_region,,,,47.12121212121212,50.0,0.2,1.1,51.833333333333336,259.1666666666667,True,True,['data/converted_multi_region_aligned_h100_16_merged'],5,928.0329545770671,1
Global Diverse (6),"['us-central1-a_h100_16', 'us-west1-a_h100_16', 'europe-west1-c_h100_16', 'europe-west3-c_h100_16', 'asia-southeast1-b_h100_16', 'asia-south2-b_h100_16']",6,multi_region_probe_cost_ratio,0,multi_region,,,,47.12121212121212,50.0,0.2,1.1,51.833333333333336,259.1666666666667,True,True,['data/converted_multi_region_aligned_h100_16_merged'],5,882.4513267541289,0
Global Diverse (6),"['us-central1-a_h100_16', 'us-west1-a_h100_16', 'europe-west1-c_h100_16', 'europe-west3-c_h100_16', 'asia-southeast1-b_h100_16', 'asia-south2-b_h100_16']",6,rc_cr_threshold,0,single_region,,us-central1-a_h100_16,,47.12121212121212,50.0,0.2,1.1,51.833333333333336,259.1666666666667,True,True,['data/converted_multi_region_aligned_h100_16_merged'],5,904.6660480000044,0
Global Diverse (6),"['us-central1-a_h100_16', 'us-west1-a_h100_16', 'europe-west1-c_h100_16', 'europe-west3-c_h100_16', 'asia-southeast1-b_h100_16', 'asia-south2-b_h100_16']",6,rc_cr_threshold,0,single_region,,us-west1-a_h100_16,,47.12121212121212,50.0,0.2,1.1,51.833333333333336,259.1666666666667,True,True,['data/converted_multi_region_aligned_h100_16_merged'],5,2817.243629819999,0
Global Diverse (6),"['us-central1-a_h100_16', 'us-west1-a_h100_16', 'europe-west1-c_h100_16', 'europe-west3-c_h100_16', 'asia-southeast1-b_h100_16', 'asia-south2-b_h100_16']",6,rc_cr_threshold,0,single_region,,europe-west1-c_h100_16,,47.12121212121212,50.0,0.2,1.1,51.833333333333336,259.1666666666667,True,True,['data/converted_multi_region_aligned_h100_16_merged'],5,774.199146666663,0
Global Diverse (6),"['us-central1-a_h100_16', 'us-west1-a_h100_16', 'europe-west1-c_h100_16', 'europe-west3-c_h100_16', 'asia-southeast1-b_h100_16', 'asia-south2-b_h100_16']",6,rc_cr_threshold,0,single_region,,europe-west3-c_h100_16,,47.12121212121212,50.0,0.2,1.1,51.833333333333336,259.1666666666667,True,True,['data/converted_multi_region_aligned_h100_16_merged'],5,829.7162239999947,0
Global Diverse (6),"['us-central1-a_h100_16', 'us-west1-a_h100_16', 'europe-west1-c_h100_16', 'europe-west3-c_h100_16', 'asia-southeast1-b_h100_16', 'asia-south2-b_h100_16']",6,rc_cr_threshold,0,single_region,,asia-southeast1-b_h100_16,,47.12121212121212,50.0,0.2,1.1,51.833333333333336,259.1666666666667,True,True,['data/converted_multi_region_aligned_h100_16_merged'],5,911.468842666664,0
Global Diverse (6),"['us-central1-a_h100_16', 'us-west1-a_h100_16', 'europe-west1-c_h100_16', 'europe-west3-c_h100_16', 'asia-southeast1-b_h100_16', 'asia-south2-b_h100_16']",6,rc_cr_threshold,0,single_region,,asia-south2-b_h100_16,,47.12121212121212,50.0,0.2,1.1,51.833333333333336,259.1666666666667,True,True,['data/converted_multi_region_aligned_h100_16_merged'],5,3332.382185322684,0
Global Diverse (6),"['us-central1-a_h100_16', 'us-west1-a_h100_16', 'europe-west1-c_h100_16', 'europe-west3-c_h100_16', 'asia-southeast1-b_h100_16', 'asia-south2-b_h100_16']",6,unified_cost_model_risk,0,multi_region,,,,45.072463768115945,50.0,0.2,1.15,51.833333333333336,0.0,True,True,['data/converted_multi_region_aligned_h100_16_merged'],0,741.1713488629299,0
Global Diverse (6),"['us-central1-a_h100_16', 'us-west1-a_h100_16', 'europe-west1-c_h100_16', 'europe-west3-c_h100_16', 'asia-southeast1-b_h100_16', 'asia-south2-b_h100_16']",6,multi_region_oracle_dp,0,multi_region,,,,45.072463768115945,50.0,0.2,1.15,51.833333333333336,0.0,True,True,['data/converted_multi_region_aligned_h100_16_merged'],0,738.7604533333299,0
Global Diverse (6),"['us-central1-a_h100_16', 'us-west1-a_h100_16', 'europe-west1-c_h100_16', 'europe-west3-c_h100_16', 'asia-southeast1-b_h100_16', 'asia-south2-b_h100_16']",6,unified_cost_model_oracle,0,multi_region,,,,45.072463768115945,50.0,0.2,1.15,51.833333333333336,0.0,True,True,['data/converted_multi_region_aligned_h100_16_merged'],0,738.7604533333299,0
Global Diverse (6),"['us-central1-a_h100_16', 'us-west1-a_h100_16', 'europe-west1-c_h100_16', 'europe-west3-c_h100_16', 'asia-southeast1-b_h100_16', 'asia-south2-b_h100_16']",6,multi_region_rc_cr_threshold_eager_failover,0,multi_region,,,,45.072463768115945,50.0,0.2,1.15,51.833333333333336,0.0,True,True,['data/converted_multi_region_aligned_h100_16_merged'],0,738.7604533333299,0
Global Diverse (6),"['us-central1-a_h100_16', 'us-west1-a_h100_16', 'europe-west1-c_h100_16', 'europe-west3-c_h100_16', 'asia-southeast1-b_h100_16', 'asia-south2-b_h100_16']",6,multi_region_availability_probe_simple,0,multi_region,,,,45.072463768115945,50.0,0.2,1.15,51.833333333333336,0.0,True,True,['data/converted_multi_region_aligned_h100_16_merged'],0,849.029544914129,3
Global Diverse (6),"['us-central1-a_h100_16', 'us-west1-a_h100_16', 'europe-west1-c_h100_16', 'europe-west3-c_h100_16', 'asia-southeast1-b_h100_16', 'asia-south2-b_h100_16']",6,multi_region_probe_cost_ratio,0,multi_region,,,,45.072463768115945,50.0,0.2,1.15,51.833333333333336,0.0,True,True,['data/converted_multi_region_aligned_h100_16_merged'],0,823.4848892949282,0
Global Diverse (6),"['us-central1-a_h100_16', 'us-west1-a_h100_16', 'europe-west1-c_h100_16', 'europe-west3-c_h100_16', 'asia-southeast1-b_h100_16', 'asia-south2-b_h100_16']",6,rc_cr_threshold,0,single_region,,us-central1-a_h100_16,,45.072463768115945,50.0,0.2,1.15,51.833333333333336,0.0,True,True,['data/converted_multi_region_aligned_h100_16_merged'],0,1158.9932848200078,0
Global Diverse (6),"['us-central1-a_h100_16', 'us-west1-a_h100_16', 'europe-west1-c_h100_16', 'europe-west3-c_h100_16', 'asia-southeast1-b_h100_16', 'asia-south2-b_h100_16']",6,rc_cr_threshold,0,single_region,,us-west1-a_h100_16,,45.072463768115945,50.0,0.2,1.15,51.833333333333336,0.0,True,True,['data/converted_multi_region_aligned_h100_16_merged'],0,1165.3196208200031,0
Global Diverse (6),"['us-central1-a_h100_16', 'us-west1-a_h100_16', 'europe-west1-c_h100_16', 'europe-west3-c_h100_16', 'asia-southeast1-b_h100_16', 'asia-south2-b_h100_16']",6,rc_cr_threshold,0,single_region,,europe-west1-c_h100_16,,45.072463768115945,50.0,0.2,1.15,51.833333333333336,0.0,True,True,['data/converted_multi_region_aligned_h100_16_merged'],0,741.4865066666632,0
Global Diverse (6),"['us-central1-a_h100_16', 'us-west1-a_h100_16', 'europe-west1-c_h100_16', 'europe-west3-c_h100_16', 'asia-southeast1-b_h100_16', 'asia-south2-b_h100_16']",6,rc_cr_threshold,0,single_region,,europe-west3-c_h100_16,,45.072463768115945,50.0,0.2,1.15,51.833333333333336,0.0,True,True,['data/converted_multi_region_aligned_h100_16_merged'],0,3963.3720012159947,0
Global Diverse (6),"['us-central1-a_h100_16', 'us-west1-a_h100_16', 'europe-west1-c_h100_16', 'europe-west3-c_h100_16', 'asia-southeast1-b_h100_16', 'asia-south2-b_h100_16']",6,rc_cr_threshold,0,single_region,,asia-southeast1-b_h100_16,,45.072463768115945,50.0,0.2,1.15,51.833333333333336,0.0,True,True,['data/converted_multi_region_aligned_h100_16_merged'],0,4795.72516381865,0
Global Diverse (6),"['us-central1-a_h100_16', 'us-west1-a_h100_16', 'europe-west1-c_h100_16', 'europe-west3-c_h100_16', 'asia-southeast1-b_h100_16', 'asia-south2-b_h100_16']",6,rc_cr_threshold,0,single_region,,asia-south2-b_h100_16,,45.072463768115945,50.0,0.2,1.15,51.833333333333336,0.0,True,True,['data/converted_multi_region_aligned_h100_16_merged'],0,3169.2585818453495,0
Global Diverse (6),"['us-central1-a_h100_16', 'us-west1-a_h100_16', 'europe-west1-c_h100_16', 'europe-west3-c_h100_16', 'asia-southeast1-b_h100_16', 'asia-south2-b_h100_16']",6,unified_cost_model_risk,0,multi_region,,,,45.072463768115945,50.0,0.2,1.15,51.833333333333336,51.833333333333336,True,True,['data/converted_multi_region_aligned_h100_16_merged'],1,860.5867435296037,4
Global Diverse (6),"['us-central1-a_h100_16', 'us-west1-a_h100_16', 'europe-west1-c_h100_16', 'europe-west3-c_h100_16', 'asia-southeast1-b_h100_16', 'asia-south2-b_h100_16']",6,multi_region_oracle_dp,0,multi_region,,,,45.072463768115945,50.0,0.2,1.15,51.833333333333336,51.833333333333336,True,True,['data/converted_multi_region_aligned_h100_16_merged'],1,770.9984266666637,2
Global Diverse (6),"['us-central1-a_h100_16', 'us-west1-a_h100_16', 'europe-west1-c_h100_16', 'europe-west3-c_h100_16', 'asia-southeast1-b_h100_16', 'asia-south2-b_h100_16']",6,unified_cost_model_oracle,0,multi_region,,,,45.072463768115945,50.0,0.2,1.15,51.833333333333336,51.833333333333336,True,True,['data/converted_multi_region_aligned_h100_16_merged'],1,837.8478105173291,7
Global Diverse (6),"['us-central1-a_h100_16', 'us-west1-a_h100_16', 'europe-west1-c_h100_16', 'europe-west3-c_h100_16', 'asia-southeast1-b_h100_16', 'asia-south2-b_h100_16']",6,multi_region_rc_cr_threshold_eager_failover,0,multi_region,,,,45.072463768115945,50.0,0.2,1.15,51.833333333333336,51.833333333333336,True,True,['data/converted_multi_region_aligned_h100_16_merged'],1,2513.924935274678,2
Global Diverse (6),"['us-central1-a_h100_16', 'us-west1-a_h100_16', 'europe-west1-c_h100_16', 'europe-west3-c_h100_16', 'asia-southeast1-b_h100_16', 'asia-south2-b_h100_16']",6,multi_region_availability_probe_simple,0,multi_region,,,,45.072463768115945,50.0,0.2,1.15,51.833333333333336,51.833333333333336,True,True,['data/converted_multi_region_aligned_h100_16_merged'],1,2581.5416265109466,2
Global Diverse (6),"['us-central1-a_h100_16', 'us-west1-a_h100_16', 'europe-west1-c_h100_16', 'europe-west3-c_h100_16', 'asia-southeast1-b_h100_16', 'asia-south2-b_h100_16']",6,multi_region_probe_cost_ratio,0,multi_region,,,,45.072463768115945,50.0,0.2,1.15,51.833333333333336,51.833333333333336,True,True,['data/converted_multi_region_aligned_h100_16_merged'],1,982.3318464458712,13
Global Diverse (6),"['us-central1-a_h100_16', 'us-west1-a_h100_16', 'europe-west1-c_h100_16', 'europe-west3-c_h100_16', 'asia-southeast1-b_h100_16', 'asia-south2-b_h100_16']",6,rc_cr_threshold,0,single_region,,us-central1-a_h100_16,,45.072463768115945,50.0,0.2,1.15,51.833333333333336,51.833333333333336,True,True,['data/converted_multi_region_aligned_h100_16_merged'],1,892.0133760000042,0
Global Diverse (6),"['us-central1-a_h100_16', 'us-west1-a_h100_16', 'europe-west1-c_h100_16', 'europe-west3-c_h100_16', 'asia-southeast1-b_h100_16', 'asia-south2-b_h100_16']",6,rc_cr_threshold,0,single_region,,us-west1-a_h100_16,,45.072463768115945,50.0,0.2,1.15,51.833333333333336,51.833333333333336,True,True,['data/converted_multi_region_aligned_h100_16_merged'],1,3766.4583501866573,0
Global Diverse (6),"['us-central1-a_h100_16', 'us-west1-a_h100_16', 'europe-west1-c_h100_16', 'europe-west3-c_h100_16', 'asia-southeast1-b_h100_16', 'asia-south2-b_h100_16']",6,rc_cr_threshold,0,single_region,,europe-west1-c_h100_16,,45.072463768115945,50.0,0.2,1.15,51.833333333333336,51.833333333333336,True,True,['data/converted_multi_region_aligned_h100_16_merged'],1,1498.7264528319972,0
Global Diverse (6),"['us-central1-a_h100_16', 'us-west1-a_h100_16', 'europe-west1-c_h100_16', 'europe-west3-c_h100_16', 'asia-southeast1-b_h100_16', 'asia-south2-b_h100_16']",6,rc_cr_threshold,0,single_region,,europe-west3-c_h100_16,,45.072463768115945,50.0,0.2,1.15,51.833333333333336,51.833333333333336,True,True,['data/converted_multi_region_aligned_h100_16_merged'],1,3933.833532479997,0
Global Diverse (6),"['us-central1-a_h100_16', 'us-west1-a_h100_16', 'europe-west1-c_h100_16', 'europe-west3-c_h100_16', 'asia-southeast1-b_h100_16', 'asia-south2-b_h100_16']",6,rc_cr_threshold,0,single_region,,asia-southeast1-b_h100_16,,45.072463768115945,50.0,0.2,1.15,51.833333333333336,51.833333333333336,True,True,['data/converted_multi_region_aligned_h100_16_merged'],1,3288.9613530986867,0
Global Diverse (6),"['us-central1-a_h100_16', 'us-west1-a_h100_16', 'europe-west1-c_h100_16', 'europe-west3-c_h100_16', 'asia-southeast1-b_h100_16', 'asia-south2-b_h100_16']",6,rc_cr_threshold,0,single_region,,asia-south2-b_h100_16,,45.072463768115945,50.0,0.2,1.15,51.833333333333336,51.833333333333336,True,True,['data/converted_multi_region_aligned_h100_16_merged'],1,3169.2585818453495,0
Global Diverse (6),"['us-central1-a_h100_16', 'us-west1-a_h100_16', 'europe-west1-c_h100_16', 'europe-west3-c_h100_16', 'asia-southeast1-b_h100_16', 'asia-south2-b_h100_16']",6,unified_cost_model_risk,0,multi_region,,,,45.072463768115945,50.0,0.2,1.15,51.833333333333336,103.66666666666667,True,True,['data/converted_multi_region_aligned_h100_16_merged'],2,873.0077227295978,2
Global Diverse (6),"['us-central1-a_h100_16', 'us-west1-a_h100_16', 'europe-west1-c_h100_16', 'europe-west3-c_h100_16', 'asia-southeast1-b_h100_16', 'asia-south2-b_h100_16']",6,multi_region_oracle_dp,0,multi_region,,,,45.072463768115945,50.0,0.2,1.15,51.833333333333336,103.66666666666667,True,True,['data/converted_multi_region_aligned_h100_16_merged'],2,741.4865066666632,0
Global Diverse (6),"['us-central1-a_h100_16', 'us-west1-a_h100_16', 'europe-west1-c_h100_16', 'europe-west3-c_h100_16', 'asia-southeast1-b_h100_16', 'asia-south2-b_h100_16']",6,unified_cost_model_oracle,0,multi_region,,,,45.072463768115945,50.0,0.2,1.15,51.833333333333336,103.66666666666667,True,True,['data/converted_multi_region_aligned_h100_16_merged'],2,769.0704266666626,1
Global Diverse (6),"['us-central1-a_h100_16', 'us-west1-a_h100_16', 'europe-west1-c_h100_16', 'europe-west3-c_h100_16', 'asia-southeast1-b_h100_16', 'asia-south2-b_h100_16']",6,multi_region_rc_cr_threshold_eager_failover,0,multi_region,,,,45.072463768115945,50.0,0.2,1.15,51.833333333333336,103.66666666666667,True,True,['data/converted_multi_region_aligned_h100_16_merged'],2,870.3000586666645,2
Global Diverse (6),"['us-central1-a_h100_16', 'us-west1-a_h100_16', 'europe-west1-c_h100_16', 'europe-west3-c_h100_16', 'asia-southeast1-b_h100_16', 'asia-south2-b_h100_16']",6,multi_region_availability_probe_simple,0,multi_region,,,,45.072463768115945,50.0,0.2,1.15,51.833333333333336,103.66666666666667,True,True,['data/converted_multi_region_aligned_h100_16_merged'],2,911.2891177141304,1
Global Diverse (6),"['us-central1-a_h100_16', 'us-west1-a_h100_16', 'europe-west1-c_h100_16', 'europe-west3-c_h100_16', 'asia-southeast1-b_h100_16', 'asia-south2-b_h100_16']",6,multi_region_probe_cost_ratio,0,multi_region,,,,45.072463768115945,50.0,0.2,1.15,51.833333333333336,103.66666666666667,True,True,['data/converted_multi_region_aligned_h100_16_merged'],2,949.5598066282628,2
Global Diverse (6),"['us-central1-a_h100_16', 'us-west1-a_h100_16', 'europe-west1-c_h100_16', 'europe-west3-c_h100_16', 'asia-southeast1-b_h100_16', 'asia-south2-b_h100_16']",6,rc_cr_threshold,0,single_region,,us-central1-a_h100_16,,45.072463768115945,50.0,0.2,1.15,51.833333333333336,103.66666666666667,True,True,['data/converted_multi_region_aligned_h100_16_merged'],2,1504.2338926066752,0
Global Diverse (6),"['us-central1-a_h100_16', 'us-west1-a_h100_16', 'europe-west1-c_h100_16', 'europe-west3-c_h100_16', 'asia-southeast1-b_h100_16', 'asia-south2-b_h100_16']",6,rc_cr_threshold,0,single_region,,us-west1-a_h100_16,,45.072463768115945,50.0,0.2,1.15,51.833333333333336,103.66666666666667,True,True,['data/converted_multi_region_aligned_h100_16_merged'],2,3043.102354639997,0
Global Diverse (6),"['us-central1-a_h100_16', 'us-west1-a_h100_16', 'europe-west1-c_h100_16', 'europe-west3-c_h100_16', 'asia-southeast1-b_h100_16', 'asia-south2-b_h100_16']",6,rc_cr_threshold,0,single_region,,europe-west1-c_h100_16,,45.072463768115945,50.0,0.2,1.15,51.833333333333336,103.66666666666667,True,True,['data/converted_multi_region_aligned_h100_16_merged'],2,1147.0642415359953,0
Global Diverse (6),"['us-central1-a_h100_16', 'us-west1-a_h100_16', 'europe-west1-c_h100_16', 'europe-west3-c_h100_16', 'asia-southeast1-b_h100_16', 'asia-south2-b_h100_16']",6,rc_cr_threshold,0,single_region,,europe-west3-c_h100_16,,45.072463768115945,50.0,0.2,1.15,51.833333333333336,103.66666666666667,True,True,['data/converted_multi_region_aligned_h100_16_merged'],2,4390.865247359997,0
Global Diverse (6),"['us-central1-a_h100_16', 'us-west1-a_h100_16', 'europe-west1-c_h100_16', 'europe-west3-c_h100_16', 'asia-southeast1-b_h100_16', 'asia-south2-b_h100_16']",6,rc_cr_threshold,0,single_region,,asia-southeast1-b_h100_16,,45.072463768115945,50.0,0.2,1.15,51.833333333333336,103.66666666666667,True,True,['data/converted_multi_region_aligned_h100_16_merged'],2,872.9560746666644,0
Global Diverse (6),"['us-central1-a_h100_16', 'us-west1-a_h100_16', 'europe-west1-c_h100_16', 'europe-west3-c_h100_16', 'asia-southeast1-b_h100_16', 'asia-south2-b_h100_16']",6,rc_cr_threshold,0,single_region,,asia-south2-b_h100_16,,45.072463768115945,50.0,0.2,1.15,51.833333333333336,103.66666666666667,True,True,['data/converted_multi_region_aligned_h100_16_merged'],2,3169.2585818453495,0
Global Diverse (6),"['us-central1-a_h100_16', 'us-west1-a_h100_16', 'europe-west1-c_h100_16', 'europe-west3-c_h100_16', 'asia-southeast1-b_h100_16', 'asia-south2-b_h100_16']",6,unified_cost_model_risk,0,multi_region,,,,45.072463768115945,50.0,0.2,1.15,51.833333333333336,155.5,True,True,['data/converted_multi_region_aligned_h100_16_merged'],3,755.5305888629282,1
Global Diverse (6),"['us-central1-a_h100_16', 'us-west1-a_h100_16', 'europe-west1-c_h100_16', 'europe-west3-c_h100_16', 'asia-southeast1-b_h100_16', 'asia-south2-b_h100_16']",6,multi_region_oracle_dp,0,multi_region,,,,45.072463768115945,50.0,0.2,1.15,51.833333333333336,155.5,True,True,['data/converted_multi_region_aligned_h100_16_merged'],3,749.5024746666629,1
Global Diverse (6),"['us-central1-a_h100_16', 'us-west1-a_h100_16', 'europe-west1-c_h100_16', 'europe-west3-c_h100_16', 'asia-southeast1-b_h100_16', 'asia-south2-b_h100_16']",6,unified_cost_model_oracle,0,multi_region,,,,45.072463768115945,50.0,0.2,1.15,51.833333333333336,155.5,True,True,['data/converted_multi_region_aligned_h100_16_merged'],3,752.8470879999949,1
Global Diverse (6),"['us-central1-a_h100_16', 'us-west1-a_h100_16', 'europe-west1-c_h100_16', 'europe-west3-c_h100_16', 'asia-southeast1-b_h100_16', 'asia-south2-b_h100_16']",6,multi_region_rc_cr_threshold_eager_failover,0,multi_region,,,,45.072463768115945,50.0,0.2,1.15,51.833333333333336,155.5,True,True,['data/converted_multi_region_aligned_h100_16_merged'],3,752.8470879999949,1
Global Diverse (6),"['us-central1-a_h100_16', 'us-west1-a_h100_16', 'europe-west1-c_h100_16', 'europe-west3-c_h100_16', 'asia-southeast1-b_h100_16', 'asia-south2-b_h100_16']",6,multi_region_availability_probe_simple,0,multi_region,,,,45.072463768115945,50.0,0.2,1.15,51.833333333333336,155.5,True,True,['data/converted_multi_region_aligned_h100_16_merged'],3,910.5198382474707,1
Global Diverse (6),"['us-central1-a_h100_16', 'us-west1-a_h100_16', 'europe-west1-c_h100_16', 'europe-west3-c_h100_16', 'asia-southeast1-b_h100_16', 'asia-south2-b_h100_16']",6,multi_region_probe_cost_ratio,0,multi_region,,,,45.072463768115945,50.0,0.2,1.15,51.833333333333336,155.5,True,True,['data/converted_multi_region_aligned_h100_16_merged'],3,865.2816684949304,3
Global Diverse (6),"['us-central1-a_h100_16', 'us-west1-a_h100_16', 'europe-west1-c_h100_16', 'europe-west3-c_h100_16', 'asia-southeast1-b_h100_16', 'asia-south2-b_h100_16']",6,rc_cr_threshold,0,single_region,,us-central1-a_h100_16,,45.072463768115945,50.0,0.2,1.15,51.833333333333336,155.5,True,True,['data/converted_multi_region_aligned_h100_16_merged'],3,873.034368000004,0
Global Diverse (6),"['us-central1-a_h100_16', 'us-west1-a_h100_16', 'europe-west1-c_h100_16', 'europe-west3-c_h100_16', 'asia-southeast1-b_h100_16', 'asia-south2-b_h100_16']",6,rc_cr_threshold,0,single_region,,us-west1-a_h100_16,,45.072463768115945,50.0,0.2,1.15,51.833333333333336,155.5,True,True,['data/converted_multi_region_aligned_h100_16_merged'],3,863.5448640000038,0
Global Diverse (6),"['us-central1-a_h100_16', 'us-west1-a_h100_16', 'europe-west1-c_h100_16', 'europe-west3-c_h100_16', 'asia-southeast1-b_h100_16', 'asia-south2-b_h100_16']",6,rc_cr_threshold,0,single_region,,europe-west1-c_h100_16,,45.072463768115945,50.0,0.2,1.15,51.833333333333336,155.5,True,True,['data/converted_multi_region_aligned_h100_16_merged'],3,861.4332970986634,0
Global Diverse (6),"['us-central1-a_h100_16', 'us-west1-a_h100_16', 'europe-west1-c_h100_16', 'europe-west3-c_h100_16', 'asia-southeast1-b_h100_16', 'asia-south2-b_h100_16']",6,rc_cr_threshold,0,single_region,,europe-west3-c_h100_16,,45.072463768115945,50.0,0.2,1.15,51.833333333333336,155.5,True,True,['data/converted_multi_region_aligned_h100_16_merged'],3,3048.00935782398,0
Global Diverse (6),"['us-central1-a_h100_16', 'us-west1-a_h100_16', 'europe-west1-c_h100_16', 'europe-west3-c_h100_16', 'asia-southeast1-b_h100_16', 'asia-south2-b_h100_16']",6,rc_cr_threshold,0,single_region,,asia-southeast1-b_h100_16,,45.072463768115945,50.0,0.2,1.15,51.833333333333336,155.5,True,True,['data/converted_multi_region_aligned_h100_16_merged'],3,872.9560746666644,0
Global Diverse (6),"['us-central1-a_h100_16', 'us-west1-a_h100_16', 'europe-west1-c_h100_16', 'europe-west3-c_h100_16', 'asia-southeast1-b_h100_16', 'asia-south2-b_h100_16']",6,rc_cr_threshold,0,single_region,,asia-south2-b_h100_16,,45.072463768115945,50.0,0.2,1.15,51.833333333333336,155.5,True,True,['data/converted_multi_region_aligned_h100_16_merged'],3,3169.2585818453495,0
Global Diverse (6),"['us-central1-a_h100_16', 'us-west1-a_h100_16', 'europe-west1-c_h100_16', 'europe-west3-c_h100_16', 'asia-southeast1-b_h100_16', 'asia-south2-b_h100_16']",6,unified_cost_model_risk,0,multi_region,,,,45.072463768115945,50.0,0.2,1.15,51.833333333333336,207.33333333333334,True,True,['data/converted_multi_region_aligned_h100_16_merged'],4,829.6283797962701,2
Global Diverse (6),"['us-central1-a_h100_16', 'us-west1-a_h100_16', 'europe-west1-c_h100_16', 'europe-west3-c_h100_16', 'asia-southeast1-b_h100_16', 'asia-south2-b_h100_16']",6,multi_region_oracle_dp,0,multi_region,,,,45.072463768115945,50.0,0.2,1.15,51.833333333333336,207.33333333333334,True,True,['data/converted_multi_region_aligned_h100_16_merged'],4,790.1968853333299,3
Global Diverse (6),"['us-central1-a_h100_16', 'us-west1-a_h100_16', 'europe-west1-c_h100_16', 'europe-west3-c_h100_16', 'asia-southeast1-b_h100_16', 'asia-south2-b_h100_16']",6,unified_cost_model_oracle,0,multi_region,,,,45.072463768115945,50.0,0.2,1.15,51.833333333333336,207.33333333333334,True,True,['data/converted_multi_region_aligned_h100_16_merged'],4,807.9490933333338,2
Global Diverse (6),"['us-central1-a_h100_16', 'us-west1-a_h100_16', 'europe-west1-c_h100_16', 'europe-west3-c_h100_16', 'asia-southeast1-b_h100_16', 'asia-south2-b_h100_16']",6,multi_region_rc_cr_threshold_eager_failover,0,multi_region,,,,45.072463768115945,50.0,0.2,1.15,51.833333333333336,207.33333333333334,True,True,['data/converted_multi_region_aligned_h100_16_merged'],4,826.6527253333367,2
Global Diverse (6),"['us-central1-a_h100_16', 'us-west1-a_h100_16', 'europe-west1-c_h100_16', 'europe-west3-c_h100_16', 'asia-southeast1-b_h100_16', 'asia-south2-b_h100_16']",6,multi_region_availability_probe_simple,0,multi_region,,,,45.072463768115945,50.0,0.2,1.15,51.833333333333336,207.33333333333334,True,True,['data/converted_multi_region_aligned_h100_16_merged'],4,917.5010611808042,2
Global Diverse (6),"['us-central1-a_h100_16', 'us-west1-a_h100_16', 'europe-west1-c_h100_16', 'europe-west3-c_h100_16', 'asia-southeast1-b_h100_16', 'asia-south2-b_h100_16']",6,multi_region_probe_cost_ratio,0,multi_region,,,,45.072463768115945,50.0,0.2,1.15,51.833333333333336,207.33333333333334,True,True,['data/converted_multi_region_aligned_h100_16_merged'],4,919.2305410282705,1
Global Diverse (6),"['us-central1-a_h100_16', 'us-west1-a_h100_16', 'europe-west1-c_h100_16', 'europe-west3-c_h100_16', 'asia-southeast1-b_h100_16', 'asia-south2-b_h100_16']",6,rc_cr_threshold,0,single_region,,us-central1-a_h100_16,,45.072463768115945,50.0,0.2,1.15,51.833333333333336,207.33333333333334,True,True,['data/converted_multi_region_aligned_h100_16_merged'],4,863.5448640000038,0
Global Diverse (6),"['us-central1-a_h100_16', 'us-west1-a_h100_16', 'europe-west1-c_h100_16', 'europe-west3-c_h100_16', 'asia-southeast1-b_h100_16', 'asia-south2-b_h100_16']",6,rc_cr_threshold,0,single_region,,us-west1-a_h100_16,,45.072463768115945,50.0,0.2,1.15,51.833333333333336,207.33333333333334,True,True,['data/converted_multi_region_aligned_h100_16_merged'],4,1222.539710780009,0
Global Diverse (6),"['us-central1-a_h100_16', 'us-west1-a_h100_16', 'europe-west1-c_h100_16', 'europe-west3-c_h100_16', 'asia-southeast1-b_h100_16', 'asia-south2-b_h100_16']",6,rc_cr_threshold,0,single_region,,europe-west1-c_h100_16,,45.072463768115945,50.0,0.2,1.15,51.833333333333336,207.33333333333334,True,True,['data/converted_multi_region_aligned_h100_16_merged'],4,2170.852758805333,0
Global Diverse (6),"['us-central1-a_h100_16', 'us-west1-a_h100_16', 'europe-west1-c_h100_16', 'europe-west3-c_h100_16', 'asia-southeast1-b_h100_16', 'asia-south2-b_h100_16']",6,rc_cr_threshold,0,single_region,,europe-west3-c_h100_16,,45.072463768115945,50.0,0.2,1.15,51.833333333333336,207.33333333333334,True,True,['data/converted_multi_region_aligned_h100_16_merged'],4,2364.7337146879854,0
Global Diverse (6),"['us-central1-a_h100_16', 'us-west1-a_h100_16', 'europe-west1-c_h100_16', 'europe-west3-c_h100_16', 'asia-southeast1-b_h100_16', 'asia-south2-b_h100_16']",6,rc_cr_threshold,0,single_region,,asia-southeast1-b_h100_16,,45.072463768115945,50.0,0.2,1.15,51.833333333333336,207.33333333333334,True,True,['data/converted_multi_region_aligned_h100_16_merged'],4,872.9560746666644,0
Global Diverse (6),"['us-central1-a_h100_16', 'us-west1-a_h100_16', 'europe-west1-c_h100_16', 'europe-west3-c_h100_16', 'asia-southeast1-b_h100_16', 'asia-south2-b_h100_16']",6,rc_cr_threshold,0,single_region,,asia-south2-b_h100_16,,45.072463768115945,50.0,0.2,1.15,51.833333333333336,207.33333333333334,True,True,['data/converted_multi_region_aligned_h100_16_merged'],4,3169.2585818453495,0
Global Diverse (6),"['us-central1-a_h100_16', 'us-west1-a_h100_16', 'europe-west1-c_h100_16', 'europe-west3-c_h100_16', 'asia-southeast1-b_h100_16', 'asia-south2-b_h100_16']",6,unified_cost_model_risk,0,multi_region,,,,45.072463768115945,50.0,0.2,1.15,51.833333333333336,259.1666666666667,True,True,['data/converted_multi_region_aligned_h100_16_merged'],5,741.1713488629299,0
Global Diverse (6),"['us-central1-a_h100_16', 'us-west1-a_h100_16', 'europe-west1-c_h100_16', 'europe-west3-c_h100_16', 'asia-southeast1-b_h100_16', 'asia-south2-b_h100_16']",6,multi_region_oracle_dp,0,multi_region,,,,45.072463768115945,50.0,0.2,1.15,51.833333333333336,259.1666666666667,True,True,['data/converted_multi_region_aligned_h100_16_merged'],5,738.7604533333299,0
Global Diverse (6),"['us-central1-a_h100_16', 'us-west1-a_h100_16', 'europe-west1-c_h100_16', 'europe-west3-c_h100_16', 'asia-southeast1-b_h100_16', 'asia-south2-b_h100_16']",6,unified_cost_model_oracle,0,multi_region,,,,45.072463768115945,50.0,0.2,1.15,51.833333333333336,259.1666666666667,True,True,['data/converted_multi_region_aligned_h100_16_merged'],5,738.7604533333299,0
Global Diverse (6),"['us-central1-a_h100_16', 'us-west1-a_h100_16', 'europe-west1-c_h100_16', 'europe-west3-c_h100_16', 'asia-southeast1-b_h100_16', 'asia-south2-b_h100_16']",6,multi_region_rc_cr_threshold_eager_failover,0,multi_region,,,,45.072463768115945,50.0,0.2,1.15,51.833333333333336,259.1666666666667,True,True,['data/converted_multi_region_aligned_h100_16_merged'],5,738.7604533333299,0
Global Diverse (6),"['us-central1-a_h100_16', 'us-west1-a_h100_16', 'europe-west1-c_h100_16', 'europe-west3-c_h100_16', 'asia-southeast1-b_h100_16', 'asia-south2-b_h100_16']",6,multi_region_availability_probe_simple,0,multi_region,,,,45.072463768115945,50.0,0.2,1.15,51.833333333333336,259.1666666666667,True,True,['data/converted_multi_region_aligned_h100_16_merged'],5,890.4996825141341,1
Global Diverse (6),"['us-central1-a_h100_16', 'us-west1-a_h100_16', 'europe-west1-c_h100_16', 'europe-west3-c_h100_16', 'asia-southeast1-b_h100_16', 'asia-south2-b_h100_16']",6,multi_region_probe_cost_ratio,0,multi_region,,,,45.072463768115945,50.0,0.2,1.15,51.833333333333336,259.1666666666667,True,True,['data/converted_multi_region_aligned_h100_16_merged'],5,845.5495292949291,0
Global Diverse (6),"['us-central1-a_h100_16', 'us-west1-a_h100_16', 'europe-west1-c_h100_16', 'europe-west3-c_h100_16', 'asia-southeast1-b_h100_16', 'asia-south2-b_h100_16']",6,rc_cr_threshold,0,single_region,,us-central1-a_h100_16,,45.072463768115945,50.0,0.2,1.15,51.833333333333336,259.1666666666667,True,True,['data/converted_multi_region_aligned_h100_16_merged'],5,863.5448640000038,0
Global Diverse (6),"['us-central1-a_h100_16', 'us-west1-a_h100_16', 'europe-west1-c_h100_16', 'europe-west3-c_h100_16', 'asia-southeast1-b_h100_16', 'asia-south2-b_h100_16']",6,rc_cr_threshold,0,single_region,,us-west1-a_h100_16,,45.072463768115945,50.0,0.2,1.15,51.833333333333336,259.1666666666667,True,True,['data/converted_multi_region_aligned_h100_16_merged'],5,2689.190743886665,0
Global Diverse (6),"['us-central1-a_h100_16', 'us-west1-a_h100_16', 'europe-west1-c_h100_16', 'europe-west3-c_h100_16', 'asia-southeast1-b_h100_16', 'asia-south2-b_h100_16']",6,rc_cr_threshold,0,single_region,,europe-west1-c_h100_16,,45.072463768115945,50.0,0.2,1.15,51.833333333333336,259.1666666666667,True,True,['data/converted_multi_region_aligned_h100_16_merged'],5,741.4865066666632,0
Global Diverse (6),"['us-central1-a_h100_16', 'us-west1-a_h100_16', 'europe-west1-c_h100_16', 'europe-west3-c_h100_16', 'asia-southeast1-b_h100_16', 'asia-south2-b_h100_16']",6,rc_cr_threshold,0,single_region,,europe-west3-c_h100_16,,45.072463768115945,50.0,0.2,1.15,51.833333333333336,259.1666666666667,True,True,['data/converted_multi_region_aligned_h100_16_merged'],5,794.6577919999953,0
Global Diverse (6),"['us-central1-a_h100_16', 'us-west1-a_h100_16', 'europe-west1-c_h100_16', 'europe-west3-c_h100_16', 'asia-southeast1-b_h100_16', 'asia-south2-b_h100_16']",6,rc_cr_threshold,0,single_region,,asia-southeast1-b_h100_16,,45.072463768115945,50.0,0.2,1.15,51.833333333333336,259.1666666666667,True,True,['data/converted_multi_region_aligned_h100_16_merged'],5,872.9560746666644,0
Global Diverse (6),"['us-central1-a_h100_16', 'us-west1-a_h100_16', 'europe-west1-c_h100_16', 'europe-west3-c_h100_16', 'asia-southeast1-b_h100_16', 'asia-south2-b_h100_16']",6,rc_cr_threshold,0,single_region,,asia-south2-b_h100_16,,45.072463768115945,50.0,0.2,1.15,51.833333333333336,259.1666666666667,True,True,['data/converted_multi_region_aligned_h100_16_merged'],5,3169.2585818453495,0
Global Diverse (6),"['us-central1-a_h100_16', 'us-west1-a_h100_16', 'europe-west1-c_h100_16', 'europe-west3-c_h100_16', 'asia-southeast1-b_h100_16', 'asia-south2-b_h100_16']",6,unified_cost_model_risk,0,multi_region,,,,43.19444444444445,50.0,0.2,1.2,51.833333333333336,0.0,True,True,['data/converted_multi_region_aligned_h100_16_merged'],0,711.1847621962635,0
Global Diverse (6),"['us-central1-a_h100_16', 'us-west1-a_h100_16', 'europe-west1-c_h100_16', 'europe-west3-c_h100_16', 'asia-southeast1-b_h100_16', 'asia-south2-b_h100_16']",6,multi_region_oracle_dp,0,multi_region,,,,43.19444444444445,50.0,0.2,1.2,51.833333333333336,0.0,True,True,['data/converted_multi_region_aligned_h100_16_merged'],0,708.7738666666635,0
Global Diverse (6),"['us-central1-a_h100_16', 'us-west1-a_h100_16', 'europe-west1-c_h100_16', 'europe-west3-c_h100_16', 'asia-southeast1-b_h100_16', 'asia-south2-b_h100_16']",6,unified_cost_model_oracle,0,multi_region,,,,43.19444444444445,50.0,0.2,1.2,51.833333333333336,0.0,True,True,['data/converted_multi_region_aligned_h100_16_merged'],0,708.7738666666635,0
Global Diverse (6),"['us-central1-a_h100_16', 'us-west1-a_h100_16', 'europe-west1-c_h100_16', 'europe-west3-c_h100_16', 'asia-southeast1-b_h100_16', 'asia-south2-b_h100_16']",6,multi_region_rc_cr_threshold_eager_failover,0,multi_region,,,,43.19444444444445,50.0,0.2,1.2,51.833333333333336,0.0,True,True,['data/converted_multi_region_aligned_h100_16_merged'],0,708.7738666666635,0
Global Diverse (6),"['us-central1-a_h100_16', 'us-west1-a_h100_16', 'europe-west1-c_h100_16', 'europe-west3-c_h100_16', 'asia-southeast1-b_h100_16', 'asia-south2-b_h100_16']",6,multi_region_availability_probe_simple,0,multi_region,,,,43.19444444444445,50.0,0.2,1.2,51.833333333333336,0.0,True,True,['data/converted_multi_region_aligned_h100_16_merged'],0,814.5432659178626,3
Global Diverse (6),"['us-central1-a_h100_16', 'us-west1-a_h100_16', 'europe-west1-c_h100_16', 'europe-west3-c_h100_16', 'asia-southeast1-b_h100_16', 'asia-south2-b_h100_16']",6,multi_region_probe_cost_ratio,0,multi_region,,,,43.19444444444445,50.0,0.2,1.2,51.833333333333336,0.0,True,True,['data/converted_multi_region_aligned_h100_16_merged'],0,790.2431782357285,0
Global Diverse (6),"['us-central1-a_h100_16', 'us-west1-a_h100_16', 'europe-west1-c_h100_16', 'europe-west3-c_h100_16', 'asia-southeast1-b_h100_16', 'asia-south2-b_h100_16']",6,rc_cr_threshold,0,single_region,,us-central1-a_h100_16,,43.19444444444445,50.0,0.2,1.2,51.833333333333336,0.0,True,True,['data/converted_multi_region_aligned_h100_16_merged'],0,1145.3805788066745,0
Global Diverse (6),"['us-central1-a_h100_16', 'us-west1-a_h100_16', 'europe-west1-c_h100_16', 'europe-west3-c_h100_16', 'asia-southeast1-b_h100_16', 'asia-south2-b_h100_16']",6,rc_cr_threshold,0,single_region,,us-west1-a_h100_16,,43.19444444444445,50.0,0.2,1.2,51.833333333333336,0.0,True,True,['data/converted_multi_region_aligned_h100_16_merged'],0,1014.0229918933371,0
Global Diverse (6),"['us-central1-a_h100_16', 'us-west1-a_h100_16', 'europe-west1-c_h100_16', 'europe-west3-c_h100_16', 'asia-southeast1-b_h100_16', 'asia-south2-b_h100_16']",6,rc_cr_threshold,0,single_region,,europe-west1-c_h100_16,,43.19444444444445,50.0,0.2,1.2,51.833333333333336,0.0,True,True,['data/converted_multi_region_aligned_h100_16_merged'],0,711.4999199999968,0
Global Diverse (6),"['us-central1-a_h100_16', 'us-west1-a_h100_16', 'europe-west1-c_h100_16', 'europe-west3-c_h100_16', 'asia-southeast1-b_h100_16', 'asia-south2-b_h100_16']",6,rc_cr_threshold,0,single_region,,europe-west3-c_h100_16,,43.19444444444445,50.0,0.2,1.2,51.833333333333336,0.0,True,True,['data/converted_multi_region_aligned_h100_16_merged'],0,3778.9989031679966,0
Global Diverse (6),"['us-central1-a_h100_16', 'us-west1-a_h100_16', 'europe-west1-c_h100_16', 'europe-west3-c_h100_16', 'asia-southeast1-b_h100_16', 'asia-south2-b_h100_16']",6,rc_cr_threshold,0,single_region,,asia-southeast1-b_h100_16,,43.19444444444445,50.0,0.2,1.2,51.833333333333336,0.0,True,True,['data/converted_multi_region_aligned_h100_16_merged'],0,4599.544343114651,0
Global Diverse (6),"['us-central1-a_h100_16', 'us-west1-a_h100_16', 'europe-west1-c_h100_16', 'europe-west3-c_h100_16', 'asia-southeast1-b_h100_16', 'asia-south2-b_h100_16']",6,rc_cr_threshold,0,single_region,,asia-south2-b_h100_16,,43.19444444444445,50.0,0.2,1.2,51.833333333333336,0.0,True,True,['data/converted_multi_region_aligned_h100_16_merged'],0,3041.090036256015,0
Global Diverse (6),"['us-central1-a_h100_16', 'us-west1-a_h100_16', 'europe-west1-c_h100_16', 'europe-west3-c_h100_16', 'asia-southeast1-b_h100_16', 'asia-south2-b_h100_16']",6,unified_cost_model_risk,0,multi_region,,,,43.19444444444445,50.0,0.2,1.2,51.833333333333336,51.833333333333336,True,True,['data/converted_multi_region_aligned_h100_16_merged'],1,825.0192736629366,5
Global Diverse (6),"['us-central1-a_h100_16', 'us-west1-a_h100_16', 'europe-west1-c_h100_16', 'europe-west3-c_h100_16', 'asia-southeast1-b_h100_16', 'asia-south2-b_h100_16']",6,multi_region_oracle_dp,0,multi_region,,,,43.19444444444445,50.0,0.2,1.2,51.833333333333336,51.833333333333336,True,True,['data/converted_multi_region_aligned_h100_16_merged'],1,732.9690026666641,2
Global Diverse (6),"['us-central1-a_h100_16', 'us-west1-a_h100_16', 'europe-west1-c_h100_16', 'europe-west3-c_h100_16', 'asia-southeast1-b_h100_16', 'asia-south2-b_h100_16']",6,unified_cost_model_oracle,0,multi_region,,,,43.19444444444445,50.0,0.2,1.2,51.833333333333336,51.833333333333336,True,True,['data/converted_multi_region_aligned_h100_16_merged'],1,805.1351705173294,7
Global Diverse (6),"['us-central1-a_h100_16', 'us-west1-a_h100_16', 'europe-west1-c_h100_16', 'europe-west3-c_h100_16', 'asia-southeast1-b_h100_16', 'asia-south2-b_h100_16']",6,multi_region_rc_cr_threshold_eager_failover,0,multi_region,,,,43.19444444444445,50.0,0.2,1.2,51.833333333333336,51.833333333333336,True,True,['data/converted_multi_region_aligned_h100_16_merged'],1,2385.7563896853435,2
Global Diverse (6),"['us-central1-a_h100_16', 'us-west1-a_h100_16', 'europe-west1-c_h100_16', 'europe-west3-c_h100_16', 'asia-southeast1-b_h100_16', 'asia-south2-b_h100_16']",6,multi_region_availability_probe_simple,0,multi_region,,,,43.19444444444445,50.0,0.2,1.2,51.833333333333336,51.833333333333336,True,True,['data/converted_multi_region_aligned_h100_16_merged'],1,2440.8115330922783,2
Global Diverse (6),"['us-central1-a_h100_16', 'us-west1-a_h100_16', 'europe-west1-c_h100_16', 'europe-west3-c_h100_16', 'asia-southeast1-b_h100_16', 'asia-south2-b_h100_16']",6,multi_region_probe_cost_ratio,0,multi_region,,,,43.19444444444445,50.0,0.2,1.2,51.833333333333336,51.833333333333336,True,True,['data/converted_multi_region_aligned_h100_16_merged'],1,944.019571120004,13
Global Diverse (6),"['us-central1-a_h100_16', 'us-west1-a_h100_16', 'europe-west1-c_h100_16', 'europe-west3-c_h100_16', 'asia-southeast1-b_h100_16', 'asia-south2-b_h100_16']",6,rc_cr_threshold,0,single_region,,us-central1-a_h100_16,,43.19444444444445,50.0,0.2,1.2,51.833333333333336,51.833333333333336,True,True,['data/converted_multi_region_aligned_h100_16_merged'],1,854.0553600000037,0
Global Diverse (6),"['us-central1-a_h100_16', 'us-west1-a_h100_16', 'europe-west1-c_h100_16', 'europe-west3-c_h100_16', 'asia-southeast1-b_h100_16', 'asia-south2-b_h100_16']",6,rc_cr_threshold,0,single_region,,us-west1-a_h100_16,,43.19444444444445,50.0,0.2,1.2,51.833333333333336,51.833333333333336,True,True,['data/converted_multi_region_aligned_h100_16_merged'],1,3595.081146266658,0
Global Diverse (6),"['us-central1-a_h100_16', 'us-west1-a_h100_16', 'europe-west1-c_h100_16', 'europe-west3-c_h100_16', 'asia-southeast1-b_h100_16', 'asia-south2-b_h100_16']",6,rc_cr_threshold,0,single_region,,europe-west1-c_h100_16,,43.19444444444445,50.0,0.2,1.2,51.833333333333336,51.833333333333336,True,True,['data/converted_multi_region_aligned_h100_16_merged'],1,1387.2608158293308,0
Global Diverse (6),"['us-central1-a_h100_16', 'us-west1-a_h100_16', 'europe-west1-c_h100_16', 'europe-west3-c_h100_16', 'asia-southeast1-b_h100_16', 'asia-south2-b_h100_16']",6,rc_cr_threshold,0,single_region,,europe-west3-c_h100_16,,43.19444444444445,50.0,0.2,1.2,51.833333333333336,51.833333333333336,True,True,['data/converted_multi_region_aligned_h100_16_merged'],1,3739.073504063997,0
Global Diverse (6),"['us-central1-a_h100_16', 'us-west1-a_h100_16', 'europe-west1-c_h100_16', 'europe-west3-c_h100_16', 'asia-southeast1-b_h100_16', 'asia-south2-b_h100_16']",6,rc_cr_threshold,0,single_region,,asia-southeast1-b_h100_16,,43.19444444444445,50.0,0.2,1.2,51.833333333333336,51.833333333333336,True,True,['data/converted_multi_region_aligned_h100_16_merged'],1,3122.030977856021,0
Global Diverse (6),"['us-central1-a_h100_16', 'us-west1-a_h100_16', 'europe-west1-c_h100_16', 'europe-west3-c_h100_16', 'asia-southeast1-b_h100_16', 'asia-south2-b_h100_16']",6,rc_cr_threshold,0,single_region,,asia-south2-b_h100_16,,43.19444444444445,50.0,0.2,1.2,51.833333333333336,51.833333333333336,True,True,['data/converted_multi_region_aligned_h100_16_merged'],1,3041.090036256015,0
Global Diverse (6),"['us-central1-a_h100_16', 'us-west1-a_h100_16', 'europe-west1-c_h100_16', 'europe-west3-c_h100_16', 'asia-southeast1-b_h100_16', 'asia-south2-b_h100_16']",6,unified_cost_model_risk,0,multi_region,,,,43.19444444444445,50.0,0.2,1.2,51.833333333333336,103.66666666666667,True,True,['data/converted_multi_region_aligned_h100_16_merged'],2,834.4949547295982,2
Global Diverse (6),"['us-central1-a_h100_16', 'us-west1-a_h100_16', 'europe-west1-c_h100_16', 'europe-west3-c_h100_16', 'asia-southeast1-b_h100_16', 'asia-south2-b_h100_16']",6,multi_region_oracle_dp,0,multi_region,,,,43.19444444444445,50.0,0.2,1.2,51.833333333333336,103.66666666666667,True,True,['data/converted_multi_region_aligned_h100_16_merged'],2,711.4999199999968,0
Global Diverse (6),"['us-central1-a_h100_16', 'us-west1-a_h100_16', 'europe-west1-c_h100_16', 'europe-west3-c_h100_16', 'asia-southeast1-b_h100_16', 'asia-south2-b_h100_16']",6,unified_cost_model_oracle,0,multi_region,,,,43.19444444444445,50.0,0.2,1.2,51.833333333333336,103.66666666666667,True,True,['data/converted_multi_region_aligned_h100_16_merged'],2,739.0838399999961,1
Global Diverse (6),"['us-central1-a_h100_16', 'us-west1-a_h100_16', 'europe-west1-c_h100_16', 'europe-west3-c_h100_16', 'asia-southeast1-b_h100_16', 'asia-south2-b_h100_16']",6,multi_region_rc_cr_threshold_eager_failover,0,multi_region,,,,43.19444444444445,50.0,0.2,1.2,51.833333333333336,103.66666666666667,True,True,['data/converted_multi_region_aligned_h100_16_merged'],2,831.787290666665,2
Global Diverse (6),"['us-central1-a_h100_16', 'us-west1-a_h100_16', 'europe-west1-c_h100_16', 'europe-west3-c_h100_16', 'asia-southeast1-b_h100_16', 'asia-south2-b_h100_16']",6,multi_region_availability_probe_simple,0,multi_region,,,,43.19444444444445,50.0,0.2,1.2,51.833333333333336,103.66666666666667,True,True,['data/converted_multi_region_aligned_h100_16_merged'],2,874.2316563178641,1
Global Diverse (6),"['us-central1-a_h100_16', 'us-west1-a_h100_16', 'europe-west1-c_h100_16', 'europe-west3-c_h100_16', 'asia-southeast1-b_h100_16', 'asia-south2-b_h100_16']",6,multi_region_probe_cost_ratio,0,multi_region,,,,43.19444444444445,50.0,0.2,1.2,51.833333333333336,103.66666666666667,True,True,['data/converted_multi_region_aligned_h100_16_merged'],2,907.5388571690632,2
Global Diverse (6),"['us-central1-a_h100_16', 'us-west1-a_h100_16', 'europe-west1-c_h100_16', 'europe-west3-c_h100_16', 'asia-southeast1-b_h100_16', 'asia-south2-b_h100_16']",6,rc_cr_threshold,0,single_region,,us-central1-a_h100_16,,43.19444444444445,50.0,0.2,1.2,51.833333333333336,103.66666666666667,True,True,['data/converted_multi_region_aligned_h100_16_merged'],2,1427.0747606333414,0
Global Diverse (6),"['us-central1-a_h100_16', 'us-west1-a_h100_16', 'europe-west1-c_h100_16', 'europe-west3-c_h100_16', 'asia-southeast1-b_h100_16', 'asia-south2-b_h100_16']",6,rc_cr_threshold,0,single_region,,us-west1-a_h100_16,,43.19444444444445,50.0,0.2,1.2,51.833333333333336,103.66666666666667,True,True,['data/converted_multi_region_aligned_h100_16_merged'],2,2912.9878676999974,0
Global Diverse (6),"['us-central1-a_h100_16', 'us-west1-a_h100_16', 'europe-west1-c_h100_16', 'europe-west3-c_h100_16', 'asia-southeast1-b_h100_16', 'asia-south2-b_h100_16']",6,rc_cr_threshold,0,single_region,,europe-west1-c_h100_16,,43.19444444444445,50.0,0.2,1.2,51.833333333333336,103.66666666666667,True,True,['data/converted_multi_region_aligned_h100_16_merged'],2,1101.9328648213288,0
Global Diverse (6),"['us-central1-a_h100_16', 'us-west1-a_h100_16', 'europe-west1-c_h100_16', 'europe-west3-c_h100_16', 'asia-southeast1-b_h100_16', 'asia-south2-b_h100_16']",6,rc_cr_threshold,0,single_region,,europe-west3-c_h100_16,,43.19444444444445,50.0,0.2,1.2,51.833333333333336,103.66666666666667,True,True,['data/converted_multi_region_aligned_h100_16_merged'],2,4236.030618047997,0
Global Diverse (6),"['us-central1-a_h100_16', 'us-west1-a_h100_16', 'europe-west1-c_h100_16', 'europe-west3-c_h100_16', 'asia-southeast1-b_h100_16', 'asia-south2-b_h100_16']",6,rc_cr_threshold,0,single_region,,asia-southeast1-b_h100_16,,43.19444444444445,50.0,0.2,1.2,51.833333333333336,103.66666666666667,True,True,['data/converted_multi_region_aligned_h100_16_merged'],2,837.6527039999982,0
Global Diverse (6),"['us-central1-a_h100_16', 'us-west1-a_h100_16', 'europe-west1-c_h100_16', 'europe-west3-c_h100_16', 'asia-southeast1-b_h100_16', 'asia-south2-b_h100_16']",6,rc_cr_threshold,0,single_region,,asia-south2-b_h100_16,,43.19444444444445,50.0,0.2,1.2,51.833333333333336,103.66666666666667,True,True,['data/converted_multi_region_aligned_h100_16_merged'],2,3041.090036256015,0
Global Diverse (6),"['us-central1-a_h100_16', 'us-west1-a_h100_16', 'europe-west1-c_h100_16', 'europe-west3-c_h100_16', 'asia-southeast1-b_h100_16', 'asia-south2-b_h100_16']",6,unified_cost_model_risk,0,multi_region,,,,43.19444444444445,50.0,0.2,1.2,51.833333333333336,155.5,True,True,['data/converted_multi_region_aligned_h100_16_merged'],3,723.3936928629288,1
Global Diverse (6),"['us-central1-a_h100_16', 'us-west1-a_h100_16', 'europe-west1-c_h100_16', 'europe-west3-c_h100_16', 'asia-southeast1-b_h100_16', 'asia-south2-b_h100_16']",6,multi_region_oracle_dp,0,multi_region,,,,43.19444444444445,50.0,0.2,1.2,51.833333333333336,155.5,True,True,['data/converted_multi_region_aligned_h100_16_merged'],3,711.4999199999968,0
Global Diverse (6),"['us-central1-a_h100_16', 'us-west1-a_h100_16', 'europe-west1-c_h100_16', 'europe-west3-c_h100_16', 'asia-southeast1-b_h100_16', 'asia-south2-b_h100_16']",6,unified_cost_model_oracle,0,multi_region,,,,43.19444444444445,50.0,0.2,1.2,51.833333333333336,155.5,True,True,['data/converted_multi_region_aligned_h100_16_merged'],3,720.7101919999955,1
Global Diverse (6),"['us-central1-a_h100_16', 'us-west1-a_h100_16', 'europe-west1-c_h100_16', 'europe-west3-c_h100_16', 'asia-southeast1-b_h100_16', 'asia-south2-b_h100_16']",6,multi_region_rc_cr_threshold_eager_failover,0,multi_region,,,,43.19444444444445,50.0,0.2,1.2,51.833333333333336,155.5,True,True,['data/converted_multi_region_aligned_h100_16_merged'],3,720.7101919999955,1
Global Diverse (6),"['us-central1-a_h100_16', 'us-west1-a_h100_16', 'europe-west1-c_h100_16', 'europe-west3-c_h100_16', 'asia-southeast1-b_h100_16', 'asia-south2-b_h100_16']",6,multi_region_availability_probe_simple,0,multi_region,,,,43.19444444444445,50.0,0.2,1.2,51.833333333333336,155.5,True,True,['data/converted_multi_region_aligned_h100_16_merged'],3,873.6741229845369,1
Global Diverse (6),"['us-central1-a_h100_16', 'us-west1-a_h100_16', 'europe-west1-c_h100_16', 'europe-west3-c_h100_16', 'asia-southeast1-b_h100_16', 'asia-south2-b_h100_16']",6,multi_region_probe_cost_ratio,0,multi_region,,,,43.19444444444445,50.0,0.2,1.2,51.833333333333336,155.5,True,True,['data/converted_multi_region_aligned_h100_16_merged'],3,820.8405835690635,2
Global Diverse (6),"['us-central1-a_h100_16', 'us-west1-a_h100_16', 'europe-west1-c_h100_16', 'europe-west3-c_h100_16', 'asia-southeast1-b_h100_16', 'asia-south2-b_h100_16']",6,rc_cr_threshold,0,single_region,,us-central1-a_h100_16,,43.19444444444445,50.0,0.2,1.2,51.833333333333336,155.5,True,True,['data/converted_multi_region_aligned_h100_16_merged'],3,835.0763520000035,0
Global Diverse (6),"['us-central1-a_h100_16', 'us-west1-a_h100_16', 'europe-west1-c_h100_16', 'europe-west3-c_h100_16', 'asia-southeast1-b_h100_16', 'asia-south2-b_h100_16']",6,rc_cr_threshold,0,single_region,,us-west1-a_h100_16,,43.19444444444445,50.0,0.2,1.2,51.833333333333336,155.5,True,True,['data/converted_multi_region_aligned_h100_16_merged'],3,828.7500160000034,0
Global Diverse (6),"['us-central1-a_h100_16', 'us-west1-a_h100_16', 'europe-west1-c_h100_16', 'europe-west3-c_h100_16', 'asia-southeast1-b_h100_16', 'asia-south2-b_h100_16']",6,rc_cr_threshold,0,single_region,,europe-west1-c_h100_16,,43.19444444444445,50.0,0.2,1.2,51.833333333333336,155.5,True,True,['data/converted_multi_region_aligned_h100_16_merged'],3,714.2259733333301,0
Global Diverse (6),"['us-central1-a_h100_16', 'us-west1-a_h100_16', 'europe-west1-c_h100_16', 'europe-west3-c_h100_16', 'asia-southeast1-b_h100_16', 'asia-south2-b_h100_16']",6,rc_cr_threshold,0,single_region,,europe-west3-c_h100_16,,43.19444444444445,50.0,0.2,1.2,51.833333333333336,155.5,True,True,['data/converted_multi_region_aligned_h100_16_merged'],3,2879.8662621439803,0
Global Diverse (6),"['us-central1-a_h100_16', 'us-west1-a_h100_16', 'europe-west1-c_h100_16', 'europe-west3-c_h100_16', 'asia-southeast1-b_h100_16', 'asia-south2-b_h100_16']",6,rc_cr_threshold,0,single_region,,asia-southeast1-b_h100_16,,43.19444444444445,50.0,0.2,1.2,51.833333333333336,155.5,True,True,['data/converted_multi_region_aligned_h100_16_merged'],3,837.6527039999982,0
Global Diverse (6),"['us-central1-a_h100_16', 'us-west1-a_h100_16', 'europe-west1-c_h100_16', 'europe-west3-c_h100_16', 'asia-southeast1-b_h100_16', 'asia-south2-b_h100_16']",6,rc_cr_threshold,0,single_region,,asia-south2-b_h100_16,,43.19444444444445,50.0,0.2,1.2,51.833333333333336,155.5,True,True,['data/converted_multi_region_aligned_h100_16_merged'],3,3041.090036256015,0
Global Diverse (6),"['us-central1-a_h100_16', 'us-west1-a_h100_16', 'europe-west1-c_h100_16', 'europe-west3-c_h100_16', 'asia-southeast1-b_h100_16', 'asia-south2-b_h100_16']",6,unified_cost_model_risk,0,multi_region,,,,43.19444444444445,50.0,0.2,1.2,51.833333333333336,207.33333333333334,True,True,['data/converted_multi_region_aligned_h100_16_merged'],4,791.6703637962696,2
Global Diverse (6),"['us-central1-a_h100_16', 'us-west1-a_h100_16', 'europe-west1-c_h100_16', 'europe-west3-c_h100_16', 'asia-southeast1-b_h100_16', 'asia-south2-b_h100_16']",6,multi_region_oracle_dp,0,multi_region,,,,43.19444444444445,50.0,0.2,1.2,51.833333333333336,207.33333333333334,True,True,['data/converted_multi_region_aligned_h100_16_merged'],4,750.5451999999981,3
Global Diverse (6),"['us-central1-a_h100_16', 'us-west1-a_h100_16', 'europe-west1-c_h100_16', 'europe-west3-c_h100_16', 'asia-southeast1-b_h100_16', 'asia-south2-b_h100_16']",6,unified_cost_model_oracle,0,multi_region,,,,43.19444444444445,50.0,0.2,1.2,51.833333333333336,207.33333333333334,True,True,['data/converted_multi_region_aligned_h100_16_merged'],4,775.2364533333341,2
Global Diverse (6),"['us-central1-a_h100_16', 'us-west1-a_h100_16', 'europe-west1-c_h100_16', 'europe-west3-c_h100_16', 'asia-southeast1-b_h100_16', 'asia-south2-b_h100_16']",6,multi_region_rc_cr_threshold_eager_failover,0,multi_region,,,,43.19444444444445,50.0,0.2,1.2,51.833333333333336,207.33333333333334,True,True,['data/converted_multi_region_aligned_h100_16_merged'],4,788.6947093333362,2
Global Diverse (6),"['us-central1-a_h100_16', 'us-west1-a_h100_16', 'europe-west1-c_h100_16', 'europe-west3-c_h100_16', 'asia-southeast1-b_h100_16', 'asia-south2-b_h100_16']",6,multi_region_availability_probe_simple,0,multi_region,,,,43.19444444444445,50.0,0.2,1.2,51.833333333333336,207.33333333333334,True,True,['data/converted_multi_region_aligned_h100_16_merged'],4,877.1758611178703,2
Global Diverse (6),"['us-central1-a_h100_16', 'us-west1-a_h100_16', 'europe-west1-c_h100_16', 'europe-west3-c_h100_16', 'asia-southeast1-b_h100_16', 'asia-south2-b_h100_16']",6,multi_region_probe_cost_ratio,0,multi_region,,,,43.19444444444445,50.0,0.2,1.2,51.833333333333336,207.33333333333334,True,True,['data/converted_multi_region_aligned_h100_16_merged'],4,879.7013249024034,1
Global Diverse (6),"['us-central1-a_h100_16', 'us-west1-a_h100_16', 'europe-west1-c_h100_16', 'europe-west3-c_h100_16', 'asia-southeast1-b_h100_16', 'asia-south2-b_h100_16']",6,rc_cr_threshold,0,single_region,,us-central1-a_h100_16,,43.19444444444445,50.0,0.2,1.2,51.833333333333336,207.33333333333334,True,True,['data/converted_multi_region_aligned_h100_16_merged'],4,828.7500160000034,0
Global Diverse (6),"['us-central1-a_h100_16', 'us-west1-a_h100_16', 'europe-west1-c_h100_16', 'europe-west3-c_h100_16', 'asia-southeast1-b_h100_16', 'asia-south2-b_h100_16']",6,rc_cr_threshold,0,single_region,,us-west1-a_h100_16,,43.19444444444445,50.0,0.2,1.2,51.833333333333336,207.33333333333334,True,True,['data/converted_multi_region_aligned_h100_16_merged'],4,1099.8531268333402,0
Global Diverse (6),"['us-central1-a_h100_16', 'us-west1-a_h100_16', 'europe-west1-c_h100_16', 'europe-west3-c_h100_16', 'asia-southeast1-b_h100_16', 'asia-south2-b_h100_16']",6,rc_cr_threshold,0,single_region,,europe-west1-c_h100_16,,43.19444444444445,50.0,0.2,1.2,51.833333333333336,207.33333333333334,True,True,['data/converted_multi_region_aligned_h100_16_merged'],4,2051.208961802666,0
Global Diverse (6),"['us-central1-a_h100_16', 'us-west1-a_h100_16', 'europe-west1-c_h100_16', 'europe-west3-c_h100_16', 'asia-southeast1-b_h100_16', 'asia-south2-b_h100_16']",6,rc_cr_threshold,0,single_region,,europe-west3-c_h100_16,,43.19444444444445,50.0,0.2,1.2,51.833333333333336,207.33333333333334,True,True,['data/converted_multi_region_aligned_h100_16_merged'],4,2354.6698930559846,0
Global Diverse (6),"['us-central1-a_h100_16', 'us-west1-a_h100_16', 'europe-west1-c_h100_16', 'europe-west3-c_h100_16', 'asia-southeast1-b_h100_16', 'asia-south2-b_h100_16']",6,rc_cr_threshold,0,single_region,,asia-southeast1-b_h100_16,,43.19444444444445,50.0,0.2,1.2,51.833333333333336,207.33333333333334,True,True,['data/converted_multi_region_aligned_h100_16_merged'],4,837.6527039999982,0
Global Diverse (6),"['us-central1-a_h100_16', 'us-west1-a_h100_16', 'europe-west1-c_h100_16', 'europe-west3-c_h100_16', 'asia-southeast1-b_h100_16', 'asia-south2-b_h100_16']",6,rc_cr_threshold,0,single_region,,asia-south2-b_h100_16,,43.19444444444445,50.0,0.2,1.2,51.833333333333336,207.33333333333334,True,True,['data/converted_multi_region_aligned_h100_16_merged'],4,3041.090036256015,0
Global Diverse (6),"['us-central1-a_h100_16', 'us-west1-a_h100_16', 'europe-west1-c_h100_16', 'europe-west3-c_h100_16', 'asia-southeast1-b_h100_16', 'asia-south2-b_h100_16']",6,unified_cost_model_risk,0,multi_region,,,,43.19444444444445,50.0,0.2,1.2,51.833333333333336,259.1666666666667,True,True,['data/converted_multi_region_aligned_h100_16_merged'],5,711.1847621962635,0
Global Diverse (6),"['us-central1-a_h100_16', 'us-west1-a_h100_16', 'europe-west1-c_h100_16', 'europe-west3-c_h100_16', 'asia-southeast1-b_h100_16', 'asia-south2-b_h100_16']",6,multi_region_oracle_dp,0,multi_region,,,,43.19444444444445,50.0,0.2,1.2,51.833333333333336,259.1666666666667,True,True,['data/converted_multi_region_aligned_h100_16_merged'],5,708.7738666666635,0
Global Diverse (6),"['us-central1-a_h100_16', 'us-west1-a_h100_16', 'europe-west1-c_h100_16', 'europe-west3-c_h100_16', 'asia-southeast1-b_h100_16', 'asia-south2-b_h100_16']",6,unified_cost_model_oracle,0,multi_region,,,,43.19444444444445,50.0,0.2,1.2,51.833333333333336,259.1666666666667,True,True,['data/converted_multi_region_aligned_h100_16_merged'],5,708.7738666666635,0
Global Diverse (6),"['us-central1-a_h100_16', 'us-west1-a_h100_16', 'europe-west1-c_h100_16', 'europe-west3-c_h100_16', 'asia-southeast1-b_h100_16', 'asia-south2-b_h100_16']",6,multi_region_rc_cr_threshold_eager_failover,0,multi_region,,,,43.19444444444445,50.0,0.2,1.2,51.833333333333336,259.1666666666667,True,True,['data/converted_multi_region_aligned_h100_16_merged'],5,708.7738666666635,0
Global Diverse (6),"['us-central1-a_h100_16', 'us-west1-a_h100_16', 'europe-west1-c_h100_16', 'europe-west3-c_h100_16', 'asia-southeast1-b_h100_16', 'asia-south2-b_h100_16']",6,multi_region_availability_probe_simple,0,multi_region,,,,43.19444444444445,50.0,0.2,1.2,51.833333333333336,259.1666666666667,True,True,['data/converted_multi_region_aligned_h100_16_merged'],5,858.4185171178676,1
Global Diverse (6),"['us-central1-a_h100_16', 'us-west1-a_h100_16', 'europe-west1-c_h100_16', 'europe-west3-c_h100_16', 'asia-southeast1-b_h100_16', 'asia-south2-b_h100_16']",6,multi_region_probe_cost_ratio,0,multi_region,,,,43.19444444444445,50.0,0.2,1.2,51.833333333333336,259.1666666666667,True,True,['data/converted_multi_region_aligned_h100_16_merged'],5,811.3737851690627,0
Global Diverse (6),"['us-central1-a_h100_16', 'us-west1-a_h100_16', 'europe-west1-c_h100_16', 'europe-west3-c_h100_16', 'asia-southeast1-b_h100_16', 'asia-south2-b_h100_16']",6,rc_cr_threshold,0,single_region,,us-central1-a_h100_16,,43.19444444444445,50.0,0.2,1.2,51.833333333333336,259.1666666666667,True,True,['data/converted_multi_region_aligned_h100_16_merged'],5,828.7500160000034,0
Global Diverse (6),"['us-central1-a_h100_16', 'us-west1-a_h100_16', 'europe-west1-c_h100_16', 'europe-west3-c_h100_16', 'asia-southeast1-b_h100_16', 'asia-south2-b_h100_16']",6,rc_cr_threshold,0,single_region,,us-west1-a_h100_16,,43.19444444444445,50.0,0.2,1.2,51.833333333333336,259.1666666666667,True,True,['data/converted_multi_region_aligned_h100_16_merged'],5,2356.744341079999,0
Global Diverse (6),"['us-central1-a_h100_16', 'us-west1-a_h100_16', 'europe-west1-c_h100_16', 'europe-west3-c_h100_16', 'asia-southeast1-b_h100_16', 'asia-south2-b_h100_16']",6,rc_cr_threshold,0,single_region,,europe-west1-c_h100_16,,43.19444444444445,50.0,0.2,1.2,51.833333333333336,259.1666666666667,True,True,['data/converted_multi_region_aligned_h100_16_merged'],5,711.4999199999968,0
Global Diverse (6),"['us-central1-a_h100_16', 'us-west1-a_h100_16', 'europe-west1-c_h100_16', 'europe-west3-c_h100_16', 'asia-southeast1-b_h100_16', 'asia-south2-b_h100_16']",6,rc_cr_threshold,0,single_region,,europe-west3-c_h100_16,,43.19444444444445,50.0,0.2,1.2,51.833333333333336,259.1666666666667,True,True,['data/converted_multi_region_aligned_h100_16_merged'],5,762.5208959999959,0
Global Diverse (6),"['us-central1-a_h100_16', 'us-west1-a_h100_16', 'europe-west1-c_h100_16', 'europe-west3-c_h100_16', 'asia-southeast1-b_h100_16', 'asia-south2-b_h100_16']",6,rc_cr_threshold,0,single_region,,asia-southeast1-b_h100_16,,43.19444444444445,50.0,0.2,1.2,51.833333333333336,259.1666666666667,True,True,['data/converted_multi_region_aligned_h100_16_merged'],5,837.6527039999982,0
Global Diverse (6),"['us-central1-a_h100_16', 'us-west1-a_h100_16', 'europe-west1-c_h100_16', 'europe-west3-c_h100_16', 'asia-southeast1-b_h100_16', 'asia-south2-b_h100_16']",6,rc_cr_threshold,0,single_region,,asia-south2-b_h100_16,,43.19444444444445,50.0,0.2,1.2,51.833333333333336,259.1666666666667,True,True,['data/converted_multi_region_aligned_h100_16_merged'],5,3041.090036256015,0
Global Diverse (6),"['us-central1-a_h100_16', 'us-west1-a_h100_16', 'europe-west1-c_h100_16', 'europe-west3-c_h100_16', 'asia-southeast1-b_h100_16', 'asia-south2-b_h100_16']",6,unified_cost_model_risk,0,multi_region,,,,39.871794871794876,50.0,0.2,1.3,51.833333333333336,0.0,True,True,['data/converted_multi_region_aligned_h100_16_merged'],0,656.6636955295972,0
Global Diverse (6),"['us-central1-a_h100_16', 'us-west1-a_h100_16', 'europe-west1-c_h100_16', 'europe-west3-c_h100_16', 'asia-southeast1-b_h100_16', 'asia-south2-b_h100_16']",6,multi_region_oracle_dp,0,multi_region,,,,39.871794871794876,50.0,0.2,1.3,51.833333333333336,0.0,True,True,['data/converted_multi_region_aligned_h100_16_merged'],0,654.2527999999973,0
Global Diverse (6),"['us-central1-a_h100_16', 'us-west1-a_h100_16', 'europe-west1-c_h100_16', 'europe-west3-c_h100_16', 'asia-southeast1-b_h100_16', 'asia-south2-b_h100_16']",6,unified_cost_model_oracle,0,multi_region,,,,39.871794871794876,50.0,0.2,1.3,51.833333333333336,0.0,True,True,['data/converted_multi_region_aligned_h100_16_merged'],0,654.2527999999973,0
Global Diverse (6),"['us-central1-a_h100_16', 'us-west1-a_h100_16', 'europe-west1-c_h100_16', 'europe-west3-c_h100_16', 'asia-southeast1-b_h100_16', 'asia-south2-b_h100_16']",6,multi_region_rc_cr_threshold_eager_failover,0,multi_region,,,,39.871794871794876,50.0,0.2,1.3,51.833333333333336,0.0,True,True,['data/converted_multi_region_aligned_h100_16_merged'],0,654.2527999999973,0
Global Diverse (6),"['us-central1-a_h100_16', 'us-west1-a_h100_16', 'europe-west1-c_h100_16', 'europe-west3-c_h100_16', 'asia-southeast1-b_h100_16', 'asia-south2-b_h100_16']",6,multi_region_availability_probe_simple,0,multi_region,,,,39.871794871794876,50.0,0.2,1.3,51.833333333333336,0.0,True,True,['data/converted_multi_region_aligned_h100_16_merged'],0,759.1526481919965,3
Global Diverse (6),"['us-central1-a_h100_16', 'us-west1-a_h100_16', 'europe-west1-c_h100_16', 'europe-west3-c_h100_16', 'asia-southeast1-b_h100_16', 'asia-south2-b_h100_16']",6,multi_region_probe_cost_ratio,0,multi_region,,,,39.871794871794876,50.0,0.2,1.3,51.833333333333336,0.0,True,True,['data/converted_multi_region_aligned_h100_16_merged'],0,728.5309027839958,0
Global Diverse (6),"['us-central1-a_h100_16', 'us-west1-a_h100_16', 'europe-west1-c_h100_16', 'europe-west3-c_h100_16', 'asia-southeast1-b_h100_16', 'asia-south2-b_h100_16']",6,rc_cr_threshold,0,single_region,,us-central1-a_h100_16,,39.871794871794876,50.0,0.2,1.3,51.833333333333336,0.0,True,True,['data/converted_multi_region_aligned_h100_16_merged'],0,968.7786058800049,0
Global Diverse (6),"['us-central1-a_h100_16', 'us-west1-a_h100_16', 'europe-west1-c_h100_16', 'europe-west3-c_h100_16', 'asia-southeast1-b_h100_16', 'asia-south2-b_h100_16']",6,rc_cr_threshold,0,single_region,,us-west1-a_h100_16,,39.871794871794876,50.0,0.2,1.3,51.833333333333336,0.0,True,True,['data/converted_multi_region_aligned_h100_16_merged'],0,768.6498240000026,0
Global Diverse (6),"['us-central1-a_h100_16', 'us-west1-a_h100_16', 'europe-west1-c_h100_16', 'europe-west3-c_h100_16', 'asia-southeast1-b_h100_16', 'asia-south2-b_h100_16']",6,rc_cr_threshold,0,single_region,,europe-west1-c_h100_16,,39.871794871794876,50.0,0.2,1.3,51.833333333333336,0.0,True,True,['data/converted_multi_region_aligned_h100_16_merged'],0,656.9788533333306,0
Global Diverse (6),"['us-central1-a_h100_16', 'us-west1-a_h100_16', 'europe-west1-c_h100_16', 'europe-west3-c_h100_16', 'asia-southeast1-b_h100_16', 'asia-south2-b_h100_16']",6,rc_cr_threshold,0,single_region,,europe-west3-c_h100_16,,39.871794871794876,50.0,0.2,1.3,51.833333333333336,0.0,True,True,['data/converted_multi_region_aligned_h100_16_merged'],0,3478.0942525439973,0
Global Diverse (6),"['us-central1-a_h100_16', 'us-west1-a_h100_16', 'europe-west1-c_h100_16', 'europe-west3-c_h100_16', 'asia-southeast1-b_h100_16', 'asia-south2-b_h100_16']",6,rc_cr_threshold,0,single_region,,asia-southeast1-b_h100_16,,39.871794871794876,50.0,0.2,1.3,51.833333333333336,0.0,True,True,['data/converted_multi_region_aligned_h100_16_merged'],0,4242.851941834654,0
Global Diverse (6),"['us-central1-a_h100_16', 'us-west1-a_h100_16', 'europe-west1-c_h100_16', 'europe-west3-c_h100_16', 'asia-southeast1-b_h100_16', 'asia-south2-b_h100_16']",6,rc_cr_threshold,0,single_region,,asia-south2-b_h100_16,,39.871794871794876,50.0,0.2,1.3,51.833333333333336,0.0,True,True,['data/converted_multi_region_aligned_h100_16_merged'],0,2808.05631700268,0
Global Diverse (6),"['us-central1-a_h100_16', 'us-west1-a_h100_16', 'europe-west1-c_h100_16', 'europe-west3-c_h100_16', 'asia-southeast1-b_h100_16', 'asia-south2-b_h100_16']",6,unified_cost_model_risk,0,multi_region,,,,39.871794871794876,50.0,0.2,1.3,51.833333333333336,51.833333333333336,True,True,['data/converted_multi_region_aligned_h100_16_merged'],1,765.2226965962691,5
Global Diverse (6),"['us-central1-a_h100_16', 'us-west1-a_h100_16', 'europe-west1-c_h100_16', 'europe-west3-c_h100_16', 'asia-southeast1-b_h100_16', 'asia-south2-b_h100_16']",6,multi_region_oracle_dp,0,multi_region,,,,39.871794871794876,50.0,0.2,1.3,51.833333333333336,51.833333333333336,True,True,['data/converted_multi_region_aligned_h100_16_merged'],1,667.8830666666638,0
Global Diverse (6),"['us-central1-a_h100_16', 'us-west1-a_h100_16', 'europe-west1-c_h100_16', 'europe-west3-c_h100_16', 'asia-southeast1-b_h100_16', 'asia-south2-b_h100_16']",6,unified_cost_model_oracle,0,multi_region,,,,39.871794871794876,50.0,0.2,1.3,51.833333333333336,51.833333333333336,True,True,['data/converted_multi_region_aligned_h100_16_merged'],1,750.6141038506631,7
Global Diverse (6),"['us-central1-a_h100_16', 'us-west1-a_h100_16', 'europe-west1-c_h100_16', 'europe-west3-c_h100_16', 'asia-southeast1-b_h100_16', 'asia-south2-b_h100_16']",6,multi_region_rc_cr_threshold_eager_failover,0,multi_region,,,,39.871794871794876,50.0,0.2,1.3,51.833333333333336,51.833333333333336,True,True,['data/converted_multi_region_aligned_h100_16_merged'],1,2152.7226704320083,2
Global Diverse (6),"['us-central1-a_h100_16', 'us-west1-a_h100_16', 'europe-west1-c_h100_16', 'europe-west3-c_h100_16', 'asia-southeast1-b_h100_16', 'asia-south2-b_h100_16']",6,multi_region_availability_probe_simple,0,multi_region,,,,39.871794871794876,50.0,0.2,1.3,51.833333333333336,51.833333333333336,True,True,['data/converted_multi_region_aligned_h100_16_merged'],1,2206.274406905609,2
Global Diverse (6),"['us-central1-a_h100_16', 'us-west1-a_h100_16', 'europe-west1-c_h100_16', 'europe-west3-c_h100_16', 'asia-southeast1-b_h100_16', 'asia-south2-b_h100_16']",6,multi_region_probe_cost_ratio,0,multi_region,,,,39.871794871794876,50.0,0.2,1.3,51.833333333333336,51.833333333333336,True,True,['data/converted_multi_region_aligned_h100_16_merged'],1,875.4800701312031,13
Global Diverse (6),"['us-central1-a_h100_16', 'us-west1-a_h100_16', 'europe-west1-c_h100_16', 'europe-west3-c_h100_16', 'asia-southeast1-b_h100_16', 'asia-south2-b_h100_16']",6,rc_cr_threshold,0,single_region,,us-central1-a_h100_16,,39.871794871794876,50.0,0.2,1.3,51.833333333333336,51.833333333333336,True,True,['data/converted_multi_region_aligned_h100_16_merged'],1,790.7920000000029,0
Global Diverse (6),"['us-central1-a_h100_16', 'us-west1-a_h100_16', 'europe-west1-c_h100_16', 'europe-west3-c_h100_16', 'asia-southeast1-b_h100_16', 'asia-south2-b_h100_16']",6,rc_cr_threshold,0,single_region,,us-west1-a_h100_16,,39.871794871794876,50.0,0.2,1.3,51.833333333333336,51.833333333333336,True,True,['data/converted_multi_region_aligned_h100_16_merged'],1,3311.466896413326,0
Global Diverse (6),"['us-central1-a_h100_16', 'us-west1-a_h100_16', 'europe-west1-c_h100_16', 'europe-west3-c_h100_16', 'asia-southeast1-b_h100_16', 'asia-south2-b_h100_16']",6,rc_cr_threshold,0,single_region,,europe-west1-c_h100_16,,39.871794871794876,50.0,0.2,1.3,51.833333333333336,51.833333333333336,True,True,['data/converted_multi_region_aligned_h100_16_merged'],1,866.2798606719973,0
Global Diverse (6),"['us-central1-a_h100_16', 'us-west1-a_h100_16', 'europe-west1-c_h100_16', 'europe-west3-c_h100_16', 'asia-southeast1-b_h100_16', 'asia-south2-b_h100_16']",6,rc_cr_threshold,0,single_region,,europe-west3-c_h100_16,,39.871794871794876,50.0,0.2,1.3,51.833333333333336,51.833333333333336,True,True,['data/converted_multi_region_aligned_h100_16_merged'],1,3414.4734567039973,0
Global Diverse (6),"['us-central1-a_h100_16', 'us-west1-a_h100_16', 'europe-west1-c_h100_16', 'europe-west3-c_h100_16', 'asia-southeast1-b_h100_16', 'asia-south2-b_h100_16']",6,rc_cr_threshold,0,single_region,,asia-southeast1-b_h100_16,,39.871794871794876,50.0,0.2,1.3,51.833333333333336,51.833333333333336,True,True,['data/converted_multi_region_aligned_h100_16_merged'],1,2818.8424367680223,0
Global Diverse (6),"['us-central1-a_h100_16', 'us-west1-a_h100_16', 'europe-west1-c_h100_16', 'europe-west3-c_h100_16', 'asia-southeast1-b_h100_16', 'asia-south2-b_h100_16']",6,rc_cr_threshold,0,single_region,,asia-south2-b_h100_16,,39.871794871794876,50.0,0.2,1.3,51.833333333333336,51.833333333333336,True,True,['data/converted_multi_region_aligned_h100_16_merged'],1,2808.05631700268,0
Global Diverse (6),"['us-central1-a_h100_16', 'us-west1-a_h100_16', 'europe-west1-c_h100_16', 'europe-west3-c_h100_16', 'asia-southeast1-b_h100_16', 'asia-south2-b_h100_16']",6,unified_cost_model_risk,0,multi_region,,,,39.871794871794876,50.0,0.2,1.3,51.833333333333336,103.66666666666667,True,True,['data/converted_multi_region_aligned_h100_16_merged'],2,770.3070080629323,2
Global Diverse (6),"['us-central1-a_h100_16', 'us-west1-a_h100_16', 'europe-west1-c_h100_16', 'europe-west3-c_h100_16', 'asia-southeast1-b_h100_16', 'asia-south2-b_h100_16']",6,multi_region_oracle_dp,0,multi_region,,,,39.871794871794876,50.0,0.2,1.3,51.833333333333336,103.66666666666667,True,True,['data/converted_multi_region_aligned_h100_16_merged'],2,654.2527999999973,0
Global Diverse (6),"['us-central1-a_h100_16', 'us-west1-a_h100_16', 'europe-west1-c_h100_16', 'europe-west3-c_h100_16', 'asia-southeast1-b_h100_16', 'asia-south2-b_h100_16']",6,unified_cost_model_oracle,0,multi_region,,,,39.871794871794876,50.0,0.2,1.3,51.833333333333336,103.66666666666667,True,True,['data/converted_multi_region_aligned_h100_16_merged'],2,684.5627733333299,1
Global Diverse (6),"['us-central1-a_h100_16', 'us-west1-a_h100_16', 'europe-west1-c_h100_16', 'europe-west3-c_h100_16', 'asia-southeast1-b_h100_16', 'asia-south2-b_h100_16']",6,multi_region_rc_cr_threshold_eager_failover,0,multi_region,,,,39.871794871794876,50.0,0.2,1.3,51.833333333333336,103.66666666666667,True,True,['data/converted_multi_region_aligned_h100_16_merged'],2,767.599343999999,2
Global Diverse (6),"['us-central1-a_h100_16', 'us-west1-a_h100_16', 'europe-west1-c_h100_16', 'europe-west3-c_h100_16', 'asia-southeast1-b_h100_16', 'asia-south2-b_h100_16']",6,multi_region_availability_probe_simple,0,multi_region,,,,39.871794871794876,50.0,0.2,1.3,51.833333333333336,103.66666666666667,True,True,['data/converted_multi_region_aligned_h100_16_merged'],2,806.5355281919982,1
Global Diverse (6),"['us-central1-a_h100_16', 'us-west1-a_h100_16', 'europe-west1-c_h100_16', 'europe-west3-c_h100_16', 'asia-southeast1-b_h100_16', 'asia-south2-b_h100_16']",6,multi_region_probe_cost_ratio,0,multi_region,,,,39.871794871794876,50.0,0.2,1.3,51.833333333333336,103.66666666666667,True,True,['data/converted_multi_region_aligned_h100_16_merged'],2,837.7723215135974,2
Global Diverse (6),"['us-central1-a_h100_16', 'us-west1-a_h100_16', 'europe-west1-c_h100_16', 'europe-west3-c_h100_16', 'asia-southeast1-b_h100_16', 'asia-south2-b_h100_16']",6,rc_cr_threshold,0,single_region,,us-central1-a_h100_16,,39.871794871794876,50.0,0.2,1.3,51.833333333333336,103.66666666666667,True,True,['data/converted_multi_region_aligned_h100_16_merged'],2,1300.2649746733405,0
Global Diverse (6),"['us-central1-a_h100_16', 'us-west1-a_h100_16', 'europe-west1-c_h100_16', 'europe-west3-c_h100_16', 'asia-southeast1-b_h100_16', 'asia-south2-b_h100_16']",6,rc_cr_threshold,0,single_region,,us-west1-a_h100_16,,39.871794871794876,50.0,0.2,1.3,51.833333333333336,103.66666666666667,True,True,['data/converted_multi_region_aligned_h100_16_merged'],2,2701.4495137933313,0
Global Diverse (6),"['us-central1-a_h100_16', 'us-west1-a_h100_16', 'europe-west1-c_h100_16', 'europe-west3-c_h100_16', 'asia-southeast1-b_h100_16', 'asia-south2-b_h100_16']",6,rc_cr_threshold,0,single_region,,europe-west1-c_h100_16,,39.871794871794876,50.0,0.2,1.3,51.833333333333336,103.66666666666667,True,True,['data/converted_multi_region_aligned_h100_16_merged'],2,1022.5743247253292,0
Global Diverse (6),"['us-central1-a_h100_16', 'us-west1-a_h100_16', 'europe-west1-c_h100_16', 'europe-west3-c_h100_16', 'asia-southeast1-b_h100_16', 'asia-south2-b_h100_16']",6,rc_cr_threshold,0,single_region,,europe-west3-c_h100_16,,39.871794871794876,50.0,0.2,1.3,51.833333333333336,103.66666666666667,True,True,['data/converted_multi_region_aligned_h100_16_merged'],2,3911.4305706879973,0
Global Diverse (6),"['us-central1-a_h100_16', 'us-west1-a_h100_16', 'europe-west1-c_h100_16', 'europe-west3-c_h100_16', 'asia-southeast1-b_h100_16', 'asia-south2-b_h100_16']",6,rc_cr_threshold,0,single_region,,asia-southeast1-b_h100_16,,39.871794871794876,50.0,0.2,1.3,51.833333333333336,103.66666666666667,True,True,['data/converted_multi_region_aligned_h100_16_merged'],2,773.4647573333322,0
Global Diverse (6),"['us-central1-a_h100_16', 'us-west1-a_h100_16', 'europe-west1-c_h100_16', 'europe-west3-c_h100_16', 'asia-southeast1-b_h100_16', 'asia-south2-b_h100_16']",6,rc_cr_threshold,0,single_region,,asia-south2-b_h100_16,,39.871794871794876,50.0,0.2,1.3,51.833333333333336,103.66666666666667,True,True,['data/converted_multi_region_aligned_h100_16_merged'],2,2808.05631700268,0
Global Diverse (6),"['us-central1-a_h100_16', 'us-west1-a_h100_16', 'europe-west1-c_h100_16', 'europe-west3-c_h100_16', 'asia-southeast1-b_h100_16', 'asia-south2-b_h100_16']",6,unified_cost_model_risk,0,multi_region,,,,39.871794871794876,50.0,0.2,1.3,51.833333333333336,155.5,True,True,['data/converted_multi_region_aligned_h100_16_merged'],3,664.9629728629299,1
Global Diverse (6),"['us-central1-a_h100_16', 'us-west1-a_h100_16', 'europe-west1-c_h100_16', 'europe-west3-c_h100_16', 'asia-southeast1-b_h100_16', 'asia-south2-b_h100_16']",6,multi_region_oracle_dp,0,multi_region,,,,39.871794871794876,50.0,0.2,1.3,51.833333333333336,155.5,True,True,['data/converted_multi_region_aligned_h100_16_merged'],3,656.9788533333306,0
Global Diverse (6),"['us-central1-a_h100_16', 'us-west1-a_h100_16', 'europe-west1-c_h100_16', 'europe-west3-c_h100_16', 'asia-southeast1-b_h100_16', 'asia-south2-b_h100_16']",6,unified_cost_model_oracle,0,multi_region,,,,39.871794871794876,50.0,0.2,1.3,51.833333333333336,155.5,True,True,['data/converted_multi_region_aligned_h100_16_merged'],3,662.2794719999965,1
Global Diverse (6),"['us-central1-a_h100_16', 'us-west1-a_h100_16', 'europe-west1-c_h100_16', 'europe-west3-c_h100_16', 'asia-southeast1-b_h100_16', 'asia-south2-b_h100_16']",6,multi_region_rc_cr_threshold_eager_failover,0,multi_region,,,,39.871794871794876,50.0,0.2,1.3,51.833333333333336,155.5,True,True,['data/converted_multi_region_aligned_h100_16_merged'],3,662.2794719999965,1
Global Diverse (6),"['us-central1-a_h100_16', 'us-west1-a_h100_16', 'europe-west1-c_h100_16', 'europe-west3-c_h100_16', 'asia-southeast1-b_h100_16', 'asia-south2-b_h100_16']",6,multi_region_availability_probe_simple,0,multi_region,,,,39.871794871794876,50.0,0.2,1.3,51.833333333333336,155.5,True,True,['data/converted_multi_region_aligned_h100_16_merged'],3,805.6763948586694,1
Global Diverse (6),"['us-central1-a_h100_16', 'us-west1-a_h100_16', 'europe-west1-c_h100_16', 'europe-west3-c_h100_16', 'asia-southeast1-b_h100_16', 'asia-south2-b_h100_16']",6,multi_region_probe_cost_ratio,0,multi_region,,,,39.871794871794876,50.0,0.2,1.3,51.833333333333336,155.5,True,True,['data/converted_multi_region_aligned_h100_16_merged'],3,758.7705135135973,2
Global Diverse (6),"['us-central1-a_h100_16', 'us-west1-a_h100_16', 'europe-west1-c_h100_16', 'europe-west3-c_h100_16', 'asia-southeast1-b_h100_16', 'asia-south2-b_h100_16']",6,rc_cr_threshold,0,single_region,,us-central1-a_h100_16,,39.871794871794876,50.0,0.2,1.3,51.833333333333336,155.5,True,True,['data/converted_multi_region_aligned_h100_16_merged'],3,774.9761600000027,0
Global Diverse (6),"['us-central1-a_h100_16', 'us-west1-a_h100_16', 'europe-west1-c_h100_16', 'europe-west3-c_h100_16', 'asia-southeast1-b_h100_16', 'asia-south2-b_h100_16']",6,rc_cr_threshold,0,single_region,,us-west1-a_h100_16,,39.871794871794876,50.0,0.2,1.3,51.833333333333336,155.5,True,True,['data/converted_multi_region_aligned_h100_16_merged'],3,765.4866560000025,0
Global Diverse (6),"['us-central1-a_h100_16', 'us-west1-a_h100_16', 'europe-west1-c_h100_16', 'europe-west3-c_h100_16', 'asia-southeast1-b_h100_16', 'asia-south2-b_h100_16']",6,rc_cr_threshold,0,single_region,,europe-west1-c_h100_16,,39.871794871794876,50.0,0.2,1.3,51.833333333333336,155.5,True,True,['data/converted_multi_region_aligned_h100_16_merged'],3,659.7049066666639,0
Global Diverse (6),"['us-central1-a_h100_16', 'us-west1-a_h100_16', 'europe-west1-c_h100_16', 'europe-west3-c_h100_16', 'asia-southeast1-b_h100_16', 'asia-south2-b_h100_16']",6,rc_cr_threshold,0,single_region,,europe-west3-c_h100_16,,39.871794871794876,50.0,0.2,1.3,51.833333333333336,155.5,True,True,['data/converted_multi_region_aligned_h100_16_merged'],3,2728.2762775679826,0
Global Diverse (6),"['us-central1-a_h100_16', 'us-west1-a_h100_16', 'europe-west1-c_h100_16', 'europe-west3-c_h100_16', 'asia-southeast1-b_h100_16', 'asia-south2-b_h100_16']",6,rc_cr_threshold,0,single_region,,asia-southeast1-b_h100_16,,39.871794871794876,50.0,0.2,1.3,51.833333333333336,155.5,True,True,['data/converted_multi_region_aligned_h100_16_merged'],3,773.4647573333322,0
Global Diverse (6),"['us-central1-a_h100_16', 'us-west1-a_h100_16', 'europe-west1-c_h100_16', 'europe-west3-c_h100_16', 'asia-southeast1-b_h100_16', 'asia-south2-b_h100_16']",6,rc_cr_threshold,0,single_region,,asia-south2-b_h100_16,,39.871794871794876,50.0,0.2,1.3,51.833333333333336,155.5,True,True,['data/converted_multi_region_aligned_h100_16_merged'],3,2808.05631700268,0
Global Diverse (6),"['us-central1-a_h100_16', 'us-west1-a_h100_16', 'europe-west1-c_h100_16', 'europe-west3-c_h100_16', 'asia-southeast1-b_h100_16', 'asia-south2-b_h100_16']",6,unified_cost_model_risk,0,multi_region,,,,39.871794871794876,50.0,0.2,1.3,51.833333333333336,207.33333333333334,True,True,['data/converted_multi_region_aligned_h100_16_merged'],4,728.4070037962688,2
Global Diverse (6),"['us-central1-a_h100_16', 'us-west1-a_h100_16', 'europe-west1-c_h100_16', 'europe-west3-c_h100_16', 'asia-southeast1-b_h100_16', 'asia-south2-b_h100_16']",6,multi_region_oracle_dp,0,multi_region,,,,39.871794871794876,50.0,0.2,1.3,51.833333333333336,207.33333333333334,True,True,['data/converted_multi_region_aligned_h100_16_merged'],4,684.348783999999,2
Global Diverse (6),"['us-central1-a_h100_16', 'us-west1-a_h100_16', 'europe-west1-c_h100_16', 'europe-west3-c_h100_16', 'asia-southeast1-b_h100_16', 'asia-south2-b_h100_16']",6,unified_cost_model_oracle,0,multi_region,,,,39.871794871794876,50.0,0.2,1.3,51.833333333333336,207.33333333333334,True,True,['data/converted_multi_region_aligned_h100_16_merged'],4,720.7153866666679,2
Global Diverse (6),"['us-central1-a_h100_16', 'us-west1-a_h100_16', 'europe-west1-c_h100_16', 'europe-west3-c_h100_16', 'asia-southeast1-b_h100_16', 'asia-south2-b_h100_16']",6,multi_region_rc_cr_threshold_eager_failover,0,multi_region,,,,39.871794871794876,50.0,0.2,1.3,51.833333333333336,207.33333333333334,True,True,['data/converted_multi_region_aligned_h100_16_merged'],4,725.4313493333353,2
Global Diverse (6),"['us-central1-a_h100_16', 'us-west1-a_h100_16', 'europe-west1-c_h100_16', 'europe-west3-c_h100_16', 'asia-southeast1-b_h100_16', 'asia-south2-b_h100_16']",6,multi_region_availability_probe_simple,0,multi_region,,,,39.871794871794876,50.0,0.2,1.3,51.833333333333336,207.33333333333334,True,True,['data/converted_multi_region_aligned_h100_16_merged'],4,809.4507383253361,2
Global Diverse (6),"['us-central1-a_h100_16', 'us-west1-a_h100_16', 'europe-west1-c_h100_16', 'europe-west3-c_h100_16', 'asia-southeast1-b_h100_16', 'asia-south2-b_h100_16']",6,multi_region_probe_cost_ratio,0,multi_region,,,,39.871794871794876,50.0,0.2,1.3,51.833333333333336,207.33333333333334,True,True,['data/converted_multi_region_aligned_h100_16_merged'],4,809.3364127136025,1
Global Diverse (6),"['us-central1-a_h100_16', 'us-west1-a_h100_16', 'europe-west1-c_h100_16', 'europe-west3-c_h100_16', 'asia-southeast1-b_h100_16', 'asia-south2-b_h100_16']",6,rc_cr_threshold,0,single_region,,us-central1-a_h100_16,,39.871794871794876,50.0,0.2,1.3,51.833333333333336,207.33333333333334,True,True,['data/converted_multi_region_aligned_h100_16_merged'],4,765.4866560000025,0
Global Diverse (6),"['us-central1-a_h100_16', 'us-west1-a_h100_16', 'europe-west1-c_h100_16', 'europe-west3-c_h100_16', 'asia-southeast1-b_h100_16', 'asia-south2-b_h100_16']",6,rc_cr_threshold,0,single_region,,us-west1-a_h100_16,,39.871794871794876,50.0,0.2,1.3,51.833333333333336,207.33333333333334,True,True,['data/converted_multi_region_aligned_h100_16_merged'],4,955.0243668866714,0
Global Diverse (6),"['us-central1-a_h100_16', 'us-west1-a_h100_16', 'europe-west1-c_h100_16', 'europe-west3-c_h100_16', 'asia-southeast1-b_h100_16', 'asia-south2-b_h100_16']",6,rc_cr_threshold,0,single_region,,europe-west1-c_h100_16,,39.871794871794876,50.0,0.2,1.3,51.833333333333336,207.33333333333334,True,True,['data/converted_multi_region_aligned_h100_16_merged'],4,1837.9703711786663,0
Global Diverse (6),"['us-central1-a_h100_16', 'us-west1-a_h100_16', 'europe-west1-c_h100_16', 'europe-west3-c_h100_16', 'asia-southeast1-b_h100_16', 'asia-south2-b_h100_16']",6,rc_cr_threshold,0,single_region,,europe-west3-c_h100_16,,39.871794871794876,50.0,0.2,1.3,51.833333333333336,207.33333333333334,True,True,['data/converted_multi_region_aligned_h100_16_merged'],4,1651.5897153919993,0
Global Diverse (6),"['us-central1-a_h100_16', 'us-west1-a_h100_16', 'europe-west1-c_h100_16', 'europe-west3-c_h100_16', 'asia-southeast1-b_h100_16', 'asia-south2-b_h100_16']",6,rc_cr_threshold,0,single_region,,asia-southeast1-b_h100_16,,39.871794871794876,50.0,0.2,1.3,51.833333333333336,207.33333333333334,True,True,['data/converted_multi_region_aligned_h100_16_merged'],4,773.4647573333322,0
Global Diverse (6),"['us-central1-a_h100_16', 'us-west1-a_h100_16', 'europe-west1-c_h100_16', 'europe-west3-c_h100_16', 'asia-southeast1-b_h100_16', 'asia-south2-b_h100_16']",6,rc_cr_threshold,0,single_region,,asia-south2-b_h100_16,,39.871794871794876,50.0,0.2,1.3,51.833333333333336,207.33333333333334,True,True,['data/converted_multi_region_aligned_h100_16_merged'],4,2808.05631700268,0
Global Diverse (6),"['us-central1-a_h100_16', 'us-west1-a_h100_16', 'europe-west1-c_h100_16', 'europe-west3-c_h100_16', 'asia-southeast1-b_h100_16', 'asia-south2-b_h100_16']",6,unified_cost_model_risk,0,multi_region,,,,39.871794871794876,50.0,0.2,1.3,51.833333333333336,259.1666666666667,True,True,['data/converted_multi_region_aligned_h100_16_merged'],5,656.6636955295972,0
Global Diverse (6),"['us-central1-a_h100_16', 'us-west1-a_h100_16', 'europe-west1-c_h100_16', 'europe-west3-c_h100_16', 'asia-southeast1-b_h100_16', 'asia-south2-b_h100_16']",6,multi_region_oracle_dp,0,multi_region,,,,39.871794871794876,50.0,0.2,1.3,51.833333333333336,259.1666666666667,True,True,['data/converted_multi_region_aligned_h100_16_merged'],5,654.2527999999973,0
Global Diverse (6),"['us-central1-a_h100_16', 'us-west1-a_h100_16', 'europe-west1-c_h100_16', 'europe-west3-c_h100_16', 'asia-southeast1-b_h100_16', 'asia-south2-b_h100_16']",6,unified_cost_model_oracle,0,multi_region,,,,39.871794871794876,50.0,0.2,1.3,51.833333333333336,259.1666666666667,True,True,['data/converted_multi_region_aligned_h100_16_merged'],5,654.2527999999973,0
Global Diverse (6),"['us-central1-a_h100_16', 'us-west1-a_h100_16', 'europe-west1-c_h100_16', 'europe-west3-c_h100_16', 'asia-southeast1-b_h100_16', 'asia-south2-b_h100_16']",6,multi_region_rc_cr_threshold_eager_failover,0,multi_region,,,,39.871794871794876,50.0,0.2,1.3,51.833333333333336,259.1666666666667,True,True,['data/converted_multi_region_aligned_h100_16_merged'],5,654.2527999999973,0
Global Diverse (6),"['us-central1-a_h100_16', 'us-west1-a_h100_16', 'europe-west1-c_h100_16', 'europe-west3-c_h100_16', 'asia-southeast1-b_h100_16', 'asia-south2-b_h100_16']",6,multi_region_availability_probe_simple,0,multi_region,,,,39.871794871794876,50.0,0.2,1.3,51.833333333333336,259.1666666666667,True,True,['data/converted_multi_region_aligned_h100_16_merged'],5,799.7082929920014,1
Global Diverse (6),"['us-central1-a_h100_16', 'us-west1-a_h100_16', 'europe-west1-c_h100_16', 'europe-west3-c_h100_16', 'asia-southeast1-b_h100_16', 'asia-south2-b_h100_16']",6,multi_region_probe_cost_ratio,0,multi_region,,,,39.871794871794876,50.0,0.2,1.3,51.833333333333336,259.1666666666667,True,True,['data/converted_multi_region_aligned_h100_16_merged'],5,747.8417699839964,0
Global Diverse (6),"['us-central1-a_h100_16', 'us-west1-a_h100_16', 'europe-west1-c_h100_16', 'europe-west3-c_h100_16', 'asia-southeast1-b_h100_16', 'asia-south2-b_h100_16']",6,rc_cr_threshold,0,single_region,,us-central1-a_h100_16,,39.871794871794876,50.0,0.2,1.3,51.833333333333336,259.1666666666667,True,True,['data/converted_multi_region_aligned_h100_16_merged'],5,765.4866560000025,0
Global Diverse (6),"['us-central1-a_h100_16', 'us-west1-a_h100_16', 'europe-west1-c_h100_16', 'europe-west3-c_h100_16', 'asia-southeast1-b_h100_16', 'asia-south2-b_h100_16']",6,rc_cr_threshold,0,single_region,,us-west1-a_h100_16,,39.871794871794876,50.0,0.2,1.3,51.833333333333336,259.1666666666667,True,True,['data/converted_multi_region_aligned_h100_16_merged'],5,1895.143485346667,0
Global Diverse (6),"['us-central1-a_h100_16', 'us-west1-a_h100_16', 'europe-west1-c_h100_16', 'europe-west3-c_h100_16', 'asia-southeast1-b_h100_16', 'asia-south2-b_h100_16']",6,rc_cr_threshold,0,single_region,,europe-west1-c_h100_16,,39.871794871794876,50.0,0.2,1.3,51.833333333333336,259.1666666666667,True,True,['data/converted_multi_region_aligned_h100_16_merged'],5,656.9788533333306,0
Global Diverse (6),"['us-central1-a_h100_16', 'us-west1-a_h100_16', 'europe-west1-c_h100_16', 'europe-west3-c_h100_16', 'asia-southeast1-b_h100_16', 'asia-south2-b_h100_16']",6,rc_cr_threshold,0,single_region,,europe-west3-c_h100_16,,39.871794871794876,50.0,0.2,1.3,51.833333333333336,259.1666666666667,True,True,['data/converted_multi_region_aligned_h100_16_merged'],5,704.090175999997,0
Global Diverse (6),"['us-central1-a_h100_16', 'us-west1-a_h100_16', 'europe-west1-c_h100_16', 'europe-west3-c_h100_16', 'asia-southeast1-b_h100_16', 'asia-south2-b_h100_16']",6,rc_cr_threshold,0,single_region,,asia-southeast1-b_h100_16,,39.871794871794876,50.0,0.2,1.3,51.833333333333336,259.1666666666667,True,True,['data/converted_multi_region_aligned_h100_16_merged'],5,773.4647573333322,0
Global Diverse (6),"['us-central1-a_h100_16', 'us-west1-a_h100_16', 'europe-west1-c_h100_16', 'europe-west3-c_h100_16', 'asia-southeast1-b_h100_16', 'asia-south2-b_h100_16']",6,rc_cr_threshold,0,single_region,,asia-south2-b_h100_16,,39.871794871794876,50.0,0.2,1.3,51.833333333333336,259.1666666666667,True,True,['data/converted_multi_region_aligned_h100_16_merged'],5,2808.05631700268,0
Global Diverse (6),"['us-central1-a_h100_16', 'us-west1-a_h100_16', 'europe-west1-c_h100_16', 'europe-west3-c_h100_16', 'asia-southeast1-b_h100_16', 'asia-south2-b_h100_16']",6,unified_cost_model_risk,0,multi_region,,,,34.55555555555556,50.0,0.2,1.5,51.833333333333336,0.0,True,True,['data/converted_multi_region_aligned_h100_16_merged'],0,569.4299888629313,0
Global Diverse (6),"['us-central1-a_h100_16', 'us-west1-a_h100_16', 'europe-west1-c_h100_16', 'europe-west3-c_h100_16', 'asia-southeast1-b_h100_16', 'asia-south2-b_h100_16']",6,multi_region_oracle_dp,0,multi_region,,,,34.55555555555556,50.0,0.2,1.5,51.833333333333336,0.0,True,True,['data/converted_multi_region_aligned_h100_16_merged'],0,567.0190933333313,0
Global Diverse (6),"['us-central1-a_h100_16', 'us-west1-a_h100_16', 'europe-west1-c_h100_16', 'europe-west3-c_h100_16', 'asia-southeast1-b_h100_16', 'asia-south2-b_h100_16']",6,unified_cost_model_oracle,0,multi_region,,,,34.55555555555556,50.0,0.2,1.5,51.833333333333336,0.0,True,True,['data/converted_multi_region_aligned_h100_16_merged'],0,567.0190933333313,0
Global Diverse (6),"['us-central1-a_h100_16', 'us-west1-a_h100_16', 'europe-west1-c_h100_16', 'europe-west3-c_h100_16', 'asia-southeast1-b_h100_16', 'asia-south2-b_h100_16']",6,multi_region_rc_cr_threshold_eager_failover,0,multi_region,,,,34.55555555555556,50.0,0.2,1.5,51.833333333333336,0.0,True,True,['data/converted_multi_region_aligned_h100_16_merged'],0,567.0190933333313,0
Global Diverse (6),"['us-central1-a_h100_16', 'us-west1-a_h100_16', 'europe-west1-c_h100_16', 'europe-west3-c_h100_16', 'asia-southeast1-b_h100_16', 'asia-south2-b_h100_16']",6,multi_region_availability_probe_simple,0,multi_region,,,,34.55555555555556,50.0,0.2,1.5,51.833333333333336,0.0,True,True,['data/converted_multi_region_aligned_h100_16_merged'],0,668.3233371327973,3
Global Diverse (6),"['us-central1-a_h100_16', 'us-west1-a_h100_16', 'europe-west1-c_h100_16', 'europe-west3-c_h100_16', 'asia-southeast1-b_h100_16', 'asia-south2-b_h100_16']",6,multi_region_probe_cost_ratio,0,multi_region,,,,34.55555555555556,50.0,0.2,1.5,51.833333333333336,0.0,True,True,['data/converted_multi_region_aligned_h100_16_merged'],0,632.3081851359967,0
Global Diverse (6),"['us-central1-a_h100_16', 'us-west1-a_h100_16', 'europe-west1-c_h100_16', 'europe-west3-c_h100_16', 'asia-southeast1-b_h100_16', 'asia-south2-b_h100_16']",6,rc_cr_threshold,0,single_region,,us-central1-a_h100_16,,34.55555555555556,50.0,0.2,1.5,51.833333333333336,0.0,True,True,['data/converted_multi_region_aligned_h100_16_merged'],0,793.4197329266694,0
Global Diverse (6),"['us-central1-a_h100_16', 'us-west1-a_h100_16', 'europe-west1-c_h100_16', 'europe-west3-c_h100_16', 'asia-southeast1-b_h100_16', 'asia-south2-b_h100_16']",6,rc_cr_threshold,0,single_region,,us-west1-a_h100_16,,34.55555555555556,50.0,0.2,1.5,51.833333333333336,0.0,True,True,['data/converted_multi_region_aligned_h100_16_merged'],0,667.4284480000013,0
Global Diverse (6),"['us-central1-a_h100_16', 'us-west1-a_h100_16', 'europe-west1-c_h100_16', 'europe-west3-c_h100_16', 'asia-southeast1-b_h100_16', 'asia-south2-b_h100_16']",6,rc_cr_threshold,0,single_region,,europe-west1-c_h100_16,,34.55555555555556,50.0,0.2,1.5,51.833333333333336,0.0,True,True,['data/converted_multi_region_aligned_h100_16_merged'],0,569.7451466666646,0
Global Diverse (6),"['us-central1-a_h100_16', 'us-west1-a_h100_16', 'europe-west1-c_h100_16', 'europe-west3-c_h100_16', 'asia-southeast1-b_h100_16', 'asia-south2-b_h100_16']",6,rc_cr_threshold,0,single_region,,europe-west3-c_h100_16,,34.55555555555556,50.0,0.2,1.5,51.833333333333336,0.0,True,True,['data/converted_multi_region_aligned_h100_16_merged'],0,2958.7341767679977,0
Global Diverse (6),"['us-central1-a_h100_16', 'us-west1-a_h100_16', 'europe-west1-c_h100_16', 'europe-west3-c_h100_16', 'asia-southeast1-b_h100_16', 'asia-south2-b_h100_16']",6,rc_cr_threshold,0,single_region,,asia-southeast1-b_h100_16,,34.55555555555556,50.0,0.2,1.5,51.833333333333336,0.0,True,True,['data/converted_multi_region_aligned_h100_16_merged'],0,3672.1440997866584,0
Global Diverse (6),"['us-central1-a_h100_16', 'us-west1-a_h100_16', 'europe-west1-c_h100_16', 'europe-west3-c_h100_16', 'asia-southeast1-b_h100_16', 'asia-south2-b_h100_16']",6,rc_cr_threshold,0,single_region,,asia-south2-b_h100_16,,34.55555555555556,50.0,0.2,1.5,51.833333333333336,0.0,True,True,['data/converted_multi_region_aligned_h100_16_merged'],0,2435.2023661973435,0
Global Diverse (6),"['us-central1-a_h100_16', 'us-west1-a_h100_16', 'europe-west1-c_h100_16', 'europe-west3-c_h100_16', 'asia-southeast1-b_h100_16', 'asia-south2-b_h100_16']",6,unified_cost_model_risk,0,multi_region,,,,34.55555555555556,50.0,0.2,1.5,51.833333333333336,51.833333333333336,True,True,['data/converted_multi_region_aligned_h100_16_merged'],1,635.4481424629308,8
Global Diverse (6),"['us-central1-a_h100_16', 'us-west1-a_h100_16', 'europe-west1-c_h100_16', 'europe-west3-c_h100_16', 'asia-southeast1-b_h100_16', 'asia-south2-b_h100_16']",6,multi_region_oracle_dp,0,multi_region,,,,34.55555555555556,50.0,0.2,1.5,51.833333333333336,51.833333333333336,True,True,['data/converted_multi_region_aligned_h100_16_merged'],1,572.4711999999979,0
Global Diverse (6),"['us-central1-a_h100_16', 'us-west1-a_h100_16', 'europe-west1-c_h100_16', 'europe-west3-c_h100_16', 'asia-southeast1-b_h100_16', 'asia-south2-b_h100_16']",6,unified_cost_model_oracle,0,multi_region,,,,34.55555555555556,50.0,0.2,1.5,51.833333333333336,51.833333333333336,True,True,['data/converted_multi_region_aligned_h100_16_merged'],1,648.0540878506641,6
Global Diverse (6),"['us-central1-a_h100_16', 'us-west1-a_h100_16', 'europe-west1-c_h100_16', 'europe-west3-c_h100_16', 'asia-southeast1-b_h100_16', 'asia-south2-b_h100_16']",6,multi_region_rc_cr_threshold_eager_failover,0,multi_region,,,,34.55555555555556,50.0,0.2,1.5,51.833333333333336,51.833333333333336,True,True,['data/converted_multi_region_aligned_h100_16_merged'],1,1779.868719626672,2
Global Diverse (6),"['us-central1-a_h100_16', 'us-west1-a_h100_16', 'europe-west1-c_h100_16', 'europe-west3-c_h100_16', 'asia-southeast1-b_h100_16', 'asia-south2-b_h100_16']",6,multi_region_availability_probe_simple,0,multi_region,,,,34.55555555555556,50.0,0.2,1.5,51.833333333333336,51.833333333333336,True,True,['data/converted_multi_region_aligned_h100_16_merged'],1,1832.1896545002724,2
Global Diverse (6),"['us-central1-a_h100_16', 'us-west1-a_h100_16', 'europe-west1-c_h100_16', 'europe-west3-c_h100_16', 'asia-southeast1-b_h100_16', 'asia-south2-b_h100_16']",6,multi_region_probe_cost_ratio,0,multi_region,,,,34.55555555555556,50.0,0.2,1.5,51.833333333333336,51.833333333333336,True,True,['data/converted_multi_region_aligned_h100_16_merged'],1,736.8425332202685,6
Global Diverse (6),"['us-central1-a_h100_16', 'us-west1-a_h100_16', 'europe-west1-c_h100_16', 'europe-west3-c_h100_16', 'asia-southeast1-b_h100_16', 'asia-south2-b_h100_16']",6,rc_cr_threshold,0,single_region,,us-central1-a_h100_16,,34.55555555555556,50.0,0.2,1.5,51.833333333333336,51.833333333333336,True,True,['data/converted_multi_region_aligned_h100_16_merged'],1,680.0811200000014,0
Global Diverse (6),"['us-central1-a_h100_16', 'us-west1-a_h100_16', 'europe-west1-c_h100_16', 'europe-west3-c_h100_16', 'asia-southeast1-b_h100_16', 'asia-south2-b_h100_16']",6,rc_cr_threshold,0,single_region,,us-west1-a_h100_16,,34.55555555555556,50.0,0.2,1.5,51.833333333333336,51.833333333333336,True,True,['data/converted_multi_region_aligned_h100_16_merged'],1,2871.3312486266614,0
Global Diverse (6),"['us-central1-a_h100_16', 'us-west1-a_h100_16', 'europe-west1-c_h100_16', 'europe-west3-c_h100_16', 'asia-southeast1-b_h100_16', 'asia-south2-b_h100_16']",6,rc_cr_threshold,0,single_region,,europe-west1-c_h100_16,,34.55555555555556,50.0,0.2,1.5,51.833333333333336,51.833333333333336,True,True,['data/converted_multi_region_aligned_h100_16_merged'],1,602.4577866666643,0
Global Diverse (6),"['us-central1-a_h100_16', 'us-west1-a_h100_16', 'europe-west1-c_h100_16', 'europe-west3-c_h100_16', 'asia-southeast1-b_h100_16', 'asia-south2-b_h100_16']",6,rc_cr_threshold,0,single_region,,europe-west3-c_h100_16,,34.55555555555556,50.0,0.2,1.5,51.833333333333336,51.833333333333336,True,True,['data/converted_multi_region_aligned_h100_16_merged'],1,2895.1133809279977,0
Global Diverse (6),"['us-central1-a_h100_16', 'us-west1-a_h100_16', 'europe-west1-c_h100_16', 'europe-west3-c_h100_16', 'asia-southeast1-b_h100_16', 'asia-south2-b_h100_16']",6,rc_cr_threshold,0,single_region,,asia-southeast1-b_h100_16,,34.55555555555556,50.0,0.2,1.5,51.833333333333336,51.833333333333336,True,True,['data/converted_multi_region_aligned_h100_16_merged'],1,2494.975747744021,0
Global Diverse (6),"['us-central1-a_h100_16', 'us-west1-a_h100_16', 'europe-west1-c_h100_16', 'europe-west3-c_h100_16', 'asia-southeast1-b_h100_16', 'asia-south2-b_h100_16']",6,rc_cr_threshold,0,single_region,,asia-south2-b_h100_16,,34.55555555555556,50.0,0.2,1.5,51.833333333333336,51.833333333333336,True,True,['data/converted_multi_region_aligned_h100_16_merged'],1,2435.2023661973435,0
Global Diverse (6),"['us-central1-a_h100_16', 'us-west1-a_h100_16', 'europe-west1-c_h100_16', 'europe-west3-c_h100_16', 'asia-southeast1-b_h100_16', 'asia-south2-b_h100_16']",6,unified_cost_model_risk,0,multi_region,,,,34.55555555555556,50.0,0.2,1.5,51.833333333333336,103.66666666666667,True,True,['data/converted_multi_region_aligned_h100_16_merged'],2,667.6062933962667,2
Global Diverse (6),"['us-central1-a_h100_16', 'us-west1-a_h100_16', 'europe-west1-c_h100_16', 'europe-west3-c_h100_16', 'asia-southeast1-b_h100_16', 'asia-south2-b_h100_16']",6,multi_region_oracle_dp,0,multi_region,,,,34.55555555555556,50.0,0.2,1.5,51.833333333333336,103.66666666666667,True,True,['data/converted_multi_region_aligned_h100_16_merged'],2,567.0190933333313,0
Global Diverse (6),"['us-central1-a_h100_16', 'us-west1-a_h100_16', 'europe-west1-c_h100_16', 'europe-west3-c_h100_16', 'asia-southeast1-b_h100_16', 'asia-south2-b_h100_16']",6,unified_cost_model_oracle,0,multi_region,,,,34.55555555555556,50.0,0.2,1.5,51.833333333333336,103.66666666666667,True,True,['data/converted_multi_region_aligned_h100_16_merged'],2,597.329066666664,1
Global Diverse (6),"['us-central1-a_h100_16', 'us-west1-a_h100_16', 'europe-west1-c_h100_16', 'europe-west3-c_h100_16', 'asia-southeast1-b_h100_16', 'asia-south2-b_h100_16']",6,multi_region_rc_cr_threshold_eager_failover,0,multi_region,,,,34.55555555555556,50.0,0.2,1.5,51.833333333333336,103.66666666666667,True,True,['data/converted_multi_region_aligned_h100_16_merged'],2,664.8986293333334,2
Global Diverse (6),"['us-central1-a_h100_16', 'us-west1-a_h100_16', 'europe-west1-c_h100_16', 'europe-west3-c_h100_16', 'asia-southeast1-b_h100_16', 'asia-south2-b_h100_16']",6,multi_region_availability_probe_simple,0,multi_region,,,,34.55555555555556,50.0,0.2,1.5,51.833333333333336,103.66666666666667,True,True,['data/converted_multi_region_aligned_h100_16_merged'],2,700.0103152661327,1
Global Diverse (6),"['us-central1-a_h100_16', 'us-west1-a_h100_16', 'europe-west1-c_h100_16', 'europe-west3-c_h100_16', 'asia-southeast1-b_h100_16', 'asia-south2-b_h100_16']",6,multi_region_probe_cost_ratio,0,multi_region,,,,34.55555555555556,50.0,0.2,1.5,51.833333333333336,103.66666666666667,True,True,['data/converted_multi_region_aligned_h100_16_merged'],2,724.863379269332,2
Global Diverse (6),"['us-central1-a_h100_16', 'us-west1-a_h100_16', 'europe-west1-c_h100_16', 'europe-west3-c_h100_16', 'asia-southeast1-b_h100_16', 'asia-south2-b_h100_16']",6,rc_cr_threshold,0,single_region,,us-central1-a_h100_16,,34.55555555555556,50.0,0.2,1.5,51.833333333333336,103.66666666666667,True,True,['data/converted_multi_region_aligned_h100_16_merged'],2,1061.3596757600055,0
Global Diverse (6),"['us-central1-a_h100_16', 'us-west1-a_h100_16', 'europe-west1-c_h100_16', 'europe-west3-c_h100_16', 'asia-southeast1-b_h100_16', 'asia-south2-b_h100_16']",6,rc_cr_threshold,0,single_region,,us-west1-a_h100_16,,34.55555555555556,50.0,0.2,1.5,51.833333333333336,103.66666666666667,True,True,['data/converted_multi_region_aligned_h100_16_merged'],2,2279.332839993333,0
Global Diverse (6),"['us-central1-a_h100_16', 'us-west1-a_h100_16', 'europe-west1-c_h100_16', 'europe-west3-c_h100_16', 'asia-southeast1-b_h100_16', 'asia-south2-b_h100_16']",6,rc_cr_threshold,0,single_region,,europe-west1-c_h100_16,,34.55555555555556,50.0,0.2,1.5,51.833333333333336,103.66666666666667,True,True,['data/converted_multi_region_aligned_h100_16_merged'],2,885.6656711999965,0
Global Diverse (6),"['us-central1-a_h100_16', 'us-west1-a_h100_16', 'europe-west1-c_h100_16', 'europe-west3-c_h100_16', 'asia-southeast1-b_h100_16', 'asia-south2-b_h100_16']",6,rc_cr_threshold,0,single_region,,europe-west3-c_h100_16,,34.55555555555556,50.0,0.2,1.5,51.833333333333336,103.66666666666667,True,True,['data/converted_multi_region_aligned_h100_16_merged'],2,3392.0704949119977,0
Global Diverse (6),"['us-central1-a_h100_16', 'us-west1-a_h100_16', 'europe-west1-c_h100_16', 'europe-west3-c_h100_16', 'asia-southeast1-b_h100_16', 'asia-south2-b_h100_16']",6,rc_cr_threshold,0,single_region,,asia-southeast1-b_h100_16,,34.55555555555556,50.0,0.2,1.5,51.833333333333336,103.66666666666667,True,True,['data/converted_multi_region_aligned_h100_16_merged'],2,670.7640426666666,0
Global Diverse (6),"['us-central1-a_h100_16', 'us-west1-a_h100_16', 'europe-west1-c_h100_16', 'europe-west3-c_h100_16', 'asia-southeast1-b_h100_16', 'asia-south2-b_h100_16']",6,rc_cr_threshold,0,single_region,,asia-south2-b_h100_16,,34.55555555555556,50.0,0.2,1.5,51.833333333333336,103.66666666666667,True,True,['data/converted_multi_region_aligned_h100_16_merged'],2,2435.2023661973435,0
Global Diverse (6),"['us-central1-a_h100_16', 'us-west1-a_h100_16', 'europe-west1-c_h100_16', 'europe-west3-c_h100_16', 'asia-southeast1-b_h100_16', 'asia-south2-b_h100_16']",6,unified_cost_model_risk,0,multi_region,,,,34.55555555555556,50.0,0.2,1.5,51.833333333333336,155.5,True,True,['data/converted_multi_region_aligned_h100_16_merged'],3,569.4299888629313,0
Global Diverse (6),"['us-central1-a_h100_16', 'us-west1-a_h100_16', 'europe-west1-c_h100_16', 'europe-west3-c_h100_16', 'asia-southeast1-b_h100_16', 'asia-south2-b_h100_16']",6,multi_region_oracle_dp,0,multi_region,,,,34.55555555555556,50.0,0.2,1.5,51.833333333333336,155.5,True,True,['data/converted_multi_region_aligned_h100_16_merged'],3,567.0190933333313,0
Global Diverse (6),"['us-central1-a_h100_16', 'us-west1-a_h100_16', 'europe-west1-c_h100_16', 'europe-west3-c_h100_16', 'asia-southeast1-b_h100_16', 'asia-south2-b_h100_16']",6,unified_cost_model_oracle,0,multi_region,,,,34.55555555555556,50.0,0.2,1.5,51.833333333333336,155.5,True,True,['data/converted_multi_region_aligned_h100_16_merged'],3,567.0190933333313,0
Global Diverse (6),"['us-central1-a_h100_16', 'us-west1-a_h100_16', 'europe-west1-c_h100_16', 'europe-west3-c_h100_16', 'asia-southeast1-b_h100_16', 'asia-south2-b_h100_16']",6,multi_region_rc_cr_threshold_eager_failover,0,multi_region,,,,34.55555555555556,50.0,0.2,1.5,51.833333333333336,155.5,True,True,['data/converted_multi_region_aligned_h100_16_merged'],3,567.0190933333313,0
Global Diverse (6),"['us-central1-a_h100_16', 'us-west1-a_h100_16', 'europe-west1-c_h100_16', 'europe-west3-c_h100_16', 'asia-southeast1-b_h100_16', 'asia-south2-b_h100_16']",6,multi_region_availability_probe_simple,0,multi_region,,,,34.55555555555556,50.0,0.2,1.5,51.833333333333336,155.5,True,True,['data/converted_multi_region_aligned_h100_16_merged'],3,699.7206507328013,1
Global Diverse (6),"['us-central1-a_h100_16', 'us-west1-a_h100_16', 'europe-west1-c_h100_16', 'europe-west3-c_h100_16', 'asia-southeast1-b_h100_16', 'asia-south2-b_h100_16']",6,multi_region_probe_cost_ratio,0,multi_region,,,,34.55555555555556,50.0,0.2,1.5,51.833333333333336,155.5,True,True,['data/converted_multi_region_aligned_h100_16_merged'],3,642.6358288693302,0
Global Diverse (6),"['us-central1-a_h100_16', 'us-west1-a_h100_16', 'europe-west1-c_h100_16', 'europe-west3-c_h100_16', 'asia-southeast1-b_h100_16', 'asia-south2-b_h100_16']",6,rc_cr_threshold,0,single_region,,us-central1-a_h100_16,,34.55555555555556,50.0,0.2,1.5,51.833333333333336,155.5,True,True,['data/converted_multi_region_aligned_h100_16_merged'],3,667.4284480000013,0
Global Diverse (6),"['us-central1-a_h100_16', 'us-west1-a_h100_16', 'europe-west1-c_h100_16', 'europe-west3-c_h100_16', 'asia-southeast1-b_h100_16', 'asia-south2-b_h100_16']",6,rc_cr_threshold,0,single_region,,us-west1-a_h100_16,,34.55555555555556,50.0,0.2,1.5,51.833333333333336,155.5,True,True,['data/converted_multi_region_aligned_h100_16_merged'],3,664.2652800000012,0
Global Diverse (6),"['us-central1-a_h100_16', 'us-west1-a_h100_16', 'europe-west1-c_h100_16', 'europe-west3-c_h100_16', 'asia-southeast1-b_h100_16', 'asia-south2-b_h100_16']",6,rc_cr_threshold,0,single_region,,europe-west1-c_h100_16,,34.55555555555556,50.0,0.2,1.5,51.833333333333336,155.5,True,True,['data/converted_multi_region_aligned_h100_16_merged'],3,569.7451466666646,0
Global Diverse (6),"['us-central1-a_h100_16', 'us-west1-a_h100_16', 'europe-west1-c_h100_16', 'europe-west3-c_h100_16', 'asia-southeast1-b_h100_16', 'asia-south2-b_h100_16']",6,rc_cr_threshold,0,single_region,,europe-west3-c_h100_16,,34.55555555555556,50.0,0.2,1.5,51.833333333333336,155.5,True,True,['data/converted_multi_region_aligned_h100_16_merged'],3,2418.9301276799856,0
Global Diverse (6),"['us-central1-a_h100_16', 'us-west1-a_h100_16', 'europe-west1-c_h100_16', 'europe-west3-c_h100_16', 'asia-southeast1-b_h100_16', 'asia-south2-b_h100_16']",6,rc_cr_threshold,0,single_region,,asia-southeast1-b_h100_16,,34.55555555555556,50.0,0.2,1.5,51.833333333333336,155.5,True,True,['data/converted_multi_region_aligned_h100_16_merged'],3,670.7640426666666,0
Global Diverse (6),"['us-central1-a_h100_16', 'us-west1-a_h100_16', 'europe-west1-c_h100_16', 'europe-west3-c_h100_16', 'asia-southeast1-b_h100_16', 'asia-south2-b_h100_16']",6,rc_cr_threshold,0,single_region,,asia-south2-b_h100_16,,34.55555555555556,50.0,0.2,1.5,51.833333333333336,155.5,True,True,['data/converted_multi_region_aligned_h100_16_merged'],3,2435.2023661973435,0
Global Diverse (6),"['us-central1-a_h100_16', 'us-west1-a_h100_16', 'europe-west1-c_h100_16', 'europe-west3-c_h100_16', 'asia-southeast1-b_h100_16', 'asia-south2-b_h100_16']",6,unified_cost_model_risk,0,multi_region,,,,34.55555555555556,50.0,0.2,1.5,51.833333333333336,207.33333333333334,True,True,['data/converted_multi_region_aligned_h100_16_merged'],4,626.9130224629341,2
Global Diverse (6),"['us-central1-a_h100_16', 'us-west1-a_h100_16', 'europe-west1-c_h100_16', 'europe-west3-c_h100_16', 'asia-southeast1-b_h100_16', 'asia-south2-b_h100_16']",6,multi_region_oracle_dp,0,multi_region,,,,34.55555555555556,50.0,0.2,1.5,51.833333333333336,207.33333333333334,True,True,['data/converted_multi_region_aligned_h100_16_merged'],4,587.7426133333322,2
Global Diverse (6),"['us-central1-a_h100_16', 'us-west1-a_h100_16', 'europe-west1-c_h100_16', 'europe-west3-c_h100_16', 'asia-southeast1-b_h100_16', 'asia-south2-b_h100_16']",6,unified_cost_model_oracle,0,multi_region,,,,34.55555555555556,50.0,0.2,1.5,51.833333333333336,207.33333333333334,True,True,['data/converted_multi_region_aligned_h100_16_merged'],4,621.013333333334,1
Global Diverse (6),"['us-central1-a_h100_16', 'us-west1-a_h100_16', 'europe-west1-c_h100_16', 'europe-west3-c_h100_16', 'asia-southeast1-b_h100_16', 'asia-south2-b_h100_16']",6,multi_region_rc_cr_threshold_eager_failover,0,multi_region,,,,34.55555555555556,50.0,0.2,1.5,51.833333333333336,207.33333333333334,True,True,['data/converted_multi_region_aligned_h100_16_merged'],4,624.209973333334,2
Global Diverse (6),"['us-central1-a_h100_16', 'us-west1-a_h100_16', 'europe-west1-c_h100_16', 'europe-west3-c_h100_16', 'asia-southeast1-b_h100_16', 'asia-south2-b_h100_16']",6,multi_region_availability_probe_simple,0,multi_region,,,,34.55555555555556,50.0,0.2,1.5,51.833333333333336,207.33333333333334,True,True,['data/converted_multi_region_aligned_h100_16_merged'],4,703.4949941994681,2
Global Diverse (6),"['us-central1-a_h100_16', 'us-west1-a_h100_16', 'europe-west1-c_h100_16', 'europe-west3-c_h100_16', 'asia-southeast1-b_h100_16', 'asia-south2-b_h100_16']",6,multi_region_probe_cost_ratio,0,multi_region,,,,34.55555555555556,50.0,0.2,1.5,51.833333333333336,207.33333333333334,True,True,['data/converted_multi_region_aligned_h100_16_merged'],4,695.0023536693344,1
Global Diverse (6),"['us-central1-a_h100_16', 'us-west1-a_h100_16', 'europe-west1-c_h100_16', 'europe-west3-c_h100_16', 'asia-southeast1-b_h100_16', 'asia-south2-b_h100_16']",6,rc_cr_threshold,0,single_region,,us-central1-a_h100_16,,34.55555555555556,50.0,0.2,1.5,51.833333333333336,207.33333333333334,True,True,['data/converted_multi_region_aligned_h100_16_merged'],4,664.2652800000012,0
Global Diverse (6),"['us-central1-a_h100_16', 'us-west1-a_h100_16', 'europe-west1-c_h100_16', 'europe-west3-c_h100_16', 'asia-southeast1-b_h100_16', 'asia-south2-b_h100_16']",6,rc_cr_threshold,0,single_region,,us-west1-a_h100_16,,34.55555555555556,50.0,0.2,1.5,51.833333333333336,207.33333333333334,True,True,['data/converted_multi_region_aligned_h100_16_merged'],4,790.2565649266695,0
Global Diverse (6),"['us-central1-a_h100_16', 'us-west1-a_h100_16', 'europe-west1-c_h100_16', 'europe-west3-c_h100_16', 'asia-southeast1-b_h100_16', 'asia-south2-b_h100_16']",6,rc_cr_threshold,0,single_region,,europe-west1-c_h100_16,,34.55555555555556,50.0,0.2,1.5,51.833333333333336,207.33333333333334,True,True,['data/converted_multi_region_aligned_h100_16_merged'],4,1527.1994036479998,0
Global Diverse (6),"['us-central1-a_h100_16', 'us-west1-a_h100_16', 'europe-west1-c_h100_16', 'europe-west3-c_h100_16', 'asia-southeast1-b_h100_16', 'asia-south2-b_h100_16']",6,rc_cr_threshold,0,single_region,,europe-west3-c_h100_16,,34.55555555555556,50.0,0.2,1.5,51.833333333333336,207.33333333333334,True,True,['data/converted_multi_region_aligned_h100_16_merged'],4,1246.162764927999,0
Global Diverse (6),"['us-central1-a_h100_16', 'us-west1-a_h100_16', 'europe-west1-c_h100_16', 'europe-west3-c_h100_16', 'asia-southeast1-b_h100_16', 'asia-south2-b_h100_16']",6,rc_cr_threshold,0,single_region,,asia-southeast1-b_h100_16,,34.55555555555556,50.0,0.2,1.5,51.833333333333336,207.33333333333334,True,True,['data/converted_multi_region_aligned_h100_16_merged'],4,670.7640426666666,0
Global Diverse (6),"['us-central1-a_h100_16', 'us-west1-a_h100_16', 'europe-west1-c_h100_16', 'europe-west3-c_h100_16', 'asia-southeast1-b_h100_16', 'asia-south2-b_h100_16']",6,rc_cr_threshold,0,single_region,,asia-south2-b_h100_16,,34.55555555555556,50.0,0.2,1.5,51.833333333333336,207.33333333333334,True,True,['data/converted_multi_region_aligned_h100_16_merged'],4,2435.2023661973435,0
Global Diverse (6),"['us-central1-a_h100_16', 'us-west1-a_h100_16', 'europe-west1-c_h100_16', 'europe-west3-c_h100_16', 'asia-southeast1-b_h100_16', 'asia-south2-b_h100_16']",6,unified_cost_model_risk,0,multi_region,,,,34.55555555555556,50.0,0.2,1.5,51.833333333333336,259.1666666666667,True,True,['data/converted_multi_region_aligned_h100_16_merged'],5,569.4299888629313,0
Global Diverse (6),"['us-central1-a_h100_16', 'us-west1-a_h100_16', 'europe-west1-c_h100_16', 'europe-west3-c_h100_16', 'asia-southeast1-b_h100_16', 'asia-south2-b_h100_16']",6,multi_region_oracle_dp,0,multi_region,,,,34.55555555555556,50.0,0.2,1.5,51.833333333333336,259.1666666666667,True,True,['data/converted_multi_region_aligned_h100_16_merged'],5,567.0190933333313,0
Global Diverse (6),"['us-central1-a_h100_16', 'us-west1-a_h100_16', 'europe-west1-c_h100_16', 'europe-west3-c_h100_16', 'asia-southeast1-b_h100_16', 'asia-south2-b_h100_16']",6,unified_cost_model_oracle,0,multi_region,,,,34.55555555555556,50.0,0.2,1.5,51.833333333333336,259.1666666666667,True,True,['data/converted_multi_region_aligned_h100_16_merged'],5,567.0190933333313,0
Global Diverse (6),"['us-central1-a_h100_16', 'us-west1-a_h100_16', 'europe-west1-c_h100_16', 'europe-west3-c_h100_16', 'asia-southeast1-b_h100_16', 'asia-south2-b_h100_16']",6,multi_region_rc_cr_threshold_eager_failover,0,multi_region,,,,34.55555555555556,50.0,0.2,1.5,51.833333333333336,259.1666666666667,True,True,['data/converted_multi_region_aligned_h100_16_merged'],5,567.0190933333313,0
Global Diverse (6),"['us-central1-a_h100_16', 'us-west1-a_h100_16', 'europe-west1-c_h100_16', 'europe-west3-c_h100_16', 'asia-southeast1-b_h100_16', 'asia-south2-b_h100_16']",6,multi_region_availability_probe_simple,0,multi_region,,,,34.55555555555556,50.0,0.2,1.5,51.833333333333336,259.1666666666667,True,True,['data/converted_multi_region_aligned_h100_16_merged'],5,698.1178213365348,0
Global Diverse (6),"['us-central1-a_h100_16', 'us-west1-a_h100_16', 'europe-west1-c_h100_16', 'europe-west3-c_h100_16', 'asia-southeast1-b_h100_16', 'asia-south2-b_h100_16']",6,multi_region_probe_cost_ratio,0,multi_region,,,,34.55555555555556,50.0,0.2,1.5,51.833333333333336,259.1666666666667,True,True,['data/converted_multi_region_aligned_h100_16_merged'],5,648.8699024693304,0
Global Diverse (6),"['us-central1-a_h100_16', 'us-west1-a_h100_16', 'europe-west1-c_h100_16', 'europe-west3-c_h100_16', 'asia-southeast1-b_h100_16', 'asia-south2-b_h100_16']",6,rc_cr_threshold,0,single_region,,us-central1-a_h100_16,,34.55555555555556,50.0,0.2,1.5,51.833333333333336,259.1666666666667,True,True,['data/converted_multi_region_aligned_h100_16_merged'],5,661.1021120000012,0
Global Diverse (6),"['us-central1-a_h100_16', 'us-west1-a_h100_16', 'europe-west1-c_h100_16', 'europe-west3-c_h100_16', 'asia-southeast1-b_h100_16', 'asia-south2-b_h100_16']",6,rc_cr_threshold,0,single_region,,us-west1-a_h100_16,,34.55555555555556,50.0,0.2,1.5,51.833333333333336,259.1666666666667,True,True,['data/converted_multi_region_aligned_h100_16_merged'],5,1004.8165538533376,0
Global Diverse (6),"['us-central1-a_h100_16', 'us-west1-a_h100_16', 'europe-west1-c_h100_16', 'europe-west3-c_h100_16', 'asia-southeast1-b_h100_16', 'asia-south2-b_h100_16']",6,rc_cr_threshold,0,single_region,,europe-west1-c_h100_16,,34.55555555555556,50.0,0.2,1.5,51.833333333333336,259.1666666666667,True,True,['data/converted_multi_region_aligned_h100_16_merged'],5,569.7451466666646,0
Global Diverse (6),"['us-central1-a_h100_16', 'us-west1-a_h100_16', 'europe-west1-c_h100_16', 'europe-west3-c_h100_16', 'asia-southeast1-b_h100_16', 'asia-south2-b_h100_16']",6,rc_cr_threshold,0,single_region,,europe-west3-c_h100_16,,34.55555555555556,50.0,0.2,1.5,51.833333333333336,259.1666666666667,True,True,['data/converted_multi_region_aligned_h100_16_merged'],5,610.6010239999987,0
Global Diverse (6),"['us-central1-a_h100_16', 'us-west1-a_h100_16', 'europe-west1-c_h100_16', 'europe-west3-c_h100_16', 'asia-southeast1-b_h100_16', 'asia-south2-b_h100_16']",6,rc_cr_threshold,0,single_region,,asia-southeast1-b_h100_16,,34.55555555555556,50.0,0.2,1.5,51.833333333333336,259.1666666666667,True,True,['data/converted_multi_region_aligned_h100_16_merged'],5,670.7640426666666,0
Global Diverse (6),"['us-central1-a_h100_16', 'us-west1-a_h100_16', 'europe-west1-c_h100_16', 'europe-west3-c_h100_16', 'asia-southeast1-b_h100_16', 'asia-south2-b_h100_16']",6,rc_cr_threshold,0,single_region,,asia-south2-b_h100_16,,34.55555555555556,50.0,0.2,1.5,51.833333333333336,259.1666666666667,True,True,['data/converted_multi_region_aligned_h100_16_merged'],5,2435.2023661973435,0
Global Diverse (6),"['us-central1-a_h100_16', 'us-west1-a_h100_16', 'europe-west1-c_h100_16', 'europe-west3-c_h100_16', 'asia-southeast1-b_h100_16', 'asia-south2-b_h100_16']",6,unified_cost_model_risk,0,multi_region,,,,25.916666666666668,50.0,0.2,2.0,51.833333333333336,0.0,True,True,['data/converted_multi_region_aligned_h100_16_merged'],0,427.6752155295991,0
Global Diverse (6),"['us-central1-a_h100_16', 'us-west1-a_h100_16', 'europe-west1-c_h100_16', 'europe-west3-c_h100_16', 'asia-southeast1-b_h100_16', 'asia-south2-b_h100_16']",6,multi_region_oracle_dp,0,multi_region,,,,25.916666666666668,50.0,0.2,2.0,51.833333333333336,0.0,True,True,['data/converted_multi_region_aligned_h100_16_merged'],0,425.2643199999991,0
Global Diverse (6),"['us-central1-a_h100_16', 'us-west1-a_h100_16', 'europe-west1-c_h100_16', 'europe-west3-c_h100_16', 'asia-southeast1-b_h100_16', 'asia-south2-b_h100_16']",6,unified_cost_model_oracle,0,multi_region,,,,25.916666666666668,50.0,0.2,2.0,51.833333333333336,0.0,True,True,['data/converted_multi_region_aligned_h100_16_merged'],0,425.2643199999991,0
Global Diverse (6),"['us-central1-a_h100_16', 'us-west1-a_h100_16', 'europe-west1-c_h100_16', 'europe-west3-c_h100_16', 'asia-southeast1-b_h100_16', 'asia-south2-b_h100_16']",6,multi_region_rc_cr_threshold_eager_failover,0,multi_region,,,,25.916666666666668,50.0,0.2,2.0,51.833333333333336,0.0,True,True,['data/converted_multi_region_aligned_h100_16_merged'],0,425.2643199999991,0
Global Diverse (6),"['us-central1-a_h100_16', 'us-west1-a_h100_16', 'europe-west1-c_h100_16', 'europe-west3-c_h100_16', 'asia-southeast1-b_h100_16', 'asia-south2-b_h100_16']",6,multi_region_availability_probe_simple,0,multi_region,,,,25.916666666666668,50.0,0.2,2.0,51.833333333333336,0.0,True,True,['data/converted_multi_region_aligned_h100_16_merged'],0,517.579552818132,3
Global Diverse (6),"['us-central1-a_h100_16', 'us-west1-a_h100_16', 'europe-west1-c_h100_16', 'europe-west3-c_h100_16', 'asia-southeast1-b_h100_16', 'asia-south2-b_h100_16']",6,multi_region_probe_cost_ratio,0,multi_region,,,,25.916666666666668,50.0,0.2,2.0,51.833333333333336,0.0,True,True,['data/converted_multi_region_aligned_h100_16_merged'],0,474.3731920362649,0
Global Diverse (6),"['us-central1-a_h100_16', 'us-west1-a_h100_16', 'europe-west1-c_h100_16', 'europe-west3-c_h100_16', 'asia-southeast1-b_h100_16', 'asia-south2-b_h100_16']",6,rc_cr_threshold,0,single_region,,us-central1-a_h100_16,,25.916666666666668,50.0,0.2,2.0,51.833333333333336,0.0,True,True,['data/converted_multi_region_aligned_h100_16_merged'],0,509.27004799999924,0
Global Diverse (6),"['us-central1-a_h100_16', 'us-west1-a_h100_16', 'europe-west1-c_h100_16', 'europe-west3-c_h100_16', 'asia-southeast1-b_h100_16', 'asia-south2-b_h100_16']",6,rc_cr_threshold,0,single_region,,us-west1-a_h100_16,,25.916666666666668,50.0,0.2,2.0,51.833333333333336,0.0,True,True,['data/converted_multi_region_aligned_h100_16_merged'],0,506.10687999999925,0
Global Diverse (6),"['us-central1-a_h100_16', 'us-west1-a_h100_16', 'europe-west1-c_h100_16', 'europe-west3-c_h100_16', 'asia-southeast1-b_h100_16', 'asia-south2-b_h100_16']",6,rc_cr_threshold,0,single_region,,europe-west1-c_h100_16,,25.916666666666668,50.0,0.2,2.0,51.833333333333336,0.0,True,True,['data/converted_multi_region_aligned_h100_16_merged'],0,427.9903733333324,0
Global Diverse (6),"['us-central1-a_h100_16', 'us-west1-a_h100_16', 'europe-west1-c_h100_16', 'europe-west3-c_h100_16', 'asia-southeast1-b_h100_16', 'asia-south2-b_h100_16']",6,rc_cr_threshold,0,single_region,,europe-west3-c_h100_16,,25.916666666666668,50.0,0.2,2.0,51.833333333333336,0.0,True,True,['data/converted_multi_region_aligned_h100_16_merged'],0,2131.0040559999984,0
Global Diverse (6),"['us-central1-a_h100_16', 'us-west1-a_h100_16', 'europe-west1-c_h100_16', 'europe-west3-c_h100_16', 'asia-southeast1-b_h100_16', 'asia-south2-b_h100_16']",6,rc_cr_threshold,0,single_region,,asia-southeast1-b_h100_16,,25.916666666666668,50.0,0.2,2.0,51.833333333333336,0.0,True,True,['data/converted_multi_region_aligned_h100_16_merged'],0,2744.7438564586655,0
Global Diverse (6),"['us-central1-a_h100_16', 'us-west1-a_h100_16', 'europe-west1-c_h100_16', 'europe-west3-c_h100_16', 'asia-southeast1-b_h100_16', 'asia-south2-b_h100_16']",6,rc_cr_threshold,0,single_region,,asia-south2-b_h100_16,,25.916666666666668,50.0,0.2,2.0,51.833333333333336,0.0,True,True,['data/converted_multi_region_aligned_h100_16_merged'],0,1829.3146961386722,0
Global Diverse (6),"['us-central1-a_h100_16', 'us-west1-a_h100_16', 'europe-west1-c_h100_16', 'europe-west3-c_h100_16', 'asia-southeast1-b_h100_16', 'asia-south2-b_h100_16']",6,unified_cost_model_risk,0,multi_region,,,,25.916666666666668,50.0,0.2,2.0,51.833333333333336,51.833333333333336,True,True,['data/converted_multi_region_aligned_h100_16_merged'],1,452.81680326293224,4
Global Diverse (6),"['us-central1-a_h100_16', 'us-west1-a_h100_16', 'europe-west1-c_h100_16', 'europe-west3-c_h100_16', 'asia-southeast1-b_h100_16', 'asia-south2-b_h100_16']",6,multi_region_oracle_dp,0,multi_region,,,,25.916666666666668,50.0,0.2,2.0,51.833333333333336,51.833333333333336,True,True,['data/converted_multi_region_aligned_h100_16_merged'],1,427.9903733333324,0
Global Diverse (6),"['us-central1-a_h100_16', 'us-west1-a_h100_16', 'europe-west1-c_h100_16', 'europe-west3-c_h100_16', 'asia-southeast1-b_h100_16', 'asia-south2-b_h100_16']",6,unified_cost_model_oracle,0,multi_region,,,,25.916666666666668,50.0,0.2,2.0,51.833333333333336,51.833333333333336,True,True,['data/converted_multi_region_aligned_h100_16_merged'],1,491.9396931839988,5
Global Diverse (6),"['us-central1-a_h100_16', 'us-west1-a_h100_16', 'europe-west1-c_h100_16', 'europe-west3-c_h100_16', 'asia-southeast1-b_h100_16', 'asia-south2-b_h100_16']",6,multi_region_rc_cr_threshold_eager_failover,0,multi_region,,,,25.916666666666668,50.0,0.2,2.0,51.833333333333336,51.833333333333336,True,True,['data/converted_multi_region_aligned_h100_16_merged'],1,1173.9810495680003,2
Global Diverse (6),"['us-central1-a_h100_16', 'us-west1-a_h100_16', 'europe-west1-c_h100_16', 'europe-west3-c_h100_16', 'asia-southeast1-b_h100_16', 'asia-south2-b_h100_16']",6,multi_region_availability_probe_simple,0,multi_region,,,,25.916666666666668,50.0,0.2,2.0,51.833333333333336,51.833333333333336,True,True,['data/converted_multi_region_aligned_h100_16_merged'],1,1234.5672800042676,2
Global Diverse (6),"['us-central1-a_h100_16', 'us-west1-a_h100_16', 'europe-west1-c_h100_16', 'europe-west3-c_h100_16', 'asia-southeast1-b_h100_16', 'asia-south2-b_h100_16']",6,multi_region_probe_cost_ratio,0,multi_region,,,,25.916666666666668,50.0,0.2,2.0,51.833333333333336,51.833333333333336,True,True,['data/converted_multi_region_aligned_h100_16_merged'],1,554.9727363871996,5
Global Diverse (6),"['us-central1-a_h100_16', 'us-west1-a_h100_16', 'europe-west1-c_h100_16', 'europe-west3-c_h100_16', 'asia-southeast1-b_h100_16', 'asia-south2-b_h100_16']",6,rc_cr_threshold,0,single_region,,us-central1-a_h100_16,,25.916666666666668,50.0,0.2,2.0,51.833333333333336,51.833333333333336,True,True,['data/converted_multi_region_aligned_h100_16_merged'],1,512.4332159999992,0
Global Diverse (6),"['us-central1-a_h100_16', 'us-west1-a_h100_16', 'europe-west1-c_h100_16', 'europe-west3-c_h100_16', 'asia-southeast1-b_h100_16', 'asia-south2-b_h100_16']",6,rc_cr_threshold,0,single_region,,us-west1-a_h100_16,,25.916666666666668,50.0,0.2,2.0,51.833333333333336,51.833333333333336,True,True,['data/converted_multi_region_aligned_h100_16_merged'],1,2159.4155219533304,0
Global Diverse (6),"['us-central1-a_h100_16', 'us-west1-a_h100_16', 'europe-west1-c_h100_16', 'europe-west3-c_h100_16', 'asia-southeast1-b_h100_16', 'asia-south2-b_h100_16']",6,rc_cr_threshold,0,single_region,,europe-west1-c_h100_16,,25.916666666666668,50.0,0.2,2.0,51.833333333333336,51.833333333333336,True,True,['data/converted_multi_region_aligned_h100_16_merged'],1,441.62063999999896,0
Global Diverse (6),"['us-central1-a_h100_16', 'us-west1-a_h100_16', 'europe-west1-c_h100_16', 'europe-west3-c_h100_16', 'asia-southeast1-b_h100_16', 'asia-south2-b_h100_16']",6,rc_cr_threshold,0,single_region,,europe-west3-c_h100_16,,25.916666666666668,50.0,0.2,2.0,51.833333333333336,51.833333333333336,True,True,['data/converted_multi_region_aligned_h100_16_merged'],1,2067.383260159999,0
Global Diverse (6),"['us-central1-a_h100_16', 'us-west1-a_h100_16', 'europe-west1-c_h100_16', 'europe-west3-c_h100_16', 'asia-southeast1-b_h100_16', 'asia-south2-b_h100_16']",6,rc_cr_threshold,0,single_region,,asia-southeast1-b_h100_16,,25.916666666666668,50.0,0.2,2.0,51.833333333333336,51.833333333333336,True,True,['data/converted_multi_region_aligned_h100_16_merged'],1,1877.914579093333,0
Global Diverse (6),"['us-central1-a_h100_16', 'us-west1-a_h100_16', 'europe-west1-c_h100_16', 'europe-west3-c_h100_16', 'asia-southeast1-b_h100_16', 'asia-south2-b_h100_16']",6,rc_cr_threshold,0,single_region,,asia-south2-b_h100_16,,25.916666666666668,50.0,0.2,2.0,51.833333333333336,51.833333333333336,True,True,['data/converted_multi_region_aligned_h100_16_merged'],1,1829.3146961386722,0
Global Diverse (6),"['us-central1-a_h100_16', 'us-west1-a_h100_16', 'europe-west1-c_h100_16', 'europe-west3-c_h100_16', 'asia-southeast1-b_h100_16', 'asia-south2-b_h100_16']",6,unified_cost_model_risk,0,multi_region,,,,25.916666666666668,50.0,0.2,2.0,51.833333333333336,103.66666666666667,True,True,['data/converted_multi_region_aligned_h100_16_merged'],2,459.67212806293213,2
Global Diverse (6),"['us-central1-a_h100_16', 'us-west1-a_h100_16', 'europe-west1-c_h100_16', 'europe-west3-c_h100_16', 'asia-southeast1-b_h100_16', 'asia-south2-b_h100_16']",6,multi_region_oracle_dp,0,multi_region,,,,25.916666666666668,50.0,0.2,2.0,51.833333333333336,103.66666666666667,True,True,['data/converted_multi_region_aligned_h100_16_merged'],2,425.2643199999991,0
Global Diverse (6),"['us-central1-a_h100_16', 'us-west1-a_h100_16', 'europe-west1-c_h100_16', 'europe-west3-c_h100_16', 'asia-southeast1-b_h100_16', 'asia-south2-b_h100_16']",6,unified_cost_model_oracle,0,multi_region,,,,25.916666666666668,50.0,0.2,2.0,51.833333333333336,103.66666666666667,True,True,['data/converted_multi_region_aligned_h100_16_merged'],2,455.57429333333175,1
Global Diverse (6),"['us-central1-a_h100_16', 'us-west1-a_h100_16', 'europe-west1-c_h100_16', 'europe-west3-c_h100_16', 'asia-southeast1-b_h100_16', 'asia-south2-b_h100_16']",6,multi_region_rc_cr_threshold_eager_failover,0,multi_region,,,,25.916666666666668,50.0,0.2,2.0,51.833333333333336,103.66666666666667,True,True,['data/converted_multi_region_aligned_h100_16_merged'],2,501.21936533333485,2
Global Diverse (6),"['us-central1-a_h100_16', 'us-west1-a_h100_16', 'europe-west1-c_h100_16', 'europe-west3-c_h100_16', 'asia-southeast1-b_h100_16', 'asia-south2-b_h100_16']",6,multi_region_availability_probe_simple,0,multi_region,,,,25.916666666666668,50.0,0.2,2.0,51.833333333333336,103.66666666666667,True,True,['data/converted_multi_region_aligned_h100_16_merged'],2,524.6675170848013,1
Global Diverse (6),"['us-central1-a_h100_16', 'us-west1-a_h100_16', 'europe-west1-c_h100_16', 'europe-west3-c_h100_16', 'asia-southeast1-b_h100_16', 'asia-south2-b_h100_16']",6,multi_region_probe_cost_ratio,0,multi_region,,,,25.916666666666668,50.0,0.2,2.0,51.833333333333336,103.66666666666667,True,True,['data/converted_multi_region_aligned_h100_16_merged'],2,546.835072632534,2
Global Diverse (6),"['us-central1-a_h100_16', 'us-west1-a_h100_16', 'europe-west1-c_h100_16', 'europe-west3-c_h100_16', 'asia-southeast1-b_h100_16', 'asia-south2-b_h100_16']",6,rc_cr_threshold,0,single_region,,us-central1-a_h100_16,,25.916666666666668,50.0,0.2,2.0,51.833333333333336,103.66666666666667,True,True,['data/converted_multi_region_aligned_h100_16_merged'],2,579.1428099600002,0
Global Diverse (6),"['us-central1-a_h100_16', 'us-west1-a_h100_16', 'europe-west1-c_h100_16', 'europe-west3-c_h100_16', 'asia-southeast1-b_h100_16', 'asia-south2-b_h100_16']",6,rc_cr_threshold,0,single_region,,us-west1-a_h100_16,,25.916666666666668,50.0,0.2,2.0,51.833333333333336,103.66666666666667,True,True,['data/converted_multi_region_aligned_h100_16_merged'],2,1550.3581733466692,0
Global Diverse (6),"['us-central1-a_h100_16', 'us-west1-a_h100_16', 'europe-west1-c_h100_16', 'europe-west3-c_h100_16', 'asia-southeast1-b_h100_16', 'asia-south2-b_h100_16']",6,rc_cr_threshold,0,single_region,,europe-west1-c_h100_16,,25.916666666666668,50.0,0.2,2.0,51.833333333333336,103.66666666666667,True,True,['data/converted_multi_region_aligned_h100_16_merged'],2,622.4495840533307,0
Global Diverse (6),"['us-central1-a_h100_16', 'us-west1-a_h100_16', 'europe-west1-c_h100_16', 'europe-west3-c_h100_16', 'asia-southeast1-b_h100_16', 'asia-south2-b_h100_16']",6,rc_cr_threshold,0,single_region,,europe-west3-c_h100_16,,25.916666666666668,50.0,0.2,2.0,51.833333333333336,103.66666666666667,True,True,['data/converted_multi_region_aligned_h100_16_merged'],2,2548.1103717759984,0
Global Diverse (6),"['us-central1-a_h100_16', 'us-west1-a_h100_16', 'europe-west1-c_h100_16', 'europe-west3-c_h100_16', 'asia-southeast1-b_h100_16', 'asia-south2-b_h100_16']",6,rc_cr_threshold,0,single_region,,asia-southeast1-b_h100_16,,25.916666666666668,50.0,0.2,2.0,51.833333333333336,103.66666666666667,True,True,['data/converted_multi_region_aligned_h100_16_merged'],2,503.8753813333348,0
Global Diverse (6),"['us-central1-a_h100_16', 'us-west1-a_h100_16', 'europe-west1-c_h100_16', 'europe-west3-c_h100_16', 'asia-southeast1-b_h100_16', 'asia-south2-b_h100_16']",6,rc_cr_threshold,0,single_region,,asia-south2-b_h100_16,,25.916666666666668,50.0,0.2,2.0,51.833333333333336,103.66666666666667,True,True,['data/converted_multi_region_aligned_h100_16_merged'],2,1829.3146961386722,0
Global Diverse (6),"['us-central1-a_h100_16', 'us-west1-a_h100_16', 'europe-west1-c_h100_16', 'europe-west3-c_h100_16', 'asia-southeast1-b_h100_16', 'asia-south2-b_h100_16']",6,unified_cost_model_risk,0,multi_region,,,,25.916666666666668,50.0,0.2,2.0,51.833333333333336,155.5,True,True,['data/converted_multi_region_aligned_h100_16_merged'],3,427.6752155295991,0
Global Diverse (6),"['us-central1-a_h100_16', 'us-west1-a_h100_16', 'europe-west1-c_h100_16', 'europe-west3-c_h100_16', 'asia-southeast1-b_h100_16', 'asia-south2-b_h100_16']",6,multi_region_oracle_dp,0,multi_region,,,,25.916666666666668,50.0,0.2,2.0,51.833333333333336,155.5,True,True,['data/converted_multi_region_aligned_h100_16_merged'],3,425.2643199999991,0
Global Diverse (6),"['us-central1-a_h100_16', 'us-west1-a_h100_16', 'europe-west1-c_h100_16', 'europe-west3-c_h100_16', 'asia-southeast1-b_h100_16', 'asia-south2-b_h100_16']",6,unified_cost_model_oracle,0,multi_region,,,,25.916666666666668,50.0,0.2,2.0,51.833333333333336,155.5,True,True,['data/converted_multi_region_aligned_h100_16_merged'],3,425.2643199999991,0
Global Diverse (6),"['us-central1-a_h100_16', 'us-west1-a_h100_16', 'europe-west1-c_h100_16', 'europe-west3-c_h100_16', 'asia-southeast1-b_h100_16', 'asia-south2-b_h100_16']",6,multi_region_rc_cr_threshold_eager_failover,0,multi_region,,,,25.916666666666668,50.0,0.2,2.0,51.833333333333336,155.5,True,True,['data/converted_multi_region_aligned_h100_16_merged'],3,425.2643199999991,0
Global Diverse (6),"['us-central1-a_h100_16', 'us-west1-a_h100_16', 'europe-west1-c_h100_16', 'europe-west3-c_h100_16', 'asia-southeast1-b_h100_16', 'asia-south2-b_h100_16']",6,multi_region_availability_probe_simple,0,multi_region,,,,25.916666666666668,50.0,0.2,2.0,51.833333333333336,155.5,True,True,['data/converted_multi_region_aligned_h100_16_merged'],3,520.7217576181324,0
Global Diverse (6),"['us-central1-a_h100_16', 'us-west1-a_h100_16', 'europe-west1-c_h100_16', 'europe-west3-c_h100_16', 'asia-southeast1-b_h100_16', 'asia-south2-b_h100_16']",6,multi_region_probe_cost_ratio,0,multi_region,,,,25.916666666666668,50.0,0.2,2.0,51.833333333333336,155.5,True,True,['data/converted_multi_region_aligned_h100_16_merged'],3,481.22807096959815,0
Global Diverse (6),"['us-central1-a_h100_16', 'us-west1-a_h100_16', 'europe-west1-c_h100_16', 'europe-west3-c_h100_16', 'asia-southeast1-b_h100_16', 'asia-south2-b_h100_16']",6,rc_cr_threshold,0,single_region,,us-central1-a_h100_16,,25.916666666666668,50.0,0.2,2.0,51.833333333333336,155.5,True,True,['data/converted_multi_region_aligned_h100_16_merged'],3,496.6173759999993,0
Global Diverse (6),"['us-central1-a_h100_16', 'us-west1-a_h100_16', 'europe-west1-c_h100_16', 'europe-west3-c_h100_16', 'asia-southeast1-b_h100_16', 'asia-south2-b_h100_16']",6,rc_cr_threshold,0,single_region,,us-west1-a_h100_16,,25.916666666666668,50.0,0.2,2.0,51.833333333333336,155.5,True,True,['data/converted_multi_region_aligned_h100_16_merged'],3,496.6173759999993,0
Global Diverse (6),"['us-central1-a_h100_16', 'us-west1-a_h100_16', 'europe-west1-c_h100_16', 'europe-west3-c_h100_16', 'asia-southeast1-b_h100_16', 'asia-south2-b_h100_16']",6,rc_cr_threshold,0,single_region,,europe-west1-c_h100_16,,25.916666666666668,50.0,0.2,2.0,51.833333333333336,155.5,True,True,['data/converted_multi_region_aligned_h100_16_merged'],3,427.9903733333324,0
Global Diverse (6),"['us-central1-a_h100_16', 'us-west1-a_h100_16', 'europe-west1-c_h100_16', 'europe-west3-c_h100_16', 'asia-southeast1-b_h100_16', 'asia-south2-b_h100_16']",6,rc_cr_threshold,0,single_region,,europe-west3-c_h100_16,,25.916666666666668,50.0,0.2,2.0,51.833333333333336,155.5,True,True,['data/converted_multi_region_aligned_h100_16_merged'],3,2264.0887196799945,0
Global Diverse (6),"['us-central1-a_h100_16', 'us-west1-a_h100_16', 'europe-west1-c_h100_16', 'europe-west3-c_h100_16', 'asia-southeast1-b_h100_16', 'asia-south2-b_h100_16']",6,rc_cr_threshold,0,single_region,,asia-southeast1-b_h100_16,,25.916666666666668,50.0,0.2,2.0,51.833333333333336,155.5,True,True,['data/converted_multi_region_aligned_h100_16_merged'],3,503.8753813333348,0
Global Diverse (6),"['us-central1-a_h100_16', 'us-west1-a_h100_16', 'europe-west1-c_h100_16', 'europe-west3-c_h100_16', 'asia-southeast1-b_h100_16', 'asia-south2-b_h100_16']",6,rc_cr_threshold,0,single_region,,asia-south2-b_h100_16,,25.916666666666668,50.0,0.2,2.0,51.833333333333336,155.5,True,True,['data/converted_multi_region_aligned_h100_16_merged'],3,1829.3146961386722,0
Global Diverse (6),"['us-central1-a_h100_16', 'us-west1-a_h100_16', 'europe-west1-c_h100_16', 'europe-west3-c_h100_16', 'asia-southeast1-b_h100_16', 'asia-south2-b_h100_16']",6,unified_cost_model_risk,0,multi_region,,,,25.916666666666668,50.0,0.2,2.0,51.833333333333336,207.33333333333334,True,True,['data/converted_multi_region_aligned_h100_16_merged'],4,465.59145446293286,2
Global Diverse (6),"['us-central1-a_h100_16', 'us-west1-a_h100_16', 'europe-west1-c_h100_16', 'europe-west3-c_h100_16', 'asia-southeast1-b_h100_16', 'asia-south2-b_h100_16']",6,multi_region_oracle_dp,0,multi_region,,,,25.916666666666668,50.0,0.2,2.0,51.833333333333336,207.33333333333334,True,True,['data/converted_multi_region_aligned_h100_16_merged'],4,427.9903733333324,0
Global Diverse (6),"['us-central1-a_h100_16', 'us-west1-a_h100_16', 'europe-west1-c_h100_16', 'europe-west3-c_h100_16', 'asia-southeast1-b_h100_16', 'asia-south2-b_h100_16']",6,unified_cost_model_oracle,0,multi_region,,,,25.916666666666668,50.0,0.2,2.0,51.833333333333336,207.33333333333334,True,True,['data/converted_multi_region_aligned_h100_16_merged'],4,456.5285973333328,1
Global Diverse (6),"['us-central1-a_h100_16', 'us-west1-a_h100_16', 'europe-west1-c_h100_16', 'europe-west3-c_h100_16', 'asia-southeast1-b_h100_16', 'asia-south2-b_h100_16']",6,multi_region_rc_cr_threshold_eager_failover,0,multi_region,,,,25.916666666666668,50.0,0.2,2.0,51.833333333333336,207.33333333333334,True,True,['data/converted_multi_region_aligned_h100_16_merged'],4,462.88840533333286,2
Global Diverse (6),"['us-central1-a_h100_16', 'us-west1-a_h100_16', 'europe-west1-c_h100_16', 'europe-west3-c_h100_16', 'asia-southeast1-b_h100_16', 'asia-south2-b_h100_16']",6,multi_region_availability_probe_simple,0,multi_region,,,,25.916666666666668,50.0,0.2,2.0,51.833333333333336,207.33333333333334,True,True,['data/converted_multi_region_aligned_h100_16_merged'],4,525.5669741514658,1
Global Diverse (6),"['us-central1-a_h100_16', 'us-west1-a_h100_16', 'europe-west1-c_h100_16', 'europe-west3-c_h100_16', 'asia-southeast1-b_h100_16', 'asia-south2-b_h100_16']",6,multi_region_probe_cost_ratio,0,multi_region,,,,25.916666666666668,50.0,0.2,2.0,51.833333333333336,207.33333333333334,True,True,['data/converted_multi_region_aligned_h100_16_merged'],4,515.2217558325322,1
Global Diverse (6),"['us-central1-a_h100_16', 'us-west1-a_h100_16', 'europe-west1-c_h100_16', 'europe-west3-c_h100_16', 'asia-southeast1-b_h100_16', 'asia-south2-b_h100_16']",6,rc_cr_threshold,0,single_region,,us-central1-a_h100_16,,25.916666666666668,50.0,0.2,2.0,51.833333333333336,207.33333333333334,True,True,['data/converted_multi_region_aligned_h100_16_merged'],4,499.7805439999993,0
Global Diverse (6),"['us-central1-a_h100_16', 'us-west1-a_h100_16', 'europe-west1-c_h100_16', 'europe-west3-c_h100_16', 'asia-southeast1-b_h100_16', 'asia-south2-b_h100_16']",6,rc_cr_threshold,0,single_region,,us-west1-a_h100_16,,25.916666666666668,50.0,0.2,2.0,51.833333333333336,207.33333333333334,True,True,['data/converted_multi_region_aligned_h100_16_merged'],4,569.65330596,0
Global Diverse (6),"['us-central1-a_h100_16', 'us-west1-a_h100_16', 'europe-west1-c_h100_16', 'europe-west3-c_h100_16', 'asia-southeast1-b_h100_16', 'asia-south2-b_h100_16']",6,rc_cr_threshold,0,single_region,,europe-west1-c_h100_16,,25.916666666666668,50.0,0.2,2.0,51.833333333333336,207.33333333333334,True,True,['data/converted_multi_region_aligned_h100_16_merged'],4,972.9002653973334,0
Global Diverse (6),"['us-central1-a_h100_16', 'us-west1-a_h100_16', 'europe-west1-c_h100_16', 'europe-west3-c_h100_16', 'asia-southeast1-b_h100_16', 'asia-south2-b_h100_16']",6,rc_cr_threshold,0,single_region,,europe-west3-c_h100_16,,25.916666666666668,50.0,0.2,2.0,51.833333333333336,207.33333333333334,True,True,['data/converted_multi_region_aligned_h100_16_merged'],4,1097.164428927996,0
Global Diverse (6),"['us-central1-a_h100_16', 'us-west1-a_h100_16', 'europe-west1-c_h100_16', 'europe-west3-c_h100_16', 'asia-southeast1-b_h100_16', 'asia-south2-b_h100_16']",6,rc_cr_threshold,0,single_region,,asia-southeast1-b_h100_16,,25.916666666666668,50.0,0.2,2.0,51.833333333333336,207.33333333333334,True,True,['data/converted_multi_region_aligned_h100_16_merged'],4,503.8753813333348,0
Global Diverse (6),"['us-central1-a_h100_16', 'us-west1-a_h100_16', 'europe-west1-c_h100_16', 'europe-west3-c_h100_16', 'asia-southeast1-b_h100_16', 'asia-south2-b_h100_16']",6,rc_cr_threshold,0,single_region,,asia-south2-b_h100_16,,25.916666666666668,50.0,0.2,2.0,51.833333333333336,207.33333333333334,True,True,['data/converted_multi_region_aligned_h100_16_merged'],4,1829.3146961386722,0
Global Diverse (6),"['us-central1-a_h100_16', 'us-west1-a_h100_16', 'europe-west1-c_h100_16', 'europe-west3-c_h100_16', 'asia-southeast1-b_h100_16', 'asia-south2-b_h100_16']",6,unified_cost_model_risk,0,multi_region,,,,25.916666666666668,50.0,0.2,2.0,51.833333333333336,259.1666666666667,True,True,['data/converted_multi_region_aligned_h100_16_merged'],5,427.6752155295991,0
Global Diverse (6),"['us-central1-a_h100_16', 'us-west1-a_h100_16', 'europe-west1-c_h100_16', 'europe-west3-c_h100_16', 'asia-southeast1-b_h100_16', 'asia-south2-b_h100_16']",6,multi_region_oracle_dp,0,multi_region,,,,25.916666666666668,50.0,0.2,2.0,51.833333333333336,259.1666666666667,True,True,['data/converted_multi_region_aligned_h100_16_merged'],5,425.2643199999991,0
Global Diverse (6),"['us-central1-a_h100_16', 'us-west1-a_h100_16', 'europe-west1-c_h100_16', 'europe-west3-c_h100_16', 'asia-southeast1-b_h100_16', 'asia-south2-b_h100_16']",6,unified_cost_model_oracle,0,multi_region,,,,25.916666666666668,50.0,0.2,2.0,51.833333333333336,259.1666666666667,True,True,['data/converted_multi_region_aligned_h100_16_merged'],5,425.2643199999991,0
Global Diverse (6),"['us-central1-a_h100_16', 'us-west1-a_h100_16', 'europe-west1-c_h100_16', 'europe-west3-c_h100_16', 'asia-southeast1-b_h100_16', 'asia-south2-b_h100_16']",6,multi_region_rc_cr_threshold_eager_failover,0,multi_region,,,,25.916666666666668,50.0,0.2,2.0,51.833333333333336,259.1666666666667,True,True,['data/converted_multi_region_aligned_h100_16_merged'],5,425.2643199999991,0
Global Diverse (6),"['us-central1-a_h100_16', 'us-west1-a_h100_16', 'europe-west1-c_h100_16', 'europe-west3-c_h100_16', 'asia-southeast1-b_h100_16', 'asia-south2-b_h100_16']",6,multi_region_availability_probe_simple,0,multi_region,,,,25.916666666666668,50.0,0.2,2.0,51.833333333333336,259.1666666666667,True,True,['data/converted_multi_region_aligned_h100_16_merged'],5,523.5949672181325,0
Global Diverse (6),"['us-central1-a_h100_16', 'us-west1-a_h100_16', 'europe-west1-c_h100_16', 'europe-west3-c_h100_16', 'asia-southeast1-b_h100_16', 'asia-south2-b_h100_16']",6,multi_region_probe_cost_ratio,0,multi_region,,,,25.916666666666668,50.0,0.2,2.0,51.833333333333336,259.1666666666667,True,True,['data/converted_multi_region_aligned_h100_16_merged'],5,486.68233656959825,0
Global Diverse (6),"['us-central1-a_h100_16', 'us-west1-a_h100_16', 'europe-west1-c_h100_16', 'europe-west3-c_h100_16', 'asia-southeast1-b_h100_16', 'asia-south2-b_h100_16']",6,rc_cr_threshold,0,single_region,,us-central1-a_h100_16,,25.916666666666668,50.0,0.2,2.0,51.833333333333336,259.1666666666667,True,True,['data/converted_multi_region_aligned_h100_16_merged'],5,496.6173759999993,0
Global Diverse (6),"['us-central1-a_h100_16', 'us-west1-a_h100_16', 'europe-west1-c_h100_16', 'europe-west3-c_h100_16', 'asia-southeast1-b_h100_16', 'asia-south2-b_h100_16']",6,rc_cr_threshold,0,single_region,,us-west1-a_h100_16,,25.916666666666668,50.0,0.2,2.0,51.833333333333336,259.1666666666667,True,True,['data/converted_multi_region_aligned_h100_16_merged'],5,639.2430019600009,0
Global Diverse (6),"['us-central1-a_h100_16', 'us-west1-a_h100_16', 'europe-west1-c_h100_16', 'europe-west3-c_h100_16', 'asia-southeast1-b_h100_16', 'asia-south2-b_h100_16']",6,rc_cr_threshold,0,single_region,,europe-west1-c_h100_16,,25.916666666666668,50.0,0.2,2.0,51.833333333333336,259.1666666666667,True,True,['data/converted_multi_region_aligned_h100_16_merged'],5,427.9903733333324,0
Global Diverse (6),"['us-central1-a_h100_16', 'us-west1-a_h100_16', 'europe-west1-c_h100_16', 'europe-west3-c_h100_16', 'asia-southeast1-b_h100_16', 'asia-south2-b_h100_16']",6,rc_cr_threshold,0,single_region,,europe-west3-c_h100_16,,25.916666666666668,50.0,0.2,2.0,51.833333333333336,259.1666666666667,True,True,['data/converted_multi_region_aligned_h100_16_merged'],5,458.6811520000004,0
Global Diverse (6),"['us-central1-a_h100_16', 'us-west1-a_h100_16', 'europe-west1-c_h100_16', 'europe-west3-c_h100_16', 'asia-southeast1-b_h100_16', 'asia-south2-b_h100_16']",6,rc_cr_threshold,0,single_region,,asia-southeast1-b_h100_16,,25.916666666666668,50.0,0.2,2.0,51.833333333333336,259.1666666666667,True,True,['data/converted_multi_region_aligned_h100_16_merged'],5,503.8753813333348,0
Global Diverse (6),"['us-central1-a_h100_16', 'us-west1-a_h100_16', 'europe-west1-c_h100_16', 'europe-west3-c_h100_16', 'asia-southeast1-b_h100_16', 'asia-south2-b_h100_16']",6,rc_cr_threshold,0,single_region,,asia-south2-b_h100_16,,25.916666666666668,50.0,0.2,2.0,51.833333333333336,259.1666666666667,True,True,['data/converted_multi_region_aligned_h100_16_merged'],5,1829.3146961386722,0
Global Diverse (6),"['us-central1-a_h100_16', 'us-west1-a_h100_16', 'europe-west1-c_h100_16', 'europe-west3-c_h100_16', 'asia-southeast1-b_h100_16', 'asia-south2-b_h100_16']",6,unified_cost_model_risk,0,multi_region,,,,17.27777777777778,50.0,0.2,3.0,51.833333333333336,0.0,True,True,['data/converted_multi_region_aligned_h100_16_merged'],0,285.9204421962669,0
Global Diverse (6),"['us-central1-a_h100_16', 'us-west1-a_h100_16', 'europe-west1-c_h100_16', 'europe-west3-c_h100_16', 'asia-southeast1-b_h100_16', 'asia-south2-b_h100_16']",6,multi_region_oracle_dp,0,multi_region,,,,17.27777777777778,50.0,0.2,3.0,51.833333333333336,0.0,True,True,['data/converted_multi_region_aligned_h100_16_merged'],0,283.5095466666669,0
Global Diverse (6),"['us-central1-a_h100_16', 'us-west1-a_h100_16', 'europe-west1-c_h100_16', 'europe-west3-c_h100_16', 'asia-southeast1-b_h100_16', 'asia-south2-b_h100_16']",6,unified_cost_model_oracle,0,multi_region,,,,17.27777777777778,50.0,0.2,3.0,51.833333333333336,0.0,True,True,['data/converted_multi_region_aligned_h100_16_merged'],0,283.5095466666669,0
Global Diverse (6),"['us-central1-a_h100_16', 'us-west1-a_h100_16', 'europe-west1-c_h100_16', 'europe-west3-c_h100_16', 'asia-southeast1-b_h100_16', 'asia-south2-b_h100_16']",6,multi_region_rc_cr_threshold_eager_failover,0,multi_region,,,,17.27777777777778,50.0,0.2,3.0,51.833333333333336,0.0,True,True,['data/converted_multi_region_aligned_h100_16_merged'],0,283.5095466666669,0
Global Diverse (6),"['us-central1-a_h100_16', 'us-west1-a_h100_16', 'europe-west1-c_h100_16', 'europe-west3-c_h100_16', 'asia-southeast1-b_h100_16', 'asia-south2-b_h100_16']",6,multi_region_availability_probe_simple,0,multi_region,,,,17.27777777777778,50.0,0.2,3.0,51.833333333333336,0.0,True,True,['data/converted_multi_region_aligned_h100_16_merged'],0,357.1268762997332,2
Global Diverse (6),"['us-central1-a_h100_16', 'us-west1-a_h100_16', 'europe-west1-c_h100_16', 'europe-west3-c_h100_16', 'asia-southeast1-b_h100_16', 'asia-south2-b_h100_16']",6,multi_region_probe_cost_ratio,0,multi_region,,,,17.27777777777778,50.0,0.2,3.0,51.833333333333336,0.0,True,True,['data/converted_multi_region_aligned_h100_16_merged'],0,318.2360011327998,0
Global Diverse (6),"['us-central1-a_h100_16', 'us-west1-a_h100_16', 'europe-west1-c_h100_16', 'europe-west3-c_h100_16', 'asia-southeast1-b_h100_16', 'asia-south2-b_h100_16']",6,rc_cr_threshold,0,single_region,,us-central1-a_h100_16,,17.27777777777778,50.0,0.2,3.0,51.833333333333336,0.0,True,True,['data/converted_multi_region_aligned_h100_16_merged'],0,341.62214400000005,0
Global Diverse (6),"['us-central1-a_h100_16', 'us-west1-a_h100_16', 'europe-west1-c_h100_16', 'europe-west3-c_h100_16', 'asia-southeast1-b_h100_16', 'asia-south2-b_h100_16']",6,rc_cr_threshold,0,single_region,,us-west1-a_h100_16,,17.27777777777778,50.0,0.2,3.0,51.833333333333336,0.0,True,True,['data/converted_multi_region_aligned_h100_16_merged'],0,341.62214400000005,0
Global Diverse (6),"['us-central1-a_h100_16', 'us-west1-a_h100_16', 'europe-west1-c_h100_16', 'europe-west3-c_h100_16', 'asia-southeast1-b_h100_16', 'asia-south2-b_h100_16']",6,rc_cr_threshold,0,single_region,,europe-west1-c_h100_16,,17.27777777777778,50.0,0.2,3.0,51.833333333333336,0.0,True,True,['data/converted_multi_region_aligned_h100_16_merged'],0,286.2356000000002,0
Global Diverse (6),"['us-central1-a_h100_16', 'us-west1-a_h100_16', 'europe-west1-c_h100_16', 'europe-west3-c_h100_16', 'asia-southeast1-b_h100_16', 'asia-south2-b_h100_16']",6,rc_cr_threshold,0,single_region,,europe-west3-c_h100_16,,17.27777777777778,50.0,0.2,3.0,51.833333333333336,0.0,True,True,['data/converted_multi_region_aligned_h100_16_merged'],0,1287.043932863999,0
Global Diverse (6),"['us-central1-a_h100_16', 'us-west1-a_h100_16', 'europe-west1-c_h100_16', 'europe-west3-c_h100_16', 'asia-southeast1-b_h100_16', 'asia-south2-b_h100_16']",6,rc_cr_threshold,0,single_region,,asia-southeast1-b_h100_16,,17.27777777777778,50.0,0.2,3.0,51.833333333333336,0.0,True,True,['data/converted_multi_region_aligned_h100_16_merged'],0,1835.17823319467,0
Global Diverse (6),"['us-central1-a_h100_16', 'us-west1-a_h100_16', 'europe-west1-c_h100_16', 'europe-west3-c_h100_16', 'asia-southeast1-b_h100_16', 'asia-south2-b_h100_16']",6,rc_cr_threshold,0,single_region,,asia-south2-b_h100_16,,17.27777777777778,50.0,0.2,3.0,51.833333333333336,0.0,True,True,['data/converted_multi_region_aligned_h100_16_merged'],0,1223.4270260800006,0
Global Diverse (6),"['us-central1-a_h100_16', 'us-west1-a_h100_16', 'europe-west1-c_h100_16', 'europe-west3-c_h100_16', 'asia-southeast1-b_h100_16', 'asia-south2-b_h100_16']",6,unified_cost_model_risk,0,multi_region,,,,17.27777777777778,50.0,0.2,3.0,51.833333333333336,51.833333333333336,True,True,['data/converted_multi_region_aligned_h100_16_merged'],1,310.7410901962667,4
Global Diverse (6),"['us-central1-a_h100_16', 'us-west1-a_h100_16', 'europe-west1-c_h100_16', 'europe-west3-c_h100_16', 'asia-southeast1-b_h100_16', 'asia-south2-b_h100_16']",6,multi_region_oracle_dp,0,multi_region,,,,17.27777777777778,50.0,0.2,3.0,51.833333333333336,51.833333333333336,True,True,['data/converted_multi_region_aligned_h100_16_merged'],1,288.9616533333335,0
Global Diverse (6),"['us-central1-a_h100_16', 'us-west1-a_h100_16', 'europe-west1-c_h100_16', 'europe-west3-c_h100_16', 'asia-southeast1-b_h100_16', 'asia-south2-b_h100_16']",6,unified_cost_model_oracle,0,multi_region,,,,17.27777777777778,50.0,0.2,3.0,51.833333333333336,51.833333333333336,True,True,['data/converted_multi_region_aligned_h100_16_merged'],1,350.18491985066663,5
Global Diverse (6),"['us-central1-a_h100_16', 'us-west1-a_h100_16', 'europe-west1-c_h100_16', 'europe-west3-c_h100_16', 'asia-southeast1-b_h100_16', 'asia-south2-b_h100_16']",6,multi_region_rc_cr_threshold_eager_failover,0,multi_region,,,,17.27777777777778,50.0,0.2,3.0,51.833333333333336,51.833333333333336,True,True,['data/converted_multi_region_aligned_h100_16_merged'],1,579.7450654719999,2
Global Diverse (6),"['us-central1-a_h100_16', 'us-west1-a_h100_16', 'europe-west1-c_h100_16', 'europe-west3-c_h100_16', 'asia-southeast1-b_h100_16', 'asia-south2-b_h100_16']",6,multi_region_availability_probe_simple,0,multi_region,,,,17.27777777777778,50.0,0.2,3.0,51.833333333333336,51.833333333333336,True,True,['data/converted_multi_region_aligned_h100_16_merged'],1,625.0931198122664,2
Global Diverse (6),"['us-central1-a_h100_16', 'us-west1-a_h100_16', 'europe-west1-c_h100_16', 'europe-west3-c_h100_16', 'asia-southeast1-b_h100_16', 'asia-south2-b_h100_16']",6,multi_region_probe_cost_ratio,0,multi_region,,,,17.27777777777778,50.0,0.2,3.0,51.833333333333336,51.833333333333336,True,True,['data/converted_multi_region_aligned_h100_16_merged'],1,377.5480350207999,5
Global Diverse (6),"['us-central1-a_h100_16', 'us-west1-a_h100_16', 'europe-west1-c_h100_16', 'europe-west3-c_h100_16', 'asia-southeast1-b_h100_16', 'asia-south2-b_h100_16']",6,rc_cr_threshold,0,single_region,,us-central1-a_h100_16,,17.27777777777778,50.0,0.2,3.0,51.833333333333336,51.833333333333336,True,True,['data/converted_multi_region_aligned_h100_16_merged'],1,347.94848,0
Global Diverse (6),"['us-central1-a_h100_16', 'us-west1-a_h100_16', 'europe-west1-c_h100_16', 'europe-west3-c_h100_16', 'asia-southeast1-b_h100_16', 'asia-south2-b_h100_16']",6,rc_cr_threshold,0,single_region,,us-west1-a_h100_16,,17.27777777777778,50.0,0.2,3.0,51.833333333333336,51.833333333333336,True,True,['data/converted_multi_region_aligned_h100_16_merged'],1,1444.1950943000002,0
Global Diverse (6),"['us-central1-a_h100_16', 'us-west1-a_h100_16', 'europe-west1-c_h100_16', 'europe-west3-c_h100_16', 'asia-southeast1-b_h100_16', 'asia-south2-b_h100_16']",6,rc_cr_threshold,0,single_region,,europe-west1-c_h100_16,,17.27777777777778,50.0,0.2,3.0,51.833333333333336,51.833333333333336,True,True,['data/converted_multi_region_aligned_h100_16_merged'],1,299.86586666666676,0
Global Diverse (6),"['us-central1-a_h100_16', 'us-west1-a_h100_16', 'europe-west1-c_h100_16', 'europe-west3-c_h100_16', 'asia-southeast1-b_h100_16', 'asia-south2-b_h100_16']",6,rc_cr_threshold,0,single_region,,europe-west3-c_h100_16,,17.27777777777778,50.0,0.2,3.0,51.833333333333336,51.833333333333336,True,True,['data/converted_multi_region_aligned_h100_16_merged'],1,1223.4231370239993,0
Global Diverse (6),"['us-central1-a_h100_16', 'us-west1-a_h100_16', 'europe-west1-c_h100_16', 'europe-west3-c_h100_16', 'asia-southeast1-b_h100_16', 'asia-south2-b_h100_16']",6,rc_cr_threshold,0,single_region,,asia-southeast1-b_h100_16,,17.27777777777778,50.0,0.2,3.0,51.833333333333336,51.833333333333336,True,True,['data/converted_multi_region_aligned_h100_16_merged'],1,1316.1449040319983,0
Global Diverse (6),"['us-central1-a_h100_16', 'us-west1-a_h100_16', 'europe-west1-c_h100_16', 'europe-west3-c_h100_16', 'asia-southeast1-b_h100_16', 'asia-south2-b_h100_16']",6,rc_cr_threshold,0,single_region,,asia-south2-b_h100_16,,17.27777777777778,50.0,0.2,3.0,51.833333333333336,51.833333333333336,True,True,['data/converted_multi_region_aligned_h100_16_merged'],1,1223.4270260800006,0
Global Diverse (6),"['us-central1-a_h100_16', 'us-west1-a_h100_16', 'europe-west1-c_h100_16', 'europe-west3-c_h100_16', 'asia-southeast1-b_h100_16', 'asia-south2-b_h100_16']",6,unified_cost_model_risk,0,multi_region,,,,17.27777777777778,50.0,0.2,3.0,51.833333333333336,103.66666666666667,True,True,['data/converted_multi_region_aligned_h100_16_merged'],2,317.91735472959994,2
Global Diverse (6),"['us-central1-a_h100_16', 'us-west1-a_h100_16', 'europe-west1-c_h100_16', 'europe-west3-c_h100_16', 'asia-southeast1-b_h100_16', 'asia-south2-b_h100_16']",6,multi_region_oracle_dp,0,multi_region,,,,17.27777777777778,50.0,0.2,3.0,51.833333333333336,103.66666666666667,True,True,['data/converted_multi_region_aligned_h100_16_merged'],2,283.5095466666669,0
Global Diverse (6),"['us-central1-a_h100_16', 'us-west1-a_h100_16', 'europe-west1-c_h100_16', 'europe-west3-c_h100_16', 'asia-southeast1-b_h100_16', 'asia-south2-b_h100_16']",6,unified_cost_model_oracle,0,multi_region,,,,17.27777777777778,50.0,0.2,3.0,51.833333333333336,103.66666666666667,True,True,['data/converted_multi_region_aligned_h100_16_merged'],2,316.54557333333287,1
Global Diverse (6),"['us-central1-a_h100_16', 'us-west1-a_h100_16', 'europe-west1-c_h100_16', 'europe-west3-c_h100_16', 'asia-southeast1-b_h100_16', 'asia-south2-b_h100_16']",6,multi_region_rc_cr_threshold_eager_failover,0,multi_region,,,,17.27777777777778,50.0,0.2,3.0,51.833333333333336,103.66666666666667,True,True,['data/converted_multi_region_aligned_h100_16_merged'],2,334.3307040000003,2
Global Diverse (6),"['us-central1-a_h100_16', 'us-west1-a_h100_16', 'europe-west1-c_h100_16', 'europe-west3-c_h100_16', 'asia-southeast1-b_h100_16', 'asia-south2-b_h100_16']",6,multi_region_availability_probe_simple,0,multi_region,,,,17.27777777777778,50.0,0.2,3.0,51.833333333333336,103.66666666666667,True,True,['data/converted_multi_region_aligned_h100_16_merged'],2,353.6555733664004,1
Global Diverse (6),"['us-central1-a_h100_16', 'us-west1-a_h100_16', 'europe-west1-c_h100_16', 'europe-west3-c_h100_16', 'asia-southeast1-b_h100_16', 'asia-south2-b_h100_16']",6,multi_region_probe_cost_ratio,0,multi_region,,,,17.27777777777778,50.0,0.2,3.0,51.833333333333336,103.66666666666667,True,True,['data/converted_multi_region_aligned_h100_16_merged'],2,364.1595947328003,2
Global Diverse (6),"['us-central1-a_h100_16', 'us-west1-a_h100_16', 'europe-west1-c_h100_16', 'europe-west3-c_h100_16', 'asia-southeast1-b_h100_16', 'asia-south2-b_h100_16']",6,rc_cr_threshold,0,single_region,,us-central1-a_h100_16,,17.27777777777778,50.0,0.2,3.0,51.833333333333336,103.66666666666667,True,True,['data/converted_multi_region_aligned_h100_16_merged'],2,347.94848,0
Global Diverse (6),"['us-central1-a_h100_16', 'us-west1-a_h100_16', 'europe-west1-c_h100_16', 'europe-west3-c_h100_16', 'asia-southeast1-b_h100_16', 'asia-south2-b_h100_16']",6,rc_cr_threshold,0,single_region,,us-west1-a_h100_16,,17.27777777777778,50.0,0.2,3.0,51.833333333333336,103.66666666666667,True,True,['data/converted_multi_region_aligned_h100_16_merged'],2,1061.81497154667,0
Global Diverse (6),"['us-central1-a_h100_16', 'us-west1-a_h100_16', 'europe-west1-c_h100_16', 'europe-west3-c_h100_16', 'asia-southeast1-b_h100_16', 'asia-south2-b_h100_16']",6,rc_cr_threshold,0,single_region,,europe-west1-c_h100_16,,17.27777777777778,50.0,0.2,3.0,51.833333333333336,103.66666666666667,True,True,['data/converted_multi_region_aligned_h100_16_merged'],2,291.6877066666668,0
Global Diverse (6),"['us-central1-a_h100_16', 'us-west1-a_h100_16', 'europe-west1-c_h100_16', 'europe-west3-c_h100_16', 'asia-southeast1-b_h100_16', 'asia-south2-b_h100_16']",6,rc_cr_threshold,0,single_region,,europe-west3-c_h100_16,,17.27777777777778,50.0,0.2,3.0,51.833333333333336,103.66666666666667,True,True,['data/converted_multi_region_aligned_h100_16_merged'],2,1704.1502486399988,0
Global Diverse (6),"['us-central1-a_h100_16', 'us-west1-a_h100_16', 'europe-west1-c_h100_16', 'europe-west3-c_h100_16', 'asia-southeast1-b_h100_16', 'asia-south2-b_h100_16']",6,rc_cr_threshold,0,single_region,,asia-southeast1-b_h100_16,,17.27777777777778,50.0,0.2,3.0,51.833333333333336,103.66666666666667,True,True,['data/converted_multi_region_aligned_h100_16_merged'],2,336.9867200000003,0
Global Diverse (6),"['us-central1-a_h100_16', 'us-west1-a_h100_16', 'europe-west1-c_h100_16', 'europe-west3-c_h100_16', 'asia-southeast1-b_h100_16', 'asia-south2-b_h100_16']",6,rc_cr_threshold,0,single_region,,asia-south2-b_h100_16,,17.27777777777778,50.0,0.2,3.0,51.833333333333336,103.66666666666667,True,True,['data/converted_multi_region_aligned_h100_16_merged'],2,1223.4270260800006,0
Global Diverse (6),"['us-central1-a_h100_16', 'us-west1-a_h100_16', 'europe-west1-c_h100_16', 'europe-west3-c_h100_16', 'asia-southeast1-b_h100_16', 'asia-south2-b_h100_16']",6,unified_cost_model_risk,0,multi_region,,,,17.27777777777778,50.0,0.2,3.0,51.833333333333336,155.5,True,True,['data/converted_multi_region_aligned_h100_16_merged'],3,285.6282885962669,0
Global Diverse (6),"['us-central1-a_h100_16', 'us-west1-a_h100_16', 'europe-west1-c_h100_16', 'europe-west3-c_h100_16', 'asia-southeast1-b_h100_16', 'asia-south2-b_h100_16']",6,multi_region_oracle_dp,0,multi_region,,,,17.27777777777778,50.0,0.2,3.0,51.833333333333336,155.5,True,True,['data/converted_multi_region_aligned_h100_16_merged'],3,283.5095466666669,0
Global Diverse (6),"['us-central1-a_h100_16', 'us-west1-a_h100_16', 'europe-west1-c_h100_16', 'europe-west3-c_h100_16', 'asia-southeast1-b_h100_16', 'asia-south2-b_h100_16']",6,unified_cost_model_oracle,0,multi_region,,,,17.27777777777778,50.0,0.2,3.0,51.833333333333336,155.5,True,True,['data/converted_multi_region_aligned_h100_16_merged'],3,283.5095466666669,0
Global Diverse (6),"['us-central1-a_h100_16', 'us-west1-a_h100_16', 'europe-west1-c_h100_16', 'europe-west3-c_h100_16', 'asia-southeast1-b_h100_16', 'asia-south2-b_h100_16']",6,multi_region_rc_cr_threshold_eager_failover,0,multi_region,,,,17.27777777777778,50.0,0.2,3.0,51.833333333333336,155.5,True,True,['data/converted_multi_region_aligned_h100_16_merged'],3,283.5095466666669,0
Global Diverse (6),"['us-central1-a_h100_16', 'us-west1-a_h100_16', 'europe-west1-c_h100_16', 'europe-west3-c_h100_16', 'asia-southeast1-b_h100_16', 'asia-south2-b_h100_16']",6,multi_region_availability_probe_simple,0,multi_region,,,,17.27777777777778,50.0,0.2,3.0,51.833333333333336,155.5,True,True,['data/converted_multi_region_aligned_h100_16_merged'],3,347.64474616639995,0
Global Diverse (6),"['us-central1-a_h100_16', 'us-west1-a_h100_16', 'europe-west1-c_h100_16', 'europe-west3-c_h100_16', 'asia-southeast1-b_h100_16', 'asia-south2-b_h100_16']",6,multi_region_probe_cost_ratio,0,multi_region,,,,17.27777777777778,50.0,0.2,3.0,51.833333333333336,155.5,True,True,['data/converted_multi_region_aligned_h100_16_merged'],3,321.64690139946646,0
Global Diverse (6),"['us-central1-a_h100_16', 'us-west1-a_h100_16', 'europe-west1-c_h100_16', 'europe-west3-c_h100_16', 'asia-southeast1-b_h100_16', 'asia-south2-b_h100_16']",6,rc_cr_threshold,0,single_region,,us-central1-a_h100_16,,17.27777777777778,50.0,0.2,3.0,51.833333333333336,155.5,True,True,['data/converted_multi_region_aligned_h100_16_merged'],3,332.1326400000001,0
Global Diverse (6),"['us-central1-a_h100_16', 'us-west1-a_h100_16', 'europe-west1-c_h100_16', 'europe-west3-c_h100_16', 'asia-southeast1-b_h100_16', 'asia-south2-b_h100_16']",6,rc_cr_threshold,0,single_region,,us-west1-a_h100_16,,17.27777777777778,50.0,0.2,3.0,51.833333333333336,155.5,True,True,['data/converted_multi_region_aligned_h100_16_merged'],3,332.1326400000001,0
Global Diverse (6),"['us-central1-a_h100_16', 'us-west1-a_h100_16', 'europe-west1-c_h100_16', 'europe-west3-c_h100_16', 'asia-southeast1-b_h100_16', 'asia-south2-b_h100_16']",6,rc_cr_threshold,0,single_region,,europe-west1-c_h100_16,,17.27777777777778,50.0,0.2,3.0,51.833333333333336,155.5,True,True,['data/converted_multi_region_aligned_h100_16_merged'],3,286.2356000000002,0
Global Diverse (6),"['us-central1-a_h100_16', 'us-west1-a_h100_16', 'europe-west1-c_h100_16', 'europe-west3-c_h100_16', 'asia-southeast1-b_h100_16', 'asia-south2-b_h100_16']",6,rc_cr_threshold,0,single_region,,europe-west3-c_h100_16,,17.27777777777778,50.0,0.2,3.0,51.833333333333336,155.5,True,True,['data/converted_multi_region_aligned_h100_16_merged'],3,1704.1502486399988,0
Global Diverse (6),"['us-central1-a_h100_16', 'us-west1-a_h100_16', 'europe-west1-c_h100_16', 'europe-west3-c_h100_16', 'asia-southeast1-b_h100_16', 'asia-south2-b_h100_16']",6,rc_cr_threshold,0,single_region,,asia-southeast1-b_h100_16,,17.27777777777778,50.0,0.2,3.0,51.833333333333336,155.5,True,True,['data/converted_multi_region_aligned_h100_16_merged'],3,336.9867200000003,0
Global Diverse (6),"['us-central1-a_h100_16', 'us-west1-a_h100_16', 'europe-west1-c_h100_16', 'europe-west3-c_h100_16', 'asia-southeast1-b_h100_16', 'asia-south2-b_h100_16']",6,rc_cr_threshold,0,single_region,,asia-south2-b_h100_16,,17.27777777777778,50.0,0.2,3.0,51.833333333333336,155.5,True,True,['data/converted_multi_region_aligned_h100_16_merged'],3,1223.4270260800006,0
Global Diverse (6),"['us-central1-a_h100_16', 'us-west1-a_h100_16', 'europe-west1-c_h100_16', 'europe-west3-c_h100_16', 'asia-southeast1-b_h100_16', 'asia-south2-b_h100_16']",6,unified_cost_model_risk,0,multi_region,,,,17.27777777777778,50.0,0.2,3.0,51.833333333333336,207.33333333333334,True,True,['data/converted_multi_region_aligned_h100_16_merged'],4,300.81456486293365,2
Global Diverse (6),"['us-central1-a_h100_16', 'us-west1-a_h100_16', 'europe-west1-c_h100_16', 'europe-west3-c_h100_16', 'asia-southeast1-b_h100_16', 'asia-south2-b_h100_16']",6,multi_region_oracle_dp,0,multi_region,,,,17.27777777777778,50.0,0.2,3.0,51.833333333333336,207.33333333333334,True,True,['data/converted_multi_region_aligned_h100_16_merged'],4,288.9616533333335,0
Global Diverse (6),"['us-central1-a_h100_16', 'us-west1-a_h100_16', 'europe-west1-c_h100_16', 'europe-west3-c_h100_16', 'asia-southeast1-b_h100_16', 'asia-south2-b_h100_16']",6,unified_cost_model_oracle,0,multi_region,,,,17.27777777777778,50.0,0.2,3.0,51.833333333333336,207.33333333333334,True,True,['data/converted_multi_region_aligned_h100_16_merged'],4,295.2070293333336,1
Global Diverse (6),"['us-central1-a_h100_16', 'us-west1-a_h100_16', 'europe-west1-c_h100_16', 'europe-west3-c_h100_16', 'asia-southeast1-b_h100_16', 'asia-south2-b_h100_16']",6,multi_region_rc_cr_threshold_eager_failover,0,multi_region,,,,17.27777777777778,50.0,0.2,3.0,51.833333333333336,207.33333333333334,True,True,['data/converted_multi_region_aligned_h100_16_merged'],4,298.40366933333365,2
Global Diverse (6),"['us-central1-a_h100_16', 'us-west1-a_h100_16', 'europe-west1-c_h100_16', 'europe-west3-c_h100_16', 'asia-southeast1-b_h100_16', 'asia-south2-b_h100_16']",6,multi_region_availability_probe_simple,0,multi_region,,,,17.27777777777778,50.0,0.2,3.0,51.833333333333336,207.33333333333334,True,True,['data/converted_multi_region_aligned_h100_16_merged'],4,355.8670912330666,1
Global Diverse (6),"['us-central1-a_h100_16', 'us-west1-a_h100_16', 'europe-west1-c_h100_16', 'europe-west3-c_h100_16', 'asia-southeast1-b_h100_16', 'asia-south2-b_h100_16']",6,multi_region_probe_cost_ratio,0,multi_region,,,,17.27777777777778,50.0,0.2,3.0,51.833333333333336,207.33333333333334,True,True,['data/converted_multi_region_aligned_h100_16_merged'],4,335.04897926613324,1
Global Diverse (6),"['us-central1-a_h100_16', 'us-west1-a_h100_16', 'europe-west1-c_h100_16', 'europe-west3-c_h100_16', 'asia-southeast1-b_h100_16', 'asia-south2-b_h100_16']",6,rc_cr_threshold,0,single_region,,us-central1-a_h100_16,,17.27777777777778,50.0,0.2,3.0,51.833333333333336,207.33333333333334,True,True,['data/converted_multi_region_aligned_h100_16_merged'],4,338.45897600000006,0
Global Diverse (6),"['us-central1-a_h100_16', 'us-west1-a_h100_16', 'europe-west1-c_h100_16', 'europe-west3-c_h100_16', 'asia-southeast1-b_h100_16', 'asia-south2-b_h100_16']",6,rc_cr_threshold,0,single_region,,us-west1-a_h100_16,,17.27777777777778,50.0,0.2,3.0,51.833333333333336,207.33333333333334,True,True,['data/converted_multi_region_aligned_h100_16_merged'],4,338.45897600000006,0
Global Diverse (6),"['us-central1-a_h100_16', 'us-west1-a_h100_16', 'europe-west1-c_h100_16', 'europe-west3-c_h100_16', 'asia-southeast1-b_h100_16', 'asia-south2-b_h100_16']",6,rc_cr_threshold,0,single_region,,europe-west1-c_h100_16,,17.27777777777778,50.0,0.2,3.0,51.833333333333336,207.33333333333334,True,True,['data/converted_multi_region_aligned_h100_16_merged'],4,294.41376000000014,0
Global Diverse (6),"['us-central1-a_h100_16', 'us-west1-a_h100_16', 'europe-west1-c_h100_16', 'europe-west3-c_h100_16', 'asia-southeast1-b_h100_16', 'asia-south2-b_h100_16']",6,rc_cr_threshold,0,single_region,,europe-west3-c_h100_16,,17.27777777777778,50.0,0.2,3.0,51.833333333333336,207.33333333333334,True,True,['data/converted_multi_region_aligned_h100_16_merged'],4,942.3230209279959,0
Global Diverse (6),"['us-central1-a_h100_16', 'us-west1-a_h100_16', 'europe-west1-c_h100_16', 'europe-west3-c_h100_16', 'asia-southeast1-b_h100_16', 'asia-south2-b_h100_16']",6,rc_cr_threshold,0,single_region,,asia-southeast1-b_h100_16,,17.27777777777778,50.0,0.2,3.0,51.833333333333336,207.33333333333334,True,True,['data/converted_multi_region_aligned_h100_16_merged'],4,336.9867200000003,0
Global Diverse (6),"['us-central1-a_h100_16', 'us-west1-a_h100_16', 'europe-west1-c_h100_16', 'europe-west3-c_h100_16', 'asia-southeast1-b_h100_16', 'asia-south2-b_h100_16']",6,rc_cr_threshold,0,single_region,,asia-south2-b_h100_16,,17.27777777777778,50.0,0.2,3.0,51.833333333333336,207.33333333333334,True,True,['data/converted_multi_region_aligned_h100_16_merged'],4,1223.4270260800006,0
Global Diverse (6),"['us-central1-a_h100_16', 'us-west1-a_h100_16', 'europe-west1-c_h100_16', 'europe-west3-c_h100_16', 'asia-southeast1-b_h100_16', 'asia-south2-b_h100_16']",6,unified_cost_model_risk,0,multi_region,,,,17.27777777777778,50.0,0.2,3.0,51.833333333333336,259.1666666666667,True,True,['data/converted_multi_region_aligned_h100_16_merged'],5,285.9204421962669,0
Global Diverse (6),"['us-central1-a_h100_16', 'us-west1-a_h100_16', 'europe-west1-c_h100_16', 'europe-west3-c_h100_16', 'asia-southeast1-b_h100_16', 'asia-south2-b_h100_16']",6,multi_region_oracle_dp,0,multi_region,,,,17.27777777777778,50.0,0.2,3.0,51.833333333333336,259.1666666666667,True,True,['data/converted_multi_region_aligned_h100_16_merged'],5,283.5095466666669,0
Global Diverse (6),"['us-central1-a_h100_16', 'us-west1-a_h100_16', 'europe-west1-c_h100_16', 'europe-west3-c_h100_16', 'asia-southeast1-b_h100_16', 'asia-south2-b_h100_16']",6,unified_cost_model_oracle,0,multi_region,,,,17.27777777777778,50.0,0.2,3.0,51.833333333333336,259.1666666666667,True,True,['data/converted_multi_region_aligned_h100_16_merged'],5,283.5095466666669,0
Global Diverse (6),"['us-central1-a_h100_16', 'us-west1-a_h100_16', 'europe-west1-c_h100_16', 'europe-west3-c_h100_16', 'asia-southeast1-b_h100_16', 'asia-south2-b_h100_16']",6,multi_region_rc_cr_threshold_eager_failover,0,multi_region,,,,17.27777777777778,50.0,0.2,3.0,51.833333333333336,259.1666666666667,True,True,['data/converted_multi_region_aligned_h100_16_merged'],5,283.5095466666669,0
Global Diverse (6),"['us-central1-a_h100_16', 'us-west1-a_h100_16', 'europe-west1-c_h100_16', 'europe-west3-c_h100_16', 'asia-southeast1-b_h100_16', 'asia-south2-b_h100_16']",6,multi_region_availability_probe_simple,0,multi_region,,,,17.27777777777778,50.0,0.2,3.0,51.833333333333336,259.1666666666667,True,True,['data/converted_multi_region_aligned_h100_16_merged'],5,349.95781176639997,0
Global Diverse (6),"['us-central1-a_h100_16', 'us-west1-a_h100_16', 'europe-west1-c_h100_16', 'europe-west3-c_h100_16', 'asia-southeast1-b_h100_16', 'asia-south2-b_h100_16']",6,multi_region_probe_cost_ratio,0,multi_region,,,,17.27777777777778,50.0,0.2,3.0,51.833333333333336,259.1666666666667,True,True,['data/converted_multi_region_aligned_h100_16_merged'],5,326.2730325994665,0
Global Diverse (6),"['us-central1-a_h100_16', 'us-west1-a_h100_16', 'europe-west1-c_h100_16', 'europe-west3-c_h100_16', 'asia-southeast1-b_h100_16', 'asia-south2-b_h100_16']",6,rc_cr_threshold,0,single_region,,us-central1-a_h100_16,,17.27777777777778,50.0,0.2,3.0,51.833333333333336,259.1666666666667,True,True,['data/converted_multi_region_aligned_h100_16_merged'],5,332.1326400000001,0
Global Diverse (6),"['us-central1-a_h100_16', 'us-west1-a_h100_16', 'europe-west1-c_h100_16', 'europe-west3-c_h100_16', 'asia-southeast1-b_h100_16', 'asia-south2-b_h100_16']",6,rc_cr_threshold,0,single_region,,us-west1-a_h100_16,,17.27777777777778,50.0,0.2,3.0,51.833333333333336,259.1666666666667,True,True,['data/converted_multi_region_aligned_h100_16_merged'],5,447.3913209533329,0
Global Diverse (6),"['us-central1-a_h100_16', 'us-west1-a_h100_16', 'europe-west1-c_h100_16', 'europe-west3-c_h100_16', 'asia-southeast1-b_h100_16', 'asia-south2-b_h100_16']",6,rc_cr_threshold,0,single_region,,europe-west1-c_h100_16,,17.27777777777778,50.0,0.2,3.0,51.833333333333336,259.1666666666667,True,True,['data/converted_multi_region_aligned_h100_16_merged'],5,286.2356000000002,0
Global Diverse (6),"['us-central1-a_h100_16', 'us-west1-a_h100_16', 'europe-west1-c_h100_16', 'europe-west3-c_h100_16', 'asia-southeast1-b_h100_16', 'asia-south2-b_h100_16']",6,rc_cr_threshold,0,single_region,,europe-west3-c_h100_16,,17.27777777777778,50.0,0.2,3.0,51.833333333333336,259.1666666666667,True,True,['data/converted_multi_region_aligned_h100_16_merged'],5,306.7612800000002,0
Global Diverse (6),"['us-central1-a_h100_16', 'us-west1-a_h100_16', 'europe-west1-c_h100_16', 'europe-west3-c_h100_16', 'asia-southeast1-b_h100_16', 'asia-south2-b_h100_16']",6,rc_cr_threshold,0,single_region,,asia-southeast1-b_h100_16,,17.27777777777778,50.0,0.2,3.0,51.833333333333336,259.1666666666667,True,True,['data/converted_multi_region_aligned_h100_16_merged'],5,336.9867200000003,0
Global Diverse (6),"['us-central1-a_h100_16', 'us-west1-a_h100_16', 'europe-west1-c_h100_16', 'europe-west3-c_h100_16', 'asia-southeast1-b_h100_16', 'asia-south2-b_h100_16']",6,rc_cr_threshold,0,single_region,,asia-south2-b_h100_16,,17.27777777777778,50.0,0.2,3.0,51.833333333333336,259.1666666666667,True,True,['data/converted_multi_region_aligned_h100_16_merged'],5,1223.4270260800006,0
Global Diverse (6),"['us-central1-a_h100_16', 'us-west1-a_h100_16', 'europe-west1-c_h100_16', 'europe-west3-c_h100_16', 'asia-southeast1-b_h100_16', 'asia-south2-b_h100_16']",6,rc_cr_threshold,0,trace_mode_baseline,best_single,us-central1-a_h100_16,,51.833333333333336,50.0,0.2,1.0,51.833333333333336,0.0,True,True,['data/converted_multi_region_aligned_h100_16_merged'],0,4294.073413718667,0
Global Diverse (6),"['us-central1-a_h100_16', 'us-west1-a_h100_16', 'europe-west1-c_h100_16', 'europe-west3-c_h100_16', 'asia-southeast1-b_h100_16', 'asia-south2-b_h100_16']",6,rc_cr_threshold,0,trace_mode_baseline,average_single,us-central1-a_h100_16,,51.833333333333336,50.0,0.2,1.0,51.833333333333336,0.0,True,True,['data/converted_multi_region_aligned_h100_16_merged'],0,4851.489709033333,0
Global Diverse (6),"['us-central1-a_h100_16', 'us-west1-a_h100_16', 'europe-west1-c_h100_16', 'europe-west3-c_h100_16', 'asia-southeast1-b_h100_16', 'asia-south2-b_h100_16']",6,rc_cr_threshold,0,trace_mode_baseline,best_single,us-central1-a_h100_16,,49.36507936507937,50.0,0.2,1.05,51.833333333333336,0.0,True,True,['data/converted_multi_region_aligned_h100_16_merged'],0,1536.3876511322276,0
Global Diverse (6),"['us-central1-a_h100_16', 'us-west1-a_h100_16', 'europe-west1-c_h100_16', 'europe-west3-c_h100_16', 'asia-southeast1-b_h100_16', 'asia-south2-b_h100_16']",6,rc_cr_threshold,0,trace_mode_baseline,average_single,us-central1-a_h100_16,,49.36507936507937,50.0,0.2,1.05,51.833333333333336,0.0,True,True,['data/converted_multi_region_aligned_h100_16_merged'],0,2512.6731192182974,0
Global Diverse (6),"['us-central1-a_h100_16', 'us-west1-a_h100_16', 'europe-west1-c_h100_16', 'europe-west3-c_h100_16', 'asia-southeast1-b_h100_16', 'asia-south2-b_h100_16']",6,rc_cr_threshold,0,trace_mode_baseline,best_single,us-central1-a_h100_16,,47.12121212121212,50.0,0.2,1.1,51.833333333333336,0.0,True,True,['data/converted_multi_region_aligned_h100_16_merged'],0,1169.579239672229,0
Global Diverse (6),"['us-central1-a_h100_16', 'us-west1-a_h100_16', 'europe-west1-c_h100_16', 'europe-west3-c_h100_16', 'asia-southeast1-b_h100_16', 'asia-south2-b_h100_16']",6,rc_cr_threshold,0,trace_mode_baseline,average_single,us-central1-a_h100_16,,47.12121212121212,50.0,0.2,1.1,51.833333333333336,0.0,True,True,['data/converted_multi_region_aligned_h100_16_merged'],0,2235.900737807075,0
Global Diverse (6),"['us-central1-a_h100_16', 'us-west1-a_h100_16', 'europe-west1-c_h100_16', 'europe-west3-c_h100_16', 'asia-southeast1-b_h100_16', 'asia-south2-b_h100_16']",6,rc_cr_threshold,0,trace_mode_baseline,best_single,us-central1-a_h100_16,,45.072463768115945,50.0,0.2,1.15,51.833333333333336,0.0,True,True,['data/converted_multi_region_aligned_h100_16_merged'],0,1025.894108237783,0
Global Diverse (6),"['us-central1-a_h100_16', 'us-west1-a_h100_16', 'europe-west1-c_h100_16', 'europe-west3-c_h100_16', 'asia-southeast1-b_h100_16', 'asia-south2-b_h100_16']",6,rc_cr_threshold,0,trace_mode_baseline,average_single,us-central1-a_h100_16,,45.072463768115945,50.0,0.2,1.15,51.833333333333336,0.0,True,True,['data/converted_multi_region_aligned_h100_16_merged'],0,2087.6140002658162,0
Global Diverse (6),"['us-central1-a_h100_16', 'us-west1-a_h100_16', 'europe-west1-c_h100_16', 'europe-west3-c_h100_16', 'asia-southeast1-b_h100_16', 'asia-south2-b_h100_16']",6,rc_cr_threshold,0,trace_mode_baseline,best_single,us-central1-a_h100_16,,43.19444444444445,50.0,0.2,1.2,51.833333333333336,0.0,True,True,['data/converted_multi_region_aligned_h100_16_merged'],0,986.5145139066717,0
Global Diverse (6),"['us-central1-a_h100_16', 'us-west1-a_h100_16', 'europe-west1-c_h100_16', 'europe-west3-c_h100_16', 'asia-southeast1-b_h100_16', 'asia-south2-b_h100_16']",6,rc_cr_threshold,0,trace_mode_baseline,average_single,us-central1-a_h100_16,,43.19444444444445,50.0,0.2,1.2,51.833333333333336,0.0,True,True,['data/converted_multi_region_aligned_h100_16_merged'],0,1985.3900405551867,0
Global Diverse (6),"['us-central1-a_h100_16', 'us-west1-a_h100_16', 'europe-west1-c_h100_16', 'europe-west3-c_h100_16', 'asia-southeast1-b_h100_16', 'asia-south2-b_h100_16']",6,rc_cr_threshold,0,trace_mode_baseline,best_single,us-central1-a_h100_16,,39.871794871794876,50.0,0.2,1.3,51.833333333333336,0.0,True,True,['data/converted_multi_region_aligned_h100_16_merged'],0,894.2975087588926,0
Global Diverse (6),"['us-central1-a_h100_16', 'us-west1-a_h100_16', 'europe-west1-c_h100_16', 'europe-west3-c_h100_16', 'asia-southeast1-b_h100_16', 'asia-south2-b_h100_16']",6,rc_cr_threshold,0,trace_mode_baseline,average_single,us-central1-a_h100_16,,39.871794871794876,50.0,0.2,1.3,51.833333333333336,0.0,True,True,['data/converted_multi_region_aligned_h100_16_merged'],0,1787.648297881965,0
Global Diverse (6),"['us-central1-a_h100_16', 'us-west1-a_h100_16', 'europe-west1-c_h100_16', 'europe-west3-c_h100_16', 'asia-southeast1-b_h100_16', 'asia-south2-b_h100_16']",6,rc_cr_threshold,0,trace_mode_baseline,best_single,us-central1-a_h100_16,,34.55555555555556,50.0,0.2,1.5,51.833333333333336,0.0,True,True,['data/converted_multi_region_aligned_h100_16_merged'],0,754.6093947811133,0
Global Diverse (6),"['us-central1-a_h100_16', 'us-west1-a_h100_16', 'europe-west1-c_h100_16', 'europe-west3-c_h100_16', 'asia-southeast1-b_h100_16', 'asia-south2-b_h100_16']",6,rc_cr_threshold,0,trace_mode_baseline,average_single,us-central1-a_h100_16,,34.55555555555556,50.0,0.2,1.5,51.833333333333336,0.0,True,True,['data/converted_multi_region_aligned_h100_16_merged'],0,1514.240216394409,0
Global Diverse (6),"['us-central1-a_h100_16', 'us-west1-a_h100_16', 'europe-west1-c_h100_16', 'europe-west3-c_h100_16', 'asia-southeast1-b_h100_16', 'asia-south2-b_h100_16']",6,rc_cr_threshold,0,trace_mode_baseline,best_single,us-central1-a_h100_16,,25.916666666666668,50.0,0.2,2.0,51.833333333333336,0.0,True,True,['data/converted_multi_region_aligned_h100_16_merged'],0,515.6435616599994,0
Global Diverse (6),"['us-central1-a_h100_16', 'us-west1-a_h100_16', 'europe-west1-c_h100_16', 'europe-west3-c_h100_16', 'asia-southeast1-b_h100_16', 'asia-south2-b_h100_16']",6,rc_cr_threshold,0,trace_mode_baseline,average_single,us-central1-a_h100_16,,25.916666666666668,50.0,0.2,2.0,51.833333333333336,0.0,True,True,['data/converted_multi_region_aligned_h100_16_merged'],0,1125.4632601358892,0
Global Diverse (6),"['us-central1-a_h100_16', 'us-west1-a_h100_16', 'europe-west1-c_h100_16', 'europe-west3-c_h100_16', 'asia-southeast1-b_h100_16', 'asia-south2-b_h100_16']",6,rc_cr_threshold,0,trace_mode_baseline,best_single,us-central1-a_h100_16,,17.27777777777778,50.0,0.2,3.0,51.833333333333336,0.0,True,True,['data/converted_multi_region_aligned_h100_16_merged'],0,290.7790222222224,0
Global Diverse (6),"['us-central1-a_h100_16', 'us-west1-a_h100_16', 'europe-west1-c_h100_16', 'europe-west3-c_h100_16', 'asia-southeast1-b_h100_16', 'asia-south2-b_h100_16']",6,rc_cr_threshold,0,trace_mode_baseline,average_single,us-central1-a_h100_16,,17.27777777777778,50.0,0.2,3.0,51.833333333333336,0.0,True,True,['data/converted_multi_region_aligned_h100_16_merged'],0,743.2837967204446,0
