scenario_name,regions_in_scenario,num_regions,strategy,trace_index,task_type,trace_mode,region,strategy_file,task_duration,checkpoint_size,restart_overhead,deadline_ratio,deadline_hours,env_start_hours,use_full_trace,enforce_window_bound,data_paths,window_index,cost,migrations
Progressive_1,['asia-southeast1-c_h100_16'],1,unified_cost_model_risk,0,multi_region,,,,43.19444444444445,50.0,0.2,1.2,51.833333333333336,0.0,True,True,['data/converted_multi_region_aligned_h100_16_merged'],0,834.4433066666649,0
Progressive_1,['asia-southeast1-c_h100_16'],1,multi_region_oracle_dp,0,multi_region,,,,43.19444444444445,50.0,0.2,1.2,51.833333333333336,0.0,True,True,['data/converted_multi_region_aligned_h100_16_merged'],0,834.4433066666649,0
Progressive_1,['asia-southeast1-c_h100_16'],1,unified_cost_model_oracle,0,multi_region,,,,43.19444444444445,50.0,0.2,1.2,51.833333333333336,0.0,True,True,['data/converted_multi_region_aligned_h100_16_merged'],0,834.4433066666649,0
Progressive_1,['asia-southeast1-c_h100_16'],1,multi_region_rc_cr_threshold_eager_failover,0,multi_region,,,,43.19444444444445,50.0,0.2,1.2,51.833333333333336,0.0,True,True,['data/converted_multi_region_aligned_h100_16_merged'],0,834.4433066666649,0
Progressive_1,['asia-southeast1-c_h100_16'],1,multi_region_availability_probe_simple,0,multi_region,,,,43.19444444444445,50.0,0.2,1.2,51.833333333333336,0.0,True,True,['data/converted_multi_region_aligned_h100_16_merged'],0,834.4433066666649,0
Progressive_1,['asia-southeast1-c_h100_16'],1,multi_region_probe_cost_ratio,0,multi_region,,,,43.19444444444445,50.0,0.2,1.2,51.833333333333336,0.0,True,True,['data/converted_multi_region_aligned_h100_16_merged'],0,834.4433066666649,0
Progressive_1,['asia-southeast1-c_h100_16'],1,rc_cr_threshold,0,single_region,,asia-southeast1-c_h100_16,,43.19444444444445,50.0,0.2,1.2,51.833333333333336,0.0,True,True,['data/converted_multi_region_aligned_h100_16_merged'],0,837.6527039999982,0
Progressive_1,['asia-southeast1-c_h100_16'],1,unified_cost_model_risk,0,multi_region,,,,43.19444444444445,50.0,0.2,1.2,51.833333333333336,51.833333333333336,True,True,['data/converted_multi_region_aligned_h100_16_merged'],1,2595.1570900906677,0
Progressive_1,['asia-southeast1-c_h100_16'],1,multi_region_oracle_dp,0,multi_region,,,,43.19444444444445,50.0,0.2,1.2,51.833333333333336,51.833333333333336,True,True,['data/converted_multi_region_aligned_h100_16_merged'],1,2221.685963221336,0
Progressive_1,['asia-southeast1-c_h100_16'],1,unified_cost_model_oracle,0,multi_region,,,,43.19444444444445,50.0,0.2,1.2,51.833333333333336,51.833333333333336,True,True,['data/converted_multi_region_aligned_h100_16_merged'],1,2346.528303669338,0
Progressive_1,['asia-southeast1-c_h100_16'],1,multi_region_rc_cr_threshold_eager_failover,0,multi_region,,,,43.19444444444445,50.0,0.2,1.2,51.833333333333336,51.833333333333336,True,True,['data/converted_multi_region_aligned_h100_16_merged'],1,2681.4866625386676,0
Progressive_1,['asia-southeast1-c_h100_16'],1,multi_region_availability_probe_simple,0,multi_region,,,,43.19444444444445,50.0,0.2,1.2,51.833333333333336,51.833333333333336,True,True,['data/converted_multi_region_aligned_h100_16_merged'],1,2681.4866625386676,0
Progressive_1,['asia-southeast1-c_h100_16'],1,multi_region_probe_cost_ratio,0,multi_region,,,,43.19444444444445,50.0,0.2,1.2,51.833333333333336,51.833333333333336,True,True,['data/converted_multi_region_aligned_h100_16_merged'],1,2681.4866625386676,0
Progressive_1,['asia-southeast1-c_h100_16'],1,rc_cr_threshold,0,single_region,,asia-southeast1-c_h100_16,,43.19444444444445,50.0,0.2,1.2,51.833333333333336,51.833333333333336,True,True,['data/converted_multi_region_aligned_h100_16_merged'],1,2447.4830988480044,0
Progressive_1,['asia-southeast1-c_h100_16'],1,unified_cost_model_risk,0,multi_region,,,,43.19444444444445,50.0,0.2,1.2,51.833333333333336,103.66666666666667,True,True,['data/converted_multi_region_aligned_h100_16_merged'],2,4350.9155566933205,0
Progressive_1,['asia-southeast1-c_h100_16'],1,multi_region_oracle_dp,0,multi_region,,,,43.19444444444445,50.0,0.2,1.2,51.833333333333336,103.66666666666667,True,True,['data/converted_multi_region_aligned_h100_16_merged'],2,4333.080936629321,0
Progressive_1,['asia-southeast1-c_h100_16'],1,unified_cost_model_oracle,0,multi_region,,,,43.19444444444445,50.0,0.2,1.2,51.833333333333336,103.66666666666667,True,True,['data/converted_multi_region_aligned_h100_16_merged'],2,4350.9155566933205,0
Progressive_1,['asia-southeast1-c_h100_16'],1,multi_region_rc_cr_threshold_eager_failover,0,multi_region,,,,43.19444444444445,50.0,0.2,1.2,51.833333333333336,103.66666666666667,True,True,['data/converted_multi_region_aligned_h100_16_merged'],2,4564.930997461319,0
Progressive_1,['asia-southeast1-c_h100_16'],1,multi_region_availability_probe_simple,0,multi_region,,,,43.19444444444445,50.0,0.2,1.2,51.833333333333336,103.66666666666667,True,True,['data/converted_multi_region_aligned_h100_16_merged'],2,4564.930997461319,0
Progressive_1,['asia-southeast1-c_h100_16'],1,multi_region_probe_cost_ratio,0,multi_region,,,,43.19444444444445,50.0,0.2,1.2,51.833333333333336,103.66666666666667,True,True,['data/converted_multi_region_aligned_h100_16_merged'],2,4564.930997461319,0
Progressive_1,['asia-southeast1-c_h100_16'],1,rc_cr_threshold,0,single_region,,asia-southeast1-c_h100_16,,43.19444444444445,50.0,0.2,1.2,51.833333333333336,103.66666666666667,True,True,['data/converted_multi_region_aligned_h100_16_merged'],2,4350.9155566933205,0
Progressive_1,['asia-southeast1-c_h100_16'],1,unified_cost_model_risk,0,multi_region,,,,43.19444444444445,50.0,0.2,1.2,51.833333333333336,155.5,True,True,['data/converted_multi_region_aligned_h100_16_merged'],3,4637.001216639985,0
Progressive_1,['asia-southeast1-c_h100_16'],1,multi_region_oracle_dp,0,multi_region,,,,43.19444444444445,50.0,0.2,1.2,51.833333333333336,155.5,True,True,['data/converted_multi_region_aligned_h100_16_merged'],3,4637.001216639985,0
Progressive_1,['asia-southeast1-c_h100_16'],1,unified_cost_model_oracle,0,multi_region,,,,43.19444444444445,50.0,0.2,1.2,51.833333333333336,155.5,True,True,['data/converted_multi_region_aligned_h100_16_merged'],3,4637.001216639985,0
Progressive_1,['asia-southeast1-c_h100_16'],1,multi_region_rc_cr_threshold_eager_failover,0,multi_region,,,,43.19444444444445,50.0,0.2,1.2,51.833333333333336,155.5,True,True,['data/converted_multi_region_aligned_h100_16_merged'],3,4886.685897535983,0
Progressive_1,['asia-southeast1-c_h100_16'],1,multi_region_availability_probe_simple,0,multi_region,,,,43.19444444444445,50.0,0.2,1.2,51.833333333333336,155.5,True,True,['data/converted_multi_region_aligned_h100_16_merged'],3,4886.685897535983,0
Progressive_1,['asia-southeast1-c_h100_16'],1,multi_region_probe_cost_ratio,0,multi_region,,,,43.19444444444445,50.0,0.2,1.2,51.833333333333336,155.5,True,True,['data/converted_multi_region_aligned_h100_16_merged'],3,4886.685897535983,0
Progressive_1,['asia-southeast1-c_h100_16'],1,rc_cr_threshold,0,single_region,,asia-southeast1-c_h100_16,,43.19444444444445,50.0,0.2,1.2,51.833333333333336,155.5,True,True,['data/converted_multi_region_aligned_h100_16_merged'],3,4654.835836703985,0
Progressive_1,['asia-southeast1-c_h100_16'],1,unified_cost_model_risk,0,multi_region,,,,43.19444444444445,50.0,0.2,1.2,51.833333333333336,207.33333333333334,True,True,['data/converted_multi_region_aligned_h100_16_merged'],4,4420.832273013316,0
Progressive_1,['asia-southeast1-c_h100_16'],1,multi_region_oracle_dp,0,multi_region,,,,43.19444444444445,50.0,0.2,1.2,51.833333333333336,207.33333333333334,True,True,['data/converted_multi_region_aligned_h100_16_merged'],4,3733.4468046720053,0
Progressive_1,['asia-southeast1-c_h100_16'],1,unified_cost_model_oracle,0,multi_region,,,,43.19444444444445,50.0,0.2,1.2,51.833333333333336,207.33333333333334,True,True,['data/converted_multi_region_aligned_h100_16_merged'],4,4420.832273013316,0
Progressive_1,['asia-southeast1-c_h100_16'],1,multi_region_rc_cr_threshold_eager_failover,0,multi_region,,,,43.19444444444445,50.0,0.2,1.2,51.833333333333336,207.33333333333334,True,True,['data/converted_multi_region_aligned_h100_16_merged'],4,4163.631189066656,0
Progressive_1,['asia-southeast1-c_h100_16'],1,multi_region_availability_probe_simple,0,multi_region,,,,43.19444444444445,50.0,0.2,1.2,51.833333333333336,207.33333333333334,True,True,['data/converted_multi_region_aligned_h100_16_merged'],4,4163.631189066656,0
Progressive_1,['asia-southeast1-c_h100_16'],1,multi_region_probe_cost_ratio,0,multi_region,,,,43.19444444444445,50.0,0.2,1.2,51.833333333333336,207.33333333333334,True,True,['data/converted_multi_region_aligned_h100_16_merged'],4,4163.631189066656,0
Progressive_1,['asia-southeast1-c_h100_16'],1,rc_cr_threshold,0,single_region,,asia-southeast1-c_h100_16,,43.19444444444445,50.0,0.2,1.2,51.833333333333336,207.33333333333334,True,True,['data/converted_multi_region_aligned_h100_16_merged'],4,4409.416447615982,0
Progressive_1,['asia-southeast1-c_h100_16'],1,unified_cost_model_risk,0,multi_region,,,,43.19444444444445,50.0,0.2,1.2,51.833333333333336,259.1666666666667,True,True,['data/converted_multi_region_aligned_h100_16_merged'],5,834.4433066666649,0
Progressive_1,['asia-southeast1-c_h100_16'],1,multi_region_oracle_dp,0,multi_region,,,,43.19444444444445,50.0,0.2,1.2,51.833333333333336,259.1666666666667,True,True,['data/converted_multi_region_aligned_h100_16_merged'],5,834.4433066666649,0
Progressive_1,['asia-southeast1-c_h100_16'],1,unified_cost_model_oracle,0,multi_region,,,,43.19444444444445,50.0,0.2,1.2,51.833333333333336,259.1666666666667,True,True,['data/converted_multi_region_aligned_h100_16_merged'],5,834.4433066666649,0
Progressive_1,['asia-southeast1-c_h100_16'],1,multi_region_rc_cr_threshold_eager_failover,0,multi_region,,,,43.19444444444445,50.0,0.2,1.2,51.833333333333336,259.1666666666667,True,True,['data/converted_multi_region_aligned_h100_16_merged'],5,834.4433066666649,0
Progressive_1,['asia-southeast1-c_h100_16'],1,multi_region_availability_probe_simple,0,multi_region,,,,43.19444444444445,50.0,0.2,1.2,51.833333333333336,259.1666666666667,True,True,['data/converted_multi_region_aligned_h100_16_merged'],5,834.4433066666649,0
Progressive_1,['asia-southeast1-c_h100_16'],1,multi_region_probe_cost_ratio,0,multi_region,,,,43.19444444444445,50.0,0.2,1.2,51.833333333333336,259.1666666666667,True,True,['data/converted_multi_region_aligned_h100_16_merged'],5,834.4433066666649,0
Progressive_1,['asia-southeast1-c_h100_16'],1,rc_cr_threshold,0,single_region,,asia-southeast1-c_h100_16,,43.19444444444445,50.0,0.2,1.2,51.833333333333336,259.1666666666667,True,True,['data/converted_multi_region_aligned_h100_16_merged'],5,837.6527039999982,0
Progressive_2,"['asia-southeast1-c_h100_16', 'asia-south2-b_h100_16']",2,unified_cost_model_risk,0,multi_region,,,,43.19444444444445,50.0,0.2,1.2,51.833333333333336,0.0,True,True,['data/converted_multi_region_aligned_h100_16_merged'],0,835.6084752629315,0
Progressive_2,"['asia-southeast1-c_h100_16', 'asia-south2-b_h100_16']",2,multi_region_oracle_dp,0,multi_region,,,,43.19444444444445,50.0,0.2,1.2,51.833333333333336,0.0,True,True,['data/converted_multi_region_aligned_h100_16_merged'],0,834.4433066666649,0
Progressive_2,"['asia-southeast1-c_h100_16', 'asia-south2-b_h100_16']",2,unified_cost_model_oracle,0,multi_region,,,,43.19444444444445,50.0,0.2,1.2,51.833333333333336,0.0,True,True,['data/converted_multi_region_aligned_h100_16_merged'],0,834.4433066666649,0
Progressive_2,"['asia-southeast1-c_h100_16', 'asia-south2-b_h100_16']",2,multi_region_rc_cr_threshold_eager_failover,0,multi_region,,,,43.19444444444445,50.0,0.2,1.2,51.833333333333336,0.0,True,True,['data/converted_multi_region_aligned_h100_16_merged'],0,834.4433066666649,0
Progressive_2,"['asia-southeast1-c_h100_16', 'asia-south2-b_h100_16']",2,multi_region_availability_probe_simple,0,multi_region,,,,43.19444444444445,50.0,0.2,1.2,51.833333333333336,0.0,True,True,['data/converted_multi_region_aligned_h100_16_merged'],0,860.077015784531,0
Progressive_2,"['asia-southeast1-c_h100_16', 'asia-south2-b_h100_16']",2,multi_region_probe_cost_ratio,0,multi_region,,,,43.19444444444445,50.0,0.2,1.2,51.833333333333336,0.0,True,True,['data/converted_multi_region_aligned_h100_16_merged'],0,885.7107249023973,0
Progressive_2,"['asia-southeast1-c_h100_16', 'asia-south2-b_h100_16']",2,rc_cr_threshold,0,single_region,,asia-southeast1-c_h100_16,,43.19444444444445,50.0,0.2,1.2,51.833333333333336,0.0,True,True,['data/converted_multi_region_aligned_h100_16_merged'],0,837.6527039999982,-1
Progressive_2,"['asia-southeast1-c_h100_16', 'asia-south2-b_h100_16']",2,rc_cr_threshold,0,single_region,,asia-south2-b_h100_16,,43.19444444444445,50.0,0.2,1.2,51.833333333333336,0.0,True,True,['data/converted_multi_region_aligned_h100_16_merged'],0,3041.090036256015,0
Progressive_2,"['asia-southeast1-c_h100_16', 'asia-south2-b_h100_16']",2,unified_cost_model_risk,0,multi_region,,,,43.19444444444445,50.0,0.2,1.2,51.833333333333336,51.833333333333336,True,True,['data/converted_multi_region_aligned_h100_16_merged'],1,1840.6015927712058,12
Progressive_2,"['asia-southeast1-c_h100_16', 'asia-south2-b_h100_16']",2,multi_region_oracle_dp,0,multi_region,,,,43.19444444444445,50.0,0.2,1.2,51.833333333333336,51.833333333333336,True,True,['data/converted_multi_region_aligned_h100_16_merged'],1,1674.7640971200037,3
Progressive_2,"['asia-southeast1-c_h100_16', 'asia-south2-b_h100_16']",2,unified_cost_model_oracle,0,multi_region,,,,43.19444444444445,50.0,0.2,1.2,51.833333333333336,51.833333333333336,True,True,['data/converted_multi_region_aligned_h100_16_merged'],1,1751.417827637337,17
Progressive_2,"['asia-southeast1-c_h100_16', 'asia-south2-b_h100_16']",2,multi_region_rc_cr_threshold_eager_failover,0,multi_region,,,,43.19444444444445,50.0,0.2,1.2,51.833333333333336,51.833333333333336,True,True,['data/converted_multi_region_aligned_h100_16_merged'],1,2611.5333161600115,1
Progressive_2,"['asia-southeast1-c_h100_16', 'asia-south2-b_h100_16']",2,multi_region_availability_probe_simple,0,multi_region,,,,43.19444444444445,50.0,0.2,1.2,51.833333333333336,51.833333333333336,True,True,['data/converted_multi_region_aligned_h100_16_merged'],1,2620.247616741345,1
Progressive_2,"['asia-southeast1-c_h100_16', 'asia-south2-b_h100_16']",2,multi_region_probe_cost_ratio,0,multi_region,,,,43.19444444444445,50.0,0.2,1.2,51.833333333333336,51.833333333333336,True,True,['data/converted_multi_region_aligned_h100_16_merged'],1,2934.508833275736,13
Progressive_2,"['asia-southeast1-c_h100_16', 'asia-south2-b_h100_16']",2,rc_cr_threshold,0,single_region,,asia-southeast1-c_h100_16,,43.19444444444445,50.0,0.2,1.2,51.833333333333336,51.833333333333336,True,True,['data/converted_multi_region_aligned_h100_16_merged'],1,2447.4830988480044,-1
Progressive_2,"['asia-southeast1-c_h100_16', 'asia-south2-b_h100_16']",2,rc_cr_threshold,0,single_region,,asia-south2-b_h100_16,,43.19444444444445,50.0,0.2,1.2,51.833333333333336,51.833333333333336,True,True,['data/converted_multi_region_aligned_h100_16_merged'],1,3041.090036256015,0
Progressive_2,"['asia-southeast1-c_h100_16', 'asia-south2-b_h100_16']",2,unified_cost_model_risk,0,multi_region,,,,43.19444444444445,50.0,0.2,1.2,51.833333333333336,103.66666666666667,True,True,['data/converted_multi_region_aligned_h100_16_merged'],2,2859.6900236032134,2
Progressive_2,"['asia-southeast1-c_h100_16', 'asia-south2-b_h100_16']",2,multi_region_oracle_dp,0,multi_region,,,,43.19444444444445,50.0,0.2,1.2,51.833333333333336,103.66666666666667,True,True,['data/converted_multi_region_aligned_h100_16_merged'],2,2856.3596864106803,1
Progressive_2,"['asia-southeast1-c_h100_16', 'asia-south2-b_h100_16']",2,unified_cost_model_oracle,0,multi_region,,,,43.19444444444445,50.0,0.2,1.2,51.833333333333336,103.66666666666667,True,True,['data/converted_multi_region_aligned_h100_16_merged'],2,2869.011372373347,2
Progressive_2,"['asia-southeast1-c_h100_16', 'asia-south2-b_h100_16']",2,multi_region_rc_cr_threshold_eager_failover,0,multi_region,,,,43.19444444444445,50.0,0.2,1.2,51.833333333333336,103.66666666666667,True,True,['data/converted_multi_region_aligned_h100_16_merged'],2,3029.4383502933483,0
Progressive_2,"['asia-southeast1-c_h100_16', 'asia-south2-b_h100_16']",2,multi_region_availability_probe_simple,0,multi_region,,,,43.19444444444445,50.0,0.2,1.2,51.833333333333336,103.66666666666667,True,True,['data/converted_multi_region_aligned_h100_16_merged'],2,3029.759290026682,0
Progressive_2,"['asia-southeast1-c_h100_16', 'asia-south2-b_h100_16']",2,multi_region_probe_cost_ratio,0,multi_region,,,,43.19444444444445,50.0,0.2,1.2,51.833333333333336,103.66666666666667,True,True,['data/converted_multi_region_aligned_h100_16_merged'],2,2980.5748108885477,2
Progressive_2,"['asia-southeast1-c_h100_16', 'asia-south2-b_h100_16']",2,rc_cr_threshold,0,single_region,,asia-southeast1-c_h100_16,,43.19444444444445,50.0,0.2,1.2,51.833333333333336,103.66666666666667,True,True,['data/converted_multi_region_aligned_h100_16_merged'],2,4350.9155566933205,-1
Progressive_2,"['asia-southeast1-c_h100_16', 'asia-south2-b_h100_16']",2,rc_cr_threshold,0,single_region,,asia-south2-b_h100_16,,43.19444444444445,50.0,0.2,1.2,51.833333333333336,103.66666666666667,True,True,['data/converted_multi_region_aligned_h100_16_merged'],2,3041.090036256015,0
Progressive_2,"['asia-southeast1-c_h100_16', 'asia-south2-b_h100_16']",2,unified_cost_model_risk,0,multi_region,,,,43.19444444444445,50.0,0.2,1.2,51.833333333333336,155.5,True,True,['data/converted_multi_region_aligned_h100_16_merged'],3,3029.4383502933483,0
Progressive_2,"['asia-southeast1-c_h100_16', 'asia-south2-b_h100_16']",2,multi_region_oracle_dp,0,multi_region,,,,43.19444444444445,50.0,0.2,1.2,51.833333333333336,155.5,True,True,['data/converted_multi_region_aligned_h100_16_merged'],3,3029.4383502933483,0
Progressive_2,"['asia-southeast1-c_h100_16', 'asia-south2-b_h100_16']",2,unified_cost_model_oracle,0,multi_region,,,,43.19444444444445,50.0,0.2,1.2,51.833333333333336,155.5,True,True,['data/converted_multi_region_aligned_h100_16_merged'],3,3029.4383502933483,0
Progressive_2,"['asia-southeast1-c_h100_16', 'asia-south2-b_h100_16']",2,multi_region_rc_cr_threshold_eager_failover,0,multi_region,,,,43.19444444444445,50.0,0.2,1.2,51.833333333333336,155.5,True,True,['data/converted_multi_region_aligned_h100_16_merged'],3,3029.4383502933483,0
Progressive_2,"['asia-southeast1-c_h100_16', 'asia-south2-b_h100_16']",2,multi_region_availability_probe_simple,0,multi_region,,,,43.19444444444445,50.0,0.2,1.2,51.833333333333336,155.5,True,True,['data/converted_multi_region_aligned_h100_16_merged'],3,3029.4383502933483,0
Progressive_2,"['asia-southeast1-c_h100_16', 'asia-south2-b_h100_16']",2,multi_region_probe_cost_ratio,0,multi_region,,,,43.19444444444445,50.0,0.2,1.2,51.833333333333336,155.5,True,True,['data/converted_multi_region_aligned_h100_16_merged'],3,3029.4383502933483,0
Progressive_2,"['asia-southeast1-c_h100_16', 'asia-south2-b_h100_16']",2,rc_cr_threshold,0,single_region,,asia-southeast1-c_h100_16,,43.19444444444445,50.0,0.2,1.2,51.833333333333336,155.5,True,True,['data/converted_multi_region_aligned_h100_16_merged'],3,4654.835836703985,-1
Progressive_2,"['asia-southeast1-c_h100_16', 'asia-south2-b_h100_16']",2,rc_cr_threshold,0,single_region,,asia-south2-b_h100_16,,43.19444444444445,50.0,0.2,1.2,51.833333333333336,155.5,True,True,['data/converted_multi_region_aligned_h100_16_merged'],3,3041.090036256015,0
Progressive_2,"['asia-southeast1-c_h100_16', 'asia-south2-b_h100_16']",2,unified_cost_model_risk,0,multi_region,,,,43.19444444444445,50.0,0.2,1.2,51.833333333333336,207.33333333333334,True,True,['data/converted_multi_region_aligned_h100_16_merged'],4,2908.17858678295,1
Progressive_2,"['asia-southeast1-c_h100_16', 'asia-south2-b_h100_16']",2,multi_region_oracle_dp,0,multi_region,,,,43.19444444444445,50.0,0.2,1.2,51.833333333333336,207.33333333333334,True,True,['data/converted_multi_region_aligned_h100_16_merged'],4,2510.2258526080213,1
Progressive_2,"['asia-southeast1-c_h100_16', 'asia-south2-b_h100_16']",2,unified_cost_model_oracle,0,multi_region,,,,43.19444444444445,50.0,0.2,1.2,51.833333333333336,207.33333333333334,True,True,['data/converted_multi_region_aligned_h100_16_merged'],4,2907.0134181866833,1
Progressive_2,"['asia-southeast1-c_h100_16', 'asia-south2-b_h100_16']",2,multi_region_rc_cr_threshold_eager_failover,0,multi_region,,,,43.19444444444445,50.0,0.2,1.2,51.833333333333336,207.33333333333334,True,True,['data/converted_multi_region_aligned_h100_16_merged'],4,3029.4383502933483,0
Progressive_2,"['asia-southeast1-c_h100_16', 'asia-south2-b_h100_16']",2,multi_region_availability_probe_simple,0,multi_region,,,,43.19444444444445,50.0,0.2,1.2,51.833333333333336,207.33333333333334,True,True,['data/converted_multi_region_aligned_h100_16_merged'],4,3029.759290026682,0
Progressive_2,"['asia-southeast1-c_h100_16', 'asia-south2-b_h100_16']",2,multi_region_probe_cost_ratio,0,multi_region,,,,43.19444444444445,50.0,0.2,1.2,51.833333333333336,207.33333333333334,True,True,['data/converted_multi_region_aligned_h100_16_merged'],4,3030.401169493349,0
Progressive_2,"['asia-southeast1-c_h100_16', 'asia-south2-b_h100_16']",2,rc_cr_threshold,0,single_region,,asia-southeast1-c_h100_16,,43.19444444444445,50.0,0.2,1.2,51.833333333333336,207.33333333333334,True,True,['data/converted_multi_region_aligned_h100_16_merged'],4,4409.416447615982,-1
Progressive_2,"['asia-southeast1-c_h100_16', 'asia-south2-b_h100_16']",2,rc_cr_threshold,0,single_region,,asia-south2-b_h100_16,,43.19444444444445,50.0,0.2,1.2,51.833333333333336,207.33333333333334,True,True,['data/converted_multi_region_aligned_h100_16_merged'],4,3041.090036256015,0
Progressive_2,"['asia-southeast1-c_h100_16', 'asia-south2-b_h100_16']",2,unified_cost_model_risk,0,multi_region,,,,43.19444444444445,50.0,0.2,1.2,51.833333333333336,259.1666666666667,True,True,['data/converted_multi_region_aligned_h100_16_merged'],5,835.6084752629315,0
Progressive_2,"['asia-southeast1-c_h100_16', 'asia-south2-b_h100_16']",2,multi_region_oracle_dp,0,multi_region,,,,43.19444444444445,50.0,0.2,1.2,51.833333333333336,259.1666666666667,True,True,['data/converted_multi_region_aligned_h100_16_merged'],5,834.4433066666649,0
Progressive_2,"['asia-southeast1-c_h100_16', 'asia-south2-b_h100_16']",2,unified_cost_model_oracle,0,multi_region,,,,43.19444444444445,50.0,0.2,1.2,51.833333333333336,259.1666666666667,True,True,['data/converted_multi_region_aligned_h100_16_merged'],5,834.4433066666649,0
Progressive_2,"['asia-southeast1-c_h100_16', 'asia-south2-b_h100_16']",2,multi_region_rc_cr_threshold_eager_failover,0,multi_region,,,,43.19444444444445,50.0,0.2,1.2,51.833333333333336,259.1666666666667,True,True,['data/converted_multi_region_aligned_h100_16_merged'],5,834.4433066666649,0
Progressive_2,"['asia-southeast1-c_h100_16', 'asia-south2-b_h100_16']",2,multi_region_availability_probe_simple,0,multi_region,,,,43.19444444444445,50.0,0.2,1.2,51.833333333333336,259.1666666666667,True,True,['data/converted_multi_region_aligned_h100_16_merged'],5,860.077015784531,0
Progressive_2,"['asia-southeast1-c_h100_16', 'asia-south2-b_h100_16']",2,multi_region_probe_cost_ratio,0,multi_region,,,,43.19444444444445,50.0,0.2,1.2,51.833333333333336,259.1666666666667,True,True,['data/converted_multi_region_aligned_h100_16_merged'],5,885.7107249023973,0
Progressive_2,"['asia-southeast1-c_h100_16', 'asia-south2-b_h100_16']",2,rc_cr_threshold,0,single_region,,asia-southeast1-c_h100_16,,43.19444444444445,50.0,0.2,1.2,51.833333333333336,259.1666666666667,True,True,['data/converted_multi_region_aligned_h100_16_merged'],5,837.6527039999982,-1
Progressive_2,"['asia-southeast1-c_h100_16', 'asia-south2-b_h100_16']",2,rc_cr_threshold,0,single_region,,asia-south2-b_h100_16,,43.19444444444445,50.0,0.2,1.2,51.833333333333336,259.1666666666667,True,True,['data/converted_multi_region_aligned_h100_16_merged'],5,3041.090036256015,0
Progressive_3,"['asia-southeast1-c_h100_16', 'asia-south2-b_h100_16', 'us-west1-b_h100_16']",3,unified_cost_model_risk,0,multi_region,,,,43.19444444444445,50.0,0.2,1.2,51.833333333333336,0.0,True,True,['data/converted_multi_region_aligned_h100_16_merged'],0,839.8541477962648,1
Progressive_3,"['asia-southeast1-c_h100_16', 'asia-south2-b_h100_16', 'us-west1-b_h100_16']",3,multi_region_oracle_dp,0,multi_region,,,,43.19444444444445,50.0,0.2,1.2,51.833333333333336,0.0,True,True,['data/converted_multi_region_aligned_h100_16_merged'],0,834.4433066666649,0
Progressive_3,"['asia-southeast1-c_h100_16', 'asia-south2-b_h100_16', 'us-west1-b_h100_16']",3,unified_cost_model_oracle,0,multi_region,,,,43.19444444444445,50.0,0.2,1.2,51.833333333333336,0.0,True,True,['data/converted_multi_region_aligned_h100_16_merged'],0,834.4433066666649,0
Progressive_3,"['asia-southeast1-c_h100_16', 'asia-south2-b_h100_16', 'us-west1-b_h100_16']",3,multi_region_rc_cr_threshold_eager_failover,0,multi_region,,,,43.19444444444445,50.0,0.2,1.2,51.833333333333336,0.0,True,True,['data/converted_multi_region_aligned_h100_16_merged'],0,838.0517226666648,1
Progressive_3,"['asia-southeast1-c_h100_16', 'asia-south2-b_h100_16', 'us-west1-b_h100_16']",3,multi_region_availability_probe_simple,0,multi_region,,,,43.19444444444445,50.0,0.2,1.2,51.833333333333336,0.0,True,True,['data/converted_multi_region_aligned_h100_16_merged'],0,864.189134184531,0
Progressive_3,"['asia-southeast1-c_h100_16', 'asia-south2-b_h100_16', 'us-west1-b_h100_16']",3,multi_region_probe_cost_ratio,0,multi_region,,,,43.19444444444445,50.0,0.2,1.2,51.833333333333336,0.0,True,True,['data/converted_multi_region_aligned_h100_16_merged'],0,896.608296102397,1
Progressive_3,"['asia-southeast1-c_h100_16', 'asia-south2-b_h100_16', 'us-west1-b_h100_16']",3,rc_cr_threshold,0,single_region,,asia-southeast1-c_h100_16,,43.19444444444445,50.0,0.2,1.2,51.833333333333336,0.0,True,True,['data/converted_multi_region_aligned_h100_16_merged'],0,837.6527039999982,-1
Progressive_3,"['asia-southeast1-c_h100_16', 'asia-south2-b_h100_16', 'us-west1-b_h100_16']",3,rc_cr_threshold,0,single_region,,asia-south2-b_h100_16,,43.19444444444445,50.0,0.2,1.2,51.833333333333336,0.0,True,True,['data/converted_multi_region_aligned_h100_16_merged'],0,3041.090036256015,-1
Progressive_3,"['asia-southeast1-c_h100_16', 'asia-south2-b_h100_16', 'us-west1-b_h100_16']",3,rc_cr_threshold,0,single_region,,us-west1-b_h100_16,,43.19444444444445,50.0,0.2,1.2,51.833333333333336,0.0,True,True,['data/converted_multi_region_aligned_h100_16_merged'],0,3437.993616413327,0
Progressive_3,"['asia-southeast1-c_h100_16', 'asia-south2-b_h100_16', 'us-west1-b_h100_16']",3,unified_cost_model_risk,0,multi_region,,,,43.19444444444445,50.0,0.2,1.2,51.833333333333336,51.833333333333336,True,True,['data/converted_multi_region_aligned_h100_16_merged'],1,1724.4682261269375,11
Progressive_3,"['asia-southeast1-c_h100_16', 'asia-south2-b_h100_16', 'us-west1-b_h100_16']",3,multi_region_oracle_dp,0,multi_region,,,,43.19444444444445,50.0,0.2,1.2,51.833333333333336,51.833333333333336,True,True,['data/converted_multi_region_aligned_h100_16_merged'],1,1674.7640971200037,3
Progressive_3,"['asia-southeast1-c_h100_16', 'asia-south2-b_h100_16', 'us-west1-b_h100_16']",3,unified_cost_model_oracle,0,multi_region,,,,43.19444444444445,50.0,0.2,1.2,51.833333333333336,51.833333333333336,True,True,['data/converted_multi_region_aligned_h100_16_merged'],1,1751.417827637337,17
Progressive_3,"['asia-southeast1-c_h100_16', 'asia-south2-b_h100_16', 'us-west1-b_h100_16']",3,multi_region_rc_cr_threshold_eager_failover,0,multi_region,,,,43.19444444444445,50.0,0.2,1.2,51.833333333333336,51.833333333333336,True,True,['data/converted_multi_region_aligned_h100_16_merged'],1,2611.5333161600115,1
Progressive_3,"['asia-southeast1-c_h100_16', 'asia-south2-b_h100_16', 'us-west1-b_h100_16']",3,multi_region_availability_probe_simple,0,multi_region,,,,43.19444444444445,50.0,0.2,1.2,51.833333333333336,51.833333333333336,True,True,['data/converted_multi_region_aligned_h100_16_merged'],1,2620.247616741345,1
Progressive_3,"['asia-southeast1-c_h100_16', 'asia-south2-b_h100_16', 'us-west1-b_h100_16']",3,multi_region_probe_cost_ratio,0,multi_region,,,,43.19444444444445,50.0,0.2,1.2,51.833333333333336,51.833333333333336,True,True,['data/converted_multi_region_aligned_h100_16_merged'],1,2934.825150075736,13
Progressive_3,"['asia-southeast1-c_h100_16', 'asia-south2-b_h100_16', 'us-west1-b_h100_16']",3,rc_cr_threshold,0,single_region,,asia-southeast1-c_h100_16,,43.19444444444445,50.0,0.2,1.2,51.833333333333336,51.833333333333336,True,True,['data/converted_multi_region_aligned_h100_16_merged'],1,2447.4830988480044,-1
Progressive_3,"['asia-southeast1-c_h100_16', 'asia-south2-b_h100_16', 'us-west1-b_h100_16']",3,rc_cr_threshold,0,single_region,,asia-south2-b_h100_16,,43.19444444444445,50.0,0.2,1.2,51.833333333333336,51.833333333333336,True,True,['data/converted_multi_region_aligned_h100_16_merged'],1,3041.090036256015,-1
Progressive_3,"['asia-southeast1-c_h100_16', 'asia-south2-b_h100_16', 'us-west1-b_h100_16']",3,rc_cr_threshold,0,single_region,,us-west1-b_h100_16,,43.19444444444445,50.0,0.2,1.2,51.833333333333336,51.833333333333336,True,True,['data/converted_multi_region_aligned_h100_16_merged'],1,3599.345881259991,0
Progressive_3,"['asia-southeast1-c_h100_16', 'asia-south2-b_h100_16', 'us-west1-b_h100_16']",3,unified_cost_model_risk,0,multi_region,,,,43.19444444444445,50.0,0.2,1.2,51.833333333333336,103.66666666666667,True,True,['data/converted_multi_region_aligned_h100_16_merged'],2,2876.8211943658803,4
Progressive_3,"['asia-southeast1-c_h100_16', 'asia-south2-b_h100_16', 'us-west1-b_h100_16']",3,multi_region_oracle_dp,0,multi_region,,,,43.19444444444445,50.0,0.2,1.2,51.833333333333336,103.66666666666667,True,True,['data/converted_multi_region_aligned_h100_16_merged'],2,2856.3596864106803,1
Progressive_3,"['asia-southeast1-c_h100_16', 'asia-south2-b_h100_16', 'us-west1-b_h100_16']",3,unified_cost_model_oracle,0,multi_region,,,,43.19444444444445,50.0,0.2,1.2,51.833333333333336,103.66666666666667,True,True,['data/converted_multi_region_aligned_h100_16_merged'],2,2868.8491904106804,4
Progressive_3,"['asia-southeast1-c_h100_16', 'asia-south2-b_h100_16', 'us-west1-b_h100_16']",3,multi_region_rc_cr_threshold_eager_failover,0,multi_region,,,,43.19444444444445,50.0,0.2,1.2,51.833333333333336,103.66666666666667,True,True,['data/converted_multi_region_aligned_h100_16_merged'],2,3029.4383502933483,0
Progressive_3,"['asia-southeast1-c_h100_16', 'asia-south2-b_h100_16', 'us-west1-b_h100_16']",3,multi_region_availability_probe_simple,0,multi_region,,,,43.19444444444445,50.0,0.2,1.2,51.833333333333336,103.66666666666667,True,True,['data/converted_multi_region_aligned_h100_16_merged'],2,3030.080229760015,0
Progressive_3,"['asia-southeast1-c_h100_16', 'asia-south2-b_h100_16', 'us-west1-b_h100_16']",3,multi_region_probe_cost_ratio,0,multi_region,,,,43.19444444444445,50.0,0.2,1.2,51.833333333333336,103.66666666666667,True,True,['data/converted_multi_region_aligned_h100_16_merged'],2,2981.207444488548,2
Progressive_3,"['asia-southeast1-c_h100_16', 'asia-south2-b_h100_16', 'us-west1-b_h100_16']",3,rc_cr_threshold,0,single_region,,asia-southeast1-c_h100_16,,43.19444444444445,50.0,0.2,1.2,51.833333333333336,103.66666666666667,True,True,['data/converted_multi_region_aligned_h100_16_merged'],2,4350.9155566933205,-1
Progressive_3,"['asia-southeast1-c_h100_16', 'asia-south2-b_h100_16', 'us-west1-b_h100_16']",3,rc_cr_threshold,0,single_region,,asia-south2-b_h100_16,,43.19444444444445,50.0,0.2,1.2,51.833333333333336,103.66666666666667,True,True,['data/converted_multi_region_aligned_h100_16_merged'],2,3041.090036256015,-1
Progressive_3,"['asia-southeast1-c_h100_16', 'asia-south2-b_h100_16', 'us-west1-b_h100_16']",3,rc_cr_threshold,0,single_region,,us-west1-b_h100_16,,43.19444444444445,50.0,0.2,1.2,51.833333333333336,103.66666666666667,True,True,['data/converted_multi_region_aligned_h100_16_merged'],2,3608.835385259991,0
Progressive_3,"['asia-southeast1-c_h100_16', 'asia-south2-b_h100_16', 'us-west1-b_h100_16']",3,unified_cost_model_risk,0,multi_region,,,,43.19444444444445,50.0,0.2,1.2,51.833333333333336,155.5,True,True,['data/converted_multi_region_aligned_h100_16_merged'],3,3047.4183728522817,2
Progressive_3,"['asia-southeast1-c_h100_16', 'asia-south2-b_h100_16', 'us-west1-b_h100_16']",3,multi_region_oracle_dp,0,multi_region,,,,43.19444444444445,50.0,0.2,1.2,51.833333333333336,155.5,True,True,['data/converted_multi_region_aligned_h100_16_merged'],3,3029.4383502933483,0
Progressive_3,"['asia-southeast1-c_h100_16', 'asia-south2-b_h100_16', 'us-west1-b_h100_16']",3,unified_cost_model_oracle,0,multi_region,,,,43.19444444444445,50.0,0.2,1.2,51.833333333333336,155.5,True,True,['data/converted_multi_region_aligned_h100_16_merged'],3,3029.4383502933483,0
Progressive_3,"['asia-southeast1-c_h100_16', 'asia-south2-b_h100_16', 'us-west1-b_h100_16']",3,multi_region_rc_cr_threshold_eager_failover,0,multi_region,,,,43.19444444444445,50.0,0.2,1.2,51.833333333333336,155.5,True,True,['data/converted_multi_region_aligned_h100_16_merged'],3,3029.4383502933483,0
Progressive_3,"['asia-southeast1-c_h100_16', 'asia-south2-b_h100_16', 'us-west1-b_h100_16']",3,multi_region_availability_probe_simple,0,multi_region,,,,43.19444444444445,50.0,0.2,1.2,51.833333333333336,155.5,True,True,['data/converted_multi_region_aligned_h100_16_merged'],3,3029.4383502933483,0
Progressive_3,"['asia-southeast1-c_h100_16', 'asia-south2-b_h100_16', 'us-west1-b_h100_16']",3,multi_region_probe_cost_ratio,0,multi_region,,,,43.19444444444445,50.0,0.2,1.2,51.833333333333336,155.5,True,True,['data/converted_multi_region_aligned_h100_16_merged'],3,3029.4383502933483,0
Progressive_3,"['asia-southeast1-c_h100_16', 'asia-south2-b_h100_16', 'us-west1-b_h100_16']",3,rc_cr_threshold,0,single_region,,asia-southeast1-c_h100_16,,43.19444444444445,50.0,0.2,1.2,51.833333333333336,155.5,True,True,['data/converted_multi_region_aligned_h100_16_merged'],3,4654.835836703985,-1
Progressive_3,"['asia-southeast1-c_h100_16', 'asia-south2-b_h100_16', 'us-west1-b_h100_16']",3,rc_cr_threshold,0,single_region,,asia-south2-b_h100_16,,43.19444444444445,50.0,0.2,1.2,51.833333333333336,155.5,True,True,['data/converted_multi_region_aligned_h100_16_merged'],3,3041.090036256015,-1
Progressive_3,"['asia-southeast1-c_h100_16', 'asia-south2-b_h100_16', 'us-west1-b_h100_16']",3,rc_cr_threshold,0,single_region,,us-west1-b_h100_16,,43.19444444444445,50.0,0.2,1.2,51.833333333333336,155.5,True,True,['data/converted_multi_region_aligned_h100_16_merged'],3,3606.7737842533243,0
Progressive_3,"['asia-southeast1-c_h100_16', 'asia-south2-b_h100_16', 'us-west1-b_h100_16']",3,unified_cost_model_risk,0,multi_region,,,,43.19444444444445,50.0,0.2,1.2,51.833333333333336,207.33333333333334,True,True,['data/converted_multi_region_aligned_h100_16_merged'],4,2901.10183092055,3
Progressive_3,"['asia-southeast1-c_h100_16', 'asia-south2-b_h100_16', 'us-west1-b_h100_16']",3,multi_region_oracle_dp,0,multi_region,,,,43.19444444444445,50.0,0.2,1.2,51.833333333333336,207.33333333333334,True,True,['data/converted_multi_region_aligned_h100_16_merged'],4,2507.3134046080118,1
Progressive_3,"['asia-southeast1-c_h100_16', 'asia-south2-b_h100_16', 'us-west1-b_h100_16']",3,unified_cost_model_oracle,0,multi_region,,,,43.19444444444445,50.0,0.2,1.2,51.833333333333336,207.33333333333334,True,True,['data/converted_multi_region_aligned_h100_16_merged'],4,2889.9666589653502,3
Progressive_3,"['asia-southeast1-c_h100_16', 'asia-south2-b_h100_16', 'us-west1-b_h100_16']",3,multi_region_rc_cr_threshold_eager_failover,0,multi_region,,,,43.19444444444445,50.0,0.2,1.2,51.833333333333336,207.33333333333334,True,True,['data/converted_multi_region_aligned_h100_16_merged'],4,3029.4383502933483,0
Progressive_3,"['asia-southeast1-c_h100_16', 'asia-south2-b_h100_16', 'us-west1-b_h100_16']",3,multi_region_availability_probe_simple,0,multi_region,,,,43.19444444444445,50.0,0.2,1.2,51.833333333333336,207.33333333333334,True,True,['data/converted_multi_region_aligned_h100_16_merged'],4,3030.075606826682,0
Progressive_3,"['asia-southeast1-c_h100_16', 'asia-south2-b_h100_16', 'us-west1-b_h100_16']",3,multi_region_probe_cost_ratio,0,multi_region,,,,43.19444444444445,50.0,0.2,1.2,51.833333333333336,207.33333333333334,True,True,['data/converted_multi_region_aligned_h100_16_merged'],4,3031.350119893349,0
Progressive_3,"['asia-southeast1-c_h100_16', 'asia-south2-b_h100_16', 'us-west1-b_h100_16']",3,rc_cr_threshold,0,single_region,,asia-southeast1-c_h100_16,,43.19444444444445,50.0,0.2,1.2,51.833333333333336,207.33333333333334,True,True,['data/converted_multi_region_aligned_h100_16_merged'],4,4409.416447615982,-1
Progressive_3,"['asia-southeast1-c_h100_16', 'asia-south2-b_h100_16', 'us-west1-b_h100_16']",3,rc_cr_threshold,0,single_region,,asia-south2-b_h100_16,,43.19444444444445,50.0,0.2,1.2,51.833333333333336,207.33333333333334,True,True,['data/converted_multi_region_aligned_h100_16_merged'],4,3041.090036256015,-1
Progressive_3,"['asia-southeast1-c_h100_16', 'asia-south2-b_h100_16', 'us-west1-b_h100_16']",3,rc_cr_threshold,0,single_region,,us-west1-b_h100_16,,43.19444444444445,50.0,0.2,1.2,51.833333333333336,207.33333333333334,True,True,['data/converted_multi_region_aligned_h100_16_merged'],4,3033.7543836199966,0
Progressive_3,"['asia-southeast1-c_h100_16', 'asia-south2-b_h100_16', 'us-west1-b_h100_16']",3,unified_cost_model_risk,0,multi_region,,,,43.19444444444445,50.0,0.2,1.2,51.833333333333336,259.1666666666667,True,True,['data/converted_multi_region_aligned_h100_16_merged'],5,835.231214462931,1
Progressive_3,"['asia-southeast1-c_h100_16', 'asia-south2-b_h100_16', 'us-west1-b_h100_16']",3,multi_region_oracle_dp,0,multi_region,,,,43.19444444444445,50.0,0.2,1.2,51.833333333333336,259.1666666666667,True,True,['data/converted_multi_region_aligned_h100_16_merged'],5,834.4433066666649,0
Progressive_3,"['asia-southeast1-c_h100_16', 'asia-south2-b_h100_16', 'us-west1-b_h100_16']",3,unified_cost_model_oracle,0,multi_region,,,,43.19444444444445,50.0,0.2,1.2,51.833333333333336,259.1666666666667,True,True,['data/converted_multi_region_aligned_h100_16_merged'],5,834.4433066666649,0
Progressive_3,"['asia-southeast1-c_h100_16', 'asia-south2-b_h100_16', 'us-west1-b_h100_16']",3,multi_region_rc_cr_threshold_eager_failover,0,multi_region,,,,43.19444444444445,50.0,0.2,1.2,51.833333333333336,259.1666666666667,True,True,['data/converted_multi_region_aligned_h100_16_merged'],5,833.4287893333311,1
Progressive_3,"['asia-southeast1-c_h100_16', 'asia-south2-b_h100_16', 'us-west1-b_h100_16']",3,multi_region_availability_probe_simple,0,multi_region,,,,43.19444444444445,50.0,0.2,1.2,51.833333333333336,259.1666666666667,True,True,['data/converted_multi_region_aligned_h100_16_merged'],5,865.7707181845309,0
Progressive_3,"['asia-southeast1-c_h100_16', 'asia-south2-b_h100_16', 'us-west1-b_h100_16']",3,multi_region_probe_cost_ratio,0,multi_region,,,,43.19444444444445,50.0,0.2,1.2,51.833333333333336,259.1666666666667,True,True,['data/converted_multi_region_aligned_h100_16_merged'],5,894.2735473023963,1
Progressive_3,"['asia-southeast1-c_h100_16', 'asia-south2-b_h100_16', 'us-west1-b_h100_16']",3,rc_cr_threshold,0,single_region,,asia-southeast1-c_h100_16,,43.19444444444445,50.0,0.2,1.2,51.833333333333336,259.1666666666667,True,True,['data/converted_multi_region_aligned_h100_16_merged'],5,837.6527039999982,-1
Progressive_3,"['asia-southeast1-c_h100_16', 'asia-south2-b_h100_16', 'us-west1-b_h100_16']",3,rc_cr_threshold,0,single_region,,asia-south2-b_h100_16,,43.19444444444445,50.0,0.2,1.2,51.833333333333336,259.1666666666667,True,True,['data/converted_multi_region_aligned_h100_16_merged'],5,3041.090036256015,-1
Progressive_3,"['asia-southeast1-c_h100_16', 'asia-south2-b_h100_16', 'us-west1-b_h100_16']",3,rc_cr_threshold,0,single_region,,us-west1-b_h100_16,,43.19444444444445,50.0,0.2,1.2,51.833333333333336,259.1666666666667,True,True,['data/converted_multi_region_aligned_h100_16_merged'],5,2020.9932372933315,0
Progressive_4,"['asia-southeast1-c_h100_16', 'asia-south2-b_h100_16', 'us-west1-b_h100_16', 'europe-west3-c_h100_16']",4,unified_cost_model_risk,0,multi_region,,,,43.19444444444445,50.0,0.2,1.2,51.833333333333336,0.0,True,True,['data/converted_multi_region_aligned_h100_16_merged'],0,837.1413915295982,2
Progressive_4,"['asia-southeast1-c_h100_16', 'asia-south2-b_h100_16', 'us-west1-b_h100_16', 'europe-west3-c_h100_16']",4,multi_region_oracle_dp,0,multi_region,,,,43.19444444444445,50.0,0.2,1.2,51.833333333333336,0.0,True,True,['data/converted_multi_region_aligned_h100_16_merged'],0,827.0297279999976,2
Progressive_4,"['asia-southeast1-c_h100_16', 'asia-south2-b_h100_16', 'us-west1-b_h100_16', 'europe-west3-c_h100_16']",4,unified_cost_model_oracle,0,multi_region,,,,43.19444444444445,50.0,0.2,1.2,51.833333333333336,0.0,True,True,['data/converted_multi_region_aligned_h100_16_merged'],0,834.4433066666649,0
Progressive_4,"['asia-southeast1-c_h100_16', 'asia-south2-b_h100_16', 'us-west1-b_h100_16', 'europe-west3-c_h100_16']",4,multi_region_rc_cr_threshold_eager_failover,0,multi_region,,,,43.19444444444445,50.0,0.2,1.2,51.833333333333336,0.0,True,True,['data/converted_multi_region_aligned_h100_16_merged'],0,834.7304959999982,2
Progressive_4,"['asia-southeast1-c_h100_16', 'asia-south2-b_h100_16', 'us-west1-b_h100_16', 'europe-west3-c_h100_16']",4,multi_region_availability_probe_simple,0,multi_region,,,,43.19444444444445,50.0,0.2,1.2,51.833333333333336,0.0,True,True,['data/converted_multi_region_aligned_h100_16_merged'],0,865.0655949845309,0
Progressive_4,"['asia-southeast1-c_h100_16', 'asia-south2-b_h100_16', 'us-west1-b_h100_16', 'europe-west3-c_h100_16']",4,multi_region_probe_cost_ratio,0,multi_region,,,,43.19444444444445,50.0,0.2,1.2,51.833333333333336,0.0,True,True,['data/converted_multi_region_aligned_h100_16_merged'],0,895.1551355690639,2
Progressive_4,"['asia-southeast1-c_h100_16', 'asia-south2-b_h100_16', 'us-west1-b_h100_16', 'europe-west3-c_h100_16']",4,rc_cr_threshold,0,single_region,,asia-southeast1-c_h100_16,,43.19444444444445,50.0,0.2,1.2,51.833333333333336,0.0,True,True,['data/converted_multi_region_aligned_h100_16_merged'],0,837.6527039999982,-1
Progressive_4,"['asia-southeast1-c_h100_16', 'asia-south2-b_h100_16', 'us-west1-b_h100_16', 'europe-west3-c_h100_16']",4,rc_cr_threshold,0,single_region,,asia-south2-b_h100_16,,43.19444444444445,50.0,0.2,1.2,51.833333333333336,0.0,True,True,['data/converted_multi_region_aligned_h100_16_merged'],0,3041.090036256015,-1
Progressive_4,"['asia-southeast1-c_h100_16', 'asia-south2-b_h100_16', 'us-west1-b_h100_16', 'europe-west3-c_h100_16']",4,rc_cr_threshold,0,single_region,,us-west1-b_h100_16,,43.19444444444445,50.0,0.2,1.2,51.833333333333336,0.0,True,True,['data/converted_multi_region_aligned_h100_16_merged'],0,3437.993616413327,-1
Progressive_4,"['asia-southeast1-c_h100_16', 'asia-south2-b_h100_16', 'us-west1-b_h100_16', 'europe-west3-c_h100_16']",4,rc_cr_threshold,0,single_region,,europe-west3-c_h100_16,,43.19444444444445,50.0,0.2,1.2,51.833333333333336,0.0,True,True,['data/converted_multi_region_aligned_h100_16_merged'],0,3778.9989031679966,0
Progressive_4,"['asia-southeast1-c_h100_16', 'asia-south2-b_h100_16', 'us-west1-b_h100_16', 'europe-west3-c_h100_16']",4,unified_cost_model_risk,0,multi_region,,,,43.19444444444445,50.0,0.2,1.2,51.833333333333336,51.833333333333336,True,True,['data/converted_multi_region_aligned_h100_16_merged'],1,1834.436396839738,19
Progressive_4,"['asia-southeast1-c_h100_16', 'asia-south2-b_h100_16', 'us-west1-b_h100_16', 'europe-west3-c_h100_16']",4,multi_region_oracle_dp,0,multi_region,,,,43.19444444444445,50.0,0.2,1.2,51.833333333333336,51.833333333333336,True,True,['data/converted_multi_region_aligned_h100_16_merged'],1,1674.7640971200037,3
Progressive_4,"['asia-southeast1-c_h100_16', 'asia-south2-b_h100_16', 'us-west1-b_h100_16', 'europe-west3-c_h100_16']",4,unified_cost_model_oracle,0,multi_region,,,,43.19444444444445,50.0,0.2,1.2,51.833333333333336,51.833333333333336,True,True,['data/converted_multi_region_aligned_h100_16_merged'],1,1752.5550602666706,18
Progressive_4,"['asia-southeast1-c_h100_16', 'asia-south2-b_h100_16', 'us-west1-b_h100_16', 'europe-west3-c_h100_16']",4,multi_region_rc_cr_threshold_eager_failover,0,multi_region,,,,43.19444444444445,50.0,0.2,1.2,51.833333333333336,51.833333333333336,True,True,['data/converted_multi_region_aligned_h100_16_merged'],1,2612.670548789345,2
Progressive_4,"['asia-southeast1-c_h100_16', 'asia-south2-b_h100_16', 'us-west1-b_h100_16', 'europe-west3-c_h100_16']",4,multi_region_availability_probe_simple,0,multi_region,,,,43.19444444444445,50.0,0.2,1.2,51.833333333333336,51.833333333333336,True,True,['data/converted_multi_region_aligned_h100_16_merged'],1,2621.416231141345,1
Progressive_4,"['asia-southeast1-c_h100_16', 'asia-south2-b_h100_16', 'us-west1-b_h100_16', 'europe-west3-c_h100_16']",4,multi_region_probe_cost_ratio,0,multi_region,,,,43.19444444444445,50.0,0.2,1.2,51.833333333333336,51.833333333333336,True,True,['data/converted_multi_region_aligned_h100_16_merged'],1,2931.425809446403,14
Progressive_4,"['asia-southeast1-c_h100_16', 'asia-south2-b_h100_16', 'us-west1-b_h100_16', 'europe-west3-c_h100_16']",4,rc_cr_threshold,0,single_region,,asia-southeast1-c_h100_16,,43.19444444444445,50.0,0.2,1.2,51.833333333333336,51.833333333333336,True,True,['data/converted_multi_region_aligned_h100_16_merged'],1,2447.4830988480044,-1
Progressive_4,"['asia-southeast1-c_h100_16', 'asia-south2-b_h100_16', 'us-west1-b_h100_16', 'europe-west3-c_h100_16']",4,rc_cr_threshold,0,single_region,,asia-south2-b_h100_16,,43.19444444444445,50.0,0.2,1.2,51.833333333333336,51.833333333333336,True,True,['data/converted_multi_region_aligned_h100_16_merged'],1,3041.090036256015,-1
Progressive_4,"['asia-southeast1-c_h100_16', 'asia-south2-b_h100_16', 'us-west1-b_h100_16', 'europe-west3-c_h100_16']",4,rc_cr_threshold,0,single_region,,us-west1-b_h100_16,,43.19444444444445,50.0,0.2,1.2,51.833333333333336,51.833333333333336,True,True,['data/converted_multi_region_aligned_h100_16_merged'],1,3599.345881259991,-1
Progressive_4,"['asia-southeast1-c_h100_16', 'asia-south2-b_h100_16', 'us-west1-b_h100_16', 'europe-west3-c_h100_16']",4,rc_cr_threshold,0,single_region,,europe-west3-c_h100_16,,43.19444444444445,50.0,0.2,1.2,51.833333333333336,51.833333333333336,True,True,['data/converted_multi_region_aligned_h100_16_merged'],1,3739.073504063997,0
Progressive_4,"['asia-southeast1-c_h100_16', 'asia-south2-b_h100_16', 'us-west1-b_h100_16', 'europe-west3-c_h100_16']",4,unified_cost_model_risk,0,multi_region,,,,43.19444444444445,50.0,0.2,1.2,51.833333333333336,103.66666666666667,True,True,['data/converted_multi_region_aligned_h100_16_merged'],2,2860.8041536704122,6
Progressive_4,"['asia-southeast1-c_h100_16', 'asia-south2-b_h100_16', 'us-west1-b_h100_16', 'europe-west3-c_h100_16']",4,multi_region_oracle_dp,0,multi_region,,,,43.19444444444445,50.0,0.2,1.2,51.833333333333336,103.66666666666667,True,True,['data/converted_multi_region_aligned_h100_16_merged'],2,2860.28122241068,2
Progressive_4,"['asia-southeast1-c_h100_16', 'asia-south2-b_h100_16', 'us-west1-b_h100_16', 'europe-west3-c_h100_16']",4,unified_cost_model_oracle,0,multi_region,,,,43.19444444444445,50.0,0.2,1.2,51.833333333333336,103.66666666666667,True,True,['data/converted_multi_region_aligned_h100_16_merged'],2,2868.8491904106804,4
Progressive_4,"['asia-southeast1-c_h100_16', 'asia-south2-b_h100_16', 'us-west1-b_h100_16', 'europe-west3-c_h100_16']",4,multi_region_rc_cr_threshold_eager_failover,0,multi_region,,,,43.19444444444445,50.0,0.2,1.2,51.833333333333336,103.66666666666667,True,True,['data/converted_multi_region_aligned_h100_16_merged'],2,3029.4383502933483,0
Progressive_4,"['asia-southeast1-c_h100_16', 'asia-south2-b_h100_16', 'us-west1-b_h100_16', 'europe-west3-c_h100_16']",4,multi_region_availability_probe_simple,0,multi_region,,,,43.19444444444445,50.0,0.2,1.2,51.833333333333336,103.66666666666667,True,True,['data/converted_multi_region_aligned_h100_16_merged'],2,3030.080229760015,0
Progressive_4,"['asia-southeast1-c_h100_16', 'asia-south2-b_h100_16', 'us-west1-b_h100_16', 'europe-west3-c_h100_16']",4,multi_region_probe_cost_ratio,0,multi_region,,,,43.19444444444445,50.0,0.2,1.2,51.833333333333336,103.66666666666667,True,True,['data/converted_multi_region_aligned_h100_16_merged'],2,2981.207444488548,2
Progressive_4,"['asia-southeast1-c_h100_16', 'asia-south2-b_h100_16', 'us-west1-b_h100_16', 'europe-west3-c_h100_16']",4,rc_cr_threshold,0,single_region,,asia-southeast1-c_h100_16,,43.19444444444445,50.0,0.2,1.2,51.833333333333336,103.66666666666667,True,True,['data/converted_multi_region_aligned_h100_16_merged'],2,4350.9155566933205,-1
Progressive_4,"['asia-southeast1-c_h100_16', 'asia-south2-b_h100_16', 'us-west1-b_h100_16', 'europe-west3-c_h100_16']",4,rc_cr_threshold,0,single_region,,asia-south2-b_h100_16,,43.19444444444445,50.0,0.2,1.2,51.833333333333336,103.66666666666667,True,True,['data/converted_multi_region_aligned_h100_16_merged'],2,3041.090036256015,-1
Progressive_4,"['asia-southeast1-c_h100_16', 'asia-south2-b_h100_16', 'us-west1-b_h100_16', 'europe-west3-c_h100_16']",4,rc_cr_threshold,0,single_region,,us-west1-b_h100_16,,43.19444444444445,50.0,0.2,1.2,51.833333333333336,103.66666666666667,True,True,['data/converted_multi_region_aligned_h100_16_merged'],2,3608.835385259991,-1
Progressive_4,"['asia-southeast1-c_h100_16', 'asia-south2-b_h100_16', 'us-west1-b_h100_16', 'europe-west3-c_h100_16']",4,rc_cr_threshold,0,single_region,,europe-west3-c_h100_16,,43.19444444444445,50.0,0.2,1.2,51.833333333333336,103.66666666666667,True,True,['data/converted_multi_region_aligned_h100_16_merged'],2,4236.030618047997,0
Progressive_4,"['asia-southeast1-c_h100_16', 'asia-south2-b_h100_16', 'us-west1-b_h100_16', 'europe-west3-c_h100_16']",4,unified_cost_model_risk,0,multi_region,,,,43.19444444444445,50.0,0.2,1.2,51.833333333333336,155.5,True,True,['data/converted_multi_region_aligned_h100_16_merged'],3,2121.337026076807,5
Progressive_4,"['asia-southeast1-c_h100_16', 'asia-south2-b_h100_16', 'us-west1-b_h100_16', 'europe-west3-c_h100_16']",4,multi_region_oracle_dp,0,multi_region,,,,43.19444444444445,50.0,0.2,1.2,51.833333333333336,155.5,True,True,['data/converted_multi_region_aligned_h100_16_merged'],3,2130.380284213339,3
Progressive_4,"['asia-southeast1-c_h100_16', 'asia-south2-b_h100_16', 'us-west1-b_h100_16', 'europe-west3-c_h100_16']",4,unified_cost_model_oracle,0,multi_region,,,,43.19444444444445,50.0,0.2,1.2,51.833333333333336,155.5,True,True,['data/converted_multi_region_aligned_h100_16_merged'],3,2362.2857192426663,5
Progressive_4,"['asia-southeast1-c_h100_16', 'asia-south2-b_h100_16', 'us-west1-b_h100_16', 'europe-west3-c_h100_16']",4,multi_region_rc_cr_threshold_eager_failover,0,multi_region,,,,43.19444444444445,50.0,0.2,1.2,51.833333333333336,155.5,True,True,['data/converted_multi_region_aligned_h100_16_merged'],3,3029.4383502933483,0
Progressive_4,"['asia-southeast1-c_h100_16', 'asia-south2-b_h100_16', 'us-west1-b_h100_16', 'europe-west3-c_h100_16']",4,multi_region_availability_probe_simple,0,multi_region,,,,43.19444444444445,50.0,0.2,1.2,51.833333333333336,155.5,True,True,['data/converted_multi_region_aligned_h100_16_merged'],3,3031.1912718933477,0
Progressive_4,"['asia-southeast1-c_h100_16', 'asia-south2-b_h100_16', 'us-west1-b_h100_16', 'europe-west3-c_h100_16']",4,multi_region_probe_cost_ratio,0,multi_region,,,,43.19444444444445,50.0,0.2,1.2,51.833333333333336,155.5,True,True,['data/converted_multi_region_aligned_h100_16_merged'],3,2925.70411717121,1
Progressive_4,"['asia-southeast1-c_h100_16', 'asia-south2-b_h100_16', 'us-west1-b_h100_16', 'europe-west3-c_h100_16']",4,rc_cr_threshold,0,single_region,,asia-southeast1-c_h100_16,,43.19444444444445,50.0,0.2,1.2,51.833333333333336,155.5,True,True,['data/converted_multi_region_aligned_h100_16_merged'],3,4654.835836703985,-1
Progressive_4,"['asia-southeast1-c_h100_16', 'asia-south2-b_h100_16', 'us-west1-b_h100_16', 'europe-west3-c_h100_16']",4,rc_cr_threshold,0,single_region,,asia-south2-b_h100_16,,43.19444444444445,50.0,0.2,1.2,51.833333333333336,155.5,True,True,['data/converted_multi_region_aligned_h100_16_merged'],3,3041.090036256015,-1
Progressive_4,"['asia-southeast1-c_h100_16', 'asia-south2-b_h100_16', 'us-west1-b_h100_16', 'europe-west3-c_h100_16']",4,rc_cr_threshold,0,single_region,,us-west1-b_h100_16,,43.19444444444445,50.0,0.2,1.2,51.833333333333336,155.5,True,True,['data/converted_multi_region_aligned_h100_16_merged'],3,3606.7737842533243,-1
Progressive_4,"['asia-southeast1-c_h100_16', 'asia-south2-b_h100_16', 'us-west1-b_h100_16', 'europe-west3-c_h100_16']",4,rc_cr_threshold,0,single_region,,europe-west3-c_h100_16,,43.19444444444445,50.0,0.2,1.2,51.833333333333336,155.5,True,True,['data/converted_multi_region_aligned_h100_16_merged'],3,2879.8662621439803,0
Progressive_4,"['asia-southeast1-c_h100_16', 'asia-south2-b_h100_16', 'us-west1-b_h100_16', 'europe-west3-c_h100_16']",4,unified_cost_model_risk,0,multi_region,,,,43.19444444444445,50.0,0.2,1.2,51.833333333333336,207.33333333333334,True,True,['data/converted_multi_region_aligned_h100_16_merged'],4,1406.0137070133346,10
Progressive_4,"['asia-southeast1-c_h100_16', 'asia-south2-b_h100_16', 'us-west1-b_h100_16', 'europe-west3-c_h100_16']",4,multi_region_oracle_dp,0,multi_region,,,,43.19444444444445,50.0,0.2,1.2,51.833333333333336,207.33333333333334,True,True,['data/converted_multi_region_aligned_h100_16_merged'],4,1382.543381461334,3
Progressive_4,"['asia-southeast1-c_h100_16', 'asia-south2-b_h100_16', 'us-west1-b_h100_16', 'europe-west3-c_h100_16']",4,unified_cost_model_oracle,0,multi_region,,,,43.19444444444445,50.0,0.2,1.2,51.833333333333336,207.33333333333334,True,True,['data/converted_multi_region_aligned_h100_16_merged'],4,1680.5450643413365,15
Progressive_4,"['asia-southeast1-c_h100_16', 'asia-south2-b_h100_16', 'us-west1-b_h100_16', 'europe-west3-c_h100_16']",4,multi_region_rc_cr_threshold_eager_failover,0,multi_region,,,,43.19444444444445,50.0,0.2,1.2,51.833333333333336,207.33333333333334,True,True,['data/converted_multi_region_aligned_h100_16_merged'],4,3029.4383502933483,0
Progressive_4,"['asia-southeast1-c_h100_16', 'asia-south2-b_h100_16', 'us-west1-b_h100_16', 'europe-west3-c_h100_16']",4,multi_region_availability_probe_simple,0,multi_region,,,,43.19444444444445,50.0,0.2,1.2,51.833333333333336,207.33333333333334,True,True,['data/converted_multi_region_aligned_h100_16_merged'],4,3034.4579108266807,0
Progressive_4,"['asia-southeast1-c_h100_16', 'asia-south2-b_h100_16', 'us-west1-b_h100_16', 'europe-west3-c_h100_16']",4,multi_region_probe_cost_ratio,0,multi_region,,,,43.19444444444445,50.0,0.2,1.2,51.833333333333336,207.33333333333334,True,True,['data/converted_multi_region_aligned_h100_16_merged'],4,2092.1760358666775,9
Progressive_4,"['asia-southeast1-c_h100_16', 'asia-south2-b_h100_16', 'us-west1-b_h100_16', 'europe-west3-c_h100_16']",4,rc_cr_threshold,0,single_region,,asia-southeast1-c_h100_16,,43.19444444444445,50.0,0.2,1.2,51.833333333333336,207.33333333333334,True,True,['data/converted_multi_region_aligned_h100_16_merged'],4,4409.416447615982,-1
Progressive_4,"['asia-southeast1-c_h100_16', 'asia-south2-b_h100_16', 'us-west1-b_h100_16', 'europe-west3-c_h100_16']",4,rc_cr_threshold,0,single_region,,asia-south2-b_h100_16,,43.19444444444445,50.0,0.2,1.2,51.833333333333336,207.33333333333334,True,True,['data/converted_multi_region_aligned_h100_16_merged'],4,3041.090036256015,-1
Progressive_4,"['asia-southeast1-c_h100_16', 'asia-south2-b_h100_16', 'us-west1-b_h100_16', 'europe-west3-c_h100_16']",4,rc_cr_threshold,0,single_region,,us-west1-b_h100_16,,43.19444444444445,50.0,0.2,1.2,51.833333333333336,207.33333333333334,True,True,['data/converted_multi_region_aligned_h100_16_merged'],4,3033.7543836199966,-1
Progressive_4,"['asia-southeast1-c_h100_16', 'asia-south2-b_h100_16', 'us-west1-b_h100_16', 'europe-west3-c_h100_16']",4,rc_cr_threshold,0,single_region,,europe-west3-c_h100_16,,43.19444444444445,50.0,0.2,1.2,51.833333333333336,207.33333333333334,True,True,['data/converted_multi_region_aligned_h100_16_merged'],4,2354.6698930559846,0
Progressive_4,"['asia-southeast1-c_h100_16', 'asia-south2-b_h100_16', 'us-west1-b_h100_16', 'europe-west3-c_h100_16']",4,unified_cost_model_risk,0,multi_region,,,,43.19444444444445,50.0,0.2,1.2,51.833333333333336,259.1666666666667,True,True,['data/converted_multi_region_aligned_h100_16_merged'],5,761.4017851295959,0
Progressive_4,"['asia-southeast1-c_h100_16', 'asia-south2-b_h100_16', 'us-west1-b_h100_16', 'europe-west3-c_h100_16']",4,multi_region_oracle_dp,0,multi_region,,,,43.19444444444445,50.0,0.2,1.2,51.833333333333336,259.1666666666667,True,True,['data/converted_multi_region_aligned_h100_16_merged'],5,759.599359999996,0
Progressive_4,"['asia-southeast1-c_h100_16', 'asia-south2-b_h100_16', 'us-west1-b_h100_16', 'europe-west3-c_h100_16']",4,unified_cost_model_oracle,0,multi_region,,,,43.19444444444445,50.0,0.2,1.2,51.833333333333336,259.1666666666667,True,True,['data/converted_multi_region_aligned_h100_16_merged'],5,759.599359999996,0
Progressive_4,"['asia-southeast1-c_h100_16', 'asia-south2-b_h100_16', 'us-west1-b_h100_16', 'europe-west3-c_h100_16']",4,multi_region_rc_cr_threshold_eager_failover,0,multi_region,,,,43.19444444444445,50.0,0.2,1.2,51.833333333333336,259.1666666666667,True,True,['data/converted_multi_region_aligned_h100_16_merged'],5,759.599359999996,0
Progressive_4,"['asia-southeast1-c_h100_16', 'asia-south2-b_h100_16', 'us-west1-b_h100_16', 'europe-west3-c_h100_16']",4,multi_region_availability_probe_simple,0,multi_region,,,,43.19444444444445,50.0,0.2,1.2,51.833333333333336,259.1666666666667,True,True,['data/converted_multi_region_aligned_h100_16_merged'],5,872.1980973845309,0
Progressive_4,"['asia-southeast1-c_h100_16', 'asia-south2-b_h100_16', 'us-west1-b_h100_16', 'europe-west3-c_h100_16']",4,multi_region_probe_cost_ratio,0,multi_region,,,,43.19444444444445,50.0,0.2,1.2,51.833333333333336,259.1666666666667,True,True,['data/converted_multi_region_aligned_h100_16_merged'],5,834.4776305023948,0
Progressive_4,"['asia-southeast1-c_h100_16', 'asia-south2-b_h100_16', 'us-west1-b_h100_16', 'europe-west3-c_h100_16']",4,rc_cr_threshold,0,single_region,,asia-southeast1-c_h100_16,,43.19444444444445,50.0,0.2,1.2,51.833333333333336,259.1666666666667,True,True,['data/converted_multi_region_aligned_h100_16_merged'],5,837.6527039999982,-1
Progressive_4,"['asia-southeast1-c_h100_16', 'asia-south2-b_h100_16', 'us-west1-b_h100_16', 'europe-west3-c_h100_16']",4,rc_cr_threshold,0,single_region,,asia-south2-b_h100_16,,43.19444444444445,50.0,0.2,1.2,51.833333333333336,259.1666666666667,True,True,['data/converted_multi_region_aligned_h100_16_merged'],5,3041.090036256015,-1
Progressive_4,"['asia-southeast1-c_h100_16', 'asia-south2-b_h100_16', 'us-west1-b_h100_16', 'europe-west3-c_h100_16']",4,rc_cr_threshold,0,single_region,,us-west1-b_h100_16,,43.19444444444445,50.0,0.2,1.2,51.833333333333336,259.1666666666667,True,True,['data/converted_multi_region_aligned_h100_16_merged'],5,2020.9932372933315,-1
Progressive_4,"['asia-southeast1-c_h100_16', 'asia-south2-b_h100_16', 'us-west1-b_h100_16', 'europe-west3-c_h100_16']",4,rc_cr_threshold,0,single_region,,europe-west3-c_h100_16,,43.19444444444445,50.0,0.2,1.2,51.833333333333336,259.1666666666667,True,True,['data/converted_multi_region_aligned_h100_16_merged'],5,762.5208959999959,0
Progressive_5,"['asia-southeast1-c_h100_16', 'asia-south2-b_h100_16', 'us-west1-b_h100_16', 'europe-west3-c_h100_16', 'us-west1-a_h100_16']",5,unified_cost_model_risk,0,multi_region,,,,43.19444444444445,50.0,0.2,1.2,51.833333333333336,0.0,True,True,['data/converted_multi_region_aligned_h100_16_merged'],0,839.3191664629321,3
Progressive_5,"['asia-southeast1-c_h100_16', 'asia-south2-b_h100_16', 'us-west1-b_h100_16', 'europe-west3-c_h100_16', 'us-west1-a_h100_16']",5,multi_region_oracle_dp,0,multi_region,,,,43.19444444444445,50.0,0.2,1.2,51.833333333333336,0.0,True,True,['data/converted_multi_region_aligned_h100_16_merged'],0,822.7426880000006,1
Progressive_5,"['asia-southeast1-c_h100_16', 'asia-south2-b_h100_16', 'us-west1-b_h100_16', 'europe-west3-c_h100_16', 'us-west1-a_h100_16']",5,unified_cost_model_oracle,0,multi_region,,,,43.19444444444445,50.0,0.2,1.2,51.833333333333336,0.0,True,True,['data/converted_multi_region_aligned_h100_16_merged'],0,834.4433066666649,0
Progressive_5,"['asia-southeast1-c_h100_16', 'asia-south2-b_h100_16', 'us-west1-b_h100_16', 'europe-west3-c_h100_16', 'us-west1-a_h100_16']",5,multi_region_rc_cr_threshold_eager_failover,0,multi_region,,,,43.19444444444445,50.0,0.2,1.2,51.833333333333336,0.0,True,True,['data/converted_multi_region_aligned_h100_16_merged'],0,834.7304959999982,2
Progressive_5,"['asia-southeast1-c_h100_16', 'asia-south2-b_h100_16', 'us-west1-b_h100_16', 'europe-west3-c_h100_16', 'us-west1-a_h100_16']",5,multi_region_availability_probe_simple,0,multi_region,,,,43.19444444444445,50.0,0.2,1.2,51.833333333333336,0.0,True,True,['data/converted_multi_region_aligned_h100_16_merged'],0,871.7082477845306,0
Progressive_5,"['asia-southeast1-c_h100_16', 'asia-south2-b_h100_16', 'us-west1-b_h100_16', 'europe-west3-c_h100_16', 'us-west1-a_h100_16']",5,multi_region_probe_cost_ratio,0,multi_region,,,,43.19444444444445,50.0,0.2,1.2,51.833333333333336,0.0,True,True,['data/converted_multi_region_aligned_h100_16_merged'],0,910.0133201023972,3
Progressive_5,"['asia-southeast1-c_h100_16', 'asia-south2-b_h100_16', 'us-west1-b_h100_16', 'europe-west3-c_h100_16', 'us-west1-a_h100_16']",5,rc_cr_threshold,0,single_region,,asia-southeast1-c_h100_16,,43.19444444444445,50.0,0.2,1.2,51.833333333333336,0.0,True,True,['data/converted_multi_region_aligned_h100_16_merged'],0,837.6527039999982,-1
Progressive_5,"['asia-southeast1-c_h100_16', 'asia-south2-b_h100_16', 'us-west1-b_h100_16', 'europe-west3-c_h100_16', 'us-west1-a_h100_16']",5,rc_cr_threshold,0,single_region,,asia-south2-b_h100_16,,43.19444444444445,50.0,0.2,1.2,51.833333333333336,0.0,True,True,['data/converted_multi_region_aligned_h100_16_merged'],0,3041.090036256015,-1
Progressive_5,"['asia-southeast1-c_h100_16', 'asia-south2-b_h100_16', 'us-west1-b_h100_16', 'europe-west3-c_h100_16', 'us-west1-a_h100_16']",5,rc_cr_threshold,0,single_region,,us-west1-b_h100_16,,43.19444444444445,50.0,0.2,1.2,51.833333333333336,0.0,True,True,['data/converted_multi_region_aligned_h100_16_merged'],0,3437.993616413327,-1
Progressive_5,"['asia-southeast1-c_h100_16', 'asia-south2-b_h100_16', 'us-west1-b_h100_16', 'europe-west3-c_h100_16', 'us-west1-a_h100_16']",5,rc_cr_threshold,0,single_region,,europe-west3-c_h100_16,,43.19444444444445,50.0,0.2,1.2,51.833333333333336,0.0,True,True,['data/converted_multi_region_aligned_h100_16_merged'],0,3778.9989031679966,-1
Progressive_5,"['asia-southeast1-c_h100_16', 'asia-south2-b_h100_16', 'us-west1-b_h100_16', 'europe-west3-c_h100_16', 'us-west1-a_h100_16']",5,rc_cr_threshold,0,single_region,,us-west1-a_h100_16,,43.19444444444445,50.0,0.2,1.2,51.833333333333336,0.0,True,True,['data/converted_multi_region_aligned_h100_16_merged'],0,1014.0229918933371,0
Progressive_5,"['asia-southeast1-c_h100_16', 'asia-south2-b_h100_16', 'us-west1-b_h100_16', 'europe-west3-c_h100_16', 'us-west1-a_h100_16']",5,unified_cost_model_risk,0,multi_region,,,,43.19444444444445,50.0,0.2,1.2,51.833333333333336,51.833333333333336,True,True,['data/converted_multi_region_aligned_h100_16_merged'],1,1917.946889099737,19
Progressive_5,"['asia-southeast1-c_h100_16', 'asia-south2-b_h100_16', 'us-west1-b_h100_16', 'europe-west3-c_h100_16', 'us-west1-a_h100_16']",5,multi_region_oracle_dp,0,multi_region,,,,43.19444444444445,50.0,0.2,1.2,51.833333333333336,51.833333333333336,True,True,['data/converted_multi_region_aligned_h100_16_merged'],1,1674.7640971200037,3
Progressive_5,"['asia-southeast1-c_h100_16', 'asia-south2-b_h100_16', 'us-west1-b_h100_16', 'europe-west3-c_h100_16', 'us-west1-a_h100_16']",5,unified_cost_model_oracle,0,multi_region,,,,43.19444444444445,50.0,0.2,1.2,51.833333333333336,51.833333333333336,True,True,['data/converted_multi_region_aligned_h100_16_merged'],1,1748.1834809706706,19
Progressive_5,"['asia-southeast1-c_h100_16', 'asia-south2-b_h100_16', 'us-west1-b_h100_16', 'europe-west3-c_h100_16', 'us-west1-a_h100_16']",5,multi_region_rc_cr_threshold_eager_failover,0,multi_region,,,,43.19444444444445,50.0,0.2,1.2,51.833333333333336,51.833333333333336,True,True,['data/converted_multi_region_aligned_h100_16_merged'],1,2612.670548789345,2
Progressive_5,"['asia-southeast1-c_h100_16', 'asia-south2-b_h100_16', 'us-west1-b_h100_16', 'europe-west3-c_h100_16', 'us-west1-a_h100_16']",5,multi_region_availability_probe_simple,0,multi_region,,,,43.19444444444445,50.0,0.2,1.2,51.833333333333336,51.833333333333336,True,True,['data/converted_multi_region_aligned_h100_16_merged'],1,2623.007061008012,1
Progressive_5,"['asia-southeast1-c_h100_16', 'asia-south2-b_h100_16', 'us-west1-b_h100_16', 'europe-west3-c_h100_16', 'us-west1-a_h100_16']",5,multi_region_probe_cost_ratio,0,multi_region,,,,43.19444444444445,50.0,0.2,1.2,51.833333333333336,51.833333333333336,True,True,['data/converted_multi_region_aligned_h100_16_merged'],1,2931.425809446403,14
Progressive_5,"['asia-southeast1-c_h100_16', 'asia-south2-b_h100_16', 'us-west1-b_h100_16', 'europe-west3-c_h100_16', 'us-west1-a_h100_16']",5,rc_cr_threshold,0,single_region,,asia-southeast1-c_h100_16,,43.19444444444445,50.0,0.2,1.2,51.833333333333336,51.833333333333336,True,True,['data/converted_multi_region_aligned_h100_16_merged'],1,2447.4830988480044,-1
Progressive_5,"['asia-southeast1-c_h100_16', 'asia-south2-b_h100_16', 'us-west1-b_h100_16', 'europe-west3-c_h100_16', 'us-west1-a_h100_16']",5,rc_cr_threshold,0,single_region,,asia-south2-b_h100_16,,43.19444444444445,50.0,0.2,1.2,51.833333333333336,51.833333333333336,True,True,['data/converted_multi_region_aligned_h100_16_merged'],1,3041.090036256015,-1
Progressive_5,"['asia-southeast1-c_h100_16', 'asia-south2-b_h100_16', 'us-west1-b_h100_16', 'europe-west3-c_h100_16', 'us-west1-a_h100_16']",5,rc_cr_threshold,0,single_region,,us-west1-b_h100_16,,43.19444444444445,50.0,0.2,1.2,51.833333333333336,51.833333333333336,True,True,['data/converted_multi_region_aligned_h100_16_merged'],1,3599.345881259991,-1
Progressive_5,"['asia-southeast1-c_h100_16', 'asia-south2-b_h100_16', 'us-west1-b_h100_16', 'europe-west3-c_h100_16', 'us-west1-a_h100_16']",5,rc_cr_threshold,0,single_region,,europe-west3-c_h100_16,,43.19444444444445,50.0,0.2,1.2,51.833333333333336,51.833333333333336,True,True,['data/converted_multi_region_aligned_h100_16_merged'],1,3739.073504063997,-1
Progressive_5,"['asia-southeast1-c_h100_16', 'asia-south2-b_h100_16', 'us-west1-b_h100_16', 'europe-west3-c_h100_16', 'us-west1-a_h100_16']",5,rc_cr_threshold,0,single_region,,us-west1-a_h100_16,,43.19444444444445,50.0,0.2,1.2,51.833333333333336,51.833333333333336,True,True,['data/converted_multi_region_aligned_h100_16_merged'],1,3595.081146266658,0
Progressive_5,"['asia-southeast1-c_h100_16', 'asia-south2-b_h100_16', 'us-west1-b_h100_16', 'europe-west3-c_h100_16', 'us-west1-a_h100_16']",5,unified_cost_model_risk,0,multi_region,,,,43.19444444444445,50.0,0.2,1.2,51.833333333333336,103.66666666666667,True,True,['data/converted_multi_region_aligned_h100_16_merged'],2,2879.100493029346,8
Progressive_5,"['asia-southeast1-c_h100_16', 'asia-south2-b_h100_16', 'us-west1-b_h100_16', 'europe-west3-c_h100_16', 'us-west1-a_h100_16']",5,multi_region_oracle_dp,0,multi_region,,,,43.19444444444445,50.0,0.2,1.2,51.833333333333336,103.66666666666667,True,True,['data/converted_multi_region_aligned_h100_16_merged'],2,2229.840001248008,5
Progressive_5,"['asia-southeast1-c_h100_16', 'asia-south2-b_h100_16', 'us-west1-b_h100_16', 'europe-west3-c_h100_16', 'us-west1-a_h100_16']",5,unified_cost_model_oracle,0,multi_region,,,,43.19444444444445,50.0,0.2,1.2,51.833333333333336,103.66666666666667,True,True,['data/converted_multi_region_aligned_h100_16_merged'],2,2388.0046525760126,6
Progressive_5,"['asia-southeast1-c_h100_16', 'asia-south2-b_h100_16', 'us-west1-b_h100_16', 'europe-west3-c_h100_16', 'us-west1-a_h100_16']",5,multi_region_rc_cr_threshold_eager_failover,0,multi_region,,,,43.19444444444445,50.0,0.2,1.2,51.833333333333336,103.66666666666667,True,True,['data/converted_multi_region_aligned_h100_16_merged'],2,3029.4383502933483,0
Progressive_5,"['asia-southeast1-c_h100_16', 'asia-south2-b_h100_16', 'us-west1-b_h100_16', 'europe-west3-c_h100_16', 'us-west1-a_h100_16']",5,multi_region_availability_probe_simple,0,multi_region,,,,43.19444444444445,50.0,0.2,1.2,51.833333333333336,103.66666666666667,True,True,['data/converted_multi_region_aligned_h100_16_merged'],2,3031.9781305600154,0
Progressive_5,"['asia-southeast1-c_h100_16', 'asia-south2-b_h100_16', 'us-west1-b_h100_16', 'europe-west3-c_h100_16', 'us-west1-a_h100_16']",5,multi_region_probe_cost_ratio,0,multi_region,,,,43.19444444444445,50.0,0.2,1.2,51.833333333333336,103.66666666666667,True,True,['data/converted_multi_region_aligned_h100_16_merged'],2,2967.7718749386822,4
Progressive_5,"['asia-southeast1-c_h100_16', 'asia-south2-b_h100_16', 'us-west1-b_h100_16', 'europe-west3-c_h100_16', 'us-west1-a_h100_16']",5,rc_cr_threshold,0,single_region,,asia-southeast1-c_h100_16,,43.19444444444445,50.0,0.2,1.2,51.833333333333336,103.66666666666667,True,True,['data/converted_multi_region_aligned_h100_16_merged'],2,4350.9155566933205,-1
Progressive_5,"['asia-southeast1-c_h100_16', 'asia-south2-b_h100_16', 'us-west1-b_h100_16', 'europe-west3-c_h100_16', 'us-west1-a_h100_16']",5,rc_cr_threshold,0,single_region,,asia-south2-b_h100_16,,43.19444444444445,50.0,0.2,1.2,51.833333333333336,103.66666666666667,True,True,['data/converted_multi_region_aligned_h100_16_merged'],2,3041.090036256015,-1
Progressive_5,"['asia-southeast1-c_h100_16', 'asia-south2-b_h100_16', 'us-west1-b_h100_16', 'europe-west3-c_h100_16', 'us-west1-a_h100_16']",5,rc_cr_threshold,0,single_region,,us-west1-b_h100_16,,43.19444444444445,50.0,0.2,1.2,51.833333333333336,103.66666666666667,True,True,['data/converted_multi_region_aligned_h100_16_merged'],2,3608.835385259991,-1
Progressive_5,"['asia-southeast1-c_h100_16', 'asia-south2-b_h100_16', 'us-west1-b_h100_16', 'europe-west3-c_h100_16', 'us-west1-a_h100_16']",5,rc_cr_threshold,0,single_region,,europe-west3-c_h100_16,,43.19444444444445,50.0,0.2,1.2,51.833333333333336,103.66666666666667,True,True,['data/converted_multi_region_aligned_h100_16_merged'],2,4236.030618047997,-1
Progressive_5,"['asia-southeast1-c_h100_16', 'asia-south2-b_h100_16', 'us-west1-b_h100_16', 'europe-west3-c_h100_16', 'us-west1-a_h100_16']",5,rc_cr_threshold,0,single_region,,us-west1-a_h100_16,,43.19444444444445,50.0,0.2,1.2,51.833333333333336,103.66666666666667,True,True,['data/converted_multi_region_aligned_h100_16_merged'],2,2912.9878676999974,0
Progressive_5,"['asia-southeast1-c_h100_16', 'asia-south2-b_h100_16', 'us-west1-b_h100_16', 'europe-west3-c_h100_16', 'us-west1-a_h100_16']",5,unified_cost_model_risk,0,multi_region,,,,43.19444444444445,50.0,0.2,1.2,51.833333333333336,155.5,True,True,['data/converted_multi_region_aligned_h100_16_merged'],3,827.6526405962701,0
Progressive_5,"['asia-southeast1-c_h100_16', 'asia-south2-b_h100_16', 'us-west1-b_h100_16', 'europe-west3-c_h100_16', 'us-west1-a_h100_16']",5,multi_region_oracle_dp,0,multi_region,,,,43.19444444444445,50.0,0.2,1.2,51.833333333333336,155.5,True,True,['data/converted_multi_region_aligned_h100_16_merged'],3,809.6945599999955,1
Progressive_5,"['asia-southeast1-c_h100_16', 'asia-south2-b_h100_16', 'us-west1-b_h100_16', 'europe-west3-c_h100_16', 'us-west1-a_h100_16']",5,unified_cost_model_oracle,0,multi_region,,,,43.19444444444445,50.0,0.2,1.2,51.833333333333336,155.5,True,True,['data/converted_multi_region_aligned_h100_16_merged'],3,839.23853396267,2
Progressive_5,"['asia-southeast1-c_h100_16', 'asia-south2-b_h100_16', 'us-west1-b_h100_16', 'europe-west3-c_h100_16', 'us-west1-a_h100_16']",5,multi_region_rc_cr_threshold_eager_failover,0,multi_region,,,,43.19444444444445,50.0,0.2,1.2,51.833333333333336,155.5,True,True,['data/converted_multi_region_aligned_h100_16_merged'],3,1599.04198260267,1
Progressive_5,"['asia-southeast1-c_h100_16', 'asia-south2-b_h100_16', 'us-west1-b_h100_16', 'europe-west3-c_h100_16', 'us-west1-a_h100_16']",5,multi_region_availability_probe_simple,0,multi_region,,,,43.19444444444445,50.0,0.2,1.2,51.833333333333336,155.5,True,True,['data/converted_multi_region_aligned_h100_16_merged'],3,3037.8339246933488,0
Progressive_5,"['asia-southeast1-c_h100_16', 'asia-south2-b_h100_16', 'us-west1-b_h100_16', 'europe-west3-c_h100_16', 'us-west1-a_h100_16']",5,multi_region_probe_cost_ratio,0,multi_region,,,,43.19444444444445,50.0,0.2,1.2,51.833333333333336,155.5,True,True,['data/converted_multi_region_aligned_h100_16_merged'],3,894.5961025984034,2
Progressive_5,"['asia-southeast1-c_h100_16', 'asia-south2-b_h100_16', 'us-west1-b_h100_16', 'europe-west3-c_h100_16', 'us-west1-a_h100_16']",5,rc_cr_threshold,0,single_region,,asia-southeast1-c_h100_16,,43.19444444444445,50.0,0.2,1.2,51.833333333333336,155.5,True,True,['data/converted_multi_region_aligned_h100_16_merged'],3,4654.835836703985,-1
Progressive_5,"['asia-southeast1-c_h100_16', 'asia-south2-b_h100_16', 'us-west1-b_h100_16', 'europe-west3-c_h100_16', 'us-west1-a_h100_16']",5,rc_cr_threshold,0,single_region,,asia-south2-b_h100_16,,43.19444444444445,50.0,0.2,1.2,51.833333333333336,155.5,True,True,['data/converted_multi_region_aligned_h100_16_merged'],3,3041.090036256015,-1
Progressive_5,"['asia-southeast1-c_h100_16', 'asia-south2-b_h100_16', 'us-west1-b_h100_16', 'europe-west3-c_h100_16', 'us-west1-a_h100_16']",5,rc_cr_threshold,0,single_region,,us-west1-b_h100_16,,43.19444444444445,50.0,0.2,1.2,51.833333333333336,155.5,True,True,['data/converted_multi_region_aligned_h100_16_merged'],3,3606.7737842533243,-1
Progressive_5,"['asia-southeast1-c_h100_16', 'asia-south2-b_h100_16', 'us-west1-b_h100_16', 'europe-west3-c_h100_16', 'us-west1-a_h100_16']",5,rc_cr_threshold,0,single_region,,europe-west3-c_h100_16,,43.19444444444445,50.0,0.2,1.2,51.833333333333336,155.5,True,True,['data/converted_multi_region_aligned_h100_16_merged'],3,2879.8662621439803,-1
Progressive_5,"['asia-southeast1-c_h100_16', 'asia-south2-b_h100_16', 'us-west1-b_h100_16', 'europe-west3-c_h100_16', 'us-west1-a_h100_16']",5,rc_cr_threshold,0,single_region,,us-west1-a_h100_16,,43.19444444444445,50.0,0.2,1.2,51.833333333333336,155.5,True,True,['data/converted_multi_region_aligned_h100_16_merged'],3,828.7500160000034,0
Progressive_5,"['asia-southeast1-c_h100_16', 'asia-south2-b_h100_16', 'us-west1-b_h100_16', 'europe-west3-c_h100_16', 'us-west1-a_h100_16']",5,unified_cost_model_risk,0,multi_region,,,,43.19444444444445,50.0,0.2,1.2,51.833333333333336,207.33333333333334,True,True,['data/converted_multi_region_aligned_h100_16_merged'],4,845.9536028885369,2
Progressive_5,"['asia-southeast1-c_h100_16', 'asia-south2-b_h100_16', 'us-west1-b_h100_16', 'europe-west3-c_h100_16', 'us-west1-a_h100_16']",5,multi_region_oracle_dp,0,multi_region,,,,43.19444444444445,50.0,0.2,1.2,51.833333333333336,207.33333333333334,True,True,['data/converted_multi_region_aligned_h100_16_merged'],4,794.9550079999949,1
Progressive_5,"['asia-southeast1-c_h100_16', 'asia-south2-b_h100_16', 'us-west1-b_h100_16', 'europe-west3-c_h100_16', 'us-west1-a_h100_16']",5,unified_cost_model_oracle,0,multi_region,,,,43.19444444444445,50.0,0.2,1.2,51.833333333333336,207.33333333333334,True,True,['data/converted_multi_region_aligned_h100_16_merged'],4,868.8672558506704,3
Progressive_5,"['asia-southeast1-c_h100_16', 'asia-south2-b_h100_16', 'us-west1-b_h100_16', 'europe-west3-c_h100_16', 'us-west1-a_h100_16']",5,multi_region_rc_cr_threshold_eager_failover,0,multi_region,,,,43.19444444444445,50.0,0.2,1.2,51.833333333333336,207.33333333333334,True,True,['data/converted_multi_region_aligned_h100_16_merged'],4,3025.1130003306816,1
Progressive_5,"['asia-southeast1-c_h100_16', 'asia-south2-b_h100_16', 'us-west1-b_h100_16', 'europe-west3-c_h100_16', 'us-west1-a_h100_16']",5,multi_region_availability_probe_simple,0,multi_region,,,,43.19444444444445,50.0,0.2,1.2,51.833333333333336,207.33333333333334,True,True,['data/converted_multi_region_aligned_h100_16_merged'],4,3041.100563626682,0
Progressive_5,"['asia-southeast1-c_h100_16', 'asia-south2-b_h100_16', 'us-west1-b_h100_16', 'europe-west3-c_h100_16', 'us-west1-a_h100_16']",5,multi_region_probe_cost_ratio,0,multi_region,,,,43.19444444444445,50.0,0.2,1.2,51.833333333333336,207.33333333333334,True,True,['data/converted_multi_region_aligned_h100_16_merged'],4,917.7050301610705,4
Progressive_5,"['asia-southeast1-c_h100_16', 'asia-south2-b_h100_16', 'us-west1-b_h100_16', 'europe-west3-c_h100_16', 'us-west1-a_h100_16']",5,rc_cr_threshold,0,single_region,,asia-southeast1-c_h100_16,,43.19444444444445,50.0,0.2,1.2,51.833333333333336,207.33333333333334,True,True,['data/converted_multi_region_aligned_h100_16_merged'],4,4409.416447615982,-1
Progressive_5,"['asia-southeast1-c_h100_16', 'asia-south2-b_h100_16', 'us-west1-b_h100_16', 'europe-west3-c_h100_16', 'us-west1-a_h100_16']",5,rc_cr_threshold,0,single_region,,asia-south2-b_h100_16,,43.19444444444445,50.0,0.2,1.2,51.833333333333336,207.33333333333334,True,True,['data/converted_multi_region_aligned_h100_16_merged'],4,3041.090036256015,-1
Progressive_5,"['asia-southeast1-c_h100_16', 'asia-south2-b_h100_16', 'us-west1-b_h100_16', 'europe-west3-c_h100_16', 'us-west1-a_h100_16']",5,rc_cr_threshold,0,single_region,,us-west1-b_h100_16,,43.19444444444445,50.0,0.2,1.2,51.833333333333336,207.33333333333334,True,True,['data/converted_multi_region_aligned_h100_16_merged'],4,3033.7543836199966,-1
Progressive_5,"['asia-southeast1-c_h100_16', 'asia-south2-b_h100_16', 'us-west1-b_h100_16', 'europe-west3-c_h100_16', 'us-west1-a_h100_16']",5,rc_cr_threshold,0,single_region,,europe-west3-c_h100_16,,43.19444444444445,50.0,0.2,1.2,51.833333333333336,207.33333333333334,True,True,['data/converted_multi_region_aligned_h100_16_merged'],4,2354.6698930559846,-1
Progressive_5,"['asia-southeast1-c_h100_16', 'asia-south2-b_h100_16', 'us-west1-b_h100_16', 'europe-west3-c_h100_16', 'us-west1-a_h100_16']",5,rc_cr_threshold,0,single_region,,us-west1-a_h100_16,,43.19444444444445,50.0,0.2,1.2,51.833333333333336,207.33333333333334,True,True,['data/converted_multi_region_aligned_h100_16_merged'],4,1099.8531268333402,0
Progressive_5,"['asia-southeast1-c_h100_16', 'asia-south2-b_h100_16', 'us-west1-b_h100_16', 'europe-west3-c_h100_16', 'us-west1-a_h100_16']",5,unified_cost_model_risk,0,multi_region,,,,43.19444444444445,50.0,0.2,1.2,51.833333333333336,259.1666666666667,True,True,['data/converted_multi_region_aligned_h100_16_merged'],5,761.7181019295958,0
Progressive_5,"['asia-southeast1-c_h100_16', 'asia-south2-b_h100_16', 'us-west1-b_h100_16', 'europe-west3-c_h100_16', 'us-west1-a_h100_16']",5,multi_region_oracle_dp,0,multi_region,,,,43.19444444444445,50.0,0.2,1.2,51.833333333333336,259.1666666666667,True,True,['data/converted_multi_region_aligned_h100_16_merged'],5,759.599359999996,0
Progressive_5,"['asia-southeast1-c_h100_16', 'asia-south2-b_h100_16', 'us-west1-b_h100_16', 'europe-west3-c_h100_16', 'us-west1-a_h100_16']",5,unified_cost_model_oracle,0,multi_region,,,,43.19444444444445,50.0,0.2,1.2,51.833333333333336,259.1666666666667,True,True,['data/converted_multi_region_aligned_h100_16_merged'],5,759.599359999996,0
Progressive_5,"['asia-southeast1-c_h100_16', 'asia-south2-b_h100_16', 'us-west1-b_h100_16', 'europe-west3-c_h100_16', 'us-west1-a_h100_16']",5,multi_region_rc_cr_threshold_eager_failover,0,multi_region,,,,43.19444444444445,50.0,0.2,1.2,51.833333333333336,259.1666666666667,True,True,['data/converted_multi_region_aligned_h100_16_merged'],5,759.599359999996,0
Progressive_5,"['asia-southeast1-c_h100_16', 'asia-south2-b_h100_16', 'us-west1-b_h100_16', 'europe-west3-c_h100_16', 'us-west1-a_h100_16']",5,multi_region_availability_probe_simple,0,multi_region,,,,43.19444444444445,50.0,0.2,1.2,51.833333333333336,259.1666666666667,True,True,['data/converted_multi_region_aligned_h100_16_merged'],5,878.8407501845306,0
Progressive_5,"['asia-southeast1-c_h100_16', 'asia-south2-b_h100_16', 'us-west1-b_h100_16', 'europe-west3-c_h100_16', 'us-west1-a_h100_16']",5,multi_region_probe_cost_ratio,0,multi_region,,,,43.19444444444445,50.0,0.2,1.2,51.833333333333336,259.1666666666667,True,True,['data/converted_multi_region_aligned_h100_16_merged'],5,844.9160849023943,0
Progressive_5,"['asia-southeast1-c_h100_16', 'asia-south2-b_h100_16', 'us-west1-b_h100_16', 'europe-west3-c_h100_16', 'us-west1-a_h100_16']",5,rc_cr_threshold,0,single_region,,asia-southeast1-c_h100_16,,43.19444444444445,50.0,0.2,1.2,51.833333333333336,259.1666666666667,True,True,['data/converted_multi_region_aligned_h100_16_merged'],5,837.6527039999982,-1
Progressive_5,"['asia-southeast1-c_h100_16', 'asia-south2-b_h100_16', 'us-west1-b_h100_16', 'europe-west3-c_h100_16', 'us-west1-a_h100_16']",5,rc_cr_threshold,0,single_region,,asia-south2-b_h100_16,,43.19444444444445,50.0,0.2,1.2,51.833333333333336,259.1666666666667,True,True,['data/converted_multi_region_aligned_h100_16_merged'],5,3041.090036256015,-1
Progressive_5,"['asia-southeast1-c_h100_16', 'asia-south2-b_h100_16', 'us-west1-b_h100_16', 'europe-west3-c_h100_16', 'us-west1-a_h100_16']",5,rc_cr_threshold,0,single_region,,us-west1-b_h100_16,,43.19444444444445,50.0,0.2,1.2,51.833333333333336,259.1666666666667,True,True,['data/converted_multi_region_aligned_h100_16_merged'],5,2020.9932372933315,-1
Progressive_5,"['asia-southeast1-c_h100_16', 'asia-south2-b_h100_16', 'us-west1-b_h100_16', 'europe-west3-c_h100_16', 'us-west1-a_h100_16']",5,rc_cr_threshold,0,single_region,,europe-west3-c_h100_16,,43.19444444444445,50.0,0.2,1.2,51.833333333333336,259.1666666666667,True,True,['data/converted_multi_region_aligned_h100_16_merged'],5,762.5208959999959,-1
Progressive_5,"['asia-southeast1-c_h100_16', 'asia-south2-b_h100_16', 'us-west1-b_h100_16', 'europe-west3-c_h100_16', 'us-west1-a_h100_16']",5,rc_cr_threshold,0,single_region,,us-west1-a_h100_16,,43.19444444444445,50.0,0.2,1.2,51.833333333333336,259.1666666666667,True,True,['data/converted_multi_region_aligned_h100_16_merged'],5,2356.744341079999,0
Progressive_6,"['asia-southeast1-c_h100_16', 'asia-south2-b_h100_16', 'us-west1-b_h100_16', 'europe-west3-c_h100_16', 'us-west1-a_h100_16', 'us-east4-a_h100_16']",6,unified_cost_model_risk,0,multi_region,,,,43.19444444444445,50.0,0.2,1.2,51.833333333333336,0.0,True,True,['data/converted_multi_region_aligned_h100_16_merged'],0,651.0111088629358,0
Progressive_6,"['asia-southeast1-c_h100_16', 'asia-south2-b_h100_16', 'us-west1-b_h100_16', 'europe-west3-c_h100_16', 'us-west1-a_h100_16', 'us-east4-a_h100_16']",6,multi_region_oracle_dp,0,multi_region,,,,43.19444444444445,50.0,0.2,1.2,51.833333333333336,0.0,True,True,['data/converted_multi_region_aligned_h100_16_merged'],0,646.1246400000023,0
Progressive_6,"['asia-southeast1-c_h100_16', 'asia-south2-b_h100_16', 'us-west1-b_h100_16', 'europe-west3-c_h100_16', 'us-west1-a_h100_16', 'us-east4-a_h100_16']",6,unified_cost_model_oracle,0,multi_region,,,,43.19444444444445,50.0,0.2,1.2,51.833333333333336,0.0,True,True,['data/converted_multi_region_aligned_h100_16_merged'],0,654.7257813333357,2
Progressive_6,"['asia-southeast1-c_h100_16', 'asia-south2-b_h100_16', 'us-west1-b_h100_16', 'europe-west3-c_h100_16', 'us-west1-a_h100_16', 'us-east4-a_h100_16']",6,multi_region_rc_cr_threshold_eager_failover,0,multi_region,,,,43.19444444444445,50.0,0.2,1.2,51.833333333333336,0.0,True,True,['data/converted_multi_region_aligned_h100_16_merged'],0,746.175872000002,2
Progressive_6,"['asia-southeast1-c_h100_16', 'asia-south2-b_h100_16', 'us-west1-b_h100_16', 'europe-west3-c_h100_16', 'us-west1-a_h100_16', 'us-east4-a_h100_16']",6,multi_region_availability_probe_simple,0,multi_region,,,,43.19444444444445,50.0,0.2,1.2,51.833333333333336,0.0,True,True,['data/converted_multi_region_aligned_h100_16_merged'],0,877.1545091178643,0
Progressive_6,"['asia-southeast1-c_h100_16', 'asia-south2-b_h100_16', 'us-west1-b_h100_16', 'europe-west3-c_h100_16', 'us-west1-a_h100_16', 'us-east4-a_h100_16']",6,multi_region_probe_cost_ratio,0,multi_region,,,,43.19444444444445,50.0,0.2,1.2,51.833333333333336,0.0,True,True,['data/converted_multi_region_aligned_h100_16_merged'],0,748.49624276907,2
Progressive_6,"['asia-southeast1-c_h100_16', 'asia-south2-b_h100_16', 'us-west1-b_h100_16', 'europe-west3-c_h100_16', 'us-west1-a_h100_16', 'us-east4-a_h100_16']",6,rc_cr_threshold,0,single_region,,asia-southeast1-c_h100_16,,43.19444444444445,50.0,0.2,1.2,51.833333333333336,0.0,True,True,['data/converted_multi_region_aligned_h100_16_merged'],0,837.6527039999982,-1
Progressive_6,"['asia-southeast1-c_h100_16', 'asia-south2-b_h100_16', 'us-west1-b_h100_16', 'europe-west3-c_h100_16', 'us-west1-a_h100_16', 'us-east4-a_h100_16']",6,rc_cr_threshold,0,single_region,,asia-south2-b_h100_16,,43.19444444444445,50.0,0.2,1.2,51.833333333333336,0.0,True,True,['data/converted_multi_region_aligned_h100_16_merged'],0,3041.090036256015,-1
Progressive_6,"['asia-southeast1-c_h100_16', 'asia-south2-b_h100_16', 'us-west1-b_h100_16', 'europe-west3-c_h100_16', 'us-west1-a_h100_16', 'us-east4-a_h100_16']",6,rc_cr_threshold,0,single_region,,us-west1-b_h100_16,,43.19444444444445,50.0,0.2,1.2,51.833333333333336,0.0,True,True,['data/converted_multi_region_aligned_h100_16_merged'],0,3437.993616413327,-1
Progressive_6,"['asia-southeast1-c_h100_16', 'asia-south2-b_h100_16', 'us-west1-b_h100_16', 'europe-west3-c_h100_16', 'us-west1-a_h100_16', 'us-east4-a_h100_16']",6,rc_cr_threshold,0,single_region,,europe-west3-c_h100_16,,43.19444444444445,50.0,0.2,1.2,51.833333333333336,0.0,True,True,['data/converted_multi_region_aligned_h100_16_merged'],0,3778.9989031679966,-1
Progressive_6,"['asia-southeast1-c_h100_16', 'asia-south2-b_h100_16', 'us-west1-b_h100_16', 'europe-west3-c_h100_16', 'us-west1-a_h100_16', 'us-east4-a_h100_16']",6,rc_cr_threshold,0,single_region,,us-west1-a_h100_16,,43.19444444444445,50.0,0.2,1.2,51.833333333333336,0.0,True,True,['data/converted_multi_region_aligned_h100_16_merged'],0,1014.0229918933371,-1
Progressive_6,"['asia-southeast1-c_h100_16', 'asia-south2-b_h100_16', 'us-west1-b_h100_16', 'europe-west3-c_h100_16', 'us-west1-a_h100_16', 'us-east4-a_h100_16']",6,rc_cr_threshold,0,single_region,,us-east4-a_h100_16,,43.19444444444445,50.0,0.2,1.2,51.833333333333336,0.0,True,True,['data/converted_multi_region_aligned_h100_16_merged'],0,651.075786666669,0
Progressive_6,"['asia-southeast1-c_h100_16', 'asia-south2-b_h100_16', 'us-west1-b_h100_16', 'europe-west3-c_h100_16', 'us-west1-a_h100_16', 'us-east4-a_h100_16']",6,unified_cost_model_risk,0,multi_region,,,,43.19444444444445,50.0,0.2,1.2,51.833333333333336,51.833333333333336,True,True,['data/converted_multi_region_aligned_h100_16_merged'],1,680.7407109962695,6
Progressive_6,"['asia-southeast1-c_h100_16', 'asia-south2-b_h100_16', 'us-west1-b_h100_16', 'europe-west3-c_h100_16', 'us-west1-a_h100_16', 'us-east4-a_h100_16']",6,multi_region_oracle_dp,0,multi_region,,,,43.19444444444445,50.0,0.2,1.2,51.833333333333336,51.833333333333336,True,True,['data/converted_multi_region_aligned_h100_16_merged'],1,648.6002133333357,0
Progressive_6,"['asia-southeast1-c_h100_16', 'asia-south2-b_h100_16', 'us-west1-b_h100_16', 'europe-west3-c_h100_16', 'us-west1-a_h100_16', 'us-east4-a_h100_16']",6,unified_cost_model_oracle,0,multi_region,,,,43.19444444444445,50.0,0.2,1.2,51.833333333333336,51.833333333333336,True,True,['data/converted_multi_region_aligned_h100_16_merged'],1,700.570556554669,5
Progressive_6,"['asia-southeast1-c_h100_16', 'asia-south2-b_h100_16', 'us-west1-b_h100_16', 'europe-west3-c_h100_16', 'us-west1-a_h100_16', 'us-east4-a_h100_16']",6,multi_region_rc_cr_threshold_eager_failover,0,multi_region,,,,43.19444444444445,50.0,0.2,1.2,51.833333333333336,51.833333333333336,True,True,['data/converted_multi_region_aligned_h100_16_merged'],1,942.7380502506677,4
Progressive_6,"['asia-southeast1-c_h100_16', 'asia-south2-b_h100_16', 'us-west1-b_h100_16', 'europe-west3-c_h100_16', 'us-west1-a_h100_16', 'us-east4-a_h100_16']",6,multi_region_availability_probe_simple,0,multi_region,,,,43.19444444444445,50.0,0.2,1.2,51.833333333333336,51.833333333333336,True,True,['data/converted_multi_region_aligned_h100_16_merged'],1,2628.774262074678,1
Progressive_6,"['asia-southeast1-c_h100_16', 'asia-south2-b_h100_16', 'us-west1-b_h100_16', 'europe-west3-c_h100_16', 'us-west1-a_h100_16', 'us-east4-a_h100_16']",6,multi_region_probe_cost_ratio,0,multi_region,,,,43.19444444444445,50.0,0.2,1.2,51.833333333333336,51.833333333333336,True,True,['data/converted_multi_region_aligned_h100_16_merged'],1,756.3527596320044,6
Progressive_6,"['asia-southeast1-c_h100_16', 'asia-south2-b_h100_16', 'us-west1-b_h100_16', 'europe-west3-c_h100_16', 'us-west1-a_h100_16', 'us-east4-a_h100_16']",6,rc_cr_threshold,0,single_region,,asia-southeast1-c_h100_16,,43.19444444444445,50.0,0.2,1.2,51.833333333333336,51.833333333333336,True,True,['data/converted_multi_region_aligned_h100_16_merged'],1,2447.4830988480044,-1
Progressive_6,"['asia-southeast1-c_h100_16', 'asia-south2-b_h100_16', 'us-west1-b_h100_16', 'europe-west3-c_h100_16', 'us-west1-a_h100_16', 'us-east4-a_h100_16']",6,rc_cr_threshold,0,single_region,,asia-south2-b_h100_16,,43.19444444444445,50.0,0.2,1.2,51.833333333333336,51.833333333333336,True,True,['data/converted_multi_region_aligned_h100_16_merged'],1,3041.090036256015,-1
Progressive_6,"['asia-southeast1-c_h100_16', 'asia-south2-b_h100_16', 'us-west1-b_h100_16', 'europe-west3-c_h100_16', 'us-west1-a_h100_16', 'us-east4-a_h100_16']",6,rc_cr_threshold,0,single_region,,us-west1-b_h100_16,,43.19444444444445,50.0,0.2,1.2,51.833333333333336,51.833333333333336,True,True,['data/converted_multi_region_aligned_h100_16_merged'],1,3599.345881259991,-1
Progressive_6,"['asia-southeast1-c_h100_16', 'asia-south2-b_h100_16', 'us-west1-b_h100_16', 'europe-west3-c_h100_16', 'us-west1-a_h100_16', 'us-east4-a_h100_16']",6,rc_cr_threshold,0,single_region,,europe-west3-c_h100_16,,43.19444444444445,50.0,0.2,1.2,51.833333333333336,51.833333333333336,True,True,['data/converted_multi_region_aligned_h100_16_merged'],1,3739.073504063997,-1
Progressive_6,"['asia-southeast1-c_h100_16', 'asia-south2-b_h100_16', 'us-west1-b_h100_16', 'europe-west3-c_h100_16', 'us-west1-a_h100_16', 'us-east4-a_h100_16']",6,rc_cr_threshold,0,single_region,,us-west1-a_h100_16,,43.19444444444445,50.0,0.2,1.2,51.833333333333336,51.833333333333336,True,True,['data/converted_multi_region_aligned_h100_16_merged'],1,3595.081146266658,-1
Progressive_6,"['asia-southeast1-c_h100_16', 'asia-south2-b_h100_16', 'us-west1-b_h100_16', 'europe-west3-c_h100_16', 'us-west1-a_h100_16', 'us-east4-a_h100_16']",6,rc_cr_threshold,0,single_region,,us-east4-a_h100_16,,43.19444444444445,50.0,0.2,1.2,51.833333333333336,51.833333333333336,True,True,['data/converted_multi_region_aligned_h100_16_merged'],1,660.9780800000026,0
Progressive_6,"['asia-southeast1-c_h100_16', 'asia-south2-b_h100_16', 'us-west1-b_h100_16', 'europe-west3-c_h100_16', 'us-west1-a_h100_16', 'us-east4-a_h100_16']",6,unified_cost_model_risk,0,multi_region,,,,43.19444444444445,50.0,0.2,1.2,51.833333333333336,103.66666666666667,True,True,['data/converted_multi_region_aligned_h100_16_merged'],2,650.7189552629358,0
Progressive_6,"['asia-southeast1-c_h100_16', 'asia-south2-b_h100_16', 'us-west1-b_h100_16', 'europe-west3-c_h100_16', 'us-west1-a_h100_16', 'us-east4-a_h100_16']",6,multi_region_oracle_dp,0,multi_region,,,,43.19444444444445,50.0,0.2,1.2,51.833333333333336,103.66666666666667,True,True,['data/converted_multi_region_aligned_h100_16_merged'],2,646.1246400000023,0
Progressive_6,"['asia-southeast1-c_h100_16', 'asia-south2-b_h100_16', 'us-west1-b_h100_16', 'europe-west3-c_h100_16', 'us-west1-a_h100_16', 'us-east4-a_h100_16']",6,unified_cost_model_oracle,0,multi_region,,,,43.19444444444445,50.0,0.2,1.2,51.833333333333336,103.66666666666667,True,True,['data/converted_multi_region_aligned_h100_16_merged'],2,678.1285512213358,2
Progressive_6,"['asia-southeast1-c_h100_16', 'asia-south2-b_h100_16', 'us-west1-b_h100_16', 'europe-west3-c_h100_16', 'us-west1-a_h100_16', 'us-east4-a_h100_16']",6,multi_region_rc_cr_threshold_eager_failover,0,multi_region,,,,43.19444444444445,50.0,0.2,1.2,51.833333333333336,103.66666666666667,True,True,['data/converted_multi_region_aligned_h100_16_merged'],2,1197.69139776,1
Progressive_6,"['asia-southeast1-c_h100_16', 'asia-south2-b_h100_16', 'us-west1-b_h100_16', 'europe-west3-c_h100_16', 'us-west1-a_h100_16', 'us-east4-a_h100_16']",6,multi_region_availability_probe_simple,0,multi_region,,,,43.19444444444445,50.0,0.2,1.2,51.833333333333336,103.66666666666667,True,True,['data/converted_multi_region_aligned_h100_16_merged'],2,3037.4243918933475,0
Progressive_6,"['asia-southeast1-c_h100_16', 'asia-south2-b_h100_16', 'us-west1-b_h100_16', 'europe-west3-c_h100_16', 'us-west1-a_h100_16', 'us-east4-a_h100_16']",6,multi_region_probe_cost_ratio,0,multi_region,,,,43.19444444444445,50.0,0.2,1.2,51.833333333333336,103.66666666666667,True,True,['data/converted_multi_region_aligned_h100_16_merged'],2,731.9296242944026,4
Progressive_6,"['asia-southeast1-c_h100_16', 'asia-south2-b_h100_16', 'us-west1-b_h100_16', 'europe-west3-c_h100_16', 'us-west1-a_h100_16', 'us-east4-a_h100_16']",6,rc_cr_threshold,0,single_region,,asia-southeast1-c_h100_16,,43.19444444444445,50.0,0.2,1.2,51.833333333333336,103.66666666666667,True,True,['data/converted_multi_region_aligned_h100_16_merged'],2,4350.9155566933205,-1
Progressive_6,"['asia-southeast1-c_h100_16', 'asia-south2-b_h100_16', 'us-west1-b_h100_16', 'europe-west3-c_h100_16', 'us-west1-a_h100_16', 'us-east4-a_h100_16']",6,rc_cr_threshold,0,single_region,,asia-south2-b_h100_16,,43.19444444444445,50.0,0.2,1.2,51.833333333333336,103.66666666666667,True,True,['data/converted_multi_region_aligned_h100_16_merged'],2,3041.090036256015,-1
Progressive_6,"['asia-southeast1-c_h100_16', 'asia-south2-b_h100_16', 'us-west1-b_h100_16', 'europe-west3-c_h100_16', 'us-west1-a_h100_16', 'us-east4-a_h100_16']",6,rc_cr_threshold,0,single_region,,us-west1-b_h100_16,,43.19444444444445,50.0,0.2,1.2,51.833333333333336,103.66666666666667,True,True,['data/converted_multi_region_aligned_h100_16_merged'],2,3608.835385259991,-1
Progressive_6,"['asia-southeast1-c_h100_16', 'asia-south2-b_h100_16', 'us-west1-b_h100_16', 'europe-west3-c_h100_16', 'us-west1-a_h100_16', 'us-east4-a_h100_16']",6,rc_cr_threshold,0,single_region,,europe-west3-c_h100_16,,43.19444444444445,50.0,0.2,1.2,51.833333333333336,103.66666666666667,True,True,['data/converted_multi_region_aligned_h100_16_merged'],2,4236.030618047997,-1
Progressive_6,"['asia-southeast1-c_h100_16', 'asia-south2-b_h100_16', 'us-west1-b_h100_16', 'europe-west3-c_h100_16', 'us-west1-a_h100_16', 'us-east4-a_h100_16']",6,rc_cr_threshold,0,single_region,,us-west1-a_h100_16,,43.19444444444445,50.0,0.2,1.2,51.833333333333336,103.66666666666667,True,True,['data/converted_multi_region_aligned_h100_16_merged'],2,2912.9878676999974,-1
Progressive_6,"['asia-southeast1-c_h100_16', 'asia-south2-b_h100_16', 'us-west1-b_h100_16', 'europe-west3-c_h100_16', 'us-west1-a_h100_16', 'us-east4-a_h100_16']",6,rc_cr_threshold,0,single_region,,us-east4-a_h100_16,,43.19444444444445,50.0,0.2,1.2,51.833333333333336,103.66666666666667,True,True,['data/converted_multi_region_aligned_h100_16_merged'],2,651.075786666669,0
Progressive_6,"['asia-southeast1-c_h100_16', 'asia-south2-b_h100_16', 'us-west1-b_h100_16', 'europe-west3-c_h100_16', 'us-west1-a_h100_16', 'us-east4-a_h100_16']",6,unified_cost_model_risk,0,multi_region,,,,43.19444444444445,50.0,0.2,1.2,51.833333333333336,155.5,True,True,['data/converted_multi_region_aligned_h100_16_merged'],3,783.0667803295966,9
Progressive_6,"['asia-southeast1-c_h100_16', 'asia-south2-b_h100_16', 'us-west1-b_h100_16', 'europe-west3-c_h100_16', 'us-west1-a_h100_16', 'us-east4-a_h100_16']",6,multi_region_oracle_dp,0,multi_region,,,,43.19444444444445,50.0,0.2,1.2,51.833333333333336,155.5,True,True,['data/converted_multi_region_aligned_h100_16_merged'],3,748.915850666661,2
Progressive_6,"['asia-southeast1-c_h100_16', 'asia-south2-b_h100_16', 'us-west1-b_h100_16', 'europe-west3-c_h100_16', 'us-west1-a_h100_16', 'us-east4-a_h100_16']",6,unified_cost_model_oracle,0,multi_region,,,,43.19444444444445,50.0,0.2,1.2,51.833333333333336,155.5,True,True,['data/converted_multi_region_aligned_h100_16_merged'],3,772.8300586666686,5
Progressive_6,"['asia-southeast1-c_h100_16', 'asia-south2-b_h100_16', 'us-west1-b_h100_16', 'europe-west3-c_h100_16', 'us-west1-a_h100_16', 'us-east4-a_h100_16']",6,multi_region_rc_cr_threshold_eager_failover,0,multi_region,,,,43.19444444444445,50.0,0.2,1.2,51.833333333333336,155.5,True,True,['data/converted_multi_region_aligned_h100_16_merged'],3,790.2195306666695,3
Progressive_6,"['asia-southeast1-c_h100_16', 'asia-south2-b_h100_16', 'us-west1-b_h100_16', 'europe-west3-c_h100_16', 'us-west1-a_h100_16', 'us-east4-a_h100_16']",6,multi_region_availability_probe_simple,0,multi_region,,,,43.19444444444445,50.0,0.2,1.2,51.833333333333336,155.5,True,True,['data/converted_multi_region_aligned_h100_16_merged'],3,3042.042399360015,0
Progressive_6,"['asia-southeast1-c_h100_16', 'asia-south2-b_h100_16', 'us-west1-b_h100_16', 'europe-west3-c_h100_16', 'us-west1-a_h100_16', 'us-east4-a_h100_16']",6,multi_region_probe_cost_ratio,0,multi_region,,,,43.19444444444445,50.0,0.2,1.2,51.833333333333336,155.5,True,True,['data/converted_multi_region_aligned_h100_16_merged'],3,851.7176684320033,5
Progressive_6,"['asia-southeast1-c_h100_16', 'asia-south2-b_h100_16', 'us-west1-b_h100_16', 'europe-west3-c_h100_16', 'us-west1-a_h100_16', 'us-east4-a_h100_16']",6,rc_cr_threshold,0,single_region,,asia-southeast1-c_h100_16,,43.19444444444445,50.0,0.2,1.2,51.833333333333336,155.5,True,True,['data/converted_multi_region_aligned_h100_16_merged'],3,4654.835836703985,-1
Progressive_6,"['asia-southeast1-c_h100_16', 'asia-south2-b_h100_16', 'us-west1-b_h100_16', 'europe-west3-c_h100_16', 'us-west1-a_h100_16', 'us-east4-a_h100_16']",6,rc_cr_threshold,0,single_region,,asia-south2-b_h100_16,,43.19444444444445,50.0,0.2,1.2,51.833333333333336,155.5,True,True,['data/converted_multi_region_aligned_h100_16_merged'],3,3041.090036256015,-1
Progressive_6,"['asia-southeast1-c_h100_16', 'asia-south2-b_h100_16', 'us-west1-b_h100_16', 'europe-west3-c_h100_16', 'us-west1-a_h100_16', 'us-east4-a_h100_16']",6,rc_cr_threshold,0,single_region,,us-west1-b_h100_16,,43.19444444444445,50.0,0.2,1.2,51.833333333333336,155.5,True,True,['data/converted_multi_region_aligned_h100_16_merged'],3,3606.7737842533243,-1
Progressive_6,"['asia-southeast1-c_h100_16', 'asia-south2-b_h100_16', 'us-west1-b_h100_16', 'europe-west3-c_h100_16', 'us-west1-a_h100_16', 'us-east4-a_h100_16']",6,rc_cr_threshold,0,single_region,,europe-west3-c_h100_16,,43.19444444444445,50.0,0.2,1.2,51.833333333333336,155.5,True,True,['data/converted_multi_region_aligned_h100_16_merged'],3,2879.8662621439803,-1
Progressive_6,"['asia-southeast1-c_h100_16', 'asia-south2-b_h100_16', 'us-west1-b_h100_16', 'europe-west3-c_h100_16', 'us-west1-a_h100_16', 'us-east4-a_h100_16']",6,rc_cr_threshold,0,single_region,,us-west1-a_h100_16,,43.19444444444445,50.0,0.2,1.2,51.833333333333336,155.5,True,True,['data/converted_multi_region_aligned_h100_16_merged'],3,828.7500160000034,-1
Progressive_6,"['asia-southeast1-c_h100_16', 'asia-south2-b_h100_16', 'us-west1-b_h100_16', 'europe-west3-c_h100_16', 'us-west1-a_h100_16', 'us-east4-a_h100_16']",6,rc_cr_threshold,0,single_region,,us-east4-a_h100_16,,43.19444444444445,50.0,0.2,1.2,51.833333333333336,155.5,True,True,['data/converted_multi_region_aligned_h100_16_merged'],3,2414.6673413333347,0
Progressive_6,"['asia-southeast1-c_h100_16', 'asia-south2-b_h100_16', 'us-west1-b_h100_16', 'europe-west3-c_h100_16', 'us-west1-a_h100_16', 'us-east4-a_h100_16']",6,unified_cost_model_risk,0,multi_region,,,,43.19444444444445,50.0,0.2,1.2,51.833333333333336,207.33333333333334,True,True,['data/converted_multi_region_aligned_h100_16_merged'],4,845.142287688537,2
Progressive_6,"['asia-southeast1-c_h100_16', 'asia-south2-b_h100_16', 'us-west1-b_h100_16', 'europe-west3-c_h100_16', 'us-west1-a_h100_16', 'us-east4-a_h100_16']",6,multi_region_oracle_dp,0,multi_region,,,,43.19444444444445,50.0,0.2,1.2,51.833333333333336,207.33333333333334,True,True,['data/converted_multi_region_aligned_h100_16_merged'],4,714.1886613333374,3
Progressive_6,"['asia-southeast1-c_h100_16', 'asia-south2-b_h100_16', 'us-west1-b_h100_16', 'europe-west3-c_h100_16', 'us-west1-a_h100_16', 'us-east4-a_h100_16']",6,unified_cost_model_oracle,0,multi_region,,,,43.19444444444445,50.0,0.2,1.2,51.833333333333336,207.33333333333334,True,True,['data/converted_multi_region_aligned_h100_16_merged'],4,783.1309298880049,4
Progressive_6,"['asia-southeast1-c_h100_16', 'asia-south2-b_h100_16', 'us-west1-b_h100_16', 'europe-west3-c_h100_16', 'us-west1-a_h100_16', 'us-east4-a_h100_16']",6,multi_region_rc_cr_threshold_eager_failover,0,multi_region,,,,43.19444444444445,50.0,0.2,1.2,51.833333333333336,207.33333333333334,True,True,['data/converted_multi_region_aligned_h100_16_merged'],4,3023.7378109973483,1
Progressive_6,"['asia-southeast1-c_h100_16', 'asia-south2-b_h100_16', 'us-west1-b_h100_16', 'europe-west3-c_h100_16', 'us-west1-a_h100_16', 'us-east4-a_h100_16']",6,multi_region_availability_probe_simple,0,multi_region,,,,43.19444444444445,50.0,0.2,1.2,51.833333333333336,207.33333333333334,True,True,['data/converted_multi_region_aligned_h100_16_merged'],4,3044.8139236266807,0
Progressive_6,"['asia-southeast1-c_h100_16', 'asia-south2-b_h100_16', 'us-west1-b_h100_16', 'europe-west3-c_h100_16', 'us-west1-a_h100_16', 'us-east4-a_h100_16']",6,multi_region_probe_cost_ratio,0,multi_region,,,,43.19444444444445,50.0,0.2,1.2,51.833333333333336,207.33333333333334,True,True,['data/converted_multi_region_aligned_h100_16_merged'],4,923.960031131738,6
Progressive_6,"['asia-southeast1-c_h100_16', 'asia-south2-b_h100_16', 'us-west1-b_h100_16', 'europe-west3-c_h100_16', 'us-west1-a_h100_16', 'us-east4-a_h100_16']",6,rc_cr_threshold,0,single_region,,asia-southeast1-c_h100_16,,43.19444444444445,50.0,0.2,1.2,51.833333333333336,207.33333333333334,True,True,['data/converted_multi_region_aligned_h100_16_merged'],4,4409.416447615982,-1
Progressive_6,"['asia-southeast1-c_h100_16', 'asia-south2-b_h100_16', 'us-west1-b_h100_16', 'europe-west3-c_h100_16', 'us-west1-a_h100_16', 'us-east4-a_h100_16']",6,rc_cr_threshold,0,single_region,,asia-south2-b_h100_16,,43.19444444444445,50.0,0.2,1.2,51.833333333333336,207.33333333333334,True,True,['data/converted_multi_region_aligned_h100_16_merged'],4,3041.090036256015,-1
Progressive_6,"['asia-southeast1-c_h100_16', 'asia-south2-b_h100_16', 'us-west1-b_h100_16', 'europe-west3-c_h100_16', 'us-west1-a_h100_16', 'us-east4-a_h100_16']",6,rc_cr_threshold,0,single_region,,us-west1-b_h100_16,,43.19444444444445,50.0,0.2,1.2,51.833333333333336,207.33333333333334,True,True,['data/converted_multi_region_aligned_h100_16_merged'],4,3033.7543836199966,-1
Progressive_6,"['asia-southeast1-c_h100_16', 'asia-south2-b_h100_16', 'us-west1-b_h100_16', 'europe-west3-c_h100_16', 'us-west1-a_h100_16', 'us-east4-a_h100_16']",6,rc_cr_threshold,0,single_region,,europe-west3-c_h100_16,,43.19444444444445,50.0,0.2,1.2,51.833333333333336,207.33333333333334,True,True,['data/converted_multi_region_aligned_h100_16_merged'],4,2354.6698930559846,-1
Progressive_6,"['asia-southeast1-c_h100_16', 'asia-south2-b_h100_16', 'us-west1-b_h100_16', 'europe-west3-c_h100_16', 'us-west1-a_h100_16', 'us-east4-a_h100_16']",6,rc_cr_threshold,0,single_region,,us-west1-a_h100_16,,43.19444444444445,50.0,0.2,1.2,51.833333333333336,207.33333333333334,True,True,['data/converted_multi_region_aligned_h100_16_merged'],4,1099.8531268333402,-1
Progressive_6,"['asia-southeast1-c_h100_16', 'asia-south2-b_h100_16', 'us-west1-b_h100_16', 'europe-west3-c_h100_16', 'us-west1-a_h100_16', 'us-east4-a_h100_16']",6,rc_cr_threshold,0,single_region,,us-east4-a_h100_16,,43.19444444444445,50.0,0.2,1.2,51.833333333333336,207.33333333333334,True,True,['data/converted_multi_region_aligned_h100_16_merged'],4,2306.009798026656,0
Progressive_6,"['asia-southeast1-c_h100_16', 'asia-south2-b_h100_16', 'us-west1-b_h100_16', 'europe-west3-c_h100_16', 'us-west1-a_h100_16', 'us-east4-a_h100_16']",6,unified_cost_model_risk,0,multi_region,,,,43.19444444444445,50.0,0.2,1.2,51.833333333333336,259.1666666666667,True,True,['data/converted_multi_region_aligned_h100_16_merged'],5,728.7640421962628,1
Progressive_6,"['asia-southeast1-c_h100_16', 'asia-south2-b_h100_16', 'us-west1-b_h100_16', 'europe-west3-c_h100_16', 'us-west1-a_h100_16', 'us-east4-a_h100_16']",6,multi_region_oracle_dp,0,multi_region,,,,43.19444444444445,50.0,0.2,1.2,51.833333333333336,259.1666666666667,True,True,['data/converted_multi_region_aligned_h100_16_merged'],5,682.1089173333366,2
Progressive_6,"['asia-southeast1-c_h100_16', 'asia-south2-b_h100_16', 'us-west1-b_h100_16', 'europe-west3-c_h100_16', 'us-west1-a_h100_16', 'us-east4-a_h100_16']",6,unified_cost_model_oracle,0,multi_region,,,,43.19444444444445,50.0,0.2,1.2,51.833333333333336,259.1666666666667,True,True,['data/converted_multi_region_aligned_h100_16_merged'],5,688.4149120000019,3
Progressive_6,"['asia-southeast1-c_h100_16', 'asia-south2-b_h100_16', 'us-west1-b_h100_16', 'europe-west3-c_h100_16', 'us-west1-a_h100_16', 'us-east4-a_h100_16']",6,multi_region_rc_cr_threshold_eager_failover,0,multi_region,,,,43.19444444444445,50.0,0.2,1.2,51.833333333333336,259.1666666666667,True,True,['data/converted_multi_region_aligned_h100_16_merged'],5,726.0600319999962,1
Progressive_6,"['asia-southeast1-c_h100_16', 'asia-south2-b_h100_16', 'us-west1-b_h100_16', 'europe-west3-c_h100_16', 'us-west1-a_h100_16', 'us-east4-a_h100_16']",6,multi_region_availability_probe_simple,0,multi_region,,,,43.19444444444445,50.0,0.2,1.2,51.833333333333336,259.1666666666667,True,True,['data/converted_multi_region_aligned_h100_16_merged'],5,883.0492248511976,0
Progressive_6,"['asia-southeast1-c_h100_16', 'asia-south2-b_h100_16', 'us-west1-b_h100_16', 'europe-west3-c_h100_16', 'us-west1-a_h100_16', 'us-east4-a_h100_16']",6,multi_region_probe_cost_ratio,0,multi_region,,,,43.19444444444445,50.0,0.2,1.2,51.833333333333336,259.1666666666667,True,True,['data/converted_multi_region_aligned_h100_16_merged'],5,821.4082833023953,1
Progressive_6,"['asia-southeast1-c_h100_16', 'asia-south2-b_h100_16', 'us-west1-b_h100_16', 'europe-west3-c_h100_16', 'us-west1-a_h100_16', 'us-east4-a_h100_16']",6,rc_cr_threshold,0,single_region,,asia-southeast1-c_h100_16,,43.19444444444445,50.0,0.2,1.2,51.833333333333336,259.1666666666667,True,True,['data/converted_multi_region_aligned_h100_16_merged'],5,837.6527039999982,-1
Progressive_6,"['asia-southeast1-c_h100_16', 'asia-south2-b_h100_16', 'us-west1-b_h100_16', 'europe-west3-c_h100_16', 'us-west1-a_h100_16', 'us-east4-a_h100_16']",6,rc_cr_threshold,0,single_region,,asia-south2-b_h100_16,,43.19444444444445,50.0,0.2,1.2,51.833333333333336,259.1666666666667,True,True,['data/converted_multi_region_aligned_h100_16_merged'],5,3041.090036256015,-1
Progressive_6,"['asia-southeast1-c_h100_16', 'asia-south2-b_h100_16', 'us-west1-b_h100_16', 'europe-west3-c_h100_16', 'us-west1-a_h100_16', 'us-east4-a_h100_16']",6,rc_cr_threshold,0,single_region,,us-west1-b_h100_16,,43.19444444444445,50.0,0.2,1.2,51.833333333333336,259.1666666666667,True,True,['data/converted_multi_region_aligned_h100_16_merged'],5,2020.9932372933315,-1
Progressive_6,"['asia-southeast1-c_h100_16', 'asia-south2-b_h100_16', 'us-west1-b_h100_16', 'europe-west3-c_h100_16', 'us-west1-a_h100_16', 'us-east4-a_h100_16']",6,rc_cr_threshold,0,single_region,,europe-west3-c_h100_16,,43.19444444444445,50.0,0.2,1.2,51.833333333333336,259.1666666666667,True,True,['data/converted_multi_region_aligned_h100_16_merged'],5,762.5208959999959,-1
Progressive_6,"['asia-southeast1-c_h100_16', 'asia-south2-b_h100_16', 'us-west1-b_h100_16', 'europe-west3-c_h100_16', 'us-west1-a_h100_16', 'us-east4-a_h100_16']",6,rc_cr_threshold,0,single_region,,us-west1-a_h100_16,,43.19444444444445,50.0,0.2,1.2,51.833333333333336,259.1666666666667,True,True,['data/converted_multi_region_aligned_h100_16_merged'],5,2356.744341079999,-1
Progressive_6,"['asia-southeast1-c_h100_16', 'asia-south2-b_h100_16', 'us-west1-b_h100_16', 'europe-west3-c_h100_16', 'us-west1-a_h100_16', 'us-east4-a_h100_16']",6,rc_cr_threshold,0,single_region,,us-east4-a_h100_16,,43.19444444444445,50.0,0.2,1.2,51.833333333333336,259.1666666666667,True,True,['data/converted_multi_region_aligned_h100_16_merged'],5,1024.0937989333413,0
Progressive_7,"['asia-southeast1-c_h100_16', 'asia-south2-b_h100_16', 'us-west1-b_h100_16', 'europe-west3-c_h100_16', 'us-west1-a_h100_16', 'us-east4-a_h100_16', 'europe-west1-c_h100_16']",7,unified_cost_model_risk,0,multi_region,,,,43.19444444444445,50.0,0.2,1.2,51.833333333333336,0.0,True,True,['data/converted_multi_region_aligned_h100_16_merged'],0,687.8781781962632,1
Progressive_7,"['asia-southeast1-c_h100_16', 'asia-south2-b_h100_16', 'us-west1-b_h100_16', 'europe-west3-c_h100_16', 'us-west1-a_h100_16', 'us-east4-a_h100_16', 'europe-west1-c_h100_16']",7,multi_region_oracle_dp,0,multi_region,,,,43.19444444444445,50.0,0.2,1.2,51.833333333333336,0.0,True,True,['data/converted_multi_region_aligned_h100_16_merged'],0,646.1246400000023,0
Progressive_7,"['asia-southeast1-c_h100_16', 'asia-south2-b_h100_16', 'us-west1-b_h100_16', 'europe-west3-c_h100_16', 'us-west1-a_h100_16', 'us-east4-a_h100_16', 'europe-west1-c_h100_16']",7,unified_cost_model_oracle,0,multi_region,,,,43.19444444444445,50.0,0.2,1.2,51.833333333333336,0.0,True,True,['data/converted_multi_region_aligned_h100_16_merged'],0,652.1030933333356,2
Progressive_7,"['asia-southeast1-c_h100_16', 'asia-south2-b_h100_16', 'us-west1-b_h100_16', 'europe-west3-c_h100_16', 'us-west1-a_h100_16', 'us-east4-a_h100_16', 'europe-west1-c_h100_16']",7,multi_region_rc_cr_threshold_eager_failover,0,multi_region,,,,43.19444444444445,50.0,0.2,1.2,51.833333333333336,0.0,True,True,['data/converted_multi_region_aligned_h100_16_merged'],0,684.9471199999965,1
Progressive_7,"['asia-southeast1-c_h100_16', 'asia-south2-b_h100_16', 'us-west1-b_h100_16', 'europe-west3-c_h100_16', 'us-west1-a_h100_16', 'us-east4-a_h100_16', 'europe-west1-c_h100_16']",7,multi_region_availability_probe_simple,0,multi_region,,,,43.19444444444445,50.0,0.2,1.2,51.833333333333336,0.0,True,True,['data/converted_multi_region_aligned_h100_16_merged'],0,883.1518264511976,0
Progressive_7,"['asia-southeast1-c_h100_16', 'asia-south2-b_h100_16', 'us-west1-b_h100_16', 'europe-west3-c_h100_16', 'us-west1-a_h100_16', 'us-east4-a_h100_16', 'europe-west1-c_h100_16']",7,multi_region_probe_cost_ratio,0,multi_region,,,,43.19444444444445,50.0,0.2,1.2,51.833333333333336,0.0,True,True,['data/converted_multi_region_aligned_h100_16_merged'],0,784.9426219690632,1
Progressive_7,"['asia-southeast1-c_h100_16', 'asia-south2-b_h100_16', 'us-west1-b_h100_16', 'europe-west3-c_h100_16', 'us-west1-a_h100_16', 'us-east4-a_h100_16', 'europe-west1-c_h100_16']",7,rc_cr_threshold,0,single_region,,asia-southeast1-c_h100_16,,43.19444444444445,50.0,0.2,1.2,51.833333333333336,0.0,True,True,['data/converted_multi_region_aligned_h100_16_merged'],0,837.6527039999982,-1
Progressive_7,"['asia-southeast1-c_h100_16', 'asia-south2-b_h100_16', 'us-west1-b_h100_16', 'europe-west3-c_h100_16', 'us-west1-a_h100_16', 'us-east4-a_h100_16', 'europe-west1-c_h100_16']",7,rc_cr_threshold,0,single_region,,asia-south2-b_h100_16,,43.19444444444445,50.0,0.2,1.2,51.833333333333336,0.0,True,True,['data/converted_multi_region_aligned_h100_16_merged'],0,3041.090036256015,-1
Progressive_7,"['asia-southeast1-c_h100_16', 'asia-south2-b_h100_16', 'us-west1-b_h100_16', 'europe-west3-c_h100_16', 'us-west1-a_h100_16', 'us-east4-a_h100_16', 'europe-west1-c_h100_16']",7,rc_cr_threshold,0,single_region,,us-west1-b_h100_16,,43.19444444444445,50.0,0.2,1.2,51.833333333333336,0.0,True,True,['data/converted_multi_region_aligned_h100_16_merged'],0,3437.993616413327,-1
Progressive_7,"['asia-southeast1-c_h100_16', 'asia-south2-b_h100_16', 'us-west1-b_h100_16', 'europe-west3-c_h100_16', 'us-west1-a_h100_16', 'us-east4-a_h100_16', 'europe-west1-c_h100_16']",7,rc_cr_threshold,0,single_region,,europe-west3-c_h100_16,,43.19444444444445,50.0,0.2,1.2,51.833333333333336,0.0,True,True,['data/converted_multi_region_aligned_h100_16_merged'],0,3778.9989031679966,-1
Progressive_7,"['asia-southeast1-c_h100_16', 'asia-south2-b_h100_16', 'us-west1-b_h100_16', 'europe-west3-c_h100_16', 'us-west1-a_h100_16', 'us-east4-a_h100_16', 'europe-west1-c_h100_16']",7,rc_cr_threshold,0,single_region,,us-west1-a_h100_16,,43.19444444444445,50.0,0.2,1.2,51.833333333333336,0.0,True,True,['data/converted_multi_region_aligned_h100_16_merged'],0,1014.0229918933371,-1
Progressive_7,"['asia-southeast1-c_h100_16', 'asia-south2-b_h100_16', 'us-west1-b_h100_16', 'europe-west3-c_h100_16', 'us-west1-a_h100_16', 'us-east4-a_h100_16', 'europe-west1-c_h100_16']",7,rc_cr_threshold,0,single_region,,us-east4-a_h100_16,,43.19444444444445,50.0,0.2,1.2,51.833333333333336,0.0,True,True,['data/converted_multi_region_aligned_h100_16_merged'],0,651.075786666669,-1
Progressive_7,"['asia-southeast1-c_h100_16', 'asia-south2-b_h100_16', 'us-west1-b_h100_16', 'europe-west3-c_h100_16', 'us-west1-a_h100_16', 'us-east4-a_h100_16', 'europe-west1-c_h100_16']",7,rc_cr_threshold,0,single_region,,europe-west1-c_h100_16,,43.19444444444445,50.0,0.2,1.2,51.833333333333336,0.0,True,True,['data/converted_multi_region_aligned_h100_16_merged'],0,711.4999199999968,0
Progressive_7,"['asia-southeast1-c_h100_16', 'asia-south2-b_h100_16', 'us-west1-b_h100_16', 'europe-west3-c_h100_16', 'us-west1-a_h100_16', 'us-east4-a_h100_16', 'europe-west1-c_h100_16']",7,unified_cost_model_risk,0,multi_region,,,,43.19444444444445,50.0,0.2,1.2,51.833333333333336,51.833333333333336,True,True,['data/converted_multi_region_aligned_h100_16_merged'],1,672.6756859296023,4
Progressive_7,"['asia-southeast1-c_h100_16', 'asia-south2-b_h100_16', 'us-west1-b_h100_16', 'europe-west3-c_h100_16', 'us-west1-a_h100_16', 'us-east4-a_h100_16', 'europe-west1-c_h100_16']",7,multi_region_oracle_dp,0,multi_region,,,,43.19444444444445,50.0,0.2,1.2,51.833333333333336,51.833333333333336,True,True,['data/converted_multi_region_aligned_h100_16_merged'],1,648.6002133333357,0
Progressive_7,"['asia-southeast1-c_h100_16', 'asia-south2-b_h100_16', 'us-west1-b_h100_16', 'europe-west3-c_h100_16', 'us-west1-a_h100_16', 'us-east4-a_h100_16', 'europe-west1-c_h100_16']",7,unified_cost_model_oracle,0,multi_region,,,,43.19444444444445,50.0,0.2,1.2,51.833333333333336,51.833333333333336,True,True,['data/converted_multi_region_aligned_h100_16_merged'],1,700.570556554669,5
Progressive_7,"['asia-southeast1-c_h100_16', 'asia-south2-b_h100_16', 'us-west1-b_h100_16', 'europe-west3-c_h100_16', 'us-west1-a_h100_16', 'us-east4-a_h100_16', 'europe-west1-c_h100_16']",7,multi_region_rc_cr_threshold_eager_failover,0,multi_region,,,,43.19444444444445,50.0,0.2,1.2,51.833333333333336,51.833333333333336,True,True,['data/converted_multi_region_aligned_h100_16_merged'],1,965.591390176001,5
Progressive_7,"['asia-southeast1-c_h100_16', 'asia-south2-b_h100_16', 'us-west1-b_h100_16', 'europe-west3-c_h100_16', 'us-west1-a_h100_16', 'us-east4-a_h100_16', 'europe-west1-c_h100_16']",7,multi_region_availability_probe_simple,0,multi_region,,,,43.19444444444445,50.0,0.2,1.2,51.833333333333336,51.833333333333336,True,True,['data/converted_multi_region_aligned_h100_16_merged'],1,2634.002097808012,1
Progressive_7,"['asia-southeast1-c_h100_16', 'asia-south2-b_h100_16', 'us-west1-b_h100_16', 'europe-west3-c_h100_16', 'us-west1-a_h100_16', 'us-east4-a_h100_16', 'europe-west1-c_h100_16']",7,multi_region_probe_cost_ratio,0,multi_region,,,,43.19444444444445,50.0,0.2,1.2,51.833333333333336,51.833333333333336,True,True,['data/converted_multi_region_aligned_h100_16_merged'],1,765.8939462986712,6
Progressive_7,"['asia-southeast1-c_h100_16', 'asia-south2-b_h100_16', 'us-west1-b_h100_16', 'europe-west3-c_h100_16', 'us-west1-a_h100_16', 'us-east4-a_h100_16', 'europe-west1-c_h100_16']",7,rc_cr_threshold,0,single_region,,asia-southeast1-c_h100_16,,43.19444444444445,50.0,0.2,1.2,51.833333333333336,51.833333333333336,True,True,['data/converted_multi_region_aligned_h100_16_merged'],1,2447.4830988480044,-1
Progressive_7,"['asia-southeast1-c_h100_16', 'asia-south2-b_h100_16', 'us-west1-b_h100_16', 'europe-west3-c_h100_16', 'us-west1-a_h100_16', 'us-east4-a_h100_16', 'europe-west1-c_h100_16']",7,rc_cr_threshold,0,single_region,,asia-south2-b_h100_16,,43.19444444444445,50.0,0.2,1.2,51.833333333333336,51.833333333333336,True,True,['data/converted_multi_region_aligned_h100_16_merged'],1,3041.090036256015,-1
Progressive_7,"['asia-southeast1-c_h100_16', 'asia-south2-b_h100_16', 'us-west1-b_h100_16', 'europe-west3-c_h100_16', 'us-west1-a_h100_16', 'us-east4-a_h100_16', 'europe-west1-c_h100_16']",7,rc_cr_threshold,0,single_region,,us-west1-b_h100_16,,43.19444444444445,50.0,0.2,1.2,51.833333333333336,51.833333333333336,True,True,['data/converted_multi_region_aligned_h100_16_merged'],1,3599.345881259991,-1
Progressive_7,"['asia-southeast1-c_h100_16', 'asia-south2-b_h100_16', 'us-west1-b_h100_16', 'europe-west3-c_h100_16', 'us-west1-a_h100_16', 'us-east4-a_h100_16', 'europe-west1-c_h100_16']",7,rc_cr_threshold,0,single_region,,europe-west3-c_h100_16,,43.19444444444445,50.0,0.2,1.2,51.833333333333336,51.833333333333336,True,True,['data/converted_multi_region_aligned_h100_16_merged'],1,3739.073504063997,-1
Progressive_7,"['asia-southeast1-c_h100_16', 'asia-south2-b_h100_16', 'us-west1-b_h100_16', 'europe-west3-c_h100_16', 'us-west1-a_h100_16', 'us-east4-a_h100_16', 'europe-west1-c_h100_16']",7,rc_cr_threshold,0,single_region,,us-west1-a_h100_16,,43.19444444444445,50.0,0.2,1.2,51.833333333333336,51.833333333333336,True,True,['data/converted_multi_region_aligned_h100_16_merged'],1,3595.081146266658,-1
Progressive_7,"['asia-southeast1-c_h100_16', 'asia-south2-b_h100_16', 'us-west1-b_h100_16', 'europe-west3-c_h100_16', 'us-west1-a_h100_16', 'us-east4-a_h100_16', 'europe-west1-c_h100_16']",7,rc_cr_threshold,0,single_region,,us-east4-a_h100_16,,43.19444444444445,50.0,0.2,1.2,51.833333333333336,51.833333333333336,True,True,['data/converted_multi_region_aligned_h100_16_merged'],1,660.9780800000026,-1
Progressive_7,"['asia-southeast1-c_h100_16', 'asia-south2-b_h100_16', 'us-west1-b_h100_16', 'europe-west3-c_h100_16', 'us-west1-a_h100_16', 'us-east4-a_h100_16', 'europe-west1-c_h100_16']",7,rc_cr_threshold,0,single_region,,europe-west1-c_h100_16,,43.19444444444445,50.0,0.2,1.2,51.833333333333336,51.833333333333336,True,True,['data/converted_multi_region_aligned_h100_16_merged'],1,1387.2608158293308,0
Progressive_7,"['asia-southeast1-c_h100_16', 'asia-south2-b_h100_16', 'us-west1-b_h100_16', 'europe-west3-c_h100_16', 'us-west1-a_h100_16', 'us-east4-a_h100_16', 'europe-west1-c_h100_16']",7,unified_cost_model_risk,0,multi_region,,,,43.19444444444445,50.0,0.2,1.2,51.833333333333336,103.66666666666667,True,True,['data/converted_multi_region_aligned_h100_16_merged'],2,664.7923445962648,1
Progressive_7,"['asia-southeast1-c_h100_16', 'asia-south2-b_h100_16', 'us-west1-b_h100_16', 'europe-west3-c_h100_16', 'us-west1-a_h100_16', 'us-east4-a_h100_16', 'europe-west1-c_h100_16']",7,multi_region_oracle_dp,0,multi_region,,,,43.19444444444445,50.0,0.2,1.2,51.833333333333336,103.66666666666667,True,True,['data/converted_multi_region_aligned_h100_16_merged'],2,646.1246400000023,0
Progressive_7,"['asia-southeast1-c_h100_16', 'asia-south2-b_h100_16', 'us-west1-b_h100_16', 'europe-west3-c_h100_16', 'us-west1-a_h100_16', 'us-east4-a_h100_16', 'europe-west1-c_h100_16']",7,unified_cost_model_oracle,0,multi_region,,,,43.19444444444445,50.0,0.2,1.2,51.833333333333336,103.66666666666667,True,True,['data/converted_multi_region_aligned_h100_16_merged'],2,662.1534399999981,1
Progressive_7,"['asia-southeast1-c_h100_16', 'asia-south2-b_h100_16', 'us-west1-b_h100_16', 'europe-west3-c_h100_16', 'us-west1-a_h100_16', 'us-east4-a_h100_16', 'europe-west1-c_h100_16']",7,multi_region_rc_cr_threshold_eager_failover,0,multi_region,,,,43.19444444444445,50.0,0.2,1.2,51.833333333333336,103.66666666666667,True,True,['data/converted_multi_region_aligned_h100_16_merged'],2,662.1534399999981,1
Progressive_7,"['asia-southeast1-c_h100_16', 'asia-south2-b_h100_16', 'us-west1-b_h100_16', 'europe-west3-c_h100_16', 'us-west1-a_h100_16', 'us-east4-a_h100_16', 'europe-west1-c_h100_16']",7,multi_region_availability_probe_simple,0,multi_region,,,,43.19444444444445,50.0,0.2,1.2,51.833333333333336,103.66666666666667,True,True,['data/converted_multi_region_aligned_h100_16_merged'],2,3042.6038932266824,0
Progressive_7,"['asia-southeast1-c_h100_16', 'asia-south2-b_h100_16', 'us-west1-b_h100_16', 'europe-west3-c_h100_16', 'us-west1-a_h100_16', 'us-east4-a_h100_16', 'europe-west1-c_h100_16']",7,multi_region_probe_cost_ratio,0,multi_region,,,,43.19444444444445,50.0,0.2,1.2,51.833333333333336,103.66666666666667,True,True,['data/converted_multi_region_aligned_h100_16_merged'],2,724.4373617024027,4
Progressive_7,"['asia-southeast1-c_h100_16', 'asia-south2-b_h100_16', 'us-west1-b_h100_16', 'europe-west3-c_h100_16', 'us-west1-a_h100_16', 'us-east4-a_h100_16', 'europe-west1-c_h100_16']",7,rc_cr_threshold,0,single_region,,asia-southeast1-c_h100_16,,43.19444444444445,50.0,0.2,1.2,51.833333333333336,103.66666666666667,True,True,['data/converted_multi_region_aligned_h100_16_merged'],2,4350.9155566933205,-1
Progressive_7,"['asia-southeast1-c_h100_16', 'asia-south2-b_h100_16', 'us-west1-b_h100_16', 'europe-west3-c_h100_16', 'us-west1-a_h100_16', 'us-east4-a_h100_16', 'europe-west1-c_h100_16']",7,rc_cr_threshold,0,single_region,,asia-south2-b_h100_16,,43.19444444444445,50.0,0.2,1.2,51.833333333333336,103.66666666666667,True,True,['data/converted_multi_region_aligned_h100_16_merged'],2,3041.090036256015,-1
Progressive_7,"['asia-southeast1-c_h100_16', 'asia-south2-b_h100_16', 'us-west1-b_h100_16', 'europe-west3-c_h100_16', 'us-west1-a_h100_16', 'us-east4-a_h100_16', 'europe-west1-c_h100_16']",7,rc_cr_threshold,0,single_region,,us-west1-b_h100_16,,43.19444444444445,50.0,0.2,1.2,51.833333333333336,103.66666666666667,True,True,['data/converted_multi_region_aligned_h100_16_merged'],2,3608.835385259991,-1
Progressive_7,"['asia-southeast1-c_h100_16', 'asia-south2-b_h100_16', 'us-west1-b_h100_16', 'europe-west3-c_h100_16', 'us-west1-a_h100_16', 'us-east4-a_h100_16', 'europe-west1-c_h100_16']",7,rc_cr_threshold,0,single_region,,europe-west3-c_h100_16,,43.19444444444445,50.0,0.2,1.2,51.833333333333336,103.66666666666667,True,True,['data/converted_multi_region_aligned_h100_16_merged'],2,4236.030618047997,-1
Progressive_7,"['asia-southeast1-c_h100_16', 'asia-south2-b_h100_16', 'us-west1-b_h100_16', 'europe-west3-c_h100_16', 'us-west1-a_h100_16', 'us-east4-a_h100_16', 'europe-west1-c_h100_16']",7,rc_cr_threshold,0,single_region,,us-west1-a_h100_16,,43.19444444444445,50.0,0.2,1.2,51.833333333333336,103.66666666666667,True,True,['data/converted_multi_region_aligned_h100_16_merged'],2,2912.9878676999974,-1
Progressive_7,"['asia-southeast1-c_h100_16', 'asia-south2-b_h100_16', 'us-west1-b_h100_16', 'europe-west3-c_h100_16', 'us-west1-a_h100_16', 'us-east4-a_h100_16', 'europe-west1-c_h100_16']",7,rc_cr_threshold,0,single_region,,us-east4-a_h100_16,,43.19444444444445,50.0,0.2,1.2,51.833333333333336,103.66666666666667,True,True,['data/converted_multi_region_aligned_h100_16_merged'],2,651.075786666669,-1
Progressive_7,"['asia-southeast1-c_h100_16', 'asia-south2-b_h100_16', 'us-west1-b_h100_16', 'europe-west3-c_h100_16', 'us-west1-a_h100_16', 'us-east4-a_h100_16', 'europe-west1-c_h100_16']",7,rc_cr_threshold,0,single_region,,europe-west1-c_h100_16,,43.19444444444445,50.0,0.2,1.2,51.833333333333336,103.66666666666667,True,True,['data/converted_multi_region_aligned_h100_16_merged'],2,1101.9328648213288,0
Progressive_7,"['asia-southeast1-c_h100_16', 'asia-south2-b_h100_16', 'us-west1-b_h100_16', 'europe-west3-c_h100_16', 'us-west1-a_h100_16', 'us-east4-a_h100_16', 'europe-west1-c_h100_16']",7,unified_cost_model_risk,0,multi_region,,,,43.19444444444445,50.0,0.2,1.2,51.833333333333336,155.5,True,True,['data/converted_multi_region_aligned_h100_16_merged'],3,711.668374996262,2
Progressive_7,"['asia-southeast1-c_h100_16', 'asia-south2-b_h100_16', 'us-west1-b_h100_16', 'europe-west3-c_h100_16', 'us-west1-a_h100_16', 'us-east4-a_h100_16', 'europe-west1-c_h100_16']",7,multi_region_oracle_dp,0,multi_region,,,,43.19444444444445,50.0,0.2,1.2,51.833333333333336,155.5,True,True,['data/converted_multi_region_aligned_h100_16_merged'],3,691.902106666663,1
Progressive_7,"['asia-southeast1-c_h100_16', 'asia-south2-b_h100_16', 'us-west1-b_h100_16', 'europe-west3-c_h100_16', 'us-west1-a_h100_16', 'us-east4-a_h100_16', 'europe-west1-c_h100_16']",7,unified_cost_model_oracle,0,multi_region,,,,43.19444444444445,50.0,0.2,1.2,51.833333333333336,155.5,True,True,['data/converted_multi_region_aligned_h100_16_merged'],3,709.1019679999953,2
Progressive_7,"['asia-southeast1-c_h100_16', 'asia-south2-b_h100_16', 'us-west1-b_h100_16', 'europe-west3-c_h100_16', 'us-west1-a_h100_16', 'us-east4-a_h100_16', 'europe-west1-c_h100_16']",7,multi_region_rc_cr_threshold_eager_failover,0,multi_region,,,,43.19444444444445,50.0,0.2,1.2,51.833333333333336,155.5,True,True,['data/converted_multi_region_aligned_h100_16_merged'],3,709.1019679999953,2
Progressive_7,"['asia-southeast1-c_h100_16', 'asia-south2-b_h100_16', 'us-west1-b_h100_16', 'europe-west3-c_h100_16', 'us-west1-a_h100_16', 'us-east4-a_h100_16', 'europe-west1-c_h100_16']",7,multi_region_availability_probe_simple,0,multi_region,,,,43.19444444444445,50.0,0.2,1.2,51.833333333333336,155.5,True,True,['data/converted_multi_region_aligned_h100_16_merged'],3,3048.03971669335,0
Progressive_7,"['asia-southeast1-c_h100_16', 'asia-south2-b_h100_16', 'us-west1-b_h100_16', 'europe-west3-c_h100_16', 'us-west1-a_h100_16', 'us-east4-a_h100_16', 'europe-west1-c_h100_16']",7,multi_region_probe_cost_ratio,0,multi_region,,,,43.19444444444445,50.0,0.2,1.2,51.833333333333336,155.5,True,True,['data/converted_multi_region_aligned_h100_16_merged'],3,797.1541489023988,2
Progressive_7,"['asia-southeast1-c_h100_16', 'asia-south2-b_h100_16', 'us-west1-b_h100_16', 'europe-west3-c_h100_16', 'us-west1-a_h100_16', 'us-east4-a_h100_16', 'europe-west1-c_h100_16']",7,rc_cr_threshold,0,single_region,,asia-southeast1-c_h100_16,,43.19444444444445,50.0,0.2,1.2,51.833333333333336,155.5,True,True,['data/converted_multi_region_aligned_h100_16_merged'],3,4654.835836703985,-1
Progressive_7,"['asia-southeast1-c_h100_16', 'asia-south2-b_h100_16', 'us-west1-b_h100_16', 'europe-west3-c_h100_16', 'us-west1-a_h100_16', 'us-east4-a_h100_16', 'europe-west1-c_h100_16']",7,rc_cr_threshold,0,single_region,,asia-south2-b_h100_16,,43.19444444444445,50.0,0.2,1.2,51.833333333333336,155.5,True,True,['data/converted_multi_region_aligned_h100_16_merged'],3,3041.090036256015,-1
Progressive_7,"['asia-southeast1-c_h100_16', 'asia-south2-b_h100_16', 'us-west1-b_h100_16', 'europe-west3-c_h100_16', 'us-west1-a_h100_16', 'us-east4-a_h100_16', 'europe-west1-c_h100_16']",7,rc_cr_threshold,0,single_region,,us-west1-b_h100_16,,43.19444444444445,50.0,0.2,1.2,51.833333333333336,155.5,True,True,['data/converted_multi_region_aligned_h100_16_merged'],3,3606.7737842533243,-1
Progressive_7,"['asia-southeast1-c_h100_16', 'asia-south2-b_h100_16', 'us-west1-b_h100_16', 'europe-west3-c_h100_16', 'us-west1-a_h100_16', 'us-east4-a_h100_16', 'europe-west1-c_h100_16']",7,rc_cr_threshold,0,single_region,,europe-west3-c_h100_16,,43.19444444444445,50.0,0.2,1.2,51.833333333333336,155.5,True,True,['data/converted_multi_region_aligned_h100_16_merged'],3,2879.8662621439803,-1
Progressive_7,"['asia-southeast1-c_h100_16', 'asia-south2-b_h100_16', 'us-west1-b_h100_16', 'europe-west3-c_h100_16', 'us-west1-a_h100_16', 'us-east4-a_h100_16', 'europe-west1-c_h100_16']",7,rc_cr_threshold,0,single_region,,us-west1-a_h100_16,,43.19444444444445,50.0,0.2,1.2,51.833333333333336,155.5,True,True,['data/converted_multi_region_aligned_h100_16_merged'],3,828.7500160000034,-1
Progressive_7,"['asia-southeast1-c_h100_16', 'asia-south2-b_h100_16', 'us-west1-b_h100_16', 'europe-west3-c_h100_16', 'us-west1-a_h100_16', 'us-east4-a_h100_16', 'europe-west1-c_h100_16']",7,rc_cr_threshold,0,single_region,,us-east4-a_h100_16,,43.19444444444445,50.0,0.2,1.2,51.833333333333336,155.5,True,True,['data/converted_multi_region_aligned_h100_16_merged'],3,2414.6673413333347,-1
Progressive_7,"['asia-southeast1-c_h100_16', 'asia-south2-b_h100_16', 'us-west1-b_h100_16', 'europe-west3-c_h100_16', 'us-west1-a_h100_16', 'us-east4-a_h100_16', 'europe-west1-c_h100_16']",7,rc_cr_threshold,0,single_region,,europe-west1-c_h100_16,,43.19444444444445,50.0,0.2,1.2,51.833333333333336,155.5,True,True,['data/converted_multi_region_aligned_h100_16_merged'],3,714.2259733333301,0
Progressive_7,"['asia-southeast1-c_h100_16', 'asia-south2-b_h100_16', 'us-west1-b_h100_16', 'europe-west3-c_h100_16', 'us-west1-a_h100_16', 'us-east4-a_h100_16', 'europe-west1-c_h100_16']",7,unified_cost_model_risk,0,multi_region,,,,43.19444444444445,50.0,0.2,1.2,51.833333333333336,207.33333333333334,True,True,['data/converted_multi_region_aligned_h100_16_merged'],4,802.1790704629364,3
Progressive_7,"['asia-southeast1-c_h100_16', 'asia-south2-b_h100_16', 'us-west1-b_h100_16', 'europe-west3-c_h100_16', 'us-west1-a_h100_16', 'us-east4-a_h100_16', 'europe-west1-c_h100_16']",7,multi_region_oracle_dp,0,multi_region,,,,43.19444444444445,50.0,0.2,1.2,51.833333333333336,207.33333333333334,True,True,['data/converted_multi_region_aligned_h100_16_merged'],4,689.1574826666705,3
Progressive_7,"['asia-southeast1-c_h100_16', 'asia-south2-b_h100_16', 'us-west1-b_h100_16', 'europe-west3-c_h100_16', 'us-west1-a_h100_16', 'us-east4-a_h100_16', 'europe-west1-c_h100_16']",7,unified_cost_model_oracle,0,multi_region,,,,43.19444444444445,50.0,0.2,1.2,51.833333333333336,207.33333333333334,True,True,['data/converted_multi_region_aligned_h100_16_merged'],4,727.7777173333371,2
Progressive_7,"['asia-southeast1-c_h100_16', 'asia-south2-b_h100_16', 'us-west1-b_h100_16', 'europe-west3-c_h100_16', 'us-west1-a_h100_16', 'us-east4-a_h100_16', 'europe-west1-c_h100_16']",7,multi_region_rc_cr_threshold_eager_failover,0,multi_region,,,,43.19444444444445,50.0,0.2,1.2,51.833333333333336,207.33333333333334,True,True,['data/converted_multi_region_aligned_h100_16_merged'],4,729.8275306666707,4
Progressive_7,"['asia-southeast1-c_h100_16', 'asia-south2-b_h100_16', 'us-west1-b_h100_16', 'europe-west3-c_h100_16', 'us-west1-a_h100_16', 'us-east4-a_h100_16', 'europe-west1-c_h100_16']",7,multi_region_availability_probe_simple,0,multi_region,,,,43.19444444444445,50.0,0.2,1.2,51.833333333333336,207.33333333333334,True,True,['data/converted_multi_region_aligned_h100_16_merged'],4,3048.1335220266815,0
Progressive_7,"['asia-southeast1-c_h100_16', 'asia-south2-b_h100_16', 'us-west1-b_h100_16', 'europe-west3-c_h100_16', 'us-west1-a_h100_16', 'us-east4-a_h100_16', 'europe-west1-c_h100_16']",7,multi_region_probe_cost_ratio,0,multi_region,,,,43.19444444444445,50.0,0.2,1.2,51.833333333333336,207.33333333333334,True,True,['data/converted_multi_region_aligned_h100_16_merged'],4,810.3764753653376,4
Progressive_7,"['asia-southeast1-c_h100_16', 'asia-south2-b_h100_16', 'us-west1-b_h100_16', 'europe-west3-c_h100_16', 'us-west1-a_h100_16', 'us-east4-a_h100_16', 'europe-west1-c_h100_16']",7,rc_cr_threshold,0,single_region,,asia-southeast1-c_h100_16,,43.19444444444445,50.0,0.2,1.2,51.833333333333336,207.33333333333334,True,True,['data/converted_multi_region_aligned_h100_16_merged'],4,4409.416447615982,-1
Progressive_7,"['asia-southeast1-c_h100_16', 'asia-south2-b_h100_16', 'us-west1-b_h100_16', 'europe-west3-c_h100_16', 'us-west1-a_h100_16', 'us-east4-a_h100_16', 'europe-west1-c_h100_16']",7,rc_cr_threshold,0,single_region,,asia-south2-b_h100_16,,43.19444444444445,50.0,0.2,1.2,51.833333333333336,207.33333333333334,True,True,['data/converted_multi_region_aligned_h100_16_merged'],4,3041.090036256015,-1
Progressive_7,"['asia-southeast1-c_h100_16', 'asia-south2-b_h100_16', 'us-west1-b_h100_16', 'europe-west3-c_h100_16', 'us-west1-a_h100_16', 'us-east4-a_h100_16', 'europe-west1-c_h100_16']",7,rc_cr_threshold,0,single_region,,us-west1-b_h100_16,,43.19444444444445,50.0,0.2,1.2,51.833333333333336,207.33333333333334,True,True,['data/converted_multi_region_aligned_h100_16_merged'],4,3033.7543836199966,-1
Progressive_7,"['asia-southeast1-c_h100_16', 'asia-south2-b_h100_16', 'us-west1-b_h100_16', 'europe-west3-c_h100_16', 'us-west1-a_h100_16', 'us-east4-a_h100_16', 'europe-west1-c_h100_16']",7,rc_cr_threshold,0,single_region,,europe-west3-c_h100_16,,43.19444444444445,50.0,0.2,1.2,51.833333333333336,207.33333333333334,True,True,['data/converted_multi_region_aligned_h100_16_merged'],4,2354.6698930559846,-1
Progressive_7,"['asia-southeast1-c_h100_16', 'asia-south2-b_h100_16', 'us-west1-b_h100_16', 'europe-west3-c_h100_16', 'us-west1-a_h100_16', 'us-east4-a_h100_16', 'europe-west1-c_h100_16']",7,rc_cr_threshold,0,single_region,,us-west1-a_h100_16,,43.19444444444445,50.0,0.2,1.2,51.833333333333336,207.33333333333334,True,True,['data/converted_multi_region_aligned_h100_16_merged'],4,1099.8531268333402,-1
Progressive_7,"['asia-southeast1-c_h100_16', 'asia-south2-b_h100_16', 'us-west1-b_h100_16', 'europe-west3-c_h100_16', 'us-west1-a_h100_16', 'us-east4-a_h100_16', 'europe-west1-c_h100_16']",7,rc_cr_threshold,0,single_region,,us-east4-a_h100_16,,43.19444444444445,50.0,0.2,1.2,51.833333333333336,207.33333333333334,True,True,['data/converted_multi_region_aligned_h100_16_merged'],4,2306.009798026656,-1
Progressive_7,"['asia-southeast1-c_h100_16', 'asia-south2-b_h100_16', 'us-west1-b_h100_16', 'europe-west3-c_h100_16', 'us-west1-a_h100_16', 'us-east4-a_h100_16', 'europe-west1-c_h100_16']",7,rc_cr_threshold,0,single_region,,europe-west1-c_h100_16,,43.19444444444445,50.0,0.2,1.2,51.833333333333336,207.33333333333334,True,True,['data/converted_multi_region_aligned_h100_16_merged'],4,2051.208961802666,0
Progressive_7,"['asia-southeast1-c_h100_16', 'asia-south2-b_h100_16', 'us-west1-b_h100_16', 'europe-west3-c_h100_16', 'us-west1-a_h100_16', 'us-east4-a_h100_16', 'europe-west1-c_h100_16']",7,unified_cost_model_risk,0,multi_region,,,,43.19444444444445,50.0,0.2,1.2,51.833333333333336,259.1666666666667,True,True,['data/converted_multi_region_aligned_h100_16_merged'],5,694.3906581962631,1
Progressive_7,"['asia-southeast1-c_h100_16', 'asia-south2-b_h100_16', 'us-west1-b_h100_16', 'europe-west3-c_h100_16', 'us-west1-a_h100_16', 'us-east4-a_h100_16', 'europe-west1-c_h100_16']",7,multi_region_oracle_dp,0,multi_region,,,,43.19444444444445,50.0,0.2,1.2,51.833333333333336,259.1666666666667,True,True,['data/converted_multi_region_aligned_h100_16_merged'],5,671.5528533333356,2
Progressive_7,"['asia-southeast1-c_h100_16', 'asia-south2-b_h100_16', 'us-west1-b_h100_16', 'europe-west3-c_h100_16', 'us-west1-a_h100_16', 'us-east4-a_h100_16', 'europe-west1-c_h100_16']",7,unified_cost_model_oracle,0,multi_region,,,,43.19444444444445,50.0,0.2,1.2,51.833333333333336,259.1666666666667,True,True,['data/converted_multi_region_aligned_h100_16_merged'],5,691.4595999999965,1
Progressive_7,"['asia-southeast1-c_h100_16', 'asia-south2-b_h100_16', 'us-west1-b_h100_16', 'europe-west3-c_h100_16', 'us-west1-a_h100_16', 'us-east4-a_h100_16', 'europe-west1-c_h100_16']",7,multi_region_rc_cr_threshold_eager_failover,0,multi_region,,,,43.19444444444445,50.0,0.2,1.2,51.833333333333336,259.1666666666667,True,True,['data/converted_multi_region_aligned_h100_16_merged'],5,691.4595999999965,1
Progressive_7,"['asia-southeast1-c_h100_16', 'asia-south2-b_h100_16', 'us-west1-b_h100_16', 'europe-west3-c_h100_16', 'us-west1-a_h100_16', 'us-east4-a_h100_16', 'europe-west1-c_h100_16']",7,multi_region_availability_probe_simple,0,multi_region,,,,43.19444444444445,50.0,0.2,1.2,51.833333333333336,259.1666666666667,True,True,['data/converted_multi_region_aligned_h100_16_merged'],5,889.0465421845308,0
Progressive_7,"['asia-southeast1-c_h100_16', 'asia-south2-b_h100_16', 'us-west1-b_h100_16', 'europe-west3-c_h100_16', 'us-west1-a_h100_16', 'us-east4-a_h100_16', 'europe-west1-c_h100_16']",7,multi_region_probe_cost_ratio,0,multi_region,,,,43.19444444444445,50.0,0.2,1.2,51.833333333333336,259.1666666666667,True,True,['data/converted_multi_region_aligned_h100_16_merged'],5,799.388933969063,1
Progressive_7,"['asia-southeast1-c_h100_16', 'asia-south2-b_h100_16', 'us-west1-b_h100_16', 'europe-west3-c_h100_16', 'us-west1-a_h100_16', 'us-east4-a_h100_16', 'europe-west1-c_h100_16']",7,rc_cr_threshold,0,single_region,,asia-southeast1-c_h100_16,,43.19444444444445,50.0,0.2,1.2,51.833333333333336,259.1666666666667,True,True,['data/converted_multi_region_aligned_h100_16_merged'],5,837.6527039999982,-1
Progressive_7,"['asia-southeast1-c_h100_16', 'asia-south2-b_h100_16', 'us-west1-b_h100_16', 'europe-west3-c_h100_16', 'us-west1-a_h100_16', 'us-east4-a_h100_16', 'europe-west1-c_h100_16']",7,rc_cr_threshold,0,single_region,,asia-south2-b_h100_16,,43.19444444444445,50.0,0.2,1.2,51.833333333333336,259.1666666666667,True,True,['data/converted_multi_region_aligned_h100_16_merged'],5,3041.090036256015,-1
Progressive_7,"['asia-southeast1-c_h100_16', 'asia-south2-b_h100_16', 'us-west1-b_h100_16', 'europe-west3-c_h100_16', 'us-west1-a_h100_16', 'us-east4-a_h100_16', 'europe-west1-c_h100_16']",7,rc_cr_threshold,0,single_region,,us-west1-b_h100_16,,43.19444444444445,50.0,0.2,1.2,51.833333333333336,259.1666666666667,True,True,['data/converted_multi_region_aligned_h100_16_merged'],5,2020.9932372933315,-1
Progressive_7,"['asia-southeast1-c_h100_16', 'asia-south2-b_h100_16', 'us-west1-b_h100_16', 'europe-west3-c_h100_16', 'us-west1-a_h100_16', 'us-east4-a_h100_16', 'europe-west1-c_h100_16']",7,rc_cr_threshold,0,single_region,,europe-west3-c_h100_16,,43.19444444444445,50.0,0.2,1.2,51.833333333333336,259.1666666666667,True,True,['data/converted_multi_region_aligned_h100_16_merged'],5,762.5208959999959,-1
Progressive_7,"['asia-southeast1-c_h100_16', 'asia-south2-b_h100_16', 'us-west1-b_h100_16', 'europe-west3-c_h100_16', 'us-west1-a_h100_16', 'us-east4-a_h100_16', 'europe-west1-c_h100_16']",7,rc_cr_threshold,0,single_region,,us-west1-a_h100_16,,43.19444444444445,50.0,0.2,1.2,51.833333333333336,259.1666666666667,True,True,['data/converted_multi_region_aligned_h100_16_merged'],5,2356.744341079999,-1
Progressive_7,"['asia-southeast1-c_h100_16', 'asia-south2-b_h100_16', 'us-west1-b_h100_16', 'europe-west3-c_h100_16', 'us-west1-a_h100_16', 'us-east4-a_h100_16', 'europe-west1-c_h100_16']",7,rc_cr_threshold,0,single_region,,us-east4-a_h100_16,,43.19444444444445,50.0,0.2,1.2,51.833333333333336,259.1666666666667,True,True,['data/converted_multi_region_aligned_h100_16_merged'],5,1024.0937989333413,-1
Progressive_7,"['asia-southeast1-c_h100_16', 'asia-south2-b_h100_16', 'us-west1-b_h100_16', 'europe-west3-c_h100_16', 'us-west1-a_h100_16', 'us-east4-a_h100_16', 'europe-west1-c_h100_16']",7,rc_cr_threshold,0,single_region,,europe-west1-c_h100_16,,43.19444444444445,50.0,0.2,1.2,51.833333333333336,259.1666666666667,True,True,['data/converted_multi_region_aligned_h100_16_merged'],5,711.4999199999968,0
Progressive_8,"['asia-southeast1-c_h100_16', 'asia-south2-b_h100_16', 'us-west1-b_h100_16', 'europe-west3-c_h100_16', 'us-west1-a_h100_16', 'us-east4-a_h100_16', 'europe-west1-c_h100_16', 'us-central1-c_h100_16']",8,unified_cost_model_risk,0,multi_region,,,,43.19444444444445,50.0,0.2,1.2,51.833333333333336,0.0,True,True,['data/converted_multi_region_aligned_h100_16_merged'],0,688.1944949962632,1
Progressive_8,"['asia-southeast1-c_h100_16', 'asia-south2-b_h100_16', 'us-west1-b_h100_16', 'europe-west3-c_h100_16', 'us-west1-a_h100_16', 'us-east4-a_h100_16', 'europe-west1-c_h100_16', 'us-central1-c_h100_16']",8,multi_region_oracle_dp,0,multi_region,,,,43.19444444444445,50.0,0.2,1.2,51.833333333333336,0.0,True,True,['data/converted_multi_region_aligned_h100_16_merged'],0,646.1246400000023,0
Progressive_8,"['asia-southeast1-c_h100_16', 'asia-south2-b_h100_16', 'us-west1-b_h100_16', 'europe-west3-c_h100_16', 'us-west1-a_h100_16', 'us-east4-a_h100_16', 'europe-west1-c_h100_16', 'us-central1-c_h100_16']",8,unified_cost_model_oracle,0,multi_region,,,,43.19444444444445,50.0,0.2,1.2,51.833333333333336,0.0,True,True,['data/converted_multi_region_aligned_h100_16_merged'],0,652.1030933333356,2
Progressive_8,"['asia-southeast1-c_h100_16', 'asia-south2-b_h100_16', 'us-west1-b_h100_16', 'europe-west3-c_h100_16', 'us-west1-a_h100_16', 'us-east4-a_h100_16', 'europe-west1-c_h100_16', 'us-central1-c_h100_16']",8,multi_region_rc_cr_threshold_eager_failover,0,multi_region,,,,43.19444444444445,50.0,0.2,1.2,51.833333333333336,0.0,True,True,['data/converted_multi_region_aligned_h100_16_merged'],0,684.9471199999965,1
Progressive_8,"['asia-southeast1-c_h100_16', 'asia-south2-b_h100_16', 'us-west1-b_h100_16', 'europe-west3-c_h100_16', 'us-west1-a_h100_16', 'us-east4-a_h100_16', 'europe-west1-c_h100_16', 'us-central1-c_h100_16']",8,multi_region_availability_probe_simple,0,multi_region,,,,43.19444444444445,50.0,0.2,1.2,51.833333333333336,0.0,True,True,['data/converted_multi_region_aligned_h100_16_merged'],0,889.4781624511972,0
Progressive_8,"['asia-southeast1-c_h100_16', 'asia-south2-b_h100_16', 'us-west1-b_h100_16', 'europe-west3-c_h100_16', 'us-west1-a_h100_16', 'us-east4-a_h100_16', 'europe-west1-c_h100_16', 'us-central1-c_h100_16']",8,multi_region_probe_cost_ratio,0,multi_region,,,,43.19444444444445,50.0,0.2,1.2,51.833333333333336,0.0,True,True,['data/converted_multi_region_aligned_h100_16_merged'],0,797.9116107690627,1
Progressive_8,"['asia-southeast1-c_h100_16', 'asia-south2-b_h100_16', 'us-west1-b_h100_16', 'europe-west3-c_h100_16', 'us-west1-a_h100_16', 'us-east4-a_h100_16', 'europe-west1-c_h100_16', 'us-central1-c_h100_16']",8,rc_cr_threshold,0,single_region,,asia-southeast1-c_h100_16,,43.19444444444445,50.0,0.2,1.2,51.833333333333336,0.0,True,True,['data/converted_multi_region_aligned_h100_16_merged'],0,837.6527039999982,-1
Progressive_8,"['asia-southeast1-c_h100_16', 'asia-south2-b_h100_16', 'us-west1-b_h100_16', 'europe-west3-c_h100_16', 'us-west1-a_h100_16', 'us-east4-a_h100_16', 'europe-west1-c_h100_16', 'us-central1-c_h100_16']",8,rc_cr_threshold,0,single_region,,asia-south2-b_h100_16,,43.19444444444445,50.0,0.2,1.2,51.833333333333336,0.0,True,True,['data/converted_multi_region_aligned_h100_16_merged'],0,3041.090036256015,-1
Progressive_8,"['asia-southeast1-c_h100_16', 'asia-south2-b_h100_16', 'us-west1-b_h100_16', 'europe-west3-c_h100_16', 'us-west1-a_h100_16', 'us-east4-a_h100_16', 'europe-west1-c_h100_16', 'us-central1-c_h100_16']",8,rc_cr_threshold,0,single_region,,us-west1-b_h100_16,,43.19444444444445,50.0,0.2,1.2,51.833333333333336,0.0,True,True,['data/converted_multi_region_aligned_h100_16_merged'],0,3437.993616413327,-1
Progressive_8,"['asia-southeast1-c_h100_16', 'asia-south2-b_h100_16', 'us-west1-b_h100_16', 'europe-west3-c_h100_16', 'us-west1-a_h100_16', 'us-east4-a_h100_16', 'europe-west1-c_h100_16', 'us-central1-c_h100_16']",8,rc_cr_threshold,0,single_region,,europe-west3-c_h100_16,,43.19444444444445,50.0,0.2,1.2,51.833333333333336,0.0,True,True,['data/converted_multi_region_aligned_h100_16_merged'],0,3778.9989031679966,-1
Progressive_8,"['asia-southeast1-c_h100_16', 'asia-south2-b_h100_16', 'us-west1-b_h100_16', 'europe-west3-c_h100_16', 'us-west1-a_h100_16', 'us-east4-a_h100_16', 'europe-west1-c_h100_16', 'us-central1-c_h100_16']",8,rc_cr_threshold,0,single_region,,us-west1-a_h100_16,,43.19444444444445,50.0,0.2,1.2,51.833333333333336,0.0,True,True,['data/converted_multi_region_aligned_h100_16_merged'],0,1014.0229918933371,-1
Progressive_8,"['asia-southeast1-c_h100_16', 'asia-south2-b_h100_16', 'us-west1-b_h100_16', 'europe-west3-c_h100_16', 'us-west1-a_h100_16', 'us-east4-a_h100_16', 'europe-west1-c_h100_16', 'us-central1-c_h100_16']",8,rc_cr_threshold,0,single_region,,us-east4-a_h100_16,,43.19444444444445,50.0,0.2,1.2,51.833333333333336,0.0,True,True,['data/converted_multi_region_aligned_h100_16_merged'],0,651.075786666669,-1
Progressive_8,"['asia-southeast1-c_h100_16', 'asia-south2-b_h100_16', 'us-west1-b_h100_16', 'europe-west3-c_h100_16', 'us-west1-a_h100_16', 'us-east4-a_h100_16', 'europe-west1-c_h100_16', 'us-central1-c_h100_16']",8,rc_cr_threshold,0,single_region,,europe-west1-c_h100_16,,43.19444444444445,50.0,0.2,1.2,51.833333333333336,0.0,True,True,['data/converted_multi_region_aligned_h100_16_merged'],0,711.4999199999968,-1
Progressive_8,"['asia-southeast1-c_h100_16', 'asia-south2-b_h100_16', 'us-west1-b_h100_16', 'europe-west3-c_h100_16', 'us-west1-a_h100_16', 'us-east4-a_h100_16', 'europe-west1-c_h100_16', 'us-central1-c_h100_16']",8,rc_cr_threshold,0,single_region,,us-central1-c_h100_16,,43.19444444444445,50.0,0.2,1.2,51.833333333333336,0.0,True,True,['data/converted_multi_region_aligned_h100_16_merged'],0,1078.529451866673,0
Progressive_8,"['asia-southeast1-c_h100_16', 'asia-south2-b_h100_16', 'us-west1-b_h100_16', 'europe-west3-c_h100_16', 'us-west1-a_h100_16', 'us-east4-a_h100_16', 'europe-west1-c_h100_16', 'us-central1-c_h100_16']",8,unified_cost_model_risk,0,multi_region,,,,43.19444444444445,50.0,0.2,1.2,51.833333333333336,51.833333333333336,True,True,['data/converted_multi_region_aligned_h100_16_merged'],1,671.3810437962693,4
Progressive_8,"['asia-southeast1-c_h100_16', 'asia-south2-b_h100_16', 'us-west1-b_h100_16', 'europe-west3-c_h100_16', 'us-west1-a_h100_16', 'us-east4-a_h100_16', 'europe-west1-c_h100_16', 'us-central1-c_h100_16']",8,multi_region_oracle_dp,0,multi_region,,,,43.19444444444445,50.0,0.2,1.2,51.833333333333336,51.833333333333336,True,True,['data/converted_multi_region_aligned_h100_16_merged'],1,648.6002133333357,0
Progressive_8,"['asia-southeast1-c_h100_16', 'asia-south2-b_h100_16', 'us-west1-b_h100_16', 'europe-west3-c_h100_16', 'us-west1-a_h100_16', 'us-east4-a_h100_16', 'europe-west1-c_h100_16', 'us-central1-c_h100_16']",8,unified_cost_model_oracle,0,multi_region,,,,43.19444444444445,50.0,0.2,1.2,51.833333333333336,51.833333333333336,True,True,['data/converted_multi_region_aligned_h100_16_merged'],1,700.570556554669,5
Progressive_8,"['asia-southeast1-c_h100_16', 'asia-south2-b_h100_16', 'us-west1-b_h100_16', 'europe-west3-c_h100_16', 'us-west1-a_h100_16', 'us-east4-a_h100_16', 'europe-west1-c_h100_16', 'us-central1-c_h100_16']",8,multi_region_rc_cr_threshold_eager_failover,0,multi_region,,,,43.19444444444445,50.0,0.2,1.2,51.833333333333336,51.833333333333336,True,True,['data/converted_multi_region_aligned_h100_16_merged'],1,1000.0442127679992,7
Progressive_8,"['asia-southeast1-c_h100_16', 'asia-south2-b_h100_16', 'us-west1-b_h100_16', 'europe-west3-c_h100_16', 'us-west1-a_h100_16', 'us-east4-a_h100_16', 'europe-west1-c_h100_16', 'us-central1-c_h100_16']",8,multi_region_availability_probe_simple,0,multi_region,,,,43.19444444444445,50.0,0.2,1.2,51.833333333333336,51.833333333333336,True,True,['data/converted_multi_region_aligned_h100_16_merged'],1,2640.0074940746795,1
Progressive_8,"['asia-southeast1-c_h100_16', 'asia-south2-b_h100_16', 'us-west1-b_h100_16', 'europe-west3-c_h100_16', 'us-west1-a_h100_16', 'us-east4-a_h100_16', 'europe-west1-c_h100_16', 'us-central1-c_h100_16']",8,multi_region_probe_cost_ratio,0,multi_region,,,,43.19444444444445,50.0,0.2,1.2,51.833333333333336,51.833333333333336,True,True,['data/converted_multi_region_aligned_h100_16_merged'],1,785.9914610282707,8
Progressive_8,"['asia-southeast1-c_h100_16', 'asia-south2-b_h100_16', 'us-west1-b_h100_16', 'europe-west3-c_h100_16', 'us-west1-a_h100_16', 'us-east4-a_h100_16', 'europe-west1-c_h100_16', 'us-central1-c_h100_16']",8,rc_cr_threshold,0,single_region,,asia-southeast1-c_h100_16,,43.19444444444445,50.0,0.2,1.2,51.833333333333336,51.833333333333336,True,True,['data/converted_multi_region_aligned_h100_16_merged'],1,2447.4830988480044,-1
Progressive_8,"['asia-southeast1-c_h100_16', 'asia-south2-b_h100_16', 'us-west1-b_h100_16', 'europe-west3-c_h100_16', 'us-west1-a_h100_16', 'us-east4-a_h100_16', 'europe-west1-c_h100_16', 'us-central1-c_h100_16']",8,rc_cr_threshold,0,single_region,,asia-south2-b_h100_16,,43.19444444444445,50.0,0.2,1.2,51.833333333333336,51.833333333333336,True,True,['data/converted_multi_region_aligned_h100_16_merged'],1,3041.090036256015,-1
Progressive_8,"['asia-southeast1-c_h100_16', 'asia-south2-b_h100_16', 'us-west1-b_h100_16', 'europe-west3-c_h100_16', 'us-west1-a_h100_16', 'us-east4-a_h100_16', 'europe-west1-c_h100_16', 'us-central1-c_h100_16']",8,rc_cr_threshold,0,single_region,,us-west1-b_h100_16,,43.19444444444445,50.0,0.2,1.2,51.833333333333336,51.833333333333336,True,True,['data/converted_multi_region_aligned_h100_16_merged'],1,3599.345881259991,-1
Progressive_8,"['asia-southeast1-c_h100_16', 'asia-south2-b_h100_16', 'us-west1-b_h100_16', 'europe-west3-c_h100_16', 'us-west1-a_h100_16', 'us-east4-a_h100_16', 'europe-west1-c_h100_16', 'us-central1-c_h100_16']",8,rc_cr_threshold,0,single_region,,europe-west3-c_h100_16,,43.19444444444445,50.0,0.2,1.2,51.833333333333336,51.833333333333336,True,True,['data/converted_multi_region_aligned_h100_16_merged'],1,3739.073504063997,-1
Progressive_8,"['asia-southeast1-c_h100_16', 'asia-south2-b_h100_16', 'us-west1-b_h100_16', 'europe-west3-c_h100_16', 'us-west1-a_h100_16', 'us-east4-a_h100_16', 'europe-west1-c_h100_16', 'us-central1-c_h100_16']",8,rc_cr_threshold,0,single_region,,us-west1-a_h100_16,,43.19444444444445,50.0,0.2,1.2,51.833333333333336,51.833333333333336,True,True,['data/converted_multi_region_aligned_h100_16_merged'],1,3595.081146266658,-1
Progressive_8,"['asia-southeast1-c_h100_16', 'asia-south2-b_h100_16', 'us-west1-b_h100_16', 'europe-west3-c_h100_16', 'us-west1-a_h100_16', 'us-east4-a_h100_16', 'europe-west1-c_h100_16', 'us-central1-c_h100_16']",8,rc_cr_threshold,0,single_region,,us-east4-a_h100_16,,43.19444444444445,50.0,0.2,1.2,51.833333333333336,51.833333333333336,True,True,['data/converted_multi_region_aligned_h100_16_merged'],1,660.9780800000026,-1
Progressive_8,"['asia-southeast1-c_h100_16', 'asia-south2-b_h100_16', 'us-west1-b_h100_16', 'europe-west3-c_h100_16', 'us-west1-a_h100_16', 'us-east4-a_h100_16', 'europe-west1-c_h100_16', 'us-central1-c_h100_16']",8,rc_cr_threshold,0,single_region,,europe-west1-c_h100_16,,43.19444444444445,50.0,0.2,1.2,51.833333333333336,51.833333333333336,True,True,['data/converted_multi_region_aligned_h100_16_merged'],1,1387.2608158293308,-1
Progressive_8,"['asia-southeast1-c_h100_16', 'asia-south2-b_h100_16', 'us-west1-b_h100_16', 'europe-west3-c_h100_16', 'us-west1-a_h100_16', 'us-east4-a_h100_16', 'europe-west1-c_h100_16', 'us-central1-c_h100_16']",8,rc_cr_threshold,0,single_region,,us-central1-c_h100_16,,43.19444444444445,50.0,0.2,1.2,51.833333333333336,51.833333333333336,True,True,['data/converted_multi_region_aligned_h100_16_merged'],1,1138.771176846671,0
Progressive_8,"['asia-southeast1-c_h100_16', 'asia-south2-b_h100_16', 'us-west1-b_h100_16', 'europe-west3-c_h100_16', 'us-west1-a_h100_16', 'us-east4-a_h100_16', 'europe-west1-c_h100_16', 'us-central1-c_h100_16']",8,unified_cost_model_risk,0,multi_region,,,,43.19444444444445,50.0,0.2,1.2,51.833333333333336,103.66666666666667,True,True,['data/converted_multi_region_aligned_h100_16_merged'],2,665.1086613962648,1
Progressive_8,"['asia-southeast1-c_h100_16', 'asia-south2-b_h100_16', 'us-west1-b_h100_16', 'europe-west3-c_h100_16', 'us-west1-a_h100_16', 'us-east4-a_h100_16', 'europe-west1-c_h100_16', 'us-central1-c_h100_16']",8,multi_region_oracle_dp,0,multi_region,,,,43.19444444444445,50.0,0.2,1.2,51.833333333333336,103.66666666666667,True,True,['data/converted_multi_region_aligned_h100_16_merged'],2,646.1246400000023,0
Progressive_8,"['asia-southeast1-c_h100_16', 'asia-south2-b_h100_16', 'us-west1-b_h100_16', 'europe-west3-c_h100_16', 'us-west1-a_h100_16', 'us-east4-a_h100_16', 'europe-west1-c_h100_16', 'us-central1-c_h100_16']",8,unified_cost_model_oracle,0,multi_region,,,,43.19444444444445,50.0,0.2,1.2,51.833333333333336,103.66666666666667,True,True,['data/converted_multi_region_aligned_h100_16_merged'],2,662.1534399999981,1
Progressive_8,"['asia-southeast1-c_h100_16', 'asia-south2-b_h100_16', 'us-west1-b_h100_16', 'europe-west3-c_h100_16', 'us-west1-a_h100_16', 'us-east4-a_h100_16', 'europe-west1-c_h100_16', 'us-central1-c_h100_16']",8,multi_region_rc_cr_threshold_eager_failover,0,multi_region,,,,43.19444444444445,50.0,0.2,1.2,51.833333333333336,103.66666666666667,True,True,['data/converted_multi_region_aligned_h100_16_merged'],2,662.1534399999981,1
Progressive_8,"['asia-southeast1-c_h100_16', 'asia-south2-b_h100_16', 'us-west1-b_h100_16', 'europe-west3-c_h100_16', 'us-west1-a_h100_16', 'us-east4-a_h100_16', 'europe-west1-c_h100_16', 'us-central1-c_h100_16']",8,multi_region_availability_probe_simple,0,multi_region,,,,43.19444444444445,50.0,0.2,1.2,51.833333333333336,103.66666666666667,True,True,['data/converted_multi_region_aligned_h100_16_merged'],2,3047.3486452266834,0
Progressive_8,"['asia-southeast1-c_h100_16', 'asia-south2-b_h100_16', 'us-west1-b_h100_16', 'europe-west3-c_h100_16', 'us-west1-a_h100_16', 'us-east4-a_h100_16', 'europe-west1-c_h100_16', 'us-central1-c_h100_16']",8,multi_region_probe_cost_ratio,0,multi_region,,,,43.19444444444445,50.0,0.2,1.2,51.833333333333336,103.66666666666667,True,True,['data/converted_multi_region_aligned_h100_16_merged'],2,734.2431825024024,4
Progressive_8,"['asia-southeast1-c_h100_16', 'asia-south2-b_h100_16', 'us-west1-b_h100_16', 'europe-west3-c_h100_16', 'us-west1-a_h100_16', 'us-east4-a_h100_16', 'europe-west1-c_h100_16', 'us-central1-c_h100_16']",8,rc_cr_threshold,0,single_region,,asia-southeast1-c_h100_16,,43.19444444444445,50.0,0.2,1.2,51.833333333333336,103.66666666666667,True,True,['data/converted_multi_region_aligned_h100_16_merged'],2,4350.9155566933205,-1
Progressive_8,"['asia-southeast1-c_h100_16', 'asia-south2-b_h100_16', 'us-west1-b_h100_16', 'europe-west3-c_h100_16', 'us-west1-a_h100_16', 'us-east4-a_h100_16', 'europe-west1-c_h100_16', 'us-central1-c_h100_16']",8,rc_cr_threshold,0,single_region,,asia-south2-b_h100_16,,43.19444444444445,50.0,0.2,1.2,51.833333333333336,103.66666666666667,True,True,['data/converted_multi_region_aligned_h100_16_merged'],2,3041.090036256015,-1
Progressive_8,"['asia-southeast1-c_h100_16', 'asia-south2-b_h100_16', 'us-west1-b_h100_16', 'europe-west3-c_h100_16', 'us-west1-a_h100_16', 'us-east4-a_h100_16', 'europe-west1-c_h100_16', 'us-central1-c_h100_16']",8,rc_cr_threshold,0,single_region,,us-west1-b_h100_16,,43.19444444444445,50.0,0.2,1.2,51.833333333333336,103.66666666666667,True,True,['data/converted_multi_region_aligned_h100_16_merged'],2,3608.835385259991,-1
Progressive_8,"['asia-southeast1-c_h100_16', 'asia-south2-b_h100_16', 'us-west1-b_h100_16', 'europe-west3-c_h100_16', 'us-west1-a_h100_16', 'us-east4-a_h100_16', 'europe-west1-c_h100_16', 'us-central1-c_h100_16']",8,rc_cr_threshold,0,single_region,,europe-west3-c_h100_16,,43.19444444444445,50.0,0.2,1.2,51.833333333333336,103.66666666666667,True,True,['data/converted_multi_region_aligned_h100_16_merged'],2,4236.030618047997,-1
Progressive_8,"['asia-southeast1-c_h100_16', 'asia-south2-b_h100_16', 'us-west1-b_h100_16', 'europe-west3-c_h100_16', 'us-west1-a_h100_16', 'us-east4-a_h100_16', 'europe-west1-c_h100_16', 'us-central1-c_h100_16']",8,rc_cr_threshold,0,single_region,,us-west1-a_h100_16,,43.19444444444445,50.0,0.2,1.2,51.833333333333336,103.66666666666667,True,True,['data/converted_multi_region_aligned_h100_16_merged'],2,2912.9878676999974,-1
Progressive_8,"['asia-southeast1-c_h100_16', 'asia-south2-b_h100_16', 'us-west1-b_h100_16', 'europe-west3-c_h100_16', 'us-west1-a_h100_16', 'us-east4-a_h100_16', 'europe-west1-c_h100_16', 'us-central1-c_h100_16']",8,rc_cr_threshold,0,single_region,,us-east4-a_h100_16,,43.19444444444445,50.0,0.2,1.2,51.833333333333336,103.66666666666667,True,True,['data/converted_multi_region_aligned_h100_16_merged'],2,651.075786666669,-1
Progressive_8,"['asia-southeast1-c_h100_16', 'asia-south2-b_h100_16', 'us-west1-b_h100_16', 'europe-west3-c_h100_16', 'us-west1-a_h100_16', 'us-east4-a_h100_16', 'europe-west1-c_h100_16', 'us-central1-c_h100_16']",8,rc_cr_threshold,0,single_region,,europe-west1-c_h100_16,,43.19444444444445,50.0,0.2,1.2,51.833333333333336,103.66666666666667,True,True,['data/converted_multi_region_aligned_h100_16_merged'],2,1101.9328648213288,-1
Progressive_8,"['asia-southeast1-c_h100_16', 'asia-south2-b_h100_16', 'us-west1-b_h100_16', 'europe-west3-c_h100_16', 'us-west1-a_h100_16', 'us-east4-a_h100_16', 'europe-west1-c_h100_16', 'us-central1-c_h100_16']",8,rc_cr_threshold,0,single_region,,us-central1-c_h100_16,,43.19444444444445,50.0,0.2,1.2,51.833333333333336,103.66666666666667,True,True,['data/converted_multi_region_aligned_h100_16_merged'],2,1699.1379054800072,0
Progressive_8,"['asia-southeast1-c_h100_16', 'asia-south2-b_h100_16', 'us-west1-b_h100_16', 'europe-west3-c_h100_16', 'us-west1-a_h100_16', 'us-east4-a_h100_16', 'europe-west1-c_h100_16', 'us-central1-c_h100_16']",8,unified_cost_model_risk,0,multi_region,,,,43.19444444444445,50.0,0.2,1.2,51.833333333333336,155.5,True,True,['data/converted_multi_region_aligned_h100_16_merged'],3,711.9846917962619,2
Progressive_8,"['asia-southeast1-c_h100_16', 'asia-south2-b_h100_16', 'us-west1-b_h100_16', 'europe-west3-c_h100_16', 'us-west1-a_h100_16', 'us-east4-a_h100_16', 'europe-west1-c_h100_16', 'us-central1-c_h100_16']",8,multi_region_oracle_dp,0,multi_region,,,,43.19444444444445,50.0,0.2,1.2,51.833333333333336,155.5,True,True,['data/converted_multi_region_aligned_h100_16_merged'],3,691.902106666663,1
Progressive_8,"['asia-southeast1-c_h100_16', 'asia-south2-b_h100_16', 'us-west1-b_h100_16', 'europe-west3-c_h100_16', 'us-west1-a_h100_16', 'us-east4-a_h100_16', 'europe-west1-c_h100_16', 'us-central1-c_h100_16']",8,unified_cost_model_oracle,0,multi_region,,,,43.19444444444445,50.0,0.2,1.2,51.833333333333336,155.5,True,True,['data/converted_multi_region_aligned_h100_16_merged'],3,709.1019679999953,2
Progressive_8,"['asia-southeast1-c_h100_16', 'asia-south2-b_h100_16', 'us-west1-b_h100_16', 'europe-west3-c_h100_16', 'us-west1-a_h100_16', 'us-east4-a_h100_16', 'europe-west1-c_h100_16', 'us-central1-c_h100_16']",8,multi_region_rc_cr_threshold_eager_failover,0,multi_region,,,,43.19444444444445,50.0,0.2,1.2,51.833333333333336,155.5,True,True,['data/converted_multi_region_aligned_h100_16_merged'],3,709.1019679999953,2
Progressive_8,"['asia-southeast1-c_h100_16', 'asia-south2-b_h100_16', 'us-west1-b_h100_16', 'europe-west3-c_h100_16', 'us-west1-a_h100_16', 'us-east4-a_h100_16', 'europe-west1-c_h100_16', 'us-central1-c_h100_16']",8,multi_region_availability_probe_simple,0,multi_region,,,,43.19444444444445,50.0,0.2,1.2,51.833333333333336,155.5,True,True,['data/converted_multi_region_aligned_h100_16_merged'],3,3054.6823694933514,0
Progressive_8,"['asia-southeast1-c_h100_16', 'asia-south2-b_h100_16', 'us-west1-b_h100_16', 'europe-west3-c_h100_16', 'us-west1-a_h100_16', 'us-east4-a_h100_16', 'europe-west1-c_h100_16', 'us-central1-c_h100_16']",8,multi_region_probe_cost_ratio,0,multi_region,,,,43.19444444444445,50.0,0.2,1.2,51.833333333333336,155.5,True,True,['data/converted_multi_region_aligned_h100_16_merged'],3,811.0720881023983,2
Progressive_8,"['asia-southeast1-c_h100_16', 'asia-south2-b_h100_16', 'us-west1-b_h100_16', 'europe-west3-c_h100_16', 'us-west1-a_h100_16', 'us-east4-a_h100_16', 'europe-west1-c_h100_16', 'us-central1-c_h100_16']",8,rc_cr_threshold,0,single_region,,asia-southeast1-c_h100_16,,43.19444444444445,50.0,0.2,1.2,51.833333333333336,155.5,True,True,['data/converted_multi_region_aligned_h100_16_merged'],3,4654.835836703985,-1
Progressive_8,"['asia-southeast1-c_h100_16', 'asia-south2-b_h100_16', 'us-west1-b_h100_16', 'europe-west3-c_h100_16', 'us-west1-a_h100_16', 'us-east4-a_h100_16', 'europe-west1-c_h100_16', 'us-central1-c_h100_16']",8,rc_cr_threshold,0,single_region,,asia-south2-b_h100_16,,43.19444444444445,50.0,0.2,1.2,51.833333333333336,155.5,True,True,['data/converted_multi_region_aligned_h100_16_merged'],3,3041.090036256015,-1
Progressive_8,"['asia-southeast1-c_h100_16', 'asia-south2-b_h100_16', 'us-west1-b_h100_16', 'europe-west3-c_h100_16', 'us-west1-a_h100_16', 'us-east4-a_h100_16', 'europe-west1-c_h100_16', 'us-central1-c_h100_16']",8,rc_cr_threshold,0,single_region,,us-west1-b_h100_16,,43.19444444444445,50.0,0.2,1.2,51.833333333333336,155.5,True,True,['data/converted_multi_region_aligned_h100_16_merged'],3,3606.7737842533243,-1
Progressive_8,"['asia-southeast1-c_h100_16', 'asia-south2-b_h100_16', 'us-west1-b_h100_16', 'europe-west3-c_h100_16', 'us-west1-a_h100_16', 'us-east4-a_h100_16', 'europe-west1-c_h100_16', 'us-central1-c_h100_16']",8,rc_cr_threshold,0,single_region,,europe-west3-c_h100_16,,43.19444444444445,50.0,0.2,1.2,51.833333333333336,155.5,True,True,['data/converted_multi_region_aligned_h100_16_merged'],3,2879.8662621439803,-1
Progressive_8,"['asia-southeast1-c_h100_16', 'asia-south2-b_h100_16', 'us-west1-b_h100_16', 'europe-west3-c_h100_16', 'us-west1-a_h100_16', 'us-east4-a_h100_16', 'europe-west1-c_h100_16', 'us-central1-c_h100_16']",8,rc_cr_threshold,0,single_region,,us-west1-a_h100_16,,43.19444444444445,50.0,0.2,1.2,51.833333333333336,155.5,True,True,['data/converted_multi_region_aligned_h100_16_merged'],3,828.7500160000034,-1
Progressive_8,"['asia-southeast1-c_h100_16', 'asia-south2-b_h100_16', 'us-west1-b_h100_16', 'europe-west3-c_h100_16', 'us-west1-a_h100_16', 'us-east4-a_h100_16', 'europe-west1-c_h100_16', 'us-central1-c_h100_16']",8,rc_cr_threshold,0,single_region,,us-east4-a_h100_16,,43.19444444444445,50.0,0.2,1.2,51.833333333333336,155.5,True,True,['data/converted_multi_region_aligned_h100_16_merged'],3,2414.6673413333347,-1
Progressive_8,"['asia-southeast1-c_h100_16', 'asia-south2-b_h100_16', 'us-west1-b_h100_16', 'europe-west3-c_h100_16', 'us-west1-a_h100_16', 'us-east4-a_h100_16', 'europe-west1-c_h100_16', 'us-central1-c_h100_16']",8,rc_cr_threshold,0,single_region,,europe-west1-c_h100_16,,43.19444444444445,50.0,0.2,1.2,51.833333333333336,155.5,True,True,['data/converted_multi_region_aligned_h100_16_merged'],3,714.2259733333301,-1
Progressive_8,"['asia-southeast1-c_h100_16', 'asia-south2-b_h100_16', 'us-west1-b_h100_16', 'europe-west3-c_h100_16', 'us-west1-a_h100_16', 'us-east4-a_h100_16', 'europe-west1-c_h100_16', 'us-central1-c_h100_16']",8,rc_cr_threshold,0,single_region,,us-central1-c_h100_16,,43.19444444444445,50.0,0.2,1.2,51.833333333333336,155.5,True,True,['data/converted_multi_region_aligned_h100_16_merged'],3,1059.5504438666728,0
Progressive_8,"['asia-southeast1-c_h100_16', 'asia-south2-b_h100_16', 'us-west1-b_h100_16', 'europe-west3-c_h100_16', 'us-west1-a_h100_16', 'us-east4-a_h100_16', 'europe-west1-c_h100_16', 'us-central1-c_h100_16']",8,unified_cost_model_risk,0,multi_region,,,,43.19444444444445,50.0,0.2,1.2,51.833333333333336,207.33333333333334,True,True,['data/converted_multi_region_aligned_h100_16_merged'],4,808.2911888629365,5
Progressive_8,"['asia-southeast1-c_h100_16', 'asia-south2-b_h100_16', 'us-west1-b_h100_16', 'europe-west3-c_h100_16', 'us-west1-a_h100_16', 'us-east4-a_h100_16', 'europe-west1-c_h100_16', 'us-central1-c_h100_16']",8,multi_region_oracle_dp,0,multi_region,,,,43.19444444444445,50.0,0.2,1.2,51.833333333333336,207.33333333333334,True,True,['data/converted_multi_region_aligned_h100_16_merged'],4,689.1574826666705,3
Progressive_8,"['asia-southeast1-c_h100_16', 'asia-south2-b_h100_16', 'us-west1-b_h100_16', 'europe-west3-c_h100_16', 'us-west1-a_h100_16', 'us-east4-a_h100_16', 'europe-west1-c_h100_16', 'us-central1-c_h100_16']",8,unified_cost_model_oracle,0,multi_region,,,,43.19444444444445,50.0,0.2,1.2,51.833333333333336,207.33333333333334,True,True,['data/converted_multi_region_aligned_h100_16_merged'],4,727.7777173333371,2
Progressive_8,"['asia-southeast1-c_h100_16', 'asia-south2-b_h100_16', 'us-west1-b_h100_16', 'europe-west3-c_h100_16', 'us-west1-a_h100_16', 'us-east4-a_h100_16', 'europe-west1-c_h100_16', 'us-central1-c_h100_16']",8,multi_region_rc_cr_threshold_eager_failover,0,multi_region,,,,43.19444444444445,50.0,0.2,1.2,51.833333333333336,207.33333333333334,True,True,['data/converted_multi_region_aligned_h100_16_merged'],4,729.8275306666707,4
Progressive_8,"['asia-southeast1-c_h100_16', 'asia-south2-b_h100_16', 'us-west1-b_h100_16', 'europe-west3-c_h100_16', 'us-west1-a_h100_16', 'us-east4-a_h100_16', 'europe-west1-c_h100_16', 'us-central1-c_h100_16']",8,multi_region_availability_probe_simple,0,multi_region,,,,43.19444444444445,50.0,0.2,1.2,51.833333333333336,207.33333333333334,True,True,['data/converted_multi_region_aligned_h100_16_merged'],4,3055.092491626683,0
Progressive_8,"['asia-southeast1-c_h100_16', 'asia-south2-b_h100_16', 'us-west1-b_h100_16', 'europe-west3-c_h100_16', 'us-west1-a_h100_16', 'us-east4-a_h100_16', 'europe-west1-c_h100_16', 'us-central1-c_h100_16']",8,multi_region_probe_cost_ratio,0,multi_region,,,,43.19444444444445,50.0,0.2,1.2,51.833333333333336,207.33333333333334,True,True,['data/converted_multi_region_aligned_h100_16_merged'],4,891.6200518986702,5
Progressive_8,"['asia-southeast1-c_h100_16', 'asia-south2-b_h100_16', 'us-west1-b_h100_16', 'europe-west3-c_h100_16', 'us-west1-a_h100_16', 'us-east4-a_h100_16', 'europe-west1-c_h100_16', 'us-central1-c_h100_16']",8,rc_cr_threshold,0,single_region,,asia-southeast1-c_h100_16,,43.19444444444445,50.0,0.2,1.2,51.833333333333336,207.33333333333334,True,True,['data/converted_multi_region_aligned_h100_16_merged'],4,4409.416447615982,-1
Progressive_8,"['asia-southeast1-c_h100_16', 'asia-south2-b_h100_16', 'us-west1-b_h100_16', 'europe-west3-c_h100_16', 'us-west1-a_h100_16', 'us-east4-a_h100_16', 'europe-west1-c_h100_16', 'us-central1-c_h100_16']",8,rc_cr_threshold,0,single_region,,asia-south2-b_h100_16,,43.19444444444445,50.0,0.2,1.2,51.833333333333336,207.33333333333334,True,True,['data/converted_multi_region_aligned_h100_16_merged'],4,3041.090036256015,-1
Progressive_8,"['asia-southeast1-c_h100_16', 'asia-south2-b_h100_16', 'us-west1-b_h100_16', 'europe-west3-c_h100_16', 'us-west1-a_h100_16', 'us-east4-a_h100_16', 'europe-west1-c_h100_16', 'us-central1-c_h100_16']",8,rc_cr_threshold,0,single_region,,us-west1-b_h100_16,,43.19444444444445,50.0,0.2,1.2,51.833333333333336,207.33333333333334,True,True,['data/converted_multi_region_aligned_h100_16_merged'],4,3033.7543836199966,-1
Progressive_8,"['asia-southeast1-c_h100_16', 'asia-south2-b_h100_16', 'us-west1-b_h100_16', 'europe-west3-c_h100_16', 'us-west1-a_h100_16', 'us-east4-a_h100_16', 'europe-west1-c_h100_16', 'us-central1-c_h100_16']",8,rc_cr_threshold,0,single_region,,europe-west3-c_h100_16,,43.19444444444445,50.0,0.2,1.2,51.833333333333336,207.33333333333334,True,True,['data/converted_multi_region_aligned_h100_16_merged'],4,2354.6698930559846,-1
Progressive_8,"['asia-southeast1-c_h100_16', 'asia-south2-b_h100_16', 'us-west1-b_h100_16', 'europe-west3-c_h100_16', 'us-west1-a_h100_16', 'us-east4-a_h100_16', 'europe-west1-c_h100_16', 'us-central1-c_h100_16']",8,rc_cr_threshold,0,single_region,,us-west1-a_h100_16,,43.19444444444445,50.0,0.2,1.2,51.833333333333336,207.33333333333334,True,True,['data/converted_multi_region_aligned_h100_16_merged'],4,1099.8531268333402,-1
Progressive_8,"['asia-southeast1-c_h100_16', 'asia-south2-b_h100_16', 'us-west1-b_h100_16', 'europe-west3-c_h100_16', 'us-west1-a_h100_16', 'us-east4-a_h100_16', 'europe-west1-c_h100_16', 'us-central1-c_h100_16']",8,rc_cr_threshold,0,single_region,,us-east4-a_h100_16,,43.19444444444445,50.0,0.2,1.2,51.833333333333336,207.33333333333334,True,True,['data/converted_multi_region_aligned_h100_16_merged'],4,2306.009798026656,-1
Progressive_8,"['asia-southeast1-c_h100_16', 'asia-south2-b_h100_16', 'us-west1-b_h100_16', 'europe-west3-c_h100_16', 'us-west1-a_h100_16', 'us-east4-a_h100_16', 'europe-west1-c_h100_16', 'us-central1-c_h100_16']",8,rc_cr_threshold,0,single_region,,europe-west1-c_h100_16,,43.19444444444445,50.0,0.2,1.2,51.833333333333336,207.33333333333334,True,True,['data/converted_multi_region_aligned_h100_16_merged'],4,2051.208961802666,-1
Progressive_8,"['asia-southeast1-c_h100_16', 'asia-south2-b_h100_16', 'us-west1-b_h100_16', 'europe-west3-c_h100_16', 'us-west1-a_h100_16', 'us-east4-a_h100_16', 'europe-west1-c_h100_16', 'us-central1-c_h100_16']",8,rc_cr_threshold,0,single_region,,us-central1-c_h100_16,,43.19444444444445,50.0,0.2,1.2,51.833333333333336,207.33333333333334,True,True,['data/converted_multi_region_aligned_h100_16_merged'],4,841.4026880000035,0
Progressive_8,"['asia-southeast1-c_h100_16', 'asia-south2-b_h100_16', 'us-west1-b_h100_16', 'europe-west3-c_h100_16', 'us-west1-a_h100_16', 'us-east4-a_h100_16', 'europe-west1-c_h100_16', 'us-central1-c_h100_16']",8,unified_cost_model_risk,0,multi_region,,,,43.19444444444445,50.0,0.2,1.2,51.833333333333336,259.1666666666667,True,True,['data/converted_multi_region_aligned_h100_16_merged'],5,694.7069749962632,1
Progressive_8,"['asia-southeast1-c_h100_16', 'asia-south2-b_h100_16', 'us-west1-b_h100_16', 'europe-west3-c_h100_16', 'us-west1-a_h100_16', 'us-east4-a_h100_16', 'europe-west1-c_h100_16', 'us-central1-c_h100_16']",8,multi_region_oracle_dp,0,multi_region,,,,43.19444444444445,50.0,0.2,1.2,51.833333333333336,259.1666666666667,True,True,['data/converted_multi_region_aligned_h100_16_merged'],5,671.5528533333356,2
Progressive_8,"['asia-southeast1-c_h100_16', 'asia-south2-b_h100_16', 'us-west1-b_h100_16', 'europe-west3-c_h100_16', 'us-west1-a_h100_16', 'us-east4-a_h100_16', 'europe-west1-c_h100_16', 'us-central1-c_h100_16']",8,unified_cost_model_oracle,0,multi_region,,,,43.19444444444445,50.0,0.2,1.2,51.833333333333336,259.1666666666667,True,True,['data/converted_multi_region_aligned_h100_16_merged'],5,691.4595999999965,1
Progressive_8,"['asia-southeast1-c_h100_16', 'asia-south2-b_h100_16', 'us-west1-b_h100_16', 'europe-west3-c_h100_16', 'us-west1-a_h100_16', 'us-east4-a_h100_16', 'europe-west1-c_h100_16', 'us-central1-c_h100_16']",8,multi_region_rc_cr_threshold_eager_failover,0,multi_region,,,,43.19444444444445,50.0,0.2,1.2,51.833333333333336,259.1666666666667,True,True,['data/converted_multi_region_aligned_h100_16_merged'],5,691.4595999999965,1
Progressive_8,"['asia-southeast1-c_h100_16', 'asia-south2-b_h100_16', 'us-west1-b_h100_16', 'europe-west3-c_h100_16', 'us-west1-a_h100_16', 'us-east4-a_h100_16', 'europe-west1-c_h100_16', 'us-central1-c_h100_16']",8,multi_region_availability_probe_simple,0,multi_region,,,,43.19444444444445,50.0,0.2,1.2,51.833333333333336,259.1666666666667,True,True,['data/converted_multi_region_aligned_h100_16_merged'],5,896.0055117845304,0
Progressive_8,"['asia-southeast1-c_h100_16', 'asia-south2-b_h100_16', 'us-west1-b_h100_16', 'europe-west3-c_h100_16', 'us-west1-a_h100_16', 'us-east4-a_h100_16', 'europe-west1-c_h100_16', 'us-central1-c_h100_16']",8,multi_region_probe_cost_ratio,0,multi_region,,,,43.19444444444445,50.0,0.2,1.2,51.833333333333336,259.1666666666667,True,True,['data/converted_multi_region_aligned_h100_16_merged'],5,813.3068731690627,1
Progressive_8,"['asia-southeast1-c_h100_16', 'asia-south2-b_h100_16', 'us-west1-b_h100_16', 'europe-west3-c_h100_16', 'us-west1-a_h100_16', 'us-east4-a_h100_16', 'europe-west1-c_h100_16', 'us-central1-c_h100_16']",8,rc_cr_threshold,0,single_region,,asia-southeast1-c_h100_16,,43.19444444444445,50.0,0.2,1.2,51.833333333333336,259.1666666666667,True,True,['data/converted_multi_region_aligned_h100_16_merged'],5,837.6527039999982,-1
Progressive_8,"['asia-southeast1-c_h100_16', 'asia-south2-b_h100_16', 'us-west1-b_h100_16', 'europe-west3-c_h100_16', 'us-west1-a_h100_16', 'us-east4-a_h100_16', 'europe-west1-c_h100_16', 'us-central1-c_h100_16']",8,rc_cr_threshold,0,single_region,,asia-south2-b_h100_16,,43.19444444444445,50.0,0.2,1.2,51.833333333333336,259.1666666666667,True,True,['data/converted_multi_region_aligned_h100_16_merged'],5,3041.090036256015,-1
Progressive_8,"['asia-southeast1-c_h100_16', 'asia-south2-b_h100_16', 'us-west1-b_h100_16', 'europe-west3-c_h100_16', 'us-west1-a_h100_16', 'us-east4-a_h100_16', 'europe-west1-c_h100_16', 'us-central1-c_h100_16']",8,rc_cr_threshold,0,single_region,,us-west1-b_h100_16,,43.19444444444445,50.0,0.2,1.2,51.833333333333336,259.1666666666667,True,True,['data/converted_multi_region_aligned_h100_16_merged'],5,2020.9932372933315,-1
Progressive_8,"['asia-southeast1-c_h100_16', 'asia-south2-b_h100_16', 'us-west1-b_h100_16', 'europe-west3-c_h100_16', 'us-west1-a_h100_16', 'us-east4-a_h100_16', 'europe-west1-c_h100_16', 'us-central1-c_h100_16']",8,rc_cr_threshold,0,single_region,,europe-west3-c_h100_16,,43.19444444444445,50.0,0.2,1.2,51.833333333333336,259.1666666666667,True,True,['data/converted_multi_region_aligned_h100_16_merged'],5,762.5208959999959,-1
Progressive_8,"['asia-southeast1-c_h100_16', 'asia-south2-b_h100_16', 'us-west1-b_h100_16', 'europe-west3-c_h100_16', 'us-west1-a_h100_16', 'us-east4-a_h100_16', 'europe-west1-c_h100_16', 'us-central1-c_h100_16']",8,rc_cr_threshold,0,single_region,,us-west1-a_h100_16,,43.19444444444445,50.0,0.2,1.2,51.833333333333336,259.1666666666667,True,True,['data/converted_multi_region_aligned_h100_16_merged'],5,2356.744341079999,-1
Progressive_8,"['asia-southeast1-c_h100_16', 'asia-south2-b_h100_16', 'us-west1-b_h100_16', 'europe-west3-c_h100_16', 'us-west1-a_h100_16', 'us-east4-a_h100_16', 'europe-west1-c_h100_16', 'us-central1-c_h100_16']",8,rc_cr_threshold,0,single_region,,us-east4-a_h100_16,,43.19444444444445,50.0,0.2,1.2,51.833333333333336,259.1666666666667,True,True,['data/converted_multi_region_aligned_h100_16_merged'],5,1024.0937989333413,-1
Progressive_8,"['asia-southeast1-c_h100_16', 'asia-south2-b_h100_16', 'us-west1-b_h100_16', 'europe-west3-c_h100_16', 'us-west1-a_h100_16', 'us-east4-a_h100_16', 'europe-west1-c_h100_16', 'us-central1-c_h100_16']",8,rc_cr_threshold,0,single_region,,europe-west1-c_h100_16,,43.19444444444445,50.0,0.2,1.2,51.833333333333336,259.1666666666667,True,True,['data/converted_multi_region_aligned_h100_16_merged'],5,711.4999199999968,-1
Progressive_8,"['asia-southeast1-c_h100_16', 'asia-south2-b_h100_16', 'us-west1-b_h100_16', 'europe-west3-c_h100_16', 'us-west1-a_h100_16', 'us-east4-a_h100_16', 'europe-west1-c_h100_16', 'us-central1-c_h100_16']",8,rc_cr_threshold,0,single_region,,us-central1-c_h100_16,,43.19444444444445,50.0,0.2,1.2,51.833333333333336,259.1666666666667,True,True,['data/converted_multi_region_aligned_h100_16_merged'],5,835.0763520000035,0
Progressive_9,"['asia-southeast1-c_h100_16', 'asia-south2-b_h100_16', 'us-west1-b_h100_16', 'europe-west3-c_h100_16', 'us-west1-a_h100_16', 'us-east4-a_h100_16', 'europe-west1-c_h100_16', 'us-central1-c_h100_16', 'us-central1-b_h100_16']",9,unified_cost_model_risk,0,multi_region,,,,43.19444444444445,50.0,0.2,1.2,51.833333333333336,0.0,True,True,['data/converted_multi_region_aligned_h100_16_merged'],0,688.5108117962632,1
Progressive_9,"['asia-southeast1-c_h100_16', 'asia-south2-b_h100_16', 'us-west1-b_h100_16', 'europe-west3-c_h100_16', 'us-west1-a_h100_16', 'us-east4-a_h100_16', 'europe-west1-c_h100_16', 'us-central1-c_h100_16', 'us-central1-b_h100_16']",9,multi_region_oracle_dp,0,multi_region,,,,43.19444444444445,50.0,0.2,1.2,51.833333333333336,0.0,True,True,['data/converted_multi_region_aligned_h100_16_merged'],0,646.1246400000023,0
Progressive_9,"['asia-southeast1-c_h100_16', 'asia-south2-b_h100_16', 'us-west1-b_h100_16', 'europe-west3-c_h100_16', 'us-west1-a_h100_16', 'us-east4-a_h100_16', 'europe-west1-c_h100_16', 'us-central1-c_h100_16', 'us-central1-b_h100_16']",9,unified_cost_model_oracle,0,multi_region,,,,43.19444444444445,50.0,0.2,1.2,51.833333333333336,0.0,True,True,['data/converted_multi_region_aligned_h100_16_merged'],0,652.1030933333356,2
Progressive_9,"['asia-southeast1-c_h100_16', 'asia-south2-b_h100_16', 'us-west1-b_h100_16', 'europe-west3-c_h100_16', 'us-west1-a_h100_16', 'us-east4-a_h100_16', 'europe-west1-c_h100_16', 'us-central1-c_h100_16', 'us-central1-b_h100_16']",9,multi_region_rc_cr_threshold_eager_failover,0,multi_region,,,,43.19444444444445,50.0,0.2,1.2,51.833333333333336,0.0,True,True,['data/converted_multi_region_aligned_h100_16_merged'],0,684.9471199999965,1
Progressive_9,"['asia-southeast1-c_h100_16', 'asia-south2-b_h100_16', 'us-west1-b_h100_16', 'europe-west3-c_h100_16', 'us-west1-a_h100_16', 'us-east4-a_h100_16', 'europe-west1-c_h100_16', 'us-central1-c_h100_16', 'us-central1-b_h100_16']",9,multi_region_availability_probe_simple,0,multi_region,,,,43.19444444444445,50.0,0.2,1.2,51.833333333333336,0.0,True,True,['data/converted_multi_region_aligned_h100_16_merged'],0,896.120815251197,0
Progressive_9,"['asia-southeast1-c_h100_16', 'asia-south2-b_h100_16', 'us-west1-b_h100_16', 'europe-west3-c_h100_16', 'us-west1-a_h100_16', 'us-east4-a_h100_16', 'europe-west1-c_h100_16', 'us-central1-c_h100_16', 'us-central1-b_h100_16']",9,multi_region_probe_cost_ratio,0,multi_region,,,,43.19444444444445,50.0,0.2,1.2,51.833333333333336,0.0,True,True,['data/converted_multi_region_aligned_h100_16_merged'],0,811.5132331690623,1
Progressive_9,"['asia-southeast1-c_h100_16', 'asia-south2-b_h100_16', 'us-west1-b_h100_16', 'europe-west3-c_h100_16', 'us-west1-a_h100_16', 'us-east4-a_h100_16', 'europe-west1-c_h100_16', 'us-central1-c_h100_16', 'us-central1-b_h100_16']",9,rc_cr_threshold,0,single_region,,asia-southeast1-c_h100_16,,43.19444444444445,50.0,0.2,1.2,51.833333333333336,0.0,True,True,['data/converted_multi_region_aligned_h100_16_merged'],0,837.6527039999982,-1
Progressive_9,"['asia-southeast1-c_h100_16', 'asia-south2-b_h100_16', 'us-west1-b_h100_16', 'europe-west3-c_h100_16', 'us-west1-a_h100_16', 'us-east4-a_h100_16', 'europe-west1-c_h100_16', 'us-central1-c_h100_16', 'us-central1-b_h100_16']",9,rc_cr_threshold,0,single_region,,asia-south2-b_h100_16,,43.19444444444445,50.0,0.2,1.2,51.833333333333336,0.0,True,True,['data/converted_multi_region_aligned_h100_16_merged'],0,3041.090036256015,-1
Progressive_9,"['asia-southeast1-c_h100_16', 'asia-south2-b_h100_16', 'us-west1-b_h100_16', 'europe-west3-c_h100_16', 'us-west1-a_h100_16', 'us-east4-a_h100_16', 'europe-west1-c_h100_16', 'us-central1-c_h100_16', 'us-central1-b_h100_16']",9,rc_cr_threshold,0,single_region,,us-west1-b_h100_16,,43.19444444444445,50.0,0.2,1.2,51.833333333333336,0.0,True,True,['data/converted_multi_region_aligned_h100_16_merged'],0,3437.993616413327,-1
Progressive_9,"['asia-southeast1-c_h100_16', 'asia-south2-b_h100_16', 'us-west1-b_h100_16', 'europe-west3-c_h100_16', 'us-west1-a_h100_16', 'us-east4-a_h100_16', 'europe-west1-c_h100_16', 'us-central1-c_h100_16', 'us-central1-b_h100_16']",9,rc_cr_threshold,0,single_region,,europe-west3-c_h100_16,,43.19444444444445,50.0,0.2,1.2,51.833333333333336,0.0,True,True,['data/converted_multi_region_aligned_h100_16_merged'],0,3778.9989031679966,-1
Progressive_9,"['asia-southeast1-c_h100_16', 'asia-south2-b_h100_16', 'us-west1-b_h100_16', 'europe-west3-c_h100_16', 'us-west1-a_h100_16', 'us-east4-a_h100_16', 'europe-west1-c_h100_16', 'us-central1-c_h100_16', 'us-central1-b_h100_16']",9,rc_cr_threshold,0,single_region,,us-west1-a_h100_16,,43.19444444444445,50.0,0.2,1.2,51.833333333333336,0.0,True,True,['data/converted_multi_region_aligned_h100_16_merged'],0,1014.0229918933371,-1
Progressive_9,"['asia-southeast1-c_h100_16', 'asia-south2-b_h100_16', 'us-west1-b_h100_16', 'europe-west3-c_h100_16', 'us-west1-a_h100_16', 'us-east4-a_h100_16', 'europe-west1-c_h100_16', 'us-central1-c_h100_16', 'us-central1-b_h100_16']",9,rc_cr_threshold,0,single_region,,us-east4-a_h100_16,,43.19444444444445,50.0,0.2,1.2,51.833333333333336,0.0,True,True,['data/converted_multi_region_aligned_h100_16_merged'],0,651.075786666669,-1
Progressive_9,"['asia-southeast1-c_h100_16', 'asia-south2-b_h100_16', 'us-west1-b_h100_16', 'europe-west3-c_h100_16', 'us-west1-a_h100_16', 'us-east4-a_h100_16', 'europe-west1-c_h100_16', 'us-central1-c_h100_16', 'us-central1-b_h100_16']",9,rc_cr_threshold,0,single_region,,europe-west1-c_h100_16,,43.19444444444445,50.0,0.2,1.2,51.833333333333336,0.0,True,True,['data/converted_multi_region_aligned_h100_16_merged'],0,711.4999199999968,-1
Progressive_9,"['asia-southeast1-c_h100_16', 'asia-south2-b_h100_16', 'us-west1-b_h100_16', 'europe-west3-c_h100_16', 'us-west1-a_h100_16', 'us-east4-a_h100_16', 'europe-west1-c_h100_16', 'us-central1-c_h100_16', 'us-central1-b_h100_16']",9,rc_cr_threshold,0,single_region,,us-central1-c_h100_16,,43.19444444444445,50.0,0.2,1.2,51.833333333333336,0.0,True,True,['data/converted_multi_region_aligned_h100_16_merged'],0,1078.529451866673,-1
Progressive_9,"['asia-southeast1-c_h100_16', 'asia-south2-b_h100_16', 'us-west1-b_h100_16', 'europe-west3-c_h100_16', 'us-west1-a_h100_16', 'us-east4-a_h100_16', 'europe-west1-c_h100_16', 'us-central1-c_h100_16', 'us-central1-b_h100_16']",9,rc_cr_threshold,0,single_region,,us-central1-b_h100_16,,43.19444444444445,50.0,0.2,1.2,51.833333333333336,0.0,True,True,['data/converted_multi_region_aligned_h100_16_merged'],0,1164.3595868066748,0
Progressive_9,"['asia-southeast1-c_h100_16', 'asia-south2-b_h100_16', 'us-west1-b_h100_16', 'europe-west3-c_h100_16', 'us-west1-a_h100_16', 'us-east4-a_h100_16', 'europe-west1-c_h100_16', 'us-central1-c_h100_16', 'us-central1-b_h100_16']",9,unified_cost_model_risk,0,multi_region,,,,43.19444444444445,50.0,0.2,1.2,51.833333333333336,51.833333333333336,True,True,['data/converted_multi_region_aligned_h100_16_merged'],1,675.1768453962693,5
Progressive_9,"['asia-southeast1-c_h100_16', 'asia-south2-b_h100_16', 'us-west1-b_h100_16', 'europe-west3-c_h100_16', 'us-west1-a_h100_16', 'us-east4-a_h100_16', 'europe-west1-c_h100_16', 'us-central1-c_h100_16', 'us-central1-b_h100_16']",9,multi_region_oracle_dp,0,multi_region,,,,43.19444444444445,50.0,0.2,1.2,51.833333333333336,51.833333333333336,True,True,['data/converted_multi_region_aligned_h100_16_merged'],1,648.6002133333357,0
Progressive_9,"['asia-southeast1-c_h100_16', 'asia-south2-b_h100_16', 'us-west1-b_h100_16', 'europe-west3-c_h100_16', 'us-west1-a_h100_16', 'us-east4-a_h100_16', 'europe-west1-c_h100_16', 'us-central1-c_h100_16', 'us-central1-b_h100_16']",9,unified_cost_model_oracle,0,multi_region,,,,43.19444444444445,50.0,0.2,1.2,51.833333333333336,51.833333333333336,True,True,['data/converted_multi_region_aligned_h100_16_merged'],1,674.5502506666694,5
Progressive_9,"['asia-southeast1-c_h100_16', 'asia-south2-b_h100_16', 'us-west1-b_h100_16', 'europe-west3-c_h100_16', 'us-west1-a_h100_16', 'us-east4-a_h100_16', 'europe-west1-c_h100_16', 'us-central1-c_h100_16', 'us-central1-b_h100_16']",9,multi_region_rc_cr_threshold_eager_failover,0,multi_region,,,,43.19444444444445,50.0,0.2,1.2,51.833333333333336,51.833333333333336,True,True,['data/converted_multi_region_aligned_h100_16_merged'],1,705.6599200000013,8
Progressive_9,"['asia-southeast1-c_h100_16', 'asia-south2-b_h100_16', 'us-west1-b_h100_16', 'europe-west3-c_h100_16', 'us-west1-a_h100_16', 'us-east4-a_h100_16', 'europe-west1-c_h100_16', 'us-central1-c_h100_16', 'us-central1-b_h100_16']",9,multi_region_availability_probe_simple,0,multi_region,,,,43.19444444444445,50.0,0.2,1.2,51.833333333333336,51.833333333333336,True,True,['data/converted_multi_region_aligned_h100_16_merged'],1,2646.645523941347,1
Progressive_9,"['asia-southeast1-c_h100_16', 'asia-south2-b_h100_16', 'us-west1-b_h100_16', 'europe-west3-c_h100_16', 'us-west1-a_h100_16', 'us-east4-a_h100_16', 'europe-west1-c_h100_16', 'us-central1-c_h100_16', 'us-central1-b_h100_16']",9,multi_region_probe_cost_ratio,0,multi_region,,,,43.19444444444445,50.0,0.2,1.2,51.833333333333336,51.833333333333336,True,True,['data/converted_multi_region_aligned_h100_16_merged'],1,799.6018151616038,9
Progressive_9,"['asia-southeast1-c_h100_16', 'asia-south2-b_h100_16', 'us-west1-b_h100_16', 'europe-west3-c_h100_16', 'us-west1-a_h100_16', 'us-east4-a_h100_16', 'europe-west1-c_h100_16', 'us-central1-c_h100_16', 'us-central1-b_h100_16']",9,rc_cr_threshold,0,single_region,,asia-southeast1-c_h100_16,,43.19444444444445,50.0,0.2,1.2,51.833333333333336,51.833333333333336,True,True,['data/converted_multi_region_aligned_h100_16_merged'],1,2447.4830988480044,-1
Progressive_9,"['asia-southeast1-c_h100_16', 'asia-south2-b_h100_16', 'us-west1-b_h100_16', 'europe-west3-c_h100_16', 'us-west1-a_h100_16', 'us-east4-a_h100_16', 'europe-west1-c_h100_16', 'us-central1-c_h100_16', 'us-central1-b_h100_16']",9,rc_cr_threshold,0,single_region,,asia-south2-b_h100_16,,43.19444444444445,50.0,0.2,1.2,51.833333333333336,51.833333333333336,True,True,['data/converted_multi_region_aligned_h100_16_merged'],1,3041.090036256015,-1
Progressive_9,"['asia-southeast1-c_h100_16', 'asia-south2-b_h100_16', 'us-west1-b_h100_16', 'europe-west3-c_h100_16', 'us-west1-a_h100_16', 'us-east4-a_h100_16', 'europe-west1-c_h100_16', 'us-central1-c_h100_16', 'us-central1-b_h100_16']",9,rc_cr_threshold,0,single_region,,us-west1-b_h100_16,,43.19444444444445,50.0,0.2,1.2,51.833333333333336,51.833333333333336,True,True,['data/converted_multi_region_aligned_h100_16_merged'],1,3599.345881259991,-1
Progressive_9,"['asia-southeast1-c_h100_16', 'asia-south2-b_h100_16', 'us-west1-b_h100_16', 'europe-west3-c_h100_16', 'us-west1-a_h100_16', 'us-east4-a_h100_16', 'europe-west1-c_h100_16', 'us-central1-c_h100_16', 'us-central1-b_h100_16']",9,rc_cr_threshold,0,single_region,,europe-west3-c_h100_16,,43.19444444444445,50.0,0.2,1.2,51.833333333333336,51.833333333333336,True,True,['data/converted_multi_region_aligned_h100_16_merged'],1,3739.073504063997,-1
Progressive_9,"['asia-southeast1-c_h100_16', 'asia-south2-b_h100_16', 'us-west1-b_h100_16', 'europe-west3-c_h100_16', 'us-west1-a_h100_16', 'us-east4-a_h100_16', 'europe-west1-c_h100_16', 'us-central1-c_h100_16', 'us-central1-b_h100_16']",9,rc_cr_threshold,0,single_region,,us-west1-a_h100_16,,43.19444444444445,50.0,0.2,1.2,51.833333333333336,51.833333333333336,True,True,['data/converted_multi_region_aligned_h100_16_merged'],1,3595.081146266658,-1
Progressive_9,"['asia-southeast1-c_h100_16', 'asia-south2-b_h100_16', 'us-west1-b_h100_16', 'europe-west3-c_h100_16', 'us-west1-a_h100_16', 'us-east4-a_h100_16', 'europe-west1-c_h100_16', 'us-central1-c_h100_16', 'us-central1-b_h100_16']",9,rc_cr_threshold,0,single_region,,us-east4-a_h100_16,,43.19444444444445,50.0,0.2,1.2,51.833333333333336,51.833333333333336,True,True,['data/converted_multi_region_aligned_h100_16_merged'],1,660.9780800000026,-1
Progressive_9,"['asia-southeast1-c_h100_16', 'asia-south2-b_h100_16', 'us-west1-b_h100_16', 'europe-west3-c_h100_16', 'us-west1-a_h100_16', 'us-east4-a_h100_16', 'europe-west1-c_h100_16', 'us-central1-c_h100_16', 'us-central1-b_h100_16']",9,rc_cr_threshold,0,single_region,,europe-west1-c_h100_16,,43.19444444444445,50.0,0.2,1.2,51.833333333333336,51.833333333333336,True,True,['data/converted_multi_region_aligned_h100_16_merged'],1,1387.2608158293308,-1
Progressive_9,"['asia-southeast1-c_h100_16', 'asia-south2-b_h100_16', 'us-west1-b_h100_16', 'europe-west3-c_h100_16', 'us-west1-a_h100_16', 'us-east4-a_h100_16', 'europe-west1-c_h100_16', 'us-central1-c_h100_16', 'us-central1-b_h100_16']",9,rc_cr_threshold,0,single_region,,us-central1-c_h100_16,,43.19444444444445,50.0,0.2,1.2,51.833333333333336,51.833333333333336,True,True,['data/converted_multi_region_aligned_h100_16_merged'],1,1138.771176846671,-1
Progressive_9,"['asia-southeast1-c_h100_16', 'asia-south2-b_h100_16', 'us-west1-b_h100_16', 'europe-west3-c_h100_16', 'us-west1-a_h100_16', 'us-east4-a_h100_16', 'europe-west1-c_h100_16', 'us-central1-c_h100_16', 'us-central1-b_h100_16']",9,rc_cr_threshold,0,single_region,,us-central1-b_h100_16,,43.19444444444445,50.0,0.2,1.2,51.833333333333336,51.833333333333336,True,True,['data/converted_multi_region_aligned_h100_16_merged'],1,1167.381221826675,0
Progressive_9,"['asia-southeast1-c_h100_16', 'asia-south2-b_h100_16', 'us-west1-b_h100_16', 'europe-west3-c_h100_16', 'us-west1-a_h100_16', 'us-east4-a_h100_16', 'europe-west1-c_h100_16', 'us-central1-c_h100_16', 'us-central1-b_h100_16']",9,unified_cost_model_risk,0,multi_region,,,,43.19444444444445,50.0,0.2,1.2,51.833333333333336,103.66666666666667,True,True,['data/converted_multi_region_aligned_h100_16_merged'],2,665.4249781962648,1
Progressive_9,"['asia-southeast1-c_h100_16', 'asia-south2-b_h100_16', 'us-west1-b_h100_16', 'europe-west3-c_h100_16', 'us-west1-a_h100_16', 'us-east4-a_h100_16', 'europe-west1-c_h100_16', 'us-central1-c_h100_16', 'us-central1-b_h100_16']",9,multi_region_oracle_dp,0,multi_region,,,,43.19444444444445,50.0,0.2,1.2,51.833333333333336,103.66666666666667,True,True,['data/converted_multi_region_aligned_h100_16_merged'],2,646.1246400000023,0
Progressive_9,"['asia-southeast1-c_h100_16', 'asia-south2-b_h100_16', 'us-west1-b_h100_16', 'europe-west3-c_h100_16', 'us-west1-a_h100_16', 'us-east4-a_h100_16', 'europe-west1-c_h100_16', 'us-central1-c_h100_16', 'us-central1-b_h100_16']",9,unified_cost_model_oracle,0,multi_region,,,,43.19444444444445,50.0,0.2,1.2,51.833333333333336,103.66666666666667,True,True,['data/converted_multi_region_aligned_h100_16_merged'],2,662.1534399999981,1
Progressive_9,"['asia-southeast1-c_h100_16', 'asia-south2-b_h100_16', 'us-west1-b_h100_16', 'europe-west3-c_h100_16', 'us-west1-a_h100_16', 'us-east4-a_h100_16', 'europe-west1-c_h100_16', 'us-central1-c_h100_16', 'us-central1-b_h100_16']",9,multi_region_rc_cr_threshold_eager_failover,0,multi_region,,,,43.19444444444445,50.0,0.2,1.2,51.833333333333336,103.66666666666667,True,True,['data/converted_multi_region_aligned_h100_16_merged'],2,662.1534399999981,1
Progressive_9,"['asia-southeast1-c_h100_16', 'asia-south2-b_h100_16', 'us-west1-b_h100_16', 'europe-west3-c_h100_16', 'us-west1-a_h100_16', 'us-east4-a_h100_16', 'europe-west1-c_h100_16', 'us-central1-c_h100_16', 'us-central1-b_h100_16']",9,multi_region_availability_probe_simple,0,multi_region,,,,43.19444444444445,50.0,0.2,1.2,51.833333333333336,103.66666666666667,True,True,['data/converted_multi_region_aligned_h100_16_merged'],2,3051.7770804266843,0
Progressive_9,"['asia-southeast1-c_h100_16', 'asia-south2-b_h100_16', 'us-west1-b_h100_16', 'europe-west3-c_h100_16', 'us-west1-a_h100_16', 'us-east4-a_h100_16', 'europe-west1-c_h100_16', 'us-central1-c_h100_16', 'us-central1-b_h100_16']",9,multi_region_probe_cost_ratio,0,multi_region,,,,43.19444444444445,50.0,0.2,1.2,51.833333333333336,103.66666666666667,True,True,['data/converted_multi_region_aligned_h100_16_merged'],2,743.7326865024022,4
Progressive_9,"['asia-southeast1-c_h100_16', 'asia-south2-b_h100_16', 'us-west1-b_h100_16', 'europe-west3-c_h100_16', 'us-west1-a_h100_16', 'us-east4-a_h100_16', 'europe-west1-c_h100_16', 'us-central1-c_h100_16', 'us-central1-b_h100_16']",9,rc_cr_threshold,0,single_region,,asia-southeast1-c_h100_16,,43.19444444444445,50.0,0.2,1.2,51.833333333333336,103.66666666666667,True,True,['data/converted_multi_region_aligned_h100_16_merged'],2,4350.9155566933205,-1
Progressive_9,"['asia-southeast1-c_h100_16', 'asia-south2-b_h100_16', 'us-west1-b_h100_16', 'europe-west3-c_h100_16', 'us-west1-a_h100_16', 'us-east4-a_h100_16', 'europe-west1-c_h100_16', 'us-central1-c_h100_16', 'us-central1-b_h100_16']",9,rc_cr_threshold,0,single_region,,asia-south2-b_h100_16,,43.19444444444445,50.0,0.2,1.2,51.833333333333336,103.66666666666667,True,True,['data/converted_multi_region_aligned_h100_16_merged'],2,3041.090036256015,-1
Progressive_9,"['asia-southeast1-c_h100_16', 'asia-south2-b_h100_16', 'us-west1-b_h100_16', 'europe-west3-c_h100_16', 'us-west1-a_h100_16', 'us-east4-a_h100_16', 'europe-west1-c_h100_16', 'us-central1-c_h100_16', 'us-central1-b_h100_16']",9,rc_cr_threshold,0,single_region,,us-west1-b_h100_16,,43.19444444444445,50.0,0.2,1.2,51.833333333333336,103.66666666666667,True,True,['data/converted_multi_region_aligned_h100_16_merged'],2,3608.835385259991,-1
Progressive_9,"['asia-southeast1-c_h100_16', 'asia-south2-b_h100_16', 'us-west1-b_h100_16', 'europe-west3-c_h100_16', 'us-west1-a_h100_16', 'us-east4-a_h100_16', 'europe-west1-c_h100_16', 'us-central1-c_h100_16', 'us-central1-b_h100_16']",9,rc_cr_threshold,0,single_region,,europe-west3-c_h100_16,,43.19444444444445,50.0,0.2,1.2,51.833333333333336,103.66666666666667,True,True,['data/converted_multi_region_aligned_h100_16_merged'],2,4236.030618047997,-1
Progressive_9,"['asia-southeast1-c_h100_16', 'asia-south2-b_h100_16', 'us-west1-b_h100_16', 'europe-west3-c_h100_16', 'us-west1-a_h100_16', 'us-east4-a_h100_16', 'europe-west1-c_h100_16', 'us-central1-c_h100_16', 'us-central1-b_h100_16']",9,rc_cr_threshold,0,single_region,,us-west1-a_h100_16,,43.19444444444445,50.0,0.2,1.2,51.833333333333336,103.66666666666667,True,True,['data/converted_multi_region_aligned_h100_16_merged'],2,2912.9878676999974,-1
Progressive_9,"['asia-southeast1-c_h100_16', 'asia-south2-b_h100_16', 'us-west1-b_h100_16', 'europe-west3-c_h100_16', 'us-west1-a_h100_16', 'us-east4-a_h100_16', 'europe-west1-c_h100_16', 'us-central1-c_h100_16', 'us-central1-b_h100_16']",9,rc_cr_threshold,0,single_region,,us-east4-a_h100_16,,43.19444444444445,50.0,0.2,1.2,51.833333333333336,103.66666666666667,True,True,['data/converted_multi_region_aligned_h100_16_merged'],2,651.075786666669,-1
Progressive_9,"['asia-southeast1-c_h100_16', 'asia-south2-b_h100_16', 'us-west1-b_h100_16', 'europe-west3-c_h100_16', 'us-west1-a_h100_16', 'us-east4-a_h100_16', 'europe-west1-c_h100_16', 'us-central1-c_h100_16', 'us-central1-b_h100_16']",9,rc_cr_threshold,0,single_region,,europe-west1-c_h100_16,,43.19444444444445,50.0,0.2,1.2,51.833333333333336,103.66666666666667,True,True,['data/converted_multi_region_aligned_h100_16_merged'],2,1101.9328648213288,-1
Progressive_9,"['asia-southeast1-c_h100_16', 'asia-south2-b_h100_16', 'us-west1-b_h100_16', 'europe-west3-c_h100_16', 'us-west1-a_h100_16', 'us-east4-a_h100_16', 'europe-west1-c_h100_16', 'us-central1-c_h100_16', 'us-central1-b_h100_16']",9,rc_cr_threshold,0,single_region,,us-central1-c_h100_16,,43.19444444444445,50.0,0.2,1.2,51.833333333333336,103.66666666666667,True,True,['data/converted_multi_region_aligned_h100_16_merged'],2,1699.1379054800072,-1
Progressive_9,"['asia-southeast1-c_h100_16', 'asia-south2-b_h100_16', 'us-west1-b_h100_16', 'europe-west3-c_h100_16', 'us-west1-a_h100_16', 'us-east4-a_h100_16', 'europe-west1-c_h100_16', 'us-central1-c_h100_16', 'us-central1-b_h100_16']",9,rc_cr_threshold,0,single_region,,us-central1-b_h100_16,,43.19444444444445,50.0,0.2,1.2,51.833333333333336,103.66666666666667,True,True,['data/converted_multi_region_aligned_h100_16_merged'],2,1635.5914795200076,0
Progressive_9,"['asia-southeast1-c_h100_16', 'asia-south2-b_h100_16', 'us-west1-b_h100_16', 'europe-west3-c_h100_16', 'us-west1-a_h100_16', 'us-east4-a_h100_16', 'europe-west1-c_h100_16', 'us-central1-c_h100_16', 'us-central1-b_h100_16']",9,unified_cost_model_risk,0,multi_region,,,,43.19444444444445,50.0,0.2,1.2,51.833333333333336,155.5,True,True,['data/converted_multi_region_aligned_h100_16_merged'],3,712.3010085962619,2
Progressive_9,"['asia-southeast1-c_h100_16', 'asia-south2-b_h100_16', 'us-west1-b_h100_16', 'europe-west3-c_h100_16', 'us-west1-a_h100_16', 'us-east4-a_h100_16', 'europe-west1-c_h100_16', 'us-central1-c_h100_16', 'us-central1-b_h100_16']",9,multi_region_oracle_dp,0,multi_region,,,,43.19444444444445,50.0,0.2,1.2,51.833333333333336,155.5,True,True,['data/converted_multi_region_aligned_h100_16_merged'],3,691.902106666663,1
Progressive_9,"['asia-southeast1-c_h100_16', 'asia-south2-b_h100_16', 'us-west1-b_h100_16', 'europe-west3-c_h100_16', 'us-west1-a_h100_16', 'us-east4-a_h100_16', 'europe-west1-c_h100_16', 'us-central1-c_h100_16', 'us-central1-b_h100_16']",9,unified_cost_model_oracle,0,multi_region,,,,43.19444444444445,50.0,0.2,1.2,51.833333333333336,155.5,True,True,['data/converted_multi_region_aligned_h100_16_merged'],3,709.1019679999953,2
Progressive_9,"['asia-southeast1-c_h100_16', 'asia-south2-b_h100_16', 'us-west1-b_h100_16', 'europe-west3-c_h100_16', 'us-west1-a_h100_16', 'us-east4-a_h100_16', 'europe-west1-c_h100_16', 'us-central1-c_h100_16', 'us-central1-b_h100_16']",9,multi_region_rc_cr_threshold_eager_failover,0,multi_region,,,,43.19444444444445,50.0,0.2,1.2,51.833333333333336,155.5,True,True,['data/converted_multi_region_aligned_h100_16_merged'],3,709.1019679999953,2
Progressive_9,"['asia-southeast1-c_h100_16', 'asia-south2-b_h100_16', 'us-west1-b_h100_16', 'europe-west3-c_h100_16', 'us-west1-a_h100_16', 'us-east4-a_h100_16', 'europe-west1-c_h100_16', 'us-central1-c_h100_16', 'us-central1-b_h100_16']",9,multi_region_availability_probe_simple,0,multi_region,,,,43.19444444444445,50.0,0.2,1.2,51.833333333333336,155.5,True,True,['data/converted_multi_region_aligned_h100_16_merged'],3,3061.0087054933524,0
Progressive_9,"['asia-southeast1-c_h100_16', 'asia-south2-b_h100_16', 'us-west1-b_h100_16', 'europe-west3-c_h100_16', 'us-west1-a_h100_16', 'us-east4-a_h100_16', 'europe-west1-c_h100_16', 'us-central1-c_h100_16', 'us-central1-b_h100_16']",9,multi_region_probe_cost_ratio,0,multi_region,,,,43.19444444444445,50.0,0.2,1.2,51.833333333333336,155.5,True,True,['data/converted_multi_region_aligned_h100_16_merged'],3,823.7247601023978,2
Progressive_9,"['asia-southeast1-c_h100_16', 'asia-south2-b_h100_16', 'us-west1-b_h100_16', 'europe-west3-c_h100_16', 'us-west1-a_h100_16', 'us-east4-a_h100_16', 'europe-west1-c_h100_16', 'us-central1-c_h100_16', 'us-central1-b_h100_16']",9,rc_cr_threshold,0,single_region,,asia-southeast1-c_h100_16,,43.19444444444445,50.0,0.2,1.2,51.833333333333336,155.5,True,True,['data/converted_multi_region_aligned_h100_16_merged'],3,4654.835836703985,-1
Progressive_9,"['asia-southeast1-c_h100_16', 'asia-south2-b_h100_16', 'us-west1-b_h100_16', 'europe-west3-c_h100_16', 'us-west1-a_h100_16', 'us-east4-a_h100_16', 'europe-west1-c_h100_16', 'us-central1-c_h100_16', 'us-central1-b_h100_16']",9,rc_cr_threshold,0,single_region,,asia-south2-b_h100_16,,43.19444444444445,50.0,0.2,1.2,51.833333333333336,155.5,True,True,['data/converted_multi_region_aligned_h100_16_merged'],3,3041.090036256015,-1
Progressive_9,"['asia-southeast1-c_h100_16', 'asia-south2-b_h100_16', 'us-west1-b_h100_16', 'europe-west3-c_h100_16', 'us-west1-a_h100_16', 'us-east4-a_h100_16', 'europe-west1-c_h100_16', 'us-central1-c_h100_16', 'us-central1-b_h100_16']",9,rc_cr_threshold,0,single_region,,us-west1-b_h100_16,,43.19444444444445,50.0,0.2,1.2,51.833333333333336,155.5,True,True,['data/converted_multi_region_aligned_h100_16_merged'],3,3606.7737842533243,-1
Progressive_9,"['asia-southeast1-c_h100_16', 'asia-south2-b_h100_16', 'us-west1-b_h100_16', 'europe-west3-c_h100_16', 'us-west1-a_h100_16', 'us-east4-a_h100_16', 'europe-west1-c_h100_16', 'us-central1-c_h100_16', 'us-central1-b_h100_16']",9,rc_cr_threshold,0,single_region,,europe-west3-c_h100_16,,43.19444444444445,50.0,0.2,1.2,51.833333333333336,155.5,True,True,['data/converted_multi_region_aligned_h100_16_merged'],3,2879.8662621439803,-1
Progressive_9,"['asia-southeast1-c_h100_16', 'asia-south2-b_h100_16', 'us-west1-b_h100_16', 'europe-west3-c_h100_16', 'us-west1-a_h100_16', 'us-east4-a_h100_16', 'europe-west1-c_h100_16', 'us-central1-c_h100_16', 'us-central1-b_h100_16']",9,rc_cr_threshold,0,single_region,,us-west1-a_h100_16,,43.19444444444445,50.0,0.2,1.2,51.833333333333336,155.5,True,True,['data/converted_multi_region_aligned_h100_16_merged'],3,828.7500160000034,-1
Progressive_9,"['asia-southeast1-c_h100_16', 'asia-south2-b_h100_16', 'us-west1-b_h100_16', 'europe-west3-c_h100_16', 'us-west1-a_h100_16', 'us-east4-a_h100_16', 'europe-west1-c_h100_16', 'us-central1-c_h100_16', 'us-central1-b_h100_16']",9,rc_cr_threshold,0,single_region,,us-east4-a_h100_16,,43.19444444444445,50.0,0.2,1.2,51.833333333333336,155.5,True,True,['data/converted_multi_region_aligned_h100_16_merged'],3,2414.6673413333347,-1
Progressive_9,"['asia-southeast1-c_h100_16', 'asia-south2-b_h100_16', 'us-west1-b_h100_16', 'europe-west3-c_h100_16', 'us-west1-a_h100_16', 'us-east4-a_h100_16', 'europe-west1-c_h100_16', 'us-central1-c_h100_16', 'us-central1-b_h100_16']",9,rc_cr_threshold,0,single_region,,europe-west1-c_h100_16,,43.19444444444445,50.0,0.2,1.2,51.833333333333336,155.5,True,True,['data/converted_multi_region_aligned_h100_16_merged'],3,714.2259733333301,-1
Progressive_9,"['asia-southeast1-c_h100_16', 'asia-south2-b_h100_16', 'us-west1-b_h100_16', 'europe-west3-c_h100_16', 'us-west1-a_h100_16', 'us-east4-a_h100_16', 'europe-west1-c_h100_16', 'us-central1-c_h100_16', 'us-central1-b_h100_16']",9,rc_cr_threshold,0,single_region,,us-central1-c_h100_16,,43.19444444444445,50.0,0.2,1.2,51.833333333333336,155.5,True,True,['data/converted_multi_region_aligned_h100_16_merged'],3,1059.5504438666728,-1
Progressive_9,"['asia-southeast1-c_h100_16', 'asia-south2-b_h100_16', 'us-west1-b_h100_16', 'europe-west3-c_h100_16', 'us-west1-a_h100_16', 'us-east4-a_h100_16', 'europe-west1-c_h100_16', 'us-central1-c_h100_16', 'us-central1-b_h100_16']",9,rc_cr_threshold,0,single_region,,us-central1-b_h100_16,,43.19444444444445,50.0,0.2,1.2,51.833333333333336,155.5,True,True,['data/converted_multi_region_aligned_h100_16_merged'],3,1113.4658328466742,0
Progressive_9,"['asia-southeast1-c_h100_16', 'asia-south2-b_h100_16', 'us-west1-b_h100_16', 'europe-west3-c_h100_16', 'us-west1-a_h100_16', 'us-east4-a_h100_16', 'europe-west1-c_h100_16', 'us-central1-c_h100_16', 'us-central1-b_h100_16']",9,unified_cost_model_risk,0,multi_region,,,,43.19444444444445,50.0,0.2,1.2,51.833333333333336,207.33333333333334,True,True,['data/converted_multi_region_aligned_h100_16_merged'],4,807.6075056629364,5
Progressive_9,"['asia-southeast1-c_h100_16', 'asia-south2-b_h100_16', 'us-west1-b_h100_16', 'europe-west3-c_h100_16', 'us-west1-a_h100_16', 'us-east4-a_h100_16', 'europe-west1-c_h100_16', 'us-central1-c_h100_16', 'us-central1-b_h100_16']",9,multi_region_oracle_dp,0,multi_region,,,,43.19444444444445,50.0,0.2,1.2,51.833333333333336,207.33333333333334,True,True,['data/converted_multi_region_aligned_h100_16_merged'],4,689.1574826666705,3
Progressive_9,"['asia-southeast1-c_h100_16', 'asia-south2-b_h100_16', 'us-west1-b_h100_16', 'europe-west3-c_h100_16', 'us-west1-a_h100_16', 'us-east4-a_h100_16', 'europe-west1-c_h100_16', 'us-central1-c_h100_16', 'us-central1-b_h100_16']",9,unified_cost_model_oracle,0,multi_region,,,,43.19444444444445,50.0,0.2,1.2,51.833333333333336,207.33333333333334,True,True,['data/converted_multi_region_aligned_h100_16_merged'],4,727.7777173333371,2
Progressive_9,"['asia-southeast1-c_h100_16', 'asia-south2-b_h100_16', 'us-west1-b_h100_16', 'europe-west3-c_h100_16', 'us-west1-a_h100_16', 'us-east4-a_h100_16', 'europe-west1-c_h100_16', 'us-central1-c_h100_16', 'us-central1-b_h100_16']",9,multi_region_rc_cr_threshold_eager_failover,0,multi_region,,,,43.19444444444445,50.0,0.2,1.2,51.833333333333336,207.33333333333334,True,True,['data/converted_multi_region_aligned_h100_16_merged'],4,729.8275306666707,4
Progressive_9,"['asia-southeast1-c_h100_16', 'asia-south2-b_h100_16', 'us-west1-b_h100_16', 'europe-west3-c_h100_16', 'us-west1-a_h100_16', 'us-east4-a_h100_16', 'europe-west1-c_h100_16', 'us-central1-c_h100_16', 'us-central1-b_h100_16']",9,multi_region_availability_probe_simple,0,multi_region,,,,43.19444444444445,50.0,0.2,1.2,51.833333333333336,207.33333333333334,True,True,['data/converted_multi_region_aligned_h100_16_merged'],4,3061.735144426684,0
Progressive_9,"['asia-southeast1-c_h100_16', 'asia-south2-b_h100_16', 'us-west1-b_h100_16', 'europe-west3-c_h100_16', 'us-west1-a_h100_16', 'us-east4-a_h100_16', 'europe-west1-c_h100_16', 'us-central1-c_h100_16', 'us-central1-b_h100_16']",9,multi_region_probe_cost_ratio,0,multi_region,,,,43.19444444444445,50.0,0.2,1.2,51.833333333333336,207.33333333333334,True,True,['data/converted_multi_region_aligned_h100_16_merged'],4,905.2216742986698,5
Progressive_9,"['asia-southeast1-c_h100_16', 'asia-south2-b_h100_16', 'us-west1-b_h100_16', 'europe-west3-c_h100_16', 'us-west1-a_h100_16', 'us-east4-a_h100_16', 'europe-west1-c_h100_16', 'us-central1-c_h100_16', 'us-central1-b_h100_16']",9,rc_cr_threshold,0,single_region,,asia-southeast1-c_h100_16,,43.19444444444445,50.0,0.2,1.2,51.833333333333336,207.33333333333334,True,True,['data/converted_multi_region_aligned_h100_16_merged'],4,4409.416447615982,-1
Progressive_9,"['asia-southeast1-c_h100_16', 'asia-south2-b_h100_16', 'us-west1-b_h100_16', 'europe-west3-c_h100_16', 'us-west1-a_h100_16', 'us-east4-a_h100_16', 'europe-west1-c_h100_16', 'us-central1-c_h100_16', 'us-central1-b_h100_16']",9,rc_cr_threshold,0,single_region,,asia-south2-b_h100_16,,43.19444444444445,50.0,0.2,1.2,51.833333333333336,207.33333333333334,True,True,['data/converted_multi_region_aligned_h100_16_merged'],4,3041.090036256015,-1
Progressive_9,"['asia-southeast1-c_h100_16', 'asia-south2-b_h100_16', 'us-west1-b_h100_16', 'europe-west3-c_h100_16', 'us-west1-a_h100_16', 'us-east4-a_h100_16', 'europe-west1-c_h100_16', 'us-central1-c_h100_16', 'us-central1-b_h100_16']",9,rc_cr_threshold,0,single_region,,us-west1-b_h100_16,,43.19444444444445,50.0,0.2,1.2,51.833333333333336,207.33333333333334,True,True,['data/converted_multi_region_aligned_h100_16_merged'],4,3033.7543836199966,-1
Progressive_9,"['asia-southeast1-c_h100_16', 'asia-south2-b_h100_16', 'us-west1-b_h100_16', 'europe-west3-c_h100_16', 'us-west1-a_h100_16', 'us-east4-a_h100_16', 'europe-west1-c_h100_16', 'us-central1-c_h100_16', 'us-central1-b_h100_16']",9,rc_cr_threshold,0,single_region,,europe-west3-c_h100_16,,43.19444444444445,50.0,0.2,1.2,51.833333333333336,207.33333333333334,True,True,['data/converted_multi_region_aligned_h100_16_merged'],4,2354.6698930559846,-1
Progressive_9,"['asia-southeast1-c_h100_16', 'asia-south2-b_h100_16', 'us-west1-b_h100_16', 'europe-west3-c_h100_16', 'us-west1-a_h100_16', 'us-east4-a_h100_16', 'europe-west1-c_h100_16', 'us-central1-c_h100_16', 'us-central1-b_h100_16']",9,rc_cr_threshold,0,single_region,,us-west1-a_h100_16,,43.19444444444445,50.0,0.2,1.2,51.833333333333336,207.33333333333334,True,True,['data/converted_multi_region_aligned_h100_16_merged'],4,1099.8531268333402,-1
Progressive_9,"['asia-southeast1-c_h100_16', 'asia-south2-b_h100_16', 'us-west1-b_h100_16', 'europe-west3-c_h100_16', 'us-west1-a_h100_16', 'us-east4-a_h100_16', 'europe-west1-c_h100_16', 'us-central1-c_h100_16', 'us-central1-b_h100_16']",9,rc_cr_threshold,0,single_region,,us-east4-a_h100_16,,43.19444444444445,50.0,0.2,1.2,51.833333333333336,207.33333333333334,True,True,['data/converted_multi_region_aligned_h100_16_merged'],4,2306.009798026656,-1
Progressive_9,"['asia-southeast1-c_h100_16', 'asia-south2-b_h100_16', 'us-west1-b_h100_16', 'europe-west3-c_h100_16', 'us-west1-a_h100_16', 'us-east4-a_h100_16', 'europe-west1-c_h100_16', 'us-central1-c_h100_16', 'us-central1-b_h100_16']",9,rc_cr_threshold,0,single_region,,europe-west1-c_h100_16,,43.19444444444445,50.0,0.2,1.2,51.833333333333336,207.33333333333334,True,True,['data/converted_multi_region_aligned_h100_16_merged'],4,2051.208961802666,-1
Progressive_9,"['asia-southeast1-c_h100_16', 'asia-south2-b_h100_16', 'us-west1-b_h100_16', 'europe-west3-c_h100_16', 'us-west1-a_h100_16', 'us-east4-a_h100_16', 'europe-west1-c_h100_16', 'us-central1-c_h100_16', 'us-central1-b_h100_16']",9,rc_cr_threshold,0,single_region,,us-central1-c_h100_16,,43.19444444444445,50.0,0.2,1.2,51.833333333333336,207.33333333333334,True,True,['data/converted_multi_region_aligned_h100_16_merged'],4,841.4026880000035,-1
Progressive_9,"['asia-southeast1-c_h100_16', 'asia-south2-b_h100_16', 'us-west1-b_h100_16', 'europe-west3-c_h100_16', 'us-west1-a_h100_16', 'us-east4-a_h100_16', 'europe-west1-c_h100_16', 'us-central1-c_h100_16', 'us-central1-b_h100_16']",9,rc_cr_threshold,0,single_region,,us-central1-b_h100_16,,43.19444444444445,50.0,0.2,1.2,51.833333333333336,207.33333333333334,True,True,['data/converted_multi_region_aligned_h100_16_merged'],4,1065.8767798666736,0
Progressive_9,"['asia-southeast1-c_h100_16', 'asia-south2-b_h100_16', 'us-west1-b_h100_16', 'europe-west3-c_h100_16', 'us-west1-a_h100_16', 'us-east4-a_h100_16', 'europe-west1-c_h100_16', 'us-central1-c_h100_16', 'us-central1-b_h100_16']",9,unified_cost_model_risk,0,multi_region,,,,43.19444444444445,50.0,0.2,1.2,51.833333333333336,259.1666666666667,True,True,['data/converted_multi_region_aligned_h100_16_merged'],5,695.0232917962632,1
Progressive_9,"['asia-southeast1-c_h100_16', 'asia-south2-b_h100_16', 'us-west1-b_h100_16', 'europe-west3-c_h100_16', 'us-west1-a_h100_16', 'us-east4-a_h100_16', 'europe-west1-c_h100_16', 'us-central1-c_h100_16', 'us-central1-b_h100_16']",9,multi_region_oracle_dp,0,multi_region,,,,43.19444444444445,50.0,0.2,1.2,51.833333333333336,259.1666666666667,True,True,['data/converted_multi_region_aligned_h100_16_merged'],5,671.5528533333356,2
Progressive_9,"['asia-southeast1-c_h100_16', 'asia-south2-b_h100_16', 'us-west1-b_h100_16', 'europe-west3-c_h100_16', 'us-west1-a_h100_16', 'us-east4-a_h100_16', 'europe-west1-c_h100_16', 'us-central1-c_h100_16', 'us-central1-b_h100_16']",9,unified_cost_model_oracle,0,multi_region,,,,43.19444444444445,50.0,0.2,1.2,51.833333333333336,259.1666666666667,True,True,['data/converted_multi_region_aligned_h100_16_merged'],5,691.4595999999965,1
Progressive_9,"['asia-southeast1-c_h100_16', 'asia-south2-b_h100_16', 'us-west1-b_h100_16', 'europe-west3-c_h100_16', 'us-west1-a_h100_16', 'us-east4-a_h100_16', 'europe-west1-c_h100_16', 'us-central1-c_h100_16', 'us-central1-b_h100_16']",9,multi_region_rc_cr_threshold_eager_failover,0,multi_region,,,,43.19444444444445,50.0,0.2,1.2,51.833333333333336,259.1666666666667,True,True,['data/converted_multi_region_aligned_h100_16_merged'],5,691.4595999999965,1
Progressive_9,"['asia-southeast1-c_h100_16', 'asia-south2-b_h100_16', 'us-west1-b_h100_16', 'europe-west3-c_h100_16', 'us-west1-a_h100_16', 'us-east4-a_h100_16', 'europe-west1-c_h100_16', 'us-central1-c_h100_16', 'us-central1-b_h100_16']",9,multi_region_availability_probe_simple,0,multi_region,,,,43.19444444444445,50.0,0.2,1.2,51.833333333333336,259.1666666666667,True,True,['data/converted_multi_region_aligned_h100_16_merged'],5,902.6481645845302,0
Progressive_9,"['asia-southeast1-c_h100_16', 'asia-south2-b_h100_16', 'us-west1-b_h100_16', 'europe-west3-c_h100_16', 'us-west1-a_h100_16', 'us-east4-a_h100_16', 'europe-west1-c_h100_16', 'us-central1-c_h100_16', 'us-central1-b_h100_16']",9,multi_region_probe_cost_ratio,0,multi_region,,,,43.19444444444445,50.0,0.2,1.2,51.833333333333336,259.1666666666667,True,True,['data/converted_multi_region_aligned_h100_16_merged'],5,827.2248123690621,1
Progressive_9,"['asia-southeast1-c_h100_16', 'asia-south2-b_h100_16', 'us-west1-b_h100_16', 'europe-west3-c_h100_16', 'us-west1-a_h100_16', 'us-east4-a_h100_16', 'europe-west1-c_h100_16', 'us-central1-c_h100_16', 'us-central1-b_h100_16']",9,rc_cr_threshold,0,single_region,,asia-southeast1-c_h100_16,,43.19444444444445,50.0,0.2,1.2,51.833333333333336,259.1666666666667,True,True,['data/converted_multi_region_aligned_h100_16_merged'],5,837.6527039999982,-1
Progressive_9,"['asia-southeast1-c_h100_16', 'asia-south2-b_h100_16', 'us-west1-b_h100_16', 'europe-west3-c_h100_16', 'us-west1-a_h100_16', 'us-east4-a_h100_16', 'europe-west1-c_h100_16', 'us-central1-c_h100_16', 'us-central1-b_h100_16']",9,rc_cr_threshold,0,single_region,,asia-south2-b_h100_16,,43.19444444444445,50.0,0.2,1.2,51.833333333333336,259.1666666666667,True,True,['data/converted_multi_region_aligned_h100_16_merged'],5,3041.090036256015,-1
Progressive_9,"['asia-southeast1-c_h100_16', 'asia-south2-b_h100_16', 'us-west1-b_h100_16', 'europe-west3-c_h100_16', 'us-west1-a_h100_16', 'us-east4-a_h100_16', 'europe-west1-c_h100_16', 'us-central1-c_h100_16', 'us-central1-b_h100_16']",9,rc_cr_threshold,0,single_region,,us-west1-b_h100_16,,43.19444444444445,50.0,0.2,1.2,51.833333333333336,259.1666666666667,True,True,['data/converted_multi_region_aligned_h100_16_merged'],5,2020.9932372933315,-1
Progressive_9,"['asia-southeast1-c_h100_16', 'asia-south2-b_h100_16', 'us-west1-b_h100_16', 'europe-west3-c_h100_16', 'us-west1-a_h100_16', 'us-east4-a_h100_16', 'europe-west1-c_h100_16', 'us-central1-c_h100_16', 'us-central1-b_h100_16']",9,rc_cr_threshold,0,single_region,,europe-west3-c_h100_16,,43.19444444444445,50.0,0.2,1.2,51.833333333333336,259.1666666666667,True,True,['data/converted_multi_region_aligned_h100_16_merged'],5,762.5208959999959,-1
Progressive_9,"['asia-southeast1-c_h100_16', 'asia-south2-b_h100_16', 'us-west1-b_h100_16', 'europe-west3-c_h100_16', 'us-west1-a_h100_16', 'us-east4-a_h100_16', 'europe-west1-c_h100_16', 'us-central1-c_h100_16', 'us-central1-b_h100_16']",9,rc_cr_threshold,0,single_region,,us-west1-a_h100_16,,43.19444444444445,50.0,0.2,1.2,51.833333333333336,259.1666666666667,True,True,['data/converted_multi_region_aligned_h100_16_merged'],5,2356.744341079999,-1
Progressive_9,"['asia-southeast1-c_h100_16', 'asia-south2-b_h100_16', 'us-west1-b_h100_16', 'europe-west3-c_h100_16', 'us-west1-a_h100_16', 'us-east4-a_h100_16', 'europe-west1-c_h100_16', 'us-central1-c_h100_16', 'us-central1-b_h100_16']",9,rc_cr_threshold,0,single_region,,us-east4-a_h100_16,,43.19444444444445,50.0,0.2,1.2,51.833333333333336,259.1666666666667,True,True,['data/converted_multi_region_aligned_h100_16_merged'],5,1024.0937989333413,-1
Progressive_9,"['asia-southeast1-c_h100_16', 'asia-south2-b_h100_16', 'us-west1-b_h100_16', 'europe-west3-c_h100_16', 'us-west1-a_h100_16', 'us-east4-a_h100_16', 'europe-west1-c_h100_16', 'us-central1-c_h100_16', 'us-central1-b_h100_16']",9,rc_cr_threshold,0,single_region,,europe-west1-c_h100_16,,43.19444444444445,50.0,0.2,1.2,51.833333333333336,259.1666666666667,True,True,['data/converted_multi_region_aligned_h100_16_merged'],5,711.4999199999968,-1
Progressive_9,"['asia-southeast1-c_h100_16', 'asia-south2-b_h100_16', 'us-west1-b_h100_16', 'europe-west3-c_h100_16', 'us-west1-a_h100_16', 'us-east4-a_h100_16', 'europe-west1-c_h100_16', 'us-central1-c_h100_16', 'us-central1-b_h100_16']",9,rc_cr_threshold,0,single_region,,us-central1-c_h100_16,,43.19444444444445,50.0,0.2,1.2,51.833333333333336,259.1666666666667,True,True,['data/converted_multi_region_aligned_h100_16_merged'],5,835.0763520000035,-1
Progressive_9,"['asia-southeast1-c_h100_16', 'asia-south2-b_h100_16', 'us-west1-b_h100_16', 'europe-west3-c_h100_16', 'us-west1-a_h100_16', 'us-east4-a_h100_16', 'europe-west1-c_h100_16', 'us-central1-c_h100_16', 'us-central1-b_h100_16']",9,rc_cr_threshold,0,single_region,,us-central1-b_h100_16,,43.19444444444445,50.0,0.2,1.2,51.833333333333336,259.1666666666667,True,True,['data/converted_multi_region_aligned_h100_16_merged'],5,835.0763520000035,0
Progressive_10,"['asia-southeast1-c_h100_16', 'asia-south2-b_h100_16', 'us-west1-b_h100_16', 'europe-west3-c_h100_16', 'us-west1-a_h100_16', 'us-east4-a_h100_16', 'europe-west1-c_h100_16', 'us-central1-c_h100_16', 'us-central1-b_h100_16', 'asia-southeast1-b_h100_16']",10,unified_cost_model_risk,0,multi_region,,,,43.19444444444445,50.0,0.2,1.2,51.833333333333336,0.0,True,True,['data/converted_multi_region_aligned_h100_16_merged'],0,688.8317515295965,1
Progressive_10,"['asia-southeast1-c_h100_16', 'asia-south2-b_h100_16', 'us-west1-b_h100_16', 'europe-west3-c_h100_16', 'us-west1-a_h100_16', 'us-east4-a_h100_16', 'europe-west1-c_h100_16', 'us-central1-c_h100_16', 'us-central1-b_h100_16', 'asia-southeast1-b_h100_16']",10,multi_region_oracle_dp,0,multi_region,,,,43.19444444444445,50.0,0.2,1.2,51.833333333333336,0.0,True,True,['data/converted_multi_region_aligned_h100_16_merged'],0,646.1246400000023,0
Progressive_10,"['asia-southeast1-c_h100_16', 'asia-south2-b_h100_16', 'us-west1-b_h100_16', 'europe-west3-c_h100_16', 'us-west1-a_h100_16', 'us-east4-a_h100_16', 'europe-west1-c_h100_16', 'us-central1-c_h100_16', 'us-central1-b_h100_16', 'asia-southeast1-b_h100_16']",10,unified_cost_model_oracle,0,multi_region,,,,43.19444444444445,50.0,0.2,1.2,51.833333333333336,0.0,True,True,['data/converted_multi_region_aligned_h100_16_merged'],0,652.1030933333356,2
Progressive_10,"['asia-southeast1-c_h100_16', 'asia-south2-b_h100_16', 'us-west1-b_h100_16', 'europe-west3-c_h100_16', 'us-west1-a_h100_16', 'us-east4-a_h100_16', 'europe-west1-c_h100_16', 'us-central1-c_h100_16', 'us-central1-b_h100_16', 'asia-southeast1-b_h100_16']",10,multi_region_rc_cr_threshold_eager_failover,0,multi_region,,,,43.19444444444445,50.0,0.2,1.2,51.833333333333336,0.0,True,True,['data/converted_multi_region_aligned_h100_16_merged'],0,684.9471199999965,1
Progressive_10,"['asia-southeast1-c_h100_16', 'asia-south2-b_h100_16', 'us-west1-b_h100_16', 'europe-west3-c_h100_16', 'us-west1-a_h100_16', 'us-east4-a_h100_16', 'europe-west1-c_h100_16', 'us-central1-c_h100_16', 'us-central1-b_h100_16', 'asia-southeast1-b_h100_16']",10,multi_region_availability_probe_simple,0,multi_region,,,,43.19444444444445,50.0,0.2,1.2,51.833333333333336,0.0,True,True,['data/converted_multi_region_aligned_h100_16_merged'],0,896.120815251197,0
Progressive_10,"['asia-southeast1-c_h100_16', 'asia-south2-b_h100_16', 'us-west1-b_h100_16', 'europe-west3-c_h100_16', 'us-west1-a_h100_16', 'us-east4-a_h100_16', 'europe-west1-c_h100_16', 'us-central1-c_h100_16', 'us-central1-b_h100_16', 'asia-southeast1-b_h100_16']",10,multi_region_probe_cost_ratio,0,multi_region,,,,43.19444444444445,50.0,0.2,1.2,51.833333333333336,0.0,True,True,['data/converted_multi_region_aligned_h100_16_merged'],0,811.8341729023956,1
Progressive_10,"['asia-southeast1-c_h100_16', 'asia-south2-b_h100_16', 'us-west1-b_h100_16', 'europe-west3-c_h100_16', 'us-west1-a_h100_16', 'us-east4-a_h100_16', 'europe-west1-c_h100_16', 'us-central1-c_h100_16', 'us-central1-b_h100_16', 'asia-southeast1-b_h100_16']",10,rc_cr_threshold,0,single_region,,asia-southeast1-c_h100_16,,43.19444444444445,50.0,0.2,1.2,51.833333333333336,0.0,True,True,['data/converted_multi_region_aligned_h100_16_merged'],0,837.6527039999982,-1
Progressive_10,"['asia-southeast1-c_h100_16', 'asia-south2-b_h100_16', 'us-west1-b_h100_16', 'europe-west3-c_h100_16', 'us-west1-a_h100_16', 'us-east4-a_h100_16', 'europe-west1-c_h100_16', 'us-central1-c_h100_16', 'us-central1-b_h100_16', 'asia-southeast1-b_h100_16']",10,rc_cr_threshold,0,single_region,,asia-south2-b_h100_16,,43.19444444444445,50.0,0.2,1.2,51.833333333333336,0.0,True,True,['data/converted_multi_region_aligned_h100_16_merged'],0,3041.090036256015,-1
Progressive_10,"['asia-southeast1-c_h100_16', 'asia-south2-b_h100_16', 'us-west1-b_h100_16', 'europe-west3-c_h100_16', 'us-west1-a_h100_16', 'us-east4-a_h100_16', 'europe-west1-c_h100_16', 'us-central1-c_h100_16', 'us-central1-b_h100_16', 'asia-southeast1-b_h100_16']",10,rc_cr_threshold,0,single_region,,us-west1-b_h100_16,,43.19444444444445,50.0,0.2,1.2,51.833333333333336,0.0,True,True,['data/converted_multi_region_aligned_h100_16_merged'],0,3437.993616413327,-1
Progressive_10,"['asia-southeast1-c_h100_16', 'asia-south2-b_h100_16', 'us-west1-b_h100_16', 'europe-west3-c_h100_16', 'us-west1-a_h100_16', 'us-east4-a_h100_16', 'europe-west1-c_h100_16', 'us-central1-c_h100_16', 'us-central1-b_h100_16', 'asia-southeast1-b_h100_16']",10,rc_cr_threshold,0,single_region,,europe-west3-c_h100_16,,43.19444444444445,50.0,0.2,1.2,51.833333333333336,0.0,True,True,['data/converted_multi_region_aligned_h100_16_merged'],0,3778.9989031679966,-1
Progressive_10,"['asia-southeast1-c_h100_16', 'asia-south2-b_h100_16', 'us-west1-b_h100_16', 'europe-west3-c_h100_16', 'us-west1-a_h100_16', 'us-east4-a_h100_16', 'europe-west1-c_h100_16', 'us-central1-c_h100_16', 'us-central1-b_h100_16', 'asia-southeast1-b_h100_16']",10,rc_cr_threshold,0,single_region,,us-west1-a_h100_16,,43.19444444444445,50.0,0.2,1.2,51.833333333333336,0.0,True,True,['data/converted_multi_region_aligned_h100_16_merged'],0,1014.0229918933371,-1
Progressive_10,"['asia-southeast1-c_h100_16', 'asia-south2-b_h100_16', 'us-west1-b_h100_16', 'europe-west3-c_h100_16', 'us-west1-a_h100_16', 'us-east4-a_h100_16', 'europe-west1-c_h100_16', 'us-central1-c_h100_16', 'us-central1-b_h100_16', 'asia-southeast1-b_h100_16']",10,rc_cr_threshold,0,single_region,,us-east4-a_h100_16,,43.19444444444445,50.0,0.2,1.2,51.833333333333336,0.0,True,True,['data/converted_multi_region_aligned_h100_16_merged'],0,651.075786666669,-1
Progressive_10,"['asia-southeast1-c_h100_16', 'asia-south2-b_h100_16', 'us-west1-b_h100_16', 'europe-west3-c_h100_16', 'us-west1-a_h100_16', 'us-east4-a_h100_16', 'europe-west1-c_h100_16', 'us-central1-c_h100_16', 'us-central1-b_h100_16', 'asia-southeast1-b_h100_16']",10,rc_cr_threshold,0,single_region,,europe-west1-c_h100_16,,43.19444444444445,50.0,0.2,1.2,51.833333333333336,0.0,True,True,['data/converted_multi_region_aligned_h100_16_merged'],0,711.4999199999968,-1
Progressive_10,"['asia-southeast1-c_h100_16', 'asia-south2-b_h100_16', 'us-west1-b_h100_16', 'europe-west3-c_h100_16', 'us-west1-a_h100_16', 'us-east4-a_h100_16', 'europe-west1-c_h100_16', 'us-central1-c_h100_16', 'us-central1-b_h100_16', 'asia-southeast1-b_h100_16']",10,rc_cr_threshold,0,single_region,,us-central1-c_h100_16,,43.19444444444445,50.0,0.2,1.2,51.833333333333336,0.0,True,True,['data/converted_multi_region_aligned_h100_16_merged'],0,1078.529451866673,-1
Progressive_10,"['asia-southeast1-c_h100_16', 'asia-south2-b_h100_16', 'us-west1-b_h100_16', 'europe-west3-c_h100_16', 'us-west1-a_h100_16', 'us-east4-a_h100_16', 'europe-west1-c_h100_16', 'us-central1-c_h100_16', 'us-central1-b_h100_16', 'asia-southeast1-b_h100_16']",10,rc_cr_threshold,0,single_region,,us-central1-b_h100_16,,43.19444444444445,50.0,0.2,1.2,51.833333333333336,0.0,True,True,['data/converted_multi_region_aligned_h100_16_merged'],0,1164.3595868066748,-1
Progressive_10,"['asia-southeast1-c_h100_16', 'asia-south2-b_h100_16', 'us-west1-b_h100_16', 'europe-west3-c_h100_16', 'us-west1-a_h100_16', 'us-east4-a_h100_16', 'europe-west1-c_h100_16', 'us-central1-c_h100_16', 'us-central1-b_h100_16', 'asia-southeast1-b_h100_16']",10,rc_cr_threshold,0,single_region,,asia-southeast1-b_h100_16,,43.19444444444445,50.0,0.2,1.2,51.833333333333336,0.0,True,True,['data/converted_multi_region_aligned_h100_16_merged'],0,4599.544343114651,0
Progressive_10,"['asia-southeast1-c_h100_16', 'asia-south2-b_h100_16', 'us-west1-b_h100_16', 'europe-west3-c_h100_16', 'us-west1-a_h100_16', 'us-east4-a_h100_16', 'europe-west1-c_h100_16', 'us-central1-c_h100_16', 'us-central1-b_h100_16', 'asia-southeast1-b_h100_16']",10,unified_cost_model_risk,0,multi_region,,,,43.19444444444445,50.0,0.2,1.2,51.833333333333336,51.833333333333336,True,True,['data/converted_multi_region_aligned_h100_16_merged'],1,675.4977851296027,5
Progressive_10,"['asia-southeast1-c_h100_16', 'asia-south2-b_h100_16', 'us-west1-b_h100_16', 'europe-west3-c_h100_16', 'us-west1-a_h100_16', 'us-east4-a_h100_16', 'europe-west1-c_h100_16', 'us-central1-c_h100_16', 'us-central1-b_h100_16', 'asia-southeast1-b_h100_16']",10,multi_region_oracle_dp,0,multi_region,,,,43.19444444444445,50.0,0.2,1.2,51.833333333333336,51.833333333333336,True,True,['data/converted_multi_region_aligned_h100_16_merged'],1,648.6002133333357,0
Progressive_10,"['asia-southeast1-c_h100_16', 'asia-south2-b_h100_16', 'us-west1-b_h100_16', 'europe-west3-c_h100_16', 'us-west1-a_h100_16', 'us-east4-a_h100_16', 'europe-west1-c_h100_16', 'us-central1-c_h100_16', 'us-central1-b_h100_16', 'asia-southeast1-b_h100_16']",10,unified_cost_model_oracle,0,multi_region,,,,43.19444444444445,50.0,0.2,1.2,51.833333333333336,51.833333333333336,True,True,['data/converted_multi_region_aligned_h100_16_merged'],1,671.259594666669,4
Progressive_10,"['asia-southeast1-c_h100_16', 'asia-south2-b_h100_16', 'us-west1-b_h100_16', 'europe-west3-c_h100_16', 'us-west1-a_h100_16', 'us-east4-a_h100_16', 'europe-west1-c_h100_16', 'us-central1-c_h100_16', 'us-central1-b_h100_16', 'asia-southeast1-b_h100_16']",10,multi_region_rc_cr_threshold_eager_failover,0,multi_region,,,,43.19444444444445,50.0,0.2,1.2,51.833333333333336,51.833333333333336,True,True,['data/converted_multi_region_aligned_h100_16_merged'],1,705.6599200000013,8
Progressive_10,"['asia-southeast1-c_h100_16', 'asia-south2-b_h100_16', 'us-west1-b_h100_16', 'europe-west3-c_h100_16', 'us-west1-a_h100_16', 'us-east4-a_h100_16', 'europe-west1-c_h100_16', 'us-central1-c_h100_16', 'us-central1-b_h100_16', 'asia-southeast1-b_h100_16']",10,multi_region_availability_probe_simple,0,multi_region,,,,43.19444444444445,50.0,0.2,1.2,51.833333333333336,51.833333333333336,True,True,['data/converted_multi_region_aligned_h100_16_merged'],1,2650.1758610080146,1
Progressive_10,"['asia-southeast1-c_h100_16', 'asia-south2-b_h100_16', 'us-west1-b_h100_16', 'europe-west3-c_h100_16', 'us-west1-a_h100_16', 'us-east4-a_h100_16', 'europe-west1-c_h100_16', 'us-central1-c_h100_16', 'us-central1-b_h100_16', 'asia-southeast1-b_h100_16']",10,multi_region_probe_cost_ratio,0,multi_region,,,,43.19444444444445,50.0,0.2,1.2,51.833333333333336,51.833333333333336,True,True,['data/converted_multi_region_aligned_h100_16_merged'],1,805.6996700949378,9
Progressive_10,"['asia-southeast1-c_h100_16', 'asia-south2-b_h100_16', 'us-west1-b_h100_16', 'europe-west3-c_h100_16', 'us-west1-a_h100_16', 'us-east4-a_h100_16', 'europe-west1-c_h100_16', 'us-central1-c_h100_16', 'us-central1-b_h100_16', 'asia-southeast1-b_h100_16']",10,rc_cr_threshold,0,single_region,,asia-southeast1-c_h100_16,,43.19444444444445,50.0,0.2,1.2,51.833333333333336,51.833333333333336,True,True,['data/converted_multi_region_aligned_h100_16_merged'],1,2447.4830988480044,-1
Progressive_10,"['asia-southeast1-c_h100_16', 'asia-south2-b_h100_16', 'us-west1-b_h100_16', 'europe-west3-c_h100_16', 'us-west1-a_h100_16', 'us-east4-a_h100_16', 'europe-west1-c_h100_16', 'us-central1-c_h100_16', 'us-central1-b_h100_16', 'asia-southeast1-b_h100_16']",10,rc_cr_threshold,0,single_region,,asia-south2-b_h100_16,,43.19444444444445,50.0,0.2,1.2,51.833333333333336,51.833333333333336,True,True,['data/converted_multi_region_aligned_h100_16_merged'],1,3041.090036256015,-1
Progressive_10,"['asia-southeast1-c_h100_16', 'asia-south2-b_h100_16', 'us-west1-b_h100_16', 'europe-west3-c_h100_16', 'us-west1-a_h100_16', 'us-east4-a_h100_16', 'europe-west1-c_h100_16', 'us-central1-c_h100_16', 'us-central1-b_h100_16', 'asia-southeast1-b_h100_16']",10,rc_cr_threshold,0,single_region,,us-west1-b_h100_16,,43.19444444444445,50.0,0.2,1.2,51.833333333333336,51.833333333333336,True,True,['data/converted_multi_region_aligned_h100_16_merged'],1,3599.345881259991,-1
Progressive_10,"['asia-southeast1-c_h100_16', 'asia-south2-b_h100_16', 'us-west1-b_h100_16', 'europe-west3-c_h100_16', 'us-west1-a_h100_16', 'us-east4-a_h100_16', 'europe-west1-c_h100_16', 'us-central1-c_h100_16', 'us-central1-b_h100_16', 'asia-southeast1-b_h100_16']",10,rc_cr_threshold,0,single_region,,europe-west3-c_h100_16,,43.19444444444445,50.0,0.2,1.2,51.833333333333336,51.833333333333336,True,True,['data/converted_multi_region_aligned_h100_16_merged'],1,3739.073504063997,-1
Progressive_10,"['asia-southeast1-c_h100_16', 'asia-south2-b_h100_16', 'us-west1-b_h100_16', 'europe-west3-c_h100_16', 'us-west1-a_h100_16', 'us-east4-a_h100_16', 'europe-west1-c_h100_16', 'us-central1-c_h100_16', 'us-central1-b_h100_16', 'asia-southeast1-b_h100_16']",10,rc_cr_threshold,0,single_region,,us-west1-a_h100_16,,43.19444444444445,50.0,0.2,1.2,51.833333333333336,51.833333333333336,True,True,['data/converted_multi_region_aligned_h100_16_merged'],1,3595.081146266658,-1
Progressive_10,"['asia-southeast1-c_h100_16', 'asia-south2-b_h100_16', 'us-west1-b_h100_16', 'europe-west3-c_h100_16', 'us-west1-a_h100_16', 'us-east4-a_h100_16', 'europe-west1-c_h100_16', 'us-central1-c_h100_16', 'us-central1-b_h100_16', 'asia-southeast1-b_h100_16']",10,rc_cr_threshold,0,single_region,,us-east4-a_h100_16,,43.19444444444445,50.0,0.2,1.2,51.833333333333336,51.833333333333336,True,True,['data/converted_multi_region_aligned_h100_16_merged'],1,660.9780800000026,-1
Progressive_10,"['asia-southeast1-c_h100_16', 'asia-south2-b_h100_16', 'us-west1-b_h100_16', 'europe-west3-c_h100_16', 'us-west1-a_h100_16', 'us-east4-a_h100_16', 'europe-west1-c_h100_16', 'us-central1-c_h100_16', 'us-central1-b_h100_16', 'asia-southeast1-b_h100_16']",10,rc_cr_threshold,0,single_region,,europe-west1-c_h100_16,,43.19444444444445,50.0,0.2,1.2,51.833333333333336,51.833333333333336,True,True,['data/converted_multi_region_aligned_h100_16_merged'],1,1387.2608158293308,-1
Progressive_10,"['asia-southeast1-c_h100_16', 'asia-south2-b_h100_16', 'us-west1-b_h100_16', 'europe-west3-c_h100_16', 'us-west1-a_h100_16', 'us-east4-a_h100_16', 'europe-west1-c_h100_16', 'us-central1-c_h100_16', 'us-central1-b_h100_16', 'asia-southeast1-b_h100_16']",10,rc_cr_threshold,0,single_region,,us-central1-c_h100_16,,43.19444444444445,50.0,0.2,1.2,51.833333333333336,51.833333333333336,True,True,['data/converted_multi_region_aligned_h100_16_merged'],1,1138.771176846671,-1
Progressive_10,"['asia-southeast1-c_h100_16', 'asia-south2-b_h100_16', 'us-west1-b_h100_16', 'europe-west3-c_h100_16', 'us-west1-a_h100_16', 'us-east4-a_h100_16', 'europe-west1-c_h100_16', 'us-central1-c_h100_16', 'us-central1-b_h100_16', 'asia-southeast1-b_h100_16']",10,rc_cr_threshold,0,single_region,,us-central1-b_h100_16,,43.19444444444445,50.0,0.2,1.2,51.833333333333336,51.833333333333336,True,True,['data/converted_multi_region_aligned_h100_16_merged'],1,1167.381221826675,-1
Progressive_10,"['asia-southeast1-c_h100_16', 'asia-south2-b_h100_16', 'us-west1-b_h100_16', 'europe-west3-c_h100_16', 'us-west1-a_h100_16', 'us-east4-a_h100_16', 'europe-west1-c_h100_16', 'us-central1-c_h100_16', 'us-central1-b_h100_16', 'asia-southeast1-b_h100_16']",10,rc_cr_threshold,0,single_region,,asia-southeast1-b_h100_16,,43.19444444444445,50.0,0.2,1.2,51.833333333333336,51.833333333333336,True,True,['data/converted_multi_region_aligned_h100_16_merged'],1,3122.030977856021,0
Progressive_10,"['asia-southeast1-c_h100_16', 'asia-south2-b_h100_16', 'us-west1-b_h100_16', 'europe-west3-c_h100_16', 'us-west1-a_h100_16', 'us-east4-a_h100_16', 'europe-west1-c_h100_16', 'us-central1-c_h100_16', 'us-central1-b_h100_16', 'asia-southeast1-b_h100_16']",10,unified_cost_model_risk,0,multi_region,,,,43.19444444444445,50.0,0.2,1.2,51.833333333333336,103.66666666666667,True,True,['data/converted_multi_region_aligned_h100_16_merged'],2,665.7459179295981,1
Progressive_10,"['asia-southeast1-c_h100_16', 'asia-south2-b_h100_16', 'us-west1-b_h100_16', 'europe-west3-c_h100_16', 'us-west1-a_h100_16', 'us-east4-a_h100_16', 'europe-west1-c_h100_16', 'us-central1-c_h100_16', 'us-central1-b_h100_16', 'asia-southeast1-b_h100_16']",10,multi_region_oracle_dp,0,multi_region,,,,43.19444444444445,50.0,0.2,1.2,51.833333333333336,103.66666666666667,True,True,['data/converted_multi_region_aligned_h100_16_merged'],2,646.1246400000023,0
Progressive_10,"['asia-southeast1-c_h100_16', 'asia-south2-b_h100_16', 'us-west1-b_h100_16', 'europe-west3-c_h100_16', 'us-west1-a_h100_16', 'us-east4-a_h100_16', 'europe-west1-c_h100_16', 'us-central1-c_h100_16', 'us-central1-b_h100_16', 'asia-southeast1-b_h100_16']",10,unified_cost_model_oracle,0,multi_region,,,,43.19444444444445,50.0,0.2,1.2,51.833333333333336,103.66666666666667,True,True,['data/converted_multi_region_aligned_h100_16_merged'],2,662.1534399999981,1
Progressive_10,"['asia-southeast1-c_h100_16', 'asia-south2-b_h100_16', 'us-west1-b_h100_16', 'europe-west3-c_h100_16', 'us-west1-a_h100_16', 'us-east4-a_h100_16', 'europe-west1-c_h100_16', 'us-central1-c_h100_16', 'us-central1-b_h100_16', 'asia-southeast1-b_h100_16']",10,multi_region_rc_cr_threshold_eager_failover,0,multi_region,,,,43.19444444444445,50.0,0.2,1.2,51.833333333333336,103.66666666666667,True,True,['data/converted_multi_region_aligned_h100_16_merged'],2,662.1534399999981,1
Progressive_10,"['asia-southeast1-c_h100_16', 'asia-south2-b_h100_16', 'us-west1-b_h100_16', 'europe-west3-c_h100_16', 'us-west1-a_h100_16', 'us-east4-a_h100_16', 'europe-west1-c_h100_16', 'us-central1-c_h100_16', 'us-central1-b_h100_16', 'asia-southeast1-b_h100_16']",10,multi_region_availability_probe_simple,0,multi_region,,,,43.19444444444445,50.0,0.2,1.2,51.833333333333336,103.66666666666667,True,True,['data/converted_multi_region_aligned_h100_16_merged'],2,3058.8377545600188,0
Progressive_10,"['asia-southeast1-c_h100_16', 'asia-south2-b_h100_16', 'us-west1-b_h100_16', 'europe-west3-c_h100_16', 'us-west1-a_h100_16', 'us-east4-a_h100_16', 'europe-west1-c_h100_16', 'us-central1-c_h100_16', 'us-central1-b_h100_16', 'asia-southeast1-b_h100_16']",10,multi_region_probe_cost_ratio,0,multi_region,,,,43.19444444444445,50.0,0.2,1.2,51.833333333333336,103.66666666666667,True,True,['data/converted_multi_region_aligned_h100_16_merged'],2,758.8207227690694,4
Progressive_10,"['asia-southeast1-c_h100_16', 'asia-south2-b_h100_16', 'us-west1-b_h100_16', 'europe-west3-c_h100_16', 'us-west1-a_h100_16', 'us-east4-a_h100_16', 'europe-west1-c_h100_16', 'us-central1-c_h100_16', 'us-central1-b_h100_16', 'asia-southeast1-b_h100_16']",10,rc_cr_threshold,0,single_region,,asia-southeast1-c_h100_16,,43.19444444444445,50.0,0.2,1.2,51.833333333333336,103.66666666666667,True,True,['data/converted_multi_region_aligned_h100_16_merged'],2,4350.9155566933205,-1
Progressive_10,"['asia-southeast1-c_h100_16', 'asia-south2-b_h100_16', 'us-west1-b_h100_16', 'europe-west3-c_h100_16', 'us-west1-a_h100_16', 'us-east4-a_h100_16', 'europe-west1-c_h100_16', 'us-central1-c_h100_16', 'us-central1-b_h100_16', 'asia-southeast1-b_h100_16']",10,rc_cr_threshold,0,single_region,,asia-south2-b_h100_16,,43.19444444444445,50.0,0.2,1.2,51.833333333333336,103.66666666666667,True,True,['data/converted_multi_region_aligned_h100_16_merged'],2,3041.090036256015,-1
Progressive_10,"['asia-southeast1-c_h100_16', 'asia-south2-b_h100_16', 'us-west1-b_h100_16', 'europe-west3-c_h100_16', 'us-west1-a_h100_16', 'us-east4-a_h100_16', 'europe-west1-c_h100_16', 'us-central1-c_h100_16', 'us-central1-b_h100_16', 'asia-southeast1-b_h100_16']",10,rc_cr_threshold,0,single_region,,us-west1-b_h100_16,,43.19444444444445,50.0,0.2,1.2,51.833333333333336,103.66666666666667,True,True,['data/converted_multi_region_aligned_h100_16_merged'],2,3608.835385259991,-1
Progressive_10,"['asia-southeast1-c_h100_16', 'asia-south2-b_h100_16', 'us-west1-b_h100_16', 'europe-west3-c_h100_16', 'us-west1-a_h100_16', 'us-east4-a_h100_16', 'europe-west1-c_h100_16', 'us-central1-c_h100_16', 'us-central1-b_h100_16', 'asia-southeast1-b_h100_16']",10,rc_cr_threshold,0,single_region,,europe-west3-c_h100_16,,43.19444444444445,50.0,0.2,1.2,51.833333333333336,103.66666666666667,True,True,['data/converted_multi_region_aligned_h100_16_merged'],2,4236.030618047997,-1
Progressive_10,"['asia-southeast1-c_h100_16', 'asia-south2-b_h100_16', 'us-west1-b_h100_16', 'europe-west3-c_h100_16', 'us-west1-a_h100_16', 'us-east4-a_h100_16', 'europe-west1-c_h100_16', 'us-central1-c_h100_16', 'us-central1-b_h100_16', 'asia-southeast1-b_h100_16']",10,rc_cr_threshold,0,single_region,,us-west1-a_h100_16,,43.19444444444445,50.0,0.2,1.2,51.833333333333336,103.66666666666667,True,True,['data/converted_multi_region_aligned_h100_16_merged'],2,2912.9878676999974,-1
Progressive_10,"['asia-southeast1-c_h100_16', 'asia-south2-b_h100_16', 'us-west1-b_h100_16', 'europe-west3-c_h100_16', 'us-west1-a_h100_16', 'us-east4-a_h100_16', 'europe-west1-c_h100_16', 'us-central1-c_h100_16', 'us-central1-b_h100_16', 'asia-southeast1-b_h100_16']",10,rc_cr_threshold,0,single_region,,us-east4-a_h100_16,,43.19444444444445,50.0,0.2,1.2,51.833333333333336,103.66666666666667,True,True,['data/converted_multi_region_aligned_h100_16_merged'],2,651.075786666669,-1
Progressive_10,"['asia-southeast1-c_h100_16', 'asia-south2-b_h100_16', 'us-west1-b_h100_16', 'europe-west3-c_h100_16', 'us-west1-a_h100_16', 'us-east4-a_h100_16', 'europe-west1-c_h100_16', 'us-central1-c_h100_16', 'us-central1-b_h100_16', 'asia-southeast1-b_h100_16']",10,rc_cr_threshold,0,single_region,,europe-west1-c_h100_16,,43.19444444444445,50.0,0.2,1.2,51.833333333333336,103.66666666666667,True,True,['data/converted_multi_region_aligned_h100_16_merged'],2,1101.9328648213288,-1
Progressive_10,"['asia-southeast1-c_h100_16', 'asia-south2-b_h100_16', 'us-west1-b_h100_16', 'europe-west3-c_h100_16', 'us-west1-a_h100_16', 'us-east4-a_h100_16', 'europe-west1-c_h100_16', 'us-central1-c_h100_16', 'us-central1-b_h100_16', 'asia-southeast1-b_h100_16']",10,rc_cr_threshold,0,single_region,,us-central1-c_h100_16,,43.19444444444445,50.0,0.2,1.2,51.833333333333336,103.66666666666667,True,True,['data/converted_multi_region_aligned_h100_16_merged'],2,1699.1379054800072,-1
Progressive_10,"['asia-southeast1-c_h100_16', 'asia-south2-b_h100_16', 'us-west1-b_h100_16', 'europe-west3-c_h100_16', 'us-west1-a_h100_16', 'us-east4-a_h100_16', 'europe-west1-c_h100_16', 'us-central1-c_h100_16', 'us-central1-b_h100_16', 'asia-southeast1-b_h100_16']",10,rc_cr_threshold,0,single_region,,us-central1-b_h100_16,,43.19444444444445,50.0,0.2,1.2,51.833333333333336,103.66666666666667,True,True,['data/converted_multi_region_aligned_h100_16_merged'],2,1635.5914795200076,-1
Progressive_10,"['asia-southeast1-c_h100_16', 'asia-south2-b_h100_16', 'us-west1-b_h100_16', 'europe-west3-c_h100_16', 'us-west1-a_h100_16', 'us-east4-a_h100_16', 'europe-west1-c_h100_16', 'us-central1-c_h100_16', 'us-central1-b_h100_16', 'asia-southeast1-b_h100_16']",10,rc_cr_threshold,0,single_region,,asia-southeast1-b_h100_16,,43.19444444444445,50.0,0.2,1.2,51.833333333333336,103.66666666666667,True,True,['data/converted_multi_region_aligned_h100_16_merged'],2,837.6527039999982,0
Progressive_10,"['asia-southeast1-c_h100_16', 'asia-south2-b_h100_16', 'us-west1-b_h100_16', 'europe-west3-c_h100_16', 'us-west1-a_h100_16', 'us-east4-a_h100_16', 'europe-west1-c_h100_16', 'us-central1-c_h100_16', 'us-central1-b_h100_16', 'asia-southeast1-b_h100_16']",10,unified_cost_model_risk,0,multi_region,,,,43.19444444444445,50.0,0.2,1.2,51.833333333333336,155.5,True,True,['data/converted_multi_region_aligned_h100_16_merged'],3,712.6219483295953,2
Progressive_10,"['asia-southeast1-c_h100_16', 'asia-south2-b_h100_16', 'us-west1-b_h100_16', 'europe-west3-c_h100_16', 'us-west1-a_h100_16', 'us-east4-a_h100_16', 'europe-west1-c_h100_16', 'us-central1-c_h100_16', 'us-central1-b_h100_16', 'asia-southeast1-b_h100_16']",10,multi_region_oracle_dp,0,multi_region,,,,43.19444444444445,50.0,0.2,1.2,51.833333333333336,155.5,True,True,['data/converted_multi_region_aligned_h100_16_merged'],3,691.902106666663,1
Progressive_10,"['asia-southeast1-c_h100_16', 'asia-south2-b_h100_16', 'us-west1-b_h100_16', 'europe-west3-c_h100_16', 'us-west1-a_h100_16', 'us-east4-a_h100_16', 'europe-west1-c_h100_16', 'us-central1-c_h100_16', 'us-central1-b_h100_16', 'asia-southeast1-b_h100_16']",10,unified_cost_model_oracle,0,multi_region,,,,43.19444444444445,50.0,0.2,1.2,51.833333333333336,155.5,True,True,['data/converted_multi_region_aligned_h100_16_merged'],3,709.1019679999953,2
Progressive_10,"['asia-southeast1-c_h100_16', 'asia-south2-b_h100_16', 'us-west1-b_h100_16', 'europe-west3-c_h100_16', 'us-west1-a_h100_16', 'us-east4-a_h100_16', 'europe-west1-c_h100_16', 'us-central1-c_h100_16', 'us-central1-b_h100_16', 'asia-southeast1-b_h100_16']",10,multi_region_rc_cr_threshold_eager_failover,0,multi_region,,,,43.19444444444445,50.0,0.2,1.2,51.833333333333336,155.5,True,True,['data/converted_multi_region_aligned_h100_16_merged'],3,709.1019679999953,2
Progressive_10,"['asia-southeast1-c_h100_16', 'asia-south2-b_h100_16', 'us-west1-b_h100_16', 'europe-west3-c_h100_16', 'us-west1-a_h100_16', 'us-east4-a_h100_16', 'europe-west1-c_h100_16', 'us-central1-c_h100_16', 'us-central1-b_h100_16', 'asia-southeast1-b_h100_16']",10,multi_region_availability_probe_simple,0,multi_region,,,,43.19444444444445,50.0,0.2,1.2,51.833333333333336,155.5,True,True,['data/converted_multi_region_aligned_h100_16_merged'],3,3068.069379626687,0
Progressive_10,"['asia-southeast1-c_h100_16', 'asia-south2-b_h100_16', 'us-west1-b_h100_16', 'europe-west3-c_h100_16', 'us-west1-a_h100_16', 'us-east4-a_h100_16', 'europe-west1-c_h100_16', 'us-central1-c_h100_16', 'us-central1-b_h100_16', 'asia-southeast1-b_h100_16']",10,multi_region_probe_cost_ratio,0,multi_region,,,,43.19444444444445,50.0,0.2,1.2,51.833333333333336,155.5,True,True,['data/converted_multi_region_aligned_h100_16_merged'],3,837.846108369065,2
Progressive_10,"['asia-southeast1-c_h100_16', 'asia-south2-b_h100_16', 'us-west1-b_h100_16', 'europe-west3-c_h100_16', 'us-west1-a_h100_16', 'us-east4-a_h100_16', 'europe-west1-c_h100_16', 'us-central1-c_h100_16', 'us-central1-b_h100_16', 'asia-southeast1-b_h100_16']",10,rc_cr_threshold,0,single_region,,asia-southeast1-c_h100_16,,43.19444444444445,50.0,0.2,1.2,51.833333333333336,155.5,True,True,['data/converted_multi_region_aligned_h100_16_merged'],3,4654.835836703985,-1
Progressive_10,"['asia-southeast1-c_h100_16', 'asia-south2-b_h100_16', 'us-west1-b_h100_16', 'europe-west3-c_h100_16', 'us-west1-a_h100_16', 'us-east4-a_h100_16', 'europe-west1-c_h100_16', 'us-central1-c_h100_16', 'us-central1-b_h100_16', 'asia-southeast1-b_h100_16']",10,rc_cr_threshold,0,single_region,,asia-south2-b_h100_16,,43.19444444444445,50.0,0.2,1.2,51.833333333333336,155.5,True,True,['data/converted_multi_region_aligned_h100_16_merged'],3,3041.090036256015,-1
Progressive_10,"['asia-southeast1-c_h100_16', 'asia-south2-b_h100_16', 'us-west1-b_h100_16', 'europe-west3-c_h100_16', 'us-west1-a_h100_16', 'us-east4-a_h100_16', 'europe-west1-c_h100_16', 'us-central1-c_h100_16', 'us-central1-b_h100_16', 'asia-southeast1-b_h100_16']",10,rc_cr_threshold,0,single_region,,us-west1-b_h100_16,,43.19444444444445,50.0,0.2,1.2,51.833333333333336,155.5,True,True,['data/converted_multi_region_aligned_h100_16_merged'],3,3606.7737842533243,-1
Progressive_10,"['asia-southeast1-c_h100_16', 'asia-south2-b_h100_16', 'us-west1-b_h100_16', 'europe-west3-c_h100_16', 'us-west1-a_h100_16', 'us-east4-a_h100_16', 'europe-west1-c_h100_16', 'us-central1-c_h100_16', 'us-central1-b_h100_16', 'asia-southeast1-b_h100_16']",10,rc_cr_threshold,0,single_region,,europe-west3-c_h100_16,,43.19444444444445,50.0,0.2,1.2,51.833333333333336,155.5,True,True,['data/converted_multi_region_aligned_h100_16_merged'],3,2879.8662621439803,-1
Progressive_10,"['asia-southeast1-c_h100_16', 'asia-south2-b_h100_16', 'us-west1-b_h100_16', 'europe-west3-c_h100_16', 'us-west1-a_h100_16', 'us-east4-a_h100_16', 'europe-west1-c_h100_16', 'us-central1-c_h100_16', 'us-central1-b_h100_16', 'asia-southeast1-b_h100_16']",10,rc_cr_threshold,0,single_region,,us-west1-a_h100_16,,43.19444444444445,50.0,0.2,1.2,51.833333333333336,155.5,True,True,['data/converted_multi_region_aligned_h100_16_merged'],3,828.7500160000034,-1
Progressive_10,"['asia-southeast1-c_h100_16', 'asia-south2-b_h100_16', 'us-west1-b_h100_16', 'europe-west3-c_h100_16', 'us-west1-a_h100_16', 'us-east4-a_h100_16', 'europe-west1-c_h100_16', 'us-central1-c_h100_16', 'us-central1-b_h100_16', 'asia-southeast1-b_h100_16']",10,rc_cr_threshold,0,single_region,,us-east4-a_h100_16,,43.19444444444445,50.0,0.2,1.2,51.833333333333336,155.5,True,True,['data/converted_multi_region_aligned_h100_16_merged'],3,2414.6673413333347,-1
Progressive_10,"['asia-southeast1-c_h100_16', 'asia-south2-b_h100_16', 'us-west1-b_h100_16', 'europe-west3-c_h100_16', 'us-west1-a_h100_16', 'us-east4-a_h100_16', 'europe-west1-c_h100_16', 'us-central1-c_h100_16', 'us-central1-b_h100_16', 'asia-southeast1-b_h100_16']",10,rc_cr_threshold,0,single_region,,europe-west1-c_h100_16,,43.19444444444445,50.0,0.2,1.2,51.833333333333336,155.5,True,True,['data/converted_multi_region_aligned_h100_16_merged'],3,714.2259733333301,-1
Progressive_10,"['asia-southeast1-c_h100_16', 'asia-south2-b_h100_16', 'us-west1-b_h100_16', 'europe-west3-c_h100_16', 'us-west1-a_h100_16', 'us-east4-a_h100_16', 'europe-west1-c_h100_16', 'us-central1-c_h100_16', 'us-central1-b_h100_16', 'asia-southeast1-b_h100_16']",10,rc_cr_threshold,0,single_region,,us-central1-c_h100_16,,43.19444444444445,50.0,0.2,1.2,51.833333333333336,155.5,True,True,['data/converted_multi_region_aligned_h100_16_merged'],3,1059.5504438666728,-1
Progressive_10,"['asia-southeast1-c_h100_16', 'asia-south2-b_h100_16', 'us-west1-b_h100_16', 'europe-west3-c_h100_16', 'us-west1-a_h100_16', 'us-east4-a_h100_16', 'europe-west1-c_h100_16', 'us-central1-c_h100_16', 'us-central1-b_h100_16', 'asia-southeast1-b_h100_16']",10,rc_cr_threshold,0,single_region,,us-central1-b_h100_16,,43.19444444444445,50.0,0.2,1.2,51.833333333333336,155.5,True,True,['data/converted_multi_region_aligned_h100_16_merged'],3,1113.4658328466742,-1
Progressive_10,"['asia-southeast1-c_h100_16', 'asia-south2-b_h100_16', 'us-west1-b_h100_16', 'europe-west3-c_h100_16', 'us-west1-a_h100_16', 'us-east4-a_h100_16', 'europe-west1-c_h100_16', 'us-central1-c_h100_16', 'us-central1-b_h100_16', 'asia-southeast1-b_h100_16']",10,rc_cr_threshold,0,single_region,,asia-southeast1-b_h100_16,,43.19444444444445,50.0,0.2,1.2,51.833333333333336,155.5,True,True,['data/converted_multi_region_aligned_h100_16_merged'],3,837.6527039999982,0
Progressive_10,"['asia-southeast1-c_h100_16', 'asia-south2-b_h100_16', 'us-west1-b_h100_16', 'europe-west3-c_h100_16', 'us-west1-a_h100_16', 'us-east4-a_h100_16', 'europe-west1-c_h100_16', 'us-central1-c_h100_16', 'us-central1-b_h100_16', 'asia-southeast1-b_h100_16']",10,unified_cost_model_risk,0,multi_region,,,,43.19444444444445,50.0,0.2,1.2,51.833333333333336,207.33333333333334,True,True,['data/converted_multi_region_aligned_h100_16_merged'],4,807.9284453962697,5
Progressive_10,"['asia-southeast1-c_h100_16', 'asia-south2-b_h100_16', 'us-west1-b_h100_16', 'europe-west3-c_h100_16', 'us-west1-a_h100_16', 'us-east4-a_h100_16', 'europe-west1-c_h100_16', 'us-central1-c_h100_16', 'us-central1-b_h100_16', 'asia-southeast1-b_h100_16']",10,multi_region_oracle_dp,0,multi_region,,,,43.19444444444445,50.0,0.2,1.2,51.833333333333336,207.33333333333334,True,True,['data/converted_multi_region_aligned_h100_16_merged'],4,689.1574826666705,3
Progressive_10,"['asia-southeast1-c_h100_16', 'asia-south2-b_h100_16', 'us-west1-b_h100_16', 'europe-west3-c_h100_16', 'us-west1-a_h100_16', 'us-east4-a_h100_16', 'europe-west1-c_h100_16', 'us-central1-c_h100_16', 'us-central1-b_h100_16', 'asia-southeast1-b_h100_16']",10,unified_cost_model_oracle,0,multi_region,,,,43.19444444444445,50.0,0.2,1.2,51.833333333333336,207.33333333333334,True,True,['data/converted_multi_region_aligned_h100_16_merged'],4,729.9159573333402,2
Progressive_10,"['asia-southeast1-c_h100_16', 'asia-south2-b_h100_16', 'us-west1-b_h100_16', 'europe-west3-c_h100_16', 'us-west1-a_h100_16', 'us-east4-a_h100_16', 'europe-west1-c_h100_16', 'us-central1-c_h100_16', 'us-central1-b_h100_16', 'asia-southeast1-b_h100_16']",10,multi_region_rc_cr_threshold_eager_failover,0,multi_region,,,,43.19444444444445,50.0,0.2,1.2,51.833333333333336,207.33333333333334,True,True,['data/converted_multi_region_aligned_h100_16_merged'],4,729.8275306666707,4
Progressive_10,"['asia-southeast1-c_h100_16', 'asia-south2-b_h100_16', 'us-west1-b_h100_16', 'europe-west3-c_h100_16', 'us-west1-a_h100_16', 'us-east4-a_h100_16', 'europe-west1-c_h100_16', 'us-central1-c_h100_16', 'us-central1-b_h100_16', 'asia-southeast1-b_h100_16']",10,multi_region_availability_probe_simple,0,multi_region,,,,43.19444444444445,50.0,0.2,1.2,51.833333333333336,207.33333333333334,True,True,['data/converted_multi_region_aligned_h100_16_merged'],4,3068.474878826685,0
Progressive_10,"['asia-southeast1-c_h100_16', 'asia-south2-b_h100_16', 'us-west1-b_h100_16', 'europe-west3-c_h100_16', 'us-west1-a_h100_16', 'us-east4-a_h100_16', 'europe-west1-c_h100_16', 'us-central1-c_h100_16', 'us-central1-b_h100_16', 'asia-southeast1-b_h100_16']",10,multi_region_probe_cost_ratio,0,multi_region,,,,43.19444444444445,50.0,0.2,1.2,51.833333333333336,207.33333333333334,True,True,['data/converted_multi_region_aligned_h100_16_merged'],4,923.8014876319961,5
Progressive_10,"['asia-southeast1-c_h100_16', 'asia-south2-b_h100_16', 'us-west1-b_h100_16', 'europe-west3-c_h100_16', 'us-west1-a_h100_16', 'us-east4-a_h100_16', 'europe-west1-c_h100_16', 'us-central1-c_h100_16', 'us-central1-b_h100_16', 'asia-southeast1-b_h100_16']",10,rc_cr_threshold,0,single_region,,asia-southeast1-c_h100_16,,43.19444444444445,50.0,0.2,1.2,51.833333333333336,207.33333333333334,True,True,['data/converted_multi_region_aligned_h100_16_merged'],4,4409.416447615982,-1
Progressive_10,"['asia-southeast1-c_h100_16', 'asia-south2-b_h100_16', 'us-west1-b_h100_16', 'europe-west3-c_h100_16', 'us-west1-a_h100_16', 'us-east4-a_h100_16', 'europe-west1-c_h100_16', 'us-central1-c_h100_16', 'us-central1-b_h100_16', 'asia-southeast1-b_h100_16']",10,rc_cr_threshold,0,single_region,,asia-south2-b_h100_16,,43.19444444444445,50.0,0.2,1.2,51.833333333333336,207.33333333333334,True,True,['data/converted_multi_region_aligned_h100_16_merged'],4,3041.090036256015,-1
Progressive_10,"['asia-southeast1-c_h100_16', 'asia-south2-b_h100_16', 'us-west1-b_h100_16', 'europe-west3-c_h100_16', 'us-west1-a_h100_16', 'us-east4-a_h100_16', 'europe-west1-c_h100_16', 'us-central1-c_h100_16', 'us-central1-b_h100_16', 'asia-southeast1-b_h100_16']",10,rc_cr_threshold,0,single_region,,us-west1-b_h100_16,,43.19444444444445,50.0,0.2,1.2,51.833333333333336,207.33333333333334,True,True,['data/converted_multi_region_aligned_h100_16_merged'],4,3033.7543836199966,-1
Progressive_10,"['asia-southeast1-c_h100_16', 'asia-south2-b_h100_16', 'us-west1-b_h100_16', 'europe-west3-c_h100_16', 'us-west1-a_h100_16', 'us-east4-a_h100_16', 'europe-west1-c_h100_16', 'us-central1-c_h100_16', 'us-central1-b_h100_16', 'asia-southeast1-b_h100_16']",10,rc_cr_threshold,0,single_region,,europe-west3-c_h100_16,,43.19444444444445,50.0,0.2,1.2,51.833333333333336,207.33333333333334,True,True,['data/converted_multi_region_aligned_h100_16_merged'],4,2354.6698930559846,-1
Progressive_10,"['asia-southeast1-c_h100_16', 'asia-south2-b_h100_16', 'us-west1-b_h100_16', 'europe-west3-c_h100_16', 'us-west1-a_h100_16', 'us-east4-a_h100_16', 'europe-west1-c_h100_16', 'us-central1-c_h100_16', 'us-central1-b_h100_16', 'asia-southeast1-b_h100_16']",10,rc_cr_threshold,0,single_region,,us-west1-a_h100_16,,43.19444444444445,50.0,0.2,1.2,51.833333333333336,207.33333333333334,True,True,['data/converted_multi_region_aligned_h100_16_merged'],4,1099.8531268333402,-1
Progressive_10,"['asia-southeast1-c_h100_16', 'asia-south2-b_h100_16', 'us-west1-b_h100_16', 'europe-west3-c_h100_16', 'us-west1-a_h100_16', 'us-east4-a_h100_16', 'europe-west1-c_h100_16', 'us-central1-c_h100_16', 'us-central1-b_h100_16', 'asia-southeast1-b_h100_16']",10,rc_cr_threshold,0,single_region,,us-east4-a_h100_16,,43.19444444444445,50.0,0.2,1.2,51.833333333333336,207.33333333333334,True,True,['data/converted_multi_region_aligned_h100_16_merged'],4,2306.009798026656,-1
Progressive_10,"['asia-southeast1-c_h100_16', 'asia-south2-b_h100_16', 'us-west1-b_h100_16', 'europe-west3-c_h100_16', 'us-west1-a_h100_16', 'us-east4-a_h100_16', 'europe-west1-c_h100_16', 'us-central1-c_h100_16', 'us-central1-b_h100_16', 'asia-southeast1-b_h100_16']",10,rc_cr_threshold,0,single_region,,europe-west1-c_h100_16,,43.19444444444445,50.0,0.2,1.2,51.833333333333336,207.33333333333334,True,True,['data/converted_multi_region_aligned_h100_16_merged'],4,2051.208961802666,-1
Progressive_10,"['asia-southeast1-c_h100_16', 'asia-south2-b_h100_16', 'us-west1-b_h100_16', 'europe-west3-c_h100_16', 'us-west1-a_h100_16', 'us-east4-a_h100_16', 'europe-west1-c_h100_16', 'us-central1-c_h100_16', 'us-central1-b_h100_16', 'asia-southeast1-b_h100_16']",10,rc_cr_threshold,0,single_region,,us-central1-c_h100_16,,43.19444444444445,50.0,0.2,1.2,51.833333333333336,207.33333333333334,True,True,['data/converted_multi_region_aligned_h100_16_merged'],4,841.4026880000035,-1
Progressive_10,"['asia-southeast1-c_h100_16', 'asia-south2-b_h100_16', 'us-west1-b_h100_16', 'europe-west3-c_h100_16', 'us-west1-a_h100_16', 'us-east4-a_h100_16', 'europe-west1-c_h100_16', 'us-central1-c_h100_16', 'us-central1-b_h100_16', 'asia-southeast1-b_h100_16']",10,rc_cr_threshold,0,single_region,,us-central1-b_h100_16,,43.19444444444445,50.0,0.2,1.2,51.833333333333336,207.33333333333334,True,True,['data/converted_multi_region_aligned_h100_16_merged'],4,1065.8767798666736,-1
Progressive_10,"['asia-southeast1-c_h100_16', 'asia-south2-b_h100_16', 'us-west1-b_h100_16', 'europe-west3-c_h100_16', 'us-west1-a_h100_16', 'us-east4-a_h100_16', 'europe-west1-c_h100_16', 'us-central1-c_h100_16', 'us-central1-b_h100_16', 'asia-southeast1-b_h100_16']",10,rc_cr_threshold,0,single_region,,asia-southeast1-b_h100_16,,43.19444444444445,50.0,0.2,1.2,51.833333333333336,207.33333333333334,True,True,['data/converted_multi_region_aligned_h100_16_merged'],4,837.6527039999982,0
Progressive_10,"['asia-southeast1-c_h100_16', 'asia-south2-b_h100_16', 'us-west1-b_h100_16', 'europe-west3-c_h100_16', 'us-west1-a_h100_16', 'us-east4-a_h100_16', 'europe-west1-c_h100_16', 'us-central1-c_h100_16', 'us-central1-b_h100_16', 'asia-southeast1-b_h100_16']",10,unified_cost_model_risk,0,multi_region,,,,43.19444444444445,50.0,0.2,1.2,51.833333333333336,259.1666666666667,True,True,['data/converted_multi_region_aligned_h100_16_merged'],5,695.3442315295964,1
Progressive_10,"['asia-southeast1-c_h100_16', 'asia-south2-b_h100_16', 'us-west1-b_h100_16', 'europe-west3-c_h100_16', 'us-west1-a_h100_16', 'us-east4-a_h100_16', 'europe-west1-c_h100_16', 'us-central1-c_h100_16', 'us-central1-b_h100_16', 'asia-southeast1-b_h100_16']",10,multi_region_oracle_dp,0,multi_region,,,,43.19444444444445,50.0,0.2,1.2,51.833333333333336,259.1666666666667,True,True,['data/converted_multi_region_aligned_h100_16_merged'],5,671.5528533333356,2
Progressive_10,"['asia-southeast1-c_h100_16', 'asia-south2-b_h100_16', 'us-west1-b_h100_16', 'europe-west3-c_h100_16', 'us-west1-a_h100_16', 'us-east4-a_h100_16', 'europe-west1-c_h100_16', 'us-central1-c_h100_16', 'us-central1-b_h100_16', 'asia-southeast1-b_h100_16']",10,unified_cost_model_oracle,0,multi_region,,,,43.19444444444445,50.0,0.2,1.2,51.833333333333336,259.1666666666667,True,True,['data/converted_multi_region_aligned_h100_16_merged'],5,691.4595999999965,1
Progressive_10,"['asia-southeast1-c_h100_16', 'asia-south2-b_h100_16', 'us-west1-b_h100_16', 'europe-west3-c_h100_16', 'us-west1-a_h100_16', 'us-east4-a_h100_16', 'europe-west1-c_h100_16', 'us-central1-c_h100_16', 'us-central1-b_h100_16', 'asia-southeast1-b_h100_16']",10,multi_region_rc_cr_threshold_eager_failover,0,multi_region,,,,43.19444444444445,50.0,0.2,1.2,51.833333333333336,259.1666666666667,True,True,['data/converted_multi_region_aligned_h100_16_merged'],5,691.4595999999965,1
Progressive_10,"['asia-southeast1-c_h100_16', 'asia-south2-b_h100_16', 'us-west1-b_h100_16', 'europe-west3-c_h100_16', 'us-west1-a_h100_16', 'us-east4-a_h100_16', 'europe-west1-c_h100_16', 'us-central1-c_h100_16', 'us-central1-b_h100_16', 'asia-southeast1-b_h100_16']",10,multi_region_availability_probe_simple,0,multi_region,,,,43.19444444444445,50.0,0.2,1.2,51.833333333333336,259.1666666666667,True,True,['data/converted_multi_region_aligned_h100_16_merged'],5,909.3878989845305,0
Progressive_10,"['asia-southeast1-c_h100_16', 'asia-south2-b_h100_16', 'us-west1-b_h100_16', 'europe-west3-c_h100_16', 'us-west1-a_h100_16', 'us-east4-a_h100_16', 'europe-west1-c_h100_16', 'us-central1-c_h100_16', 'us-central1-b_h100_16', 'asia-southeast1-b_h100_16']",10,multi_region_probe_cost_ratio,0,multi_region,,,,43.19444444444445,50.0,0.2,1.2,51.833333333333336,259.1666666666667,True,True,['data/converted_multi_region_aligned_h100_16_merged'],5,841.3461606357293,1
Progressive_10,"['asia-southeast1-c_h100_16', 'asia-south2-b_h100_16', 'us-west1-b_h100_16', 'europe-west3-c_h100_16', 'us-west1-a_h100_16', 'us-east4-a_h100_16', 'europe-west1-c_h100_16', 'us-central1-c_h100_16', 'us-central1-b_h100_16', 'asia-southeast1-b_h100_16']",10,rc_cr_threshold,0,single_region,,asia-southeast1-c_h100_16,,43.19444444444445,50.0,0.2,1.2,51.833333333333336,259.1666666666667,True,True,['data/converted_multi_region_aligned_h100_16_merged'],5,837.6527039999982,-1
Progressive_10,"['asia-southeast1-c_h100_16', 'asia-south2-b_h100_16', 'us-west1-b_h100_16', 'europe-west3-c_h100_16', 'us-west1-a_h100_16', 'us-east4-a_h100_16', 'europe-west1-c_h100_16', 'us-central1-c_h100_16', 'us-central1-b_h100_16', 'asia-southeast1-b_h100_16']",10,rc_cr_threshold,0,single_region,,asia-south2-b_h100_16,,43.19444444444445,50.0,0.2,1.2,51.833333333333336,259.1666666666667,True,True,['data/converted_multi_region_aligned_h100_16_merged'],5,3041.090036256015,-1
Progressive_10,"['asia-southeast1-c_h100_16', 'asia-south2-b_h100_16', 'us-west1-b_h100_16', 'europe-west3-c_h100_16', 'us-west1-a_h100_16', 'us-east4-a_h100_16', 'europe-west1-c_h100_16', 'us-central1-c_h100_16', 'us-central1-b_h100_16', 'asia-southeast1-b_h100_16']",10,rc_cr_threshold,0,single_region,,us-west1-b_h100_16,,43.19444444444445,50.0,0.2,1.2,51.833333333333336,259.1666666666667,True,True,['data/converted_multi_region_aligned_h100_16_merged'],5,2020.9932372933315,-1
Progressive_10,"['asia-southeast1-c_h100_16', 'asia-south2-b_h100_16', 'us-west1-b_h100_16', 'europe-west3-c_h100_16', 'us-west1-a_h100_16', 'us-east4-a_h100_16', 'europe-west1-c_h100_16', 'us-central1-c_h100_16', 'us-central1-b_h100_16', 'asia-southeast1-b_h100_16']",10,rc_cr_threshold,0,single_region,,europe-west3-c_h100_16,,43.19444444444445,50.0,0.2,1.2,51.833333333333336,259.1666666666667,True,True,['data/converted_multi_region_aligned_h100_16_merged'],5,762.5208959999959,-1
Progressive_10,"['asia-southeast1-c_h100_16', 'asia-south2-b_h100_16', 'us-west1-b_h100_16', 'europe-west3-c_h100_16', 'us-west1-a_h100_16', 'us-east4-a_h100_16', 'europe-west1-c_h100_16', 'us-central1-c_h100_16', 'us-central1-b_h100_16', 'asia-southeast1-b_h100_16']",10,rc_cr_threshold,0,single_region,,us-west1-a_h100_16,,43.19444444444445,50.0,0.2,1.2,51.833333333333336,259.1666666666667,True,True,['data/converted_multi_region_aligned_h100_16_merged'],5,2356.744341079999,-1
Progressive_10,"['asia-southeast1-c_h100_16', 'asia-south2-b_h100_16', 'us-west1-b_h100_16', 'europe-west3-c_h100_16', 'us-west1-a_h100_16', 'us-east4-a_h100_16', 'europe-west1-c_h100_16', 'us-central1-c_h100_16', 'us-central1-b_h100_16', 'asia-southeast1-b_h100_16']",10,rc_cr_threshold,0,single_region,,us-east4-a_h100_16,,43.19444444444445,50.0,0.2,1.2,51.833333333333336,259.1666666666667,True,True,['data/converted_multi_region_aligned_h100_16_merged'],5,1024.0937989333413,-1
Progressive_10,"['asia-southeast1-c_h100_16', 'asia-south2-b_h100_16', 'us-west1-b_h100_16', 'europe-west3-c_h100_16', 'us-west1-a_h100_16', 'us-east4-a_h100_16', 'europe-west1-c_h100_16', 'us-central1-c_h100_16', 'us-central1-b_h100_16', 'asia-southeast1-b_h100_16']",10,rc_cr_threshold,0,single_region,,europe-west1-c_h100_16,,43.19444444444445,50.0,0.2,1.2,51.833333333333336,259.1666666666667,True,True,['data/converted_multi_region_aligned_h100_16_merged'],5,711.4999199999968,-1
Progressive_10,"['asia-southeast1-c_h100_16', 'asia-south2-b_h100_16', 'us-west1-b_h100_16', 'europe-west3-c_h100_16', 'us-west1-a_h100_16', 'us-east4-a_h100_16', 'europe-west1-c_h100_16', 'us-central1-c_h100_16', 'us-central1-b_h100_16', 'asia-southeast1-b_h100_16']",10,rc_cr_threshold,0,single_region,,us-central1-c_h100_16,,43.19444444444445,50.0,0.2,1.2,51.833333333333336,259.1666666666667,True,True,['data/converted_multi_region_aligned_h100_16_merged'],5,835.0763520000035,-1
Progressive_10,"['asia-southeast1-c_h100_16', 'asia-south2-b_h100_16', 'us-west1-b_h100_16', 'europe-west3-c_h100_16', 'us-west1-a_h100_16', 'us-east4-a_h100_16', 'europe-west1-c_h100_16', 'us-central1-c_h100_16', 'us-central1-b_h100_16', 'asia-southeast1-b_h100_16']",10,rc_cr_threshold,0,single_region,,us-central1-b_h100_16,,43.19444444444445,50.0,0.2,1.2,51.833333333333336,259.1666666666667,True,True,['data/converted_multi_region_aligned_h100_16_merged'],5,835.0763520000035,-1
Progressive_10,"['asia-southeast1-c_h100_16', 'asia-south2-b_h100_16', 'us-west1-b_h100_16', 'europe-west3-c_h100_16', 'us-west1-a_h100_16', 'us-east4-a_h100_16', 'europe-west1-c_h100_16', 'us-central1-c_h100_16', 'us-central1-b_h100_16', 'asia-southeast1-b_h100_16']",10,rc_cr_threshold,0,single_region,,asia-southeast1-b_h100_16,,43.19444444444445,50.0,0.2,1.2,51.833333333333336,259.1666666666667,True,True,['data/converted_multi_region_aligned_h100_16_merged'],5,837.6527039999982,0
Progressive_11,"['asia-southeast1-c_h100_16', 'asia-south2-b_h100_16', 'us-west1-b_h100_16', 'europe-west3-c_h100_16', 'us-west1-a_h100_16', 'us-east4-a_h100_16', 'europe-west1-c_h100_16', 'us-central1-c_h100_16', 'us-central1-b_h100_16', 'asia-southeast1-b_h100_16', 'us-central1-a_h100_16']",11,unified_cost_model_risk,0,multi_region,,,,43.19444444444445,50.0,0.2,1.2,51.833333333333336,0.0,True,True,['data/converted_multi_region_aligned_h100_16_merged'],0,689.1480683295965,1
Progressive_11,"['asia-southeast1-c_h100_16', 'asia-south2-b_h100_16', 'us-west1-b_h100_16', 'europe-west3-c_h100_16', 'us-west1-a_h100_16', 'us-east4-a_h100_16', 'europe-west1-c_h100_16', 'us-central1-c_h100_16', 'us-central1-b_h100_16', 'asia-southeast1-b_h100_16', 'us-central1-a_h100_16']",11,multi_region_oracle_dp,0,multi_region,,,,43.19444444444445,50.0,0.2,1.2,51.833333333333336,0.0,True,True,['data/converted_multi_region_aligned_h100_16_merged'],0,646.1246400000023,0
Progressive_11,"['asia-southeast1-c_h100_16', 'asia-south2-b_h100_16', 'us-west1-b_h100_16', 'europe-west3-c_h100_16', 'us-west1-a_h100_16', 'us-east4-a_h100_16', 'europe-west1-c_h100_16', 'us-central1-c_h100_16', 'us-central1-b_h100_16', 'asia-southeast1-b_h100_16', 'us-central1-a_h100_16']",11,unified_cost_model_oracle,0,multi_region,,,,43.19444444444445,50.0,0.2,1.2,51.833333333333336,0.0,True,True,['data/converted_multi_region_aligned_h100_16_merged'],0,652.1030933333356,2
Progressive_11,"['asia-southeast1-c_h100_16', 'asia-south2-b_h100_16', 'us-west1-b_h100_16', 'europe-west3-c_h100_16', 'us-west1-a_h100_16', 'us-east4-a_h100_16', 'europe-west1-c_h100_16', 'us-central1-c_h100_16', 'us-central1-b_h100_16', 'asia-southeast1-b_h100_16', 'us-central1-a_h100_16']",11,multi_region_rc_cr_threshold_eager_failover,0,multi_region,,,,43.19444444444445,50.0,0.2,1.2,51.833333333333336,0.0,True,True,['data/converted_multi_region_aligned_h100_16_merged'],0,684.9471199999965,1
Progressive_11,"['asia-southeast1-c_h100_16', 'asia-south2-b_h100_16', 'us-west1-b_h100_16', 'europe-west3-c_h100_16', 'us-west1-a_h100_16', 'us-east4-a_h100_16', 'europe-west1-c_h100_16', 'us-central1-c_h100_16', 'us-central1-b_h100_16', 'asia-southeast1-b_h100_16', 'us-central1-a_h100_16']",11,multi_region_availability_probe_simple,0,multi_region,,,,43.19444444444445,50.0,0.2,1.2,51.833333333333336,0.0,True,True,['data/converted_multi_region_aligned_h100_16_merged'],0,902.7634680511966,0
Progressive_11,"['asia-southeast1-c_h100_16', 'asia-south2-b_h100_16', 'us-west1-b_h100_16', 'europe-west3-c_h100_16', 'us-west1-a_h100_16', 'us-east4-a_h100_16', 'europe-west1-c_h100_16', 'us-central1-c_h100_16', 'us-central1-b_h100_16', 'asia-southeast1-b_h100_16', 'us-central1-a_h100_16']",11,multi_region_probe_cost_ratio,0,multi_region,,,,43.19444444444445,50.0,0.2,1.2,51.833333333333336,0.0,True,True,['data/converted_multi_region_aligned_h100_16_merged'],0,825.752112102395,1
Progressive_11,"['asia-southeast1-c_h100_16', 'asia-south2-b_h100_16', 'us-west1-b_h100_16', 'europe-west3-c_h100_16', 'us-west1-a_h100_16', 'us-east4-a_h100_16', 'europe-west1-c_h100_16', 'us-central1-c_h100_16', 'us-central1-b_h100_16', 'asia-southeast1-b_h100_16', 'us-central1-a_h100_16']",11,rc_cr_threshold,0,single_region,,asia-southeast1-c_h100_16,,43.19444444444445,50.0,0.2,1.2,51.833333333333336,0.0,True,True,['data/converted_multi_region_aligned_h100_16_merged'],0,837.6527039999982,-1
Progressive_11,"['asia-southeast1-c_h100_16', 'asia-south2-b_h100_16', 'us-west1-b_h100_16', 'europe-west3-c_h100_16', 'us-west1-a_h100_16', 'us-east4-a_h100_16', 'europe-west1-c_h100_16', 'us-central1-c_h100_16', 'us-central1-b_h100_16', 'asia-southeast1-b_h100_16', 'us-central1-a_h100_16']",11,rc_cr_threshold,0,single_region,,asia-south2-b_h100_16,,43.19444444444445,50.0,0.2,1.2,51.833333333333336,0.0,True,True,['data/converted_multi_region_aligned_h100_16_merged'],0,3041.090036256015,-1
Progressive_11,"['asia-southeast1-c_h100_16', 'asia-south2-b_h100_16', 'us-west1-b_h100_16', 'europe-west3-c_h100_16', 'us-west1-a_h100_16', 'us-east4-a_h100_16', 'europe-west1-c_h100_16', 'us-central1-c_h100_16', 'us-central1-b_h100_16', 'asia-southeast1-b_h100_16', 'us-central1-a_h100_16']",11,rc_cr_threshold,0,single_region,,us-west1-b_h100_16,,43.19444444444445,50.0,0.2,1.2,51.833333333333336,0.0,True,True,['data/converted_multi_region_aligned_h100_16_merged'],0,3437.993616413327,-1
Progressive_11,"['asia-southeast1-c_h100_16', 'asia-south2-b_h100_16', 'us-west1-b_h100_16', 'europe-west3-c_h100_16', 'us-west1-a_h100_16', 'us-east4-a_h100_16', 'europe-west1-c_h100_16', 'us-central1-c_h100_16', 'us-central1-b_h100_16', 'asia-southeast1-b_h100_16', 'us-central1-a_h100_16']",11,rc_cr_threshold,0,single_region,,europe-west3-c_h100_16,,43.19444444444445,50.0,0.2,1.2,51.833333333333336,0.0,True,True,['data/converted_multi_region_aligned_h100_16_merged'],0,3778.9989031679966,-1
Progressive_11,"['asia-southeast1-c_h100_16', 'asia-south2-b_h100_16', 'us-west1-b_h100_16', 'europe-west3-c_h100_16', 'us-west1-a_h100_16', 'us-east4-a_h100_16', 'europe-west1-c_h100_16', 'us-central1-c_h100_16', 'us-central1-b_h100_16', 'asia-southeast1-b_h100_16', 'us-central1-a_h100_16']",11,rc_cr_threshold,0,single_region,,us-west1-a_h100_16,,43.19444444444445,50.0,0.2,1.2,51.833333333333336,0.0,True,True,['data/converted_multi_region_aligned_h100_16_merged'],0,1014.0229918933371,-1
Progressive_11,"['asia-southeast1-c_h100_16', 'asia-south2-b_h100_16', 'us-west1-b_h100_16', 'europe-west3-c_h100_16', 'us-west1-a_h100_16', 'us-east4-a_h100_16', 'europe-west1-c_h100_16', 'us-central1-c_h100_16', 'us-central1-b_h100_16', 'asia-southeast1-b_h100_16', 'us-central1-a_h100_16']",11,rc_cr_threshold,0,single_region,,us-east4-a_h100_16,,43.19444444444445,50.0,0.2,1.2,51.833333333333336,0.0,True,True,['data/converted_multi_region_aligned_h100_16_merged'],0,651.075786666669,-1
Progressive_11,"['asia-southeast1-c_h100_16', 'asia-south2-b_h100_16', 'us-west1-b_h100_16', 'europe-west3-c_h100_16', 'us-west1-a_h100_16', 'us-east4-a_h100_16', 'europe-west1-c_h100_16', 'us-central1-c_h100_16', 'us-central1-b_h100_16', 'asia-southeast1-b_h100_16', 'us-central1-a_h100_16']",11,rc_cr_threshold,0,single_region,,europe-west1-c_h100_16,,43.19444444444445,50.0,0.2,1.2,51.833333333333336,0.0,True,True,['data/converted_multi_region_aligned_h100_16_merged'],0,711.4999199999968,-1
Progressive_11,"['asia-southeast1-c_h100_16', 'asia-south2-b_h100_16', 'us-west1-b_h100_16', 'europe-west3-c_h100_16', 'us-west1-a_h100_16', 'us-east4-a_h100_16', 'europe-west1-c_h100_16', 'us-central1-c_h100_16', 'us-central1-b_h100_16', 'asia-southeast1-b_h100_16', 'us-central1-a_h100_16']",11,rc_cr_threshold,0,single_region,,us-central1-c_h100_16,,43.19444444444445,50.0,0.2,1.2,51.833333333333336,0.0,True,True,['data/converted_multi_region_aligned_h100_16_merged'],0,1078.529451866673,-1
Progressive_11,"['asia-southeast1-c_h100_16', 'asia-south2-b_h100_16', 'us-west1-b_h100_16', 'europe-west3-c_h100_16', 'us-west1-a_h100_16', 'us-east4-a_h100_16', 'europe-west1-c_h100_16', 'us-central1-c_h100_16', 'us-central1-b_h100_16', 'asia-southeast1-b_h100_16', 'us-central1-a_h100_16']",11,rc_cr_threshold,0,single_region,,us-central1-b_h100_16,,43.19444444444445,50.0,0.2,1.2,51.833333333333336,0.0,True,True,['data/converted_multi_region_aligned_h100_16_merged'],0,1164.3595868066748,-1
Progressive_11,"['asia-southeast1-c_h100_16', 'asia-south2-b_h100_16', 'us-west1-b_h100_16', 'europe-west3-c_h100_16', 'us-west1-a_h100_16', 'us-east4-a_h100_16', 'europe-west1-c_h100_16', 'us-central1-c_h100_16', 'us-central1-b_h100_16', 'asia-southeast1-b_h100_16', 'us-central1-a_h100_16']",11,rc_cr_threshold,0,single_region,,asia-southeast1-b_h100_16,,43.19444444444445,50.0,0.2,1.2,51.833333333333336,0.0,True,True,['data/converted_multi_region_aligned_h100_16_merged'],0,4599.544343114651,-1
Progressive_11,"['asia-southeast1-c_h100_16', 'asia-south2-b_h100_16', 'us-west1-b_h100_16', 'europe-west3-c_h100_16', 'us-west1-a_h100_16', 'us-east4-a_h100_16', 'europe-west1-c_h100_16', 'us-central1-c_h100_16', 'us-central1-b_h100_16', 'asia-southeast1-b_h100_16', 'us-central1-a_h100_16']",11,rc_cr_threshold,0,single_region,,us-central1-a_h100_16,,43.19444444444445,50.0,0.2,1.2,51.833333333333336,0.0,True,True,['data/converted_multi_region_aligned_h100_16_merged'],0,1145.3805788066745,0
Progressive_11,"['asia-southeast1-c_h100_16', 'asia-south2-b_h100_16', 'us-west1-b_h100_16', 'europe-west3-c_h100_16', 'us-west1-a_h100_16', 'us-east4-a_h100_16', 'europe-west1-c_h100_16', 'us-central1-c_h100_16', 'us-central1-b_h100_16', 'asia-southeast1-b_h100_16', 'us-central1-a_h100_16']",11,unified_cost_model_risk,0,multi_region,,,,43.19444444444445,50.0,0.2,1.2,51.833333333333336,51.833333333333336,True,True,['data/converted_multi_region_aligned_h100_16_merged'],1,682.2915227296027,6
Progressive_11,"['asia-southeast1-c_h100_16', 'asia-south2-b_h100_16', 'us-west1-b_h100_16', 'europe-west3-c_h100_16', 'us-west1-a_h100_16', 'us-east4-a_h100_16', 'europe-west1-c_h100_16', 'us-central1-c_h100_16', 'us-central1-b_h100_16', 'asia-southeast1-b_h100_16', 'us-central1-a_h100_16']",11,multi_region_oracle_dp,0,multi_region,,,,43.19444444444445,50.0,0.2,1.2,51.833333333333336,51.833333333333336,True,True,['data/converted_multi_region_aligned_h100_16_merged'],1,648.6002133333357,0
Progressive_11,"['asia-southeast1-c_h100_16', 'asia-south2-b_h100_16', 'us-west1-b_h100_16', 'europe-west3-c_h100_16', 'us-west1-a_h100_16', 'us-east4-a_h100_16', 'europe-west1-c_h100_16', 'us-central1-c_h100_16', 'us-central1-b_h100_16', 'asia-southeast1-b_h100_16', 'us-central1-a_h100_16']",11,unified_cost_model_oracle,0,multi_region,,,,43.19444444444445,50.0,0.2,1.2,51.833333333333336,51.833333333333336,True,True,['data/converted_multi_region_aligned_h100_16_merged'],1,671.259594666669,4
Progressive_11,"['asia-southeast1-c_h100_16', 'asia-south2-b_h100_16', 'us-west1-b_h100_16', 'europe-west3-c_h100_16', 'us-west1-a_h100_16', 'us-east4-a_h100_16', 'europe-west1-c_h100_16', 'us-central1-c_h100_16', 'us-central1-b_h100_16', 'asia-southeast1-b_h100_16', 'us-central1-a_h100_16']",11,multi_region_rc_cr_threshold_eager_failover,0,multi_region,,,,43.19444444444445,50.0,0.2,1.2,51.833333333333336,51.833333333333336,True,True,['data/converted_multi_region_aligned_h100_16_merged'],1,705.6599200000013,8
Progressive_11,"['asia-southeast1-c_h100_16', 'asia-south2-b_h100_16', 'us-west1-b_h100_16', 'europe-west3-c_h100_16', 'us-west1-a_h100_16', 'us-east4-a_h100_16', 'europe-west1-c_h100_16', 'us-central1-c_h100_16', 'us-central1-b_h100_16', 'asia-southeast1-b_h100_16', 'us-central1-a_h100_16']",11,multi_region_availability_probe_simple,0,multi_region,,,,43.19444444444445,50.0,0.2,1.2,51.833333333333336,51.833333333333336,True,True,['data/converted_multi_region_aligned_h100_16_merged'],1,2655.8556946080157,1
Progressive_11,"['asia-southeast1-c_h100_16', 'asia-south2-b_h100_16', 'us-west1-b_h100_16', 'europe-west3-c_h100_16', 'us-west1-a_h100_16', 'us-east4-a_h100_16', 'europe-west1-c_h100_16', 'us-central1-c_h100_16', 'us-central1-b_h100_16', 'asia-southeast1-b_h100_16', 'us-central1-a_h100_16']",11,multi_region_probe_cost_ratio,0,multi_region,,,,43.19444444444445,50.0,0.2,1.2,51.833333333333336,51.833333333333336,True,True,['data/converted_multi_region_aligned_h100_16_merged'],1,887.1763452320038,8
Progressive_11,"['asia-southeast1-c_h100_16', 'asia-south2-b_h100_16', 'us-west1-b_h100_16', 'europe-west3-c_h100_16', 'us-west1-a_h100_16', 'us-east4-a_h100_16', 'europe-west1-c_h100_16', 'us-central1-c_h100_16', 'us-central1-b_h100_16', 'asia-southeast1-b_h100_16', 'us-central1-a_h100_16']",11,rc_cr_threshold,0,single_region,,asia-southeast1-c_h100_16,,43.19444444444445,50.0,0.2,1.2,51.833333333333336,51.833333333333336,True,True,['data/converted_multi_region_aligned_h100_16_merged'],1,2447.4830988480044,-1
Progressive_11,"['asia-southeast1-c_h100_16', 'asia-south2-b_h100_16', 'us-west1-b_h100_16', 'europe-west3-c_h100_16', 'us-west1-a_h100_16', 'us-east4-a_h100_16', 'europe-west1-c_h100_16', 'us-central1-c_h100_16', 'us-central1-b_h100_16', 'asia-southeast1-b_h100_16', 'us-central1-a_h100_16']",11,rc_cr_threshold,0,single_region,,asia-south2-b_h100_16,,43.19444444444445,50.0,0.2,1.2,51.833333333333336,51.833333333333336,True,True,['data/converted_multi_region_aligned_h100_16_merged'],1,3041.090036256015,-1
Progressive_11,"['asia-southeast1-c_h100_16', 'asia-south2-b_h100_16', 'us-west1-b_h100_16', 'europe-west3-c_h100_16', 'us-west1-a_h100_16', 'us-east4-a_h100_16', 'europe-west1-c_h100_16', 'us-central1-c_h100_16', 'us-central1-b_h100_16', 'asia-southeast1-b_h100_16', 'us-central1-a_h100_16']",11,rc_cr_threshold,0,single_region,,us-west1-b_h100_16,,43.19444444444445,50.0,0.2,1.2,51.833333333333336,51.833333333333336,True,True,['data/converted_multi_region_aligned_h100_16_merged'],1,3599.345881259991,-1
Progressive_11,"['asia-southeast1-c_h100_16', 'asia-south2-b_h100_16', 'us-west1-b_h100_16', 'europe-west3-c_h100_16', 'us-west1-a_h100_16', 'us-east4-a_h100_16', 'europe-west1-c_h100_16', 'us-central1-c_h100_16', 'us-central1-b_h100_16', 'asia-southeast1-b_h100_16', 'us-central1-a_h100_16']",11,rc_cr_threshold,0,single_region,,europe-west3-c_h100_16,,43.19444444444445,50.0,0.2,1.2,51.833333333333336,51.833333333333336,True,True,['data/converted_multi_region_aligned_h100_16_merged'],1,3739.073504063997,-1
Progressive_11,"['asia-southeast1-c_h100_16', 'asia-south2-b_h100_16', 'us-west1-b_h100_16', 'europe-west3-c_h100_16', 'us-west1-a_h100_16', 'us-east4-a_h100_16', 'europe-west1-c_h100_16', 'us-central1-c_h100_16', 'us-central1-b_h100_16', 'asia-southeast1-b_h100_16', 'us-central1-a_h100_16']",11,rc_cr_threshold,0,single_region,,us-west1-a_h100_16,,43.19444444444445,50.0,0.2,1.2,51.833333333333336,51.833333333333336,True,True,['data/converted_multi_region_aligned_h100_16_merged'],1,3595.081146266658,-1
Progressive_11,"['asia-southeast1-c_h100_16', 'asia-south2-b_h100_16', 'us-west1-b_h100_16', 'europe-west3-c_h100_16', 'us-west1-a_h100_16', 'us-east4-a_h100_16', 'europe-west1-c_h100_16', 'us-central1-c_h100_16', 'us-central1-b_h100_16', 'asia-southeast1-b_h100_16', 'us-central1-a_h100_16']",11,rc_cr_threshold,0,single_region,,us-east4-a_h100_16,,43.19444444444445,50.0,0.2,1.2,51.833333333333336,51.833333333333336,True,True,['data/converted_multi_region_aligned_h100_16_merged'],1,660.9780800000026,-1
Progressive_11,"['asia-southeast1-c_h100_16', 'asia-south2-b_h100_16', 'us-west1-b_h100_16', 'europe-west3-c_h100_16', 'us-west1-a_h100_16', 'us-east4-a_h100_16', 'europe-west1-c_h100_16', 'us-central1-c_h100_16', 'us-central1-b_h100_16', 'asia-southeast1-b_h100_16', 'us-central1-a_h100_16']",11,rc_cr_threshold,0,single_region,,europe-west1-c_h100_16,,43.19444444444445,50.0,0.2,1.2,51.833333333333336,51.833333333333336,True,True,['data/converted_multi_region_aligned_h100_16_merged'],1,1387.2608158293308,-1
Progressive_11,"['asia-southeast1-c_h100_16', 'asia-south2-b_h100_16', 'us-west1-b_h100_16', 'europe-west3-c_h100_16', 'us-west1-a_h100_16', 'us-east4-a_h100_16', 'europe-west1-c_h100_16', 'us-central1-c_h100_16', 'us-central1-b_h100_16', 'asia-southeast1-b_h100_16', 'us-central1-a_h100_16']",11,rc_cr_threshold,0,single_region,,us-central1-c_h100_16,,43.19444444444445,50.0,0.2,1.2,51.833333333333336,51.833333333333336,True,True,['data/converted_multi_region_aligned_h100_16_merged'],1,1138.771176846671,-1
Progressive_11,"['asia-southeast1-c_h100_16', 'asia-south2-b_h100_16', 'us-west1-b_h100_16', 'europe-west3-c_h100_16', 'us-west1-a_h100_16', 'us-east4-a_h100_16', 'europe-west1-c_h100_16', 'us-central1-c_h100_16', 'us-central1-b_h100_16', 'asia-southeast1-b_h100_16', 'us-central1-a_h100_16']",11,rc_cr_threshold,0,single_region,,us-central1-b_h100_16,,43.19444444444445,50.0,0.2,1.2,51.833333333333336,51.833333333333336,True,True,['data/converted_multi_region_aligned_h100_16_merged'],1,1167.381221826675,-1
Progressive_11,"['asia-southeast1-c_h100_16', 'asia-south2-b_h100_16', 'us-west1-b_h100_16', 'europe-west3-c_h100_16', 'us-west1-a_h100_16', 'us-east4-a_h100_16', 'europe-west1-c_h100_16', 'us-central1-c_h100_16', 'us-central1-b_h100_16', 'asia-southeast1-b_h100_16', 'us-central1-a_h100_16']",11,rc_cr_threshold,0,single_region,,asia-southeast1-b_h100_16,,43.19444444444445,50.0,0.2,1.2,51.833333333333336,51.833333333333336,True,True,['data/converted_multi_region_aligned_h100_16_merged'],1,3122.030977856021,-1
Progressive_11,"['asia-southeast1-c_h100_16', 'asia-south2-b_h100_16', 'us-west1-b_h100_16', 'europe-west3-c_h100_16', 'us-west1-a_h100_16', 'us-east4-a_h100_16', 'europe-west1-c_h100_16', 'us-central1-c_h100_16', 'us-central1-b_h100_16', 'asia-southeast1-b_h100_16', 'us-central1-a_h100_16']",11,rc_cr_threshold,0,single_region,,us-central1-a_h100_16,,43.19444444444445,50.0,0.2,1.2,51.833333333333336,51.833333333333336,True,True,['data/converted_multi_region_aligned_h100_16_merged'],1,854.0553600000037,0
Progressive_11,"['asia-southeast1-c_h100_16', 'asia-south2-b_h100_16', 'us-west1-b_h100_16', 'europe-west3-c_h100_16', 'us-west1-a_h100_16', 'us-east4-a_h100_16', 'europe-west1-c_h100_16', 'us-central1-c_h100_16', 'us-central1-b_h100_16', 'asia-southeast1-b_h100_16', 'us-central1-a_h100_16']",11,unified_cost_model_risk,0,multi_region,,,,43.19444444444445,50.0,0.2,1.2,51.833333333333336,103.66666666666667,True,True,['data/converted_multi_region_aligned_h100_16_merged'],2,666.0622347295981,1
Progressive_11,"['asia-southeast1-c_h100_16', 'asia-south2-b_h100_16', 'us-west1-b_h100_16', 'europe-west3-c_h100_16', 'us-west1-a_h100_16', 'us-east4-a_h100_16', 'europe-west1-c_h100_16', 'us-central1-c_h100_16', 'us-central1-b_h100_16', 'asia-southeast1-b_h100_16', 'us-central1-a_h100_16']",11,multi_region_oracle_dp,0,multi_region,,,,43.19444444444445,50.0,0.2,1.2,51.833333333333336,103.66666666666667,True,True,['data/converted_multi_region_aligned_h100_16_merged'],2,646.1246400000023,0
Progressive_11,"['asia-southeast1-c_h100_16', 'asia-south2-b_h100_16', 'us-west1-b_h100_16', 'europe-west3-c_h100_16', 'us-west1-a_h100_16', 'us-east4-a_h100_16', 'europe-west1-c_h100_16', 'us-central1-c_h100_16', 'us-central1-b_h100_16', 'asia-southeast1-b_h100_16', 'us-central1-a_h100_16']",11,unified_cost_model_oracle,0,multi_region,,,,43.19444444444445,50.0,0.2,1.2,51.833333333333336,103.66666666666667,True,True,['data/converted_multi_region_aligned_h100_16_merged'],2,662.1534399999981,1
Progressive_11,"['asia-southeast1-c_h100_16', 'asia-south2-b_h100_16', 'us-west1-b_h100_16', 'europe-west3-c_h100_16', 'us-west1-a_h100_16', 'us-east4-a_h100_16', 'europe-west1-c_h100_16', 'us-central1-c_h100_16', 'us-central1-b_h100_16', 'asia-southeast1-b_h100_16', 'us-central1-a_h100_16']",11,multi_region_rc_cr_threshold_eager_failover,0,multi_region,,,,43.19444444444445,50.0,0.2,1.2,51.833333333333336,103.66666666666667,True,True,['data/converted_multi_region_aligned_h100_16_merged'],2,662.1534399999981,1
Progressive_11,"['asia-southeast1-c_h100_16', 'asia-south2-b_h100_16', 'us-west1-b_h100_16', 'europe-west3-c_h100_16', 'us-west1-a_h100_16', 'us-east4-a_h100_16', 'europe-west1-c_h100_16', 'us-central1-c_h100_16', 'us-central1-b_h100_16', 'asia-southeast1-b_h100_16', 'us-central1-a_h100_16']",11,multi_region_availability_probe_simple,0,multi_region,,,,43.19444444444445,50.0,0.2,1.2,51.833333333333336,103.66666666666667,True,True,['data/converted_multi_region_aligned_h100_16_merged'],2,3063.5825065600197,0
Progressive_11,"['asia-southeast1-c_h100_16', 'asia-south2-b_h100_16', 'us-west1-b_h100_16', 'europe-west3-c_h100_16', 'us-west1-a_h100_16', 'us-east4-a_h100_16', 'europe-west1-c_h100_16', 'us-central1-c_h100_16', 'us-central1-b_h100_16', 'asia-southeast1-b_h100_16', 'us-central1-a_h100_16']",11,multi_region_probe_cost_ratio,0,multi_region,,,,43.19444444444445,50.0,0.2,1.2,51.833333333333336,103.66666666666667,True,True,['data/converted_multi_region_aligned_h100_16_merged'],2,769.5754939690693,4
Progressive_11,"['asia-southeast1-c_h100_16', 'asia-south2-b_h100_16', 'us-west1-b_h100_16', 'europe-west3-c_h100_16', 'us-west1-a_h100_16', 'us-east4-a_h100_16', 'europe-west1-c_h100_16', 'us-central1-c_h100_16', 'us-central1-b_h100_16', 'asia-southeast1-b_h100_16', 'us-central1-a_h100_16']",11,rc_cr_threshold,0,single_region,,asia-southeast1-c_h100_16,,43.19444444444445,50.0,0.2,1.2,51.833333333333336,103.66666666666667,True,True,['data/converted_multi_region_aligned_h100_16_merged'],2,4350.9155566933205,-1
Progressive_11,"['asia-southeast1-c_h100_16', 'asia-south2-b_h100_16', 'us-west1-b_h100_16', 'europe-west3-c_h100_16', 'us-west1-a_h100_16', 'us-east4-a_h100_16', 'europe-west1-c_h100_16', 'us-central1-c_h100_16', 'us-central1-b_h100_16', 'asia-southeast1-b_h100_16', 'us-central1-a_h100_16']",11,rc_cr_threshold,0,single_region,,asia-south2-b_h100_16,,43.19444444444445,50.0,0.2,1.2,51.833333333333336,103.66666666666667,True,True,['data/converted_multi_region_aligned_h100_16_merged'],2,3041.090036256015,-1
Progressive_11,"['asia-southeast1-c_h100_16', 'asia-south2-b_h100_16', 'us-west1-b_h100_16', 'europe-west3-c_h100_16', 'us-west1-a_h100_16', 'us-east4-a_h100_16', 'europe-west1-c_h100_16', 'us-central1-c_h100_16', 'us-central1-b_h100_16', 'asia-southeast1-b_h100_16', 'us-central1-a_h100_16']",11,rc_cr_threshold,0,single_region,,us-west1-b_h100_16,,43.19444444444445,50.0,0.2,1.2,51.833333333333336,103.66666666666667,True,True,['data/converted_multi_region_aligned_h100_16_merged'],2,3608.835385259991,-1
Progressive_11,"['asia-southeast1-c_h100_16', 'asia-south2-b_h100_16', 'us-west1-b_h100_16', 'europe-west3-c_h100_16', 'us-west1-a_h100_16', 'us-east4-a_h100_16', 'europe-west1-c_h100_16', 'us-central1-c_h100_16', 'us-central1-b_h100_16', 'asia-southeast1-b_h100_16', 'us-central1-a_h100_16']",11,rc_cr_threshold,0,single_region,,europe-west3-c_h100_16,,43.19444444444445,50.0,0.2,1.2,51.833333333333336,103.66666666666667,True,True,['data/converted_multi_region_aligned_h100_16_merged'],2,4236.030618047997,-1
Progressive_11,"['asia-southeast1-c_h100_16', 'asia-south2-b_h100_16', 'us-west1-b_h100_16', 'europe-west3-c_h100_16', 'us-west1-a_h100_16', 'us-east4-a_h100_16', 'europe-west1-c_h100_16', 'us-central1-c_h100_16', 'us-central1-b_h100_16', 'asia-southeast1-b_h100_16', 'us-central1-a_h100_16']",11,rc_cr_threshold,0,single_region,,us-west1-a_h100_16,,43.19444444444445,50.0,0.2,1.2,51.833333333333336,103.66666666666667,True,True,['data/converted_multi_region_aligned_h100_16_merged'],2,2912.9878676999974,-1
Progressive_11,"['asia-southeast1-c_h100_16', 'asia-south2-b_h100_16', 'us-west1-b_h100_16', 'europe-west3-c_h100_16', 'us-west1-a_h100_16', 'us-east4-a_h100_16', 'europe-west1-c_h100_16', 'us-central1-c_h100_16', 'us-central1-b_h100_16', 'asia-southeast1-b_h100_16', 'us-central1-a_h100_16']",11,rc_cr_threshold,0,single_region,,us-east4-a_h100_16,,43.19444444444445,50.0,0.2,1.2,51.833333333333336,103.66666666666667,True,True,['data/converted_multi_region_aligned_h100_16_merged'],2,651.075786666669,-1
Progressive_11,"['asia-southeast1-c_h100_16', 'asia-south2-b_h100_16', 'us-west1-b_h100_16', 'europe-west3-c_h100_16', 'us-west1-a_h100_16', 'us-east4-a_h100_16', 'europe-west1-c_h100_16', 'us-central1-c_h100_16', 'us-central1-b_h100_16', 'asia-southeast1-b_h100_16', 'us-central1-a_h100_16']",11,rc_cr_threshold,0,single_region,,europe-west1-c_h100_16,,43.19444444444445,50.0,0.2,1.2,51.833333333333336,103.66666666666667,True,True,['data/converted_multi_region_aligned_h100_16_merged'],2,1101.9328648213288,-1
Progressive_11,"['asia-southeast1-c_h100_16', 'asia-south2-b_h100_16', 'us-west1-b_h100_16', 'europe-west3-c_h100_16', 'us-west1-a_h100_16', 'us-east4-a_h100_16', 'europe-west1-c_h100_16', 'us-central1-c_h100_16', 'us-central1-b_h100_16', 'asia-southeast1-b_h100_16', 'us-central1-a_h100_16']",11,rc_cr_threshold,0,single_region,,us-central1-c_h100_16,,43.19444444444445,50.0,0.2,1.2,51.833333333333336,103.66666666666667,True,True,['data/converted_multi_region_aligned_h100_16_merged'],2,1699.1379054800072,-1
Progressive_11,"['asia-southeast1-c_h100_16', 'asia-south2-b_h100_16', 'us-west1-b_h100_16', 'europe-west3-c_h100_16', 'us-west1-a_h100_16', 'us-east4-a_h100_16', 'europe-west1-c_h100_16', 'us-central1-c_h100_16', 'us-central1-b_h100_16', 'asia-southeast1-b_h100_16', 'us-central1-a_h100_16']",11,rc_cr_threshold,0,single_region,,us-central1-b_h100_16,,43.19444444444445,50.0,0.2,1.2,51.833333333333336,103.66666666666667,True,True,['data/converted_multi_region_aligned_h100_16_merged'],2,1635.5914795200076,-1
Progressive_11,"['asia-southeast1-c_h100_16', 'asia-south2-b_h100_16', 'us-west1-b_h100_16', 'europe-west3-c_h100_16', 'us-west1-a_h100_16', 'us-east4-a_h100_16', 'europe-west1-c_h100_16', 'us-central1-c_h100_16', 'us-central1-b_h100_16', 'asia-southeast1-b_h100_16', 'us-central1-a_h100_16']",11,rc_cr_threshold,0,single_region,,asia-southeast1-b_h100_16,,43.19444444444445,50.0,0.2,1.2,51.833333333333336,103.66666666666667,True,True,['data/converted_multi_region_aligned_h100_16_merged'],2,837.6527039999982,-1
Progressive_11,"['asia-southeast1-c_h100_16', 'asia-south2-b_h100_16', 'us-west1-b_h100_16', 'europe-west3-c_h100_16', 'us-west1-a_h100_16', 'us-east4-a_h100_16', 'europe-west1-c_h100_16', 'us-central1-c_h100_16', 'us-central1-b_h100_16', 'asia-southeast1-b_h100_16', 'us-central1-a_h100_16']",11,rc_cr_threshold,0,single_region,,us-central1-a_h100_16,,43.19444444444445,50.0,0.2,1.2,51.833333333333336,103.66666666666667,True,True,['data/converted_multi_region_aligned_h100_16_merged'],2,1427.0747606333414,0
Progressive_11,"['asia-southeast1-c_h100_16', 'asia-south2-b_h100_16', 'us-west1-b_h100_16', 'europe-west3-c_h100_16', 'us-west1-a_h100_16', 'us-east4-a_h100_16', 'europe-west1-c_h100_16', 'us-central1-c_h100_16', 'us-central1-b_h100_16', 'asia-southeast1-b_h100_16', 'us-central1-a_h100_16']",11,unified_cost_model_risk,0,multi_region,,,,43.19444444444445,50.0,0.2,1.2,51.833333333333336,155.5,True,True,['data/converted_multi_region_aligned_h100_16_merged'],3,712.9382651295953,2
Progressive_11,"['asia-southeast1-c_h100_16', 'asia-south2-b_h100_16', 'us-west1-b_h100_16', 'europe-west3-c_h100_16', 'us-west1-a_h100_16', 'us-east4-a_h100_16', 'europe-west1-c_h100_16', 'us-central1-c_h100_16', 'us-central1-b_h100_16', 'asia-southeast1-b_h100_16', 'us-central1-a_h100_16']",11,multi_region_oracle_dp,0,multi_region,,,,43.19444444444445,50.0,0.2,1.2,51.833333333333336,155.5,True,True,['data/converted_multi_region_aligned_h100_16_merged'],3,691.902106666663,1
Progressive_11,"['asia-southeast1-c_h100_16', 'asia-south2-b_h100_16', 'us-west1-b_h100_16', 'europe-west3-c_h100_16', 'us-west1-a_h100_16', 'us-east4-a_h100_16', 'europe-west1-c_h100_16', 'us-central1-c_h100_16', 'us-central1-b_h100_16', 'asia-southeast1-b_h100_16', 'us-central1-a_h100_16']",11,unified_cost_model_oracle,0,multi_region,,,,43.19444444444445,50.0,0.2,1.2,51.833333333333336,155.5,True,True,['data/converted_multi_region_aligned_h100_16_merged'],3,709.1019679999953,2
Progressive_11,"['asia-southeast1-c_h100_16', 'asia-south2-b_h100_16', 'us-west1-b_h100_16', 'europe-west3-c_h100_16', 'us-west1-a_h100_16', 'us-east4-a_h100_16', 'europe-west1-c_h100_16', 'us-central1-c_h100_16', 'us-central1-b_h100_16', 'asia-southeast1-b_h100_16', 'us-central1-a_h100_16']",11,multi_region_rc_cr_threshold_eager_failover,0,multi_region,,,,43.19444444444445,50.0,0.2,1.2,51.833333333333336,155.5,True,True,['data/converted_multi_region_aligned_h100_16_merged'],3,709.1019679999953,2
Progressive_11,"['asia-southeast1-c_h100_16', 'asia-south2-b_h100_16', 'us-west1-b_h100_16', 'europe-west3-c_h100_16', 'us-west1-a_h100_16', 'us-east4-a_h100_16', 'europe-west1-c_h100_16', 'us-central1-c_h100_16', 'us-central1-b_h100_16', 'asia-southeast1-b_h100_16', 'us-central1-a_h100_16']",11,multi_region_availability_probe_simple,0,multi_region,,,,43.19444444444445,50.0,0.2,1.2,51.833333333333336,155.5,True,True,['data/converted_multi_region_aligned_h100_16_merged'],3,3074.079398826688,0
Progressive_11,"['asia-southeast1-c_h100_16', 'asia-south2-b_h100_16', 'us-west1-b_h100_16', 'europe-west3-c_h100_16', 'us-west1-a_h100_16', 'us-east4-a_h100_16', 'europe-west1-c_h100_16', 'us-central1-c_h100_16', 'us-central1-b_h100_16', 'asia-southeast1-b_h100_16', 'us-central1-a_h100_16']",11,multi_region_probe_cost_ratio,0,multi_region,,,,43.19444444444445,50.0,0.2,1.2,51.833333333333336,155.5,True,True,['data/converted_multi_region_aligned_h100_16_merged'],3,851.7640475690645,2
Progressive_11,"['asia-southeast1-c_h100_16', 'asia-south2-b_h100_16', 'us-west1-b_h100_16', 'europe-west3-c_h100_16', 'us-west1-a_h100_16', 'us-east4-a_h100_16', 'europe-west1-c_h100_16', 'us-central1-c_h100_16', 'us-central1-b_h100_16', 'asia-southeast1-b_h100_16', 'us-central1-a_h100_16']",11,rc_cr_threshold,0,single_region,,asia-southeast1-c_h100_16,,43.19444444444445,50.0,0.2,1.2,51.833333333333336,155.5,True,True,['data/converted_multi_region_aligned_h100_16_merged'],3,4654.835836703985,-1
Progressive_11,"['asia-southeast1-c_h100_16', 'asia-south2-b_h100_16', 'us-west1-b_h100_16', 'europe-west3-c_h100_16', 'us-west1-a_h100_16', 'us-east4-a_h100_16', 'europe-west1-c_h100_16', 'us-central1-c_h100_16', 'us-central1-b_h100_16', 'asia-southeast1-b_h100_16', 'us-central1-a_h100_16']",11,rc_cr_threshold,0,single_region,,asia-south2-b_h100_16,,43.19444444444445,50.0,0.2,1.2,51.833333333333336,155.5,True,True,['data/converted_multi_region_aligned_h100_16_merged'],3,3041.090036256015,-1
Progressive_11,"['asia-southeast1-c_h100_16', 'asia-south2-b_h100_16', 'us-west1-b_h100_16', 'europe-west3-c_h100_16', 'us-west1-a_h100_16', 'us-east4-a_h100_16', 'europe-west1-c_h100_16', 'us-central1-c_h100_16', 'us-central1-b_h100_16', 'asia-southeast1-b_h100_16', 'us-central1-a_h100_16']",11,rc_cr_threshold,0,single_region,,us-west1-b_h100_16,,43.19444444444445,50.0,0.2,1.2,51.833333333333336,155.5,True,True,['data/converted_multi_region_aligned_h100_16_merged'],3,3606.7737842533243,-1
Progressive_11,"['asia-southeast1-c_h100_16', 'asia-south2-b_h100_16', 'us-west1-b_h100_16', 'europe-west3-c_h100_16', 'us-west1-a_h100_16', 'us-east4-a_h100_16', 'europe-west1-c_h100_16', 'us-central1-c_h100_16', 'us-central1-b_h100_16', 'asia-southeast1-b_h100_16', 'us-central1-a_h100_16']",11,rc_cr_threshold,0,single_region,,europe-west3-c_h100_16,,43.19444444444445,50.0,0.2,1.2,51.833333333333336,155.5,True,True,['data/converted_multi_region_aligned_h100_16_merged'],3,2879.8662621439803,-1
Progressive_11,"['asia-southeast1-c_h100_16', 'asia-south2-b_h100_16', 'us-west1-b_h100_16', 'europe-west3-c_h100_16', 'us-west1-a_h100_16', 'us-east4-a_h100_16', 'europe-west1-c_h100_16', 'us-central1-c_h100_16', 'us-central1-b_h100_16', 'asia-southeast1-b_h100_16', 'us-central1-a_h100_16']",11,rc_cr_threshold,0,single_region,,us-west1-a_h100_16,,43.19444444444445,50.0,0.2,1.2,51.833333333333336,155.5,True,True,['data/converted_multi_region_aligned_h100_16_merged'],3,828.7500160000034,-1
Progressive_11,"['asia-southeast1-c_h100_16', 'asia-south2-b_h100_16', 'us-west1-b_h100_16', 'europe-west3-c_h100_16', 'us-west1-a_h100_16', 'us-east4-a_h100_16', 'europe-west1-c_h100_16', 'us-central1-c_h100_16', 'us-central1-b_h100_16', 'asia-southeast1-b_h100_16', 'us-central1-a_h100_16']",11,rc_cr_threshold,0,single_region,,us-east4-a_h100_16,,43.19444444444445,50.0,0.2,1.2,51.833333333333336,155.5,True,True,['data/converted_multi_region_aligned_h100_16_merged'],3,2414.6673413333347,-1
Progressive_11,"['asia-southeast1-c_h100_16', 'asia-south2-b_h100_16', 'us-west1-b_h100_16', 'europe-west3-c_h100_16', 'us-west1-a_h100_16', 'us-east4-a_h100_16', 'europe-west1-c_h100_16', 'us-central1-c_h100_16', 'us-central1-b_h100_16', 'asia-southeast1-b_h100_16', 'us-central1-a_h100_16']",11,rc_cr_threshold,0,single_region,,europe-west1-c_h100_16,,43.19444444444445,50.0,0.2,1.2,51.833333333333336,155.5,True,True,['data/converted_multi_region_aligned_h100_16_merged'],3,714.2259733333301,-1
Progressive_11,"['asia-southeast1-c_h100_16', 'asia-south2-b_h100_16', 'us-west1-b_h100_16', 'europe-west3-c_h100_16', 'us-west1-a_h100_16', 'us-east4-a_h100_16', 'europe-west1-c_h100_16', 'us-central1-c_h100_16', 'us-central1-b_h100_16', 'asia-southeast1-b_h100_16', 'us-central1-a_h100_16']",11,rc_cr_threshold,0,single_region,,us-central1-c_h100_16,,43.19444444444445,50.0,0.2,1.2,51.833333333333336,155.5,True,True,['data/converted_multi_region_aligned_h100_16_merged'],3,1059.5504438666728,-1
Progressive_11,"['asia-southeast1-c_h100_16', 'asia-south2-b_h100_16', 'us-west1-b_h100_16', 'europe-west3-c_h100_16', 'us-west1-a_h100_16', 'us-east4-a_h100_16', 'europe-west1-c_h100_16', 'us-central1-c_h100_16', 'us-central1-b_h100_16', 'asia-southeast1-b_h100_16', 'us-central1-a_h100_16']",11,rc_cr_threshold,0,single_region,,us-central1-b_h100_16,,43.19444444444445,50.0,0.2,1.2,51.833333333333336,155.5,True,True,['data/converted_multi_region_aligned_h100_16_merged'],3,1113.4658328466742,-1
Progressive_11,"['asia-southeast1-c_h100_16', 'asia-south2-b_h100_16', 'us-west1-b_h100_16', 'europe-west3-c_h100_16', 'us-west1-a_h100_16', 'us-east4-a_h100_16', 'europe-west1-c_h100_16', 'us-central1-c_h100_16', 'us-central1-b_h100_16', 'asia-southeast1-b_h100_16', 'us-central1-a_h100_16']",11,rc_cr_threshold,0,single_region,,asia-southeast1-b_h100_16,,43.19444444444445,50.0,0.2,1.2,51.833333333333336,155.5,True,True,['data/converted_multi_region_aligned_h100_16_merged'],3,837.6527039999982,-1
Progressive_11,"['asia-southeast1-c_h100_16', 'asia-south2-b_h100_16', 'us-west1-b_h100_16', 'europe-west3-c_h100_16', 'us-west1-a_h100_16', 'us-east4-a_h100_16', 'europe-west1-c_h100_16', 'us-central1-c_h100_16', 'us-central1-b_h100_16', 'asia-southeast1-b_h100_16', 'us-central1-a_h100_16']",11,rc_cr_threshold,0,single_region,,us-central1-a_h100_16,,43.19444444444445,50.0,0.2,1.2,51.833333333333336,155.5,True,True,['data/converted_multi_region_aligned_h100_16_merged'],3,835.0763520000035,0
Progressive_11,"['asia-southeast1-c_h100_16', 'asia-south2-b_h100_16', 'us-west1-b_h100_16', 'europe-west3-c_h100_16', 'us-west1-a_h100_16', 'us-east4-a_h100_16', 'europe-west1-c_h100_16', 'us-central1-c_h100_16', 'us-central1-b_h100_16', 'asia-southeast1-b_h100_16', 'us-central1-a_h100_16']",11,unified_cost_model_risk,0,multi_region,,,,43.19444444444445,50.0,0.2,1.2,51.833333333333336,207.33333333333334,True,True,['data/converted_multi_region_aligned_h100_16_merged'],4,808.2447621962698,5
Progressive_11,"['asia-southeast1-c_h100_16', 'asia-south2-b_h100_16', 'us-west1-b_h100_16', 'europe-west3-c_h100_16', 'us-west1-a_h100_16', 'us-east4-a_h100_16', 'europe-west1-c_h100_16', 'us-central1-c_h100_16', 'us-central1-b_h100_16', 'asia-southeast1-b_h100_16', 'us-central1-a_h100_16']",11,multi_region_oracle_dp,0,multi_region,,,,43.19444444444445,50.0,0.2,1.2,51.833333333333336,207.33333333333334,True,True,['data/converted_multi_region_aligned_h100_16_merged'],4,689.1574826666705,3
Progressive_11,"['asia-southeast1-c_h100_16', 'asia-south2-b_h100_16', 'us-west1-b_h100_16', 'europe-west3-c_h100_16', 'us-west1-a_h100_16', 'us-east4-a_h100_16', 'europe-west1-c_h100_16', 'us-central1-c_h100_16', 'us-central1-b_h100_16', 'asia-southeast1-b_h100_16', 'us-central1-a_h100_16']",11,unified_cost_model_oracle,0,multi_region,,,,43.19444444444445,50.0,0.2,1.2,51.833333333333336,207.33333333333334,True,True,['data/converted_multi_region_aligned_h100_16_merged'],4,726.4025280000038,2
Progressive_11,"['asia-southeast1-c_h100_16', 'asia-south2-b_h100_16', 'us-west1-b_h100_16', 'europe-west3-c_h100_16', 'us-west1-a_h100_16', 'us-east4-a_h100_16', 'europe-west1-c_h100_16', 'us-central1-c_h100_16', 'us-central1-b_h100_16', 'asia-southeast1-b_h100_16', 'us-central1-a_h100_16']",11,multi_region_rc_cr_threshold_eager_failover,0,multi_region,,,,43.19444444444445,50.0,0.2,1.2,51.833333333333336,207.33333333333334,True,True,['data/converted_multi_region_aligned_h100_16_merged'],4,729.8275306666707,4
Progressive_11,"['asia-southeast1-c_h100_16', 'asia-south2-b_h100_16', 'us-west1-b_h100_16', 'europe-west3-c_h100_16', 'us-west1-a_h100_16', 'us-east4-a_h100_16', 'europe-west1-c_h100_16', 'us-central1-c_h100_16', 'us-central1-b_h100_16', 'asia-southeast1-b_h100_16', 'us-central1-a_h100_16']",11,multi_region_availability_probe_simple,0,multi_region,,,,43.19444444444445,50.0,0.2,1.2,51.833333333333336,207.33333333333334,True,True,['data/converted_multi_region_aligned_h100_16_merged'],4,3074.8012148266866,0
Progressive_11,"['asia-southeast1-c_h100_16', 'asia-south2-b_h100_16', 'us-west1-b_h100_16', 'europe-west3-c_h100_16', 'us-west1-a_h100_16', 'us-east4-a_h100_16', 'europe-west1-c_h100_16', 'us-central1-c_h100_16', 'us-central1-b_h100_16', 'asia-southeast1-b_h100_16', 'us-central1-a_h100_16']",11,multi_region_probe_cost_ratio,0,multi_region,,,,43.19444444444445,50.0,0.2,1.2,51.833333333333336,207.33333333333334,True,True,['data/converted_multi_region_aligned_h100_16_merged'],4,932.8982182986701,5
Progressive_11,"['asia-southeast1-c_h100_16', 'asia-south2-b_h100_16', 'us-west1-b_h100_16', 'europe-west3-c_h100_16', 'us-west1-a_h100_16', 'us-east4-a_h100_16', 'europe-west1-c_h100_16', 'us-central1-c_h100_16', 'us-central1-b_h100_16', 'asia-southeast1-b_h100_16', 'us-central1-a_h100_16']",11,rc_cr_threshold,0,single_region,,asia-southeast1-c_h100_16,,43.19444444444445,50.0,0.2,1.2,51.833333333333336,207.33333333333334,True,True,['data/converted_multi_region_aligned_h100_16_merged'],4,4409.416447615982,-1
Progressive_11,"['asia-southeast1-c_h100_16', 'asia-south2-b_h100_16', 'us-west1-b_h100_16', 'europe-west3-c_h100_16', 'us-west1-a_h100_16', 'us-east4-a_h100_16', 'europe-west1-c_h100_16', 'us-central1-c_h100_16', 'us-central1-b_h100_16', 'asia-southeast1-b_h100_16', 'us-central1-a_h100_16']",11,rc_cr_threshold,0,single_region,,asia-south2-b_h100_16,,43.19444444444445,50.0,0.2,1.2,51.833333333333336,207.33333333333334,True,True,['data/converted_multi_region_aligned_h100_16_merged'],4,3041.090036256015,-1
Progressive_11,"['asia-southeast1-c_h100_16', 'asia-south2-b_h100_16', 'us-west1-b_h100_16', 'europe-west3-c_h100_16', 'us-west1-a_h100_16', 'us-east4-a_h100_16', 'europe-west1-c_h100_16', 'us-central1-c_h100_16', 'us-central1-b_h100_16', 'asia-southeast1-b_h100_16', 'us-central1-a_h100_16']",11,rc_cr_threshold,0,single_region,,us-west1-b_h100_16,,43.19444444444445,50.0,0.2,1.2,51.833333333333336,207.33333333333334,True,True,['data/converted_multi_region_aligned_h100_16_merged'],4,3033.7543836199966,-1
Progressive_11,"['asia-southeast1-c_h100_16', 'asia-south2-b_h100_16', 'us-west1-b_h100_16', 'europe-west3-c_h100_16', 'us-west1-a_h100_16', 'us-east4-a_h100_16', 'europe-west1-c_h100_16', 'us-central1-c_h100_16', 'us-central1-b_h100_16', 'asia-southeast1-b_h100_16', 'us-central1-a_h100_16']",11,rc_cr_threshold,0,single_region,,europe-west3-c_h100_16,,43.19444444444445,50.0,0.2,1.2,51.833333333333336,207.33333333333334,True,True,['data/converted_multi_region_aligned_h100_16_merged'],4,2354.6698930559846,-1
Progressive_11,"['asia-southeast1-c_h100_16', 'asia-south2-b_h100_16', 'us-west1-b_h100_16', 'europe-west3-c_h100_16', 'us-west1-a_h100_16', 'us-east4-a_h100_16', 'europe-west1-c_h100_16', 'us-central1-c_h100_16', 'us-central1-b_h100_16', 'asia-southeast1-b_h100_16', 'us-central1-a_h100_16']",11,rc_cr_threshold,0,single_region,,us-west1-a_h100_16,,43.19444444444445,50.0,0.2,1.2,51.833333333333336,207.33333333333334,True,True,['data/converted_multi_region_aligned_h100_16_merged'],4,1099.8531268333402,-1
Progressive_11,"['asia-southeast1-c_h100_16', 'asia-south2-b_h100_16', 'us-west1-b_h100_16', 'europe-west3-c_h100_16', 'us-west1-a_h100_16', 'us-east4-a_h100_16', 'europe-west1-c_h100_16', 'us-central1-c_h100_16', 'us-central1-b_h100_16', 'asia-southeast1-b_h100_16', 'us-central1-a_h100_16']",11,rc_cr_threshold,0,single_region,,us-east4-a_h100_16,,43.19444444444445,50.0,0.2,1.2,51.833333333333336,207.33333333333334,True,True,['data/converted_multi_region_aligned_h100_16_merged'],4,2306.009798026656,-1
Progressive_11,"['asia-southeast1-c_h100_16', 'asia-south2-b_h100_16', 'us-west1-b_h100_16', 'europe-west3-c_h100_16', 'us-west1-a_h100_16', 'us-east4-a_h100_16', 'europe-west1-c_h100_16', 'us-central1-c_h100_16', 'us-central1-b_h100_16', 'asia-southeast1-b_h100_16', 'us-central1-a_h100_16']",11,rc_cr_threshold,0,single_region,,europe-west1-c_h100_16,,43.19444444444445,50.0,0.2,1.2,51.833333333333336,207.33333333333334,True,True,['data/converted_multi_region_aligned_h100_16_merged'],4,2051.208961802666,-1
Progressive_11,"['asia-southeast1-c_h100_16', 'asia-south2-b_h100_16', 'us-west1-b_h100_16', 'europe-west3-c_h100_16', 'us-west1-a_h100_16', 'us-east4-a_h100_16', 'europe-west1-c_h100_16', 'us-central1-c_h100_16', 'us-central1-b_h100_16', 'asia-southeast1-b_h100_16', 'us-central1-a_h100_16']",11,rc_cr_threshold,0,single_region,,us-central1-c_h100_16,,43.19444444444445,50.0,0.2,1.2,51.833333333333336,207.33333333333334,True,True,['data/converted_multi_region_aligned_h100_16_merged'],4,841.4026880000035,-1
Progressive_11,"['asia-southeast1-c_h100_16', 'asia-south2-b_h100_16', 'us-west1-b_h100_16', 'europe-west3-c_h100_16', 'us-west1-a_h100_16', 'us-east4-a_h100_16', 'europe-west1-c_h100_16', 'us-central1-c_h100_16', 'us-central1-b_h100_16', 'asia-southeast1-b_h100_16', 'us-central1-a_h100_16']",11,rc_cr_threshold,0,single_region,,us-central1-b_h100_16,,43.19444444444445,50.0,0.2,1.2,51.833333333333336,207.33333333333334,True,True,['data/converted_multi_region_aligned_h100_16_merged'],4,1065.8767798666736,-1
Progressive_11,"['asia-southeast1-c_h100_16', 'asia-south2-b_h100_16', 'us-west1-b_h100_16', 'europe-west3-c_h100_16', 'us-west1-a_h100_16', 'us-east4-a_h100_16', 'europe-west1-c_h100_16', 'us-central1-c_h100_16', 'us-central1-b_h100_16', 'asia-southeast1-b_h100_16', 'us-central1-a_h100_16']",11,rc_cr_threshold,0,single_region,,asia-southeast1-b_h100_16,,43.19444444444445,50.0,0.2,1.2,51.833333333333336,207.33333333333334,True,True,['data/converted_multi_region_aligned_h100_16_merged'],4,837.6527039999982,-1
Progressive_11,"['asia-southeast1-c_h100_16', 'asia-south2-b_h100_16', 'us-west1-b_h100_16', 'europe-west3-c_h100_16', 'us-west1-a_h100_16', 'us-east4-a_h100_16', 'europe-west1-c_h100_16', 'us-central1-c_h100_16', 'us-central1-b_h100_16', 'asia-southeast1-b_h100_16', 'us-central1-a_h100_16']",11,rc_cr_threshold,0,single_region,,us-central1-a_h100_16,,43.19444444444445,50.0,0.2,1.2,51.833333333333336,207.33333333333334,True,True,['data/converted_multi_region_aligned_h100_16_merged'],4,828.7500160000034,0
Progressive_11,"['asia-southeast1-c_h100_16', 'asia-south2-b_h100_16', 'us-west1-b_h100_16', 'europe-west3-c_h100_16', 'us-west1-a_h100_16', 'us-east4-a_h100_16', 'europe-west1-c_h100_16', 'us-central1-c_h100_16', 'us-central1-b_h100_16', 'asia-southeast1-b_h100_16', 'us-central1-a_h100_16']",11,unified_cost_model_risk,0,multi_region,,,,43.19444444444445,50.0,0.2,1.2,51.833333333333336,259.1666666666667,True,True,['data/converted_multi_region_aligned_h100_16_merged'],5,695.6605483295965,1
Progressive_11,"['asia-southeast1-c_h100_16', 'asia-south2-b_h100_16', 'us-west1-b_h100_16', 'europe-west3-c_h100_16', 'us-west1-a_h100_16', 'us-east4-a_h100_16', 'europe-west1-c_h100_16', 'us-central1-c_h100_16', 'us-central1-b_h100_16', 'asia-southeast1-b_h100_16', 'us-central1-a_h100_16']",11,multi_region_oracle_dp,0,multi_region,,,,43.19444444444445,50.0,0.2,1.2,51.833333333333336,259.1666666666667,True,True,['data/converted_multi_region_aligned_h100_16_merged'],5,671.5528533333356,2
Progressive_11,"['asia-southeast1-c_h100_16', 'asia-south2-b_h100_16', 'us-west1-b_h100_16', 'europe-west3-c_h100_16', 'us-west1-a_h100_16', 'us-east4-a_h100_16', 'europe-west1-c_h100_16', 'us-central1-c_h100_16', 'us-central1-b_h100_16', 'asia-southeast1-b_h100_16', 'us-central1-a_h100_16']",11,unified_cost_model_oracle,0,multi_region,,,,43.19444444444445,50.0,0.2,1.2,51.833333333333336,259.1666666666667,True,True,['data/converted_multi_region_aligned_h100_16_merged'],5,691.4595999999965,1
Progressive_11,"['asia-southeast1-c_h100_16', 'asia-south2-b_h100_16', 'us-west1-b_h100_16', 'europe-west3-c_h100_16', 'us-west1-a_h100_16', 'us-east4-a_h100_16', 'europe-west1-c_h100_16', 'us-central1-c_h100_16', 'us-central1-b_h100_16', 'asia-southeast1-b_h100_16', 'us-central1-a_h100_16']",11,multi_region_rc_cr_threshold_eager_failover,0,multi_region,,,,43.19444444444445,50.0,0.2,1.2,51.833333333333336,259.1666666666667,True,True,['data/converted_multi_region_aligned_h100_16_merged'],5,691.4595999999965,1
Progressive_11,"['asia-southeast1-c_h100_16', 'asia-south2-b_h100_16', 'us-west1-b_h100_16', 'europe-west3-c_h100_16', 'us-west1-a_h100_16', 'us-east4-a_h100_16', 'europe-west1-c_h100_16', 'us-central1-c_h100_16', 'us-central1-b_h100_16', 'asia-southeast1-b_h100_16', 'us-central1-a_h100_16']",11,multi_region_availability_probe_simple,0,multi_region,,,,43.19444444444445,50.0,0.2,1.2,51.833333333333336,259.1666666666667,True,True,['data/converted_multi_region_aligned_h100_16_merged'],5,916.0305517845301,0
Progressive_11,"['asia-southeast1-c_h100_16', 'asia-south2-b_h100_16', 'us-west1-b_h100_16', 'europe-west3-c_h100_16', 'us-west1-a_h100_16', 'us-east4-a_h100_16', 'europe-west1-c_h100_16', 'us-central1-c_h100_16', 'us-central1-b_h100_16', 'asia-southeast1-b_h100_16', 'us-central1-a_h100_16']",11,multi_region_probe_cost_ratio,0,multi_region,,,,43.19444444444445,50.0,0.2,1.2,51.833333333333336,259.1666666666667,True,True,['data/converted_multi_region_aligned_h100_16_merged'],5,855.2640998357289,1
Progressive_11,"['asia-southeast1-c_h100_16', 'asia-south2-b_h100_16', 'us-west1-b_h100_16', 'europe-west3-c_h100_16', 'us-west1-a_h100_16', 'us-east4-a_h100_16', 'europe-west1-c_h100_16', 'us-central1-c_h100_16', 'us-central1-b_h100_16', 'asia-southeast1-b_h100_16', 'us-central1-a_h100_16']",11,rc_cr_threshold,0,single_region,,asia-southeast1-c_h100_16,,43.19444444444445,50.0,0.2,1.2,51.833333333333336,259.1666666666667,True,True,['data/converted_multi_region_aligned_h100_16_merged'],5,837.6527039999982,-1
Progressive_11,"['asia-southeast1-c_h100_16', 'asia-south2-b_h100_16', 'us-west1-b_h100_16', 'europe-west3-c_h100_16', 'us-west1-a_h100_16', 'us-east4-a_h100_16', 'europe-west1-c_h100_16', 'us-central1-c_h100_16', 'us-central1-b_h100_16', 'asia-southeast1-b_h100_16', 'us-central1-a_h100_16']",11,rc_cr_threshold,0,single_region,,asia-south2-b_h100_16,,43.19444444444445,50.0,0.2,1.2,51.833333333333336,259.1666666666667,True,True,['data/converted_multi_region_aligned_h100_16_merged'],5,3041.090036256015,-1
Progressive_11,"['asia-southeast1-c_h100_16', 'asia-south2-b_h100_16', 'us-west1-b_h100_16', 'europe-west3-c_h100_16', 'us-west1-a_h100_16', 'us-east4-a_h100_16', 'europe-west1-c_h100_16', 'us-central1-c_h100_16', 'us-central1-b_h100_16', 'asia-southeast1-b_h100_16', 'us-central1-a_h100_16']",11,rc_cr_threshold,0,single_region,,us-west1-b_h100_16,,43.19444444444445,50.0,0.2,1.2,51.833333333333336,259.1666666666667,True,True,['data/converted_multi_region_aligned_h100_16_merged'],5,2020.9932372933315,-1
Progressive_11,"['asia-southeast1-c_h100_16', 'asia-south2-b_h100_16', 'us-west1-b_h100_16', 'europe-west3-c_h100_16', 'us-west1-a_h100_16', 'us-east4-a_h100_16', 'europe-west1-c_h100_16', 'us-central1-c_h100_16', 'us-central1-b_h100_16', 'asia-southeast1-b_h100_16', 'us-central1-a_h100_16']",11,rc_cr_threshold,0,single_region,,europe-west3-c_h100_16,,43.19444444444445,50.0,0.2,1.2,51.833333333333336,259.1666666666667,True,True,['data/converted_multi_region_aligned_h100_16_merged'],5,762.5208959999959,-1
Progressive_11,"['asia-southeast1-c_h100_16', 'asia-south2-b_h100_16', 'us-west1-b_h100_16', 'europe-west3-c_h100_16', 'us-west1-a_h100_16', 'us-east4-a_h100_16', 'europe-west1-c_h100_16', 'us-central1-c_h100_16', 'us-central1-b_h100_16', 'asia-southeast1-b_h100_16', 'us-central1-a_h100_16']",11,rc_cr_threshold,0,single_region,,us-west1-a_h100_16,,43.19444444444445,50.0,0.2,1.2,51.833333333333336,259.1666666666667,True,True,['data/converted_multi_region_aligned_h100_16_merged'],5,2356.744341079999,-1
Progressive_11,"['asia-southeast1-c_h100_16', 'asia-south2-b_h100_16', 'us-west1-b_h100_16', 'europe-west3-c_h100_16', 'us-west1-a_h100_16', 'us-east4-a_h100_16', 'europe-west1-c_h100_16', 'us-central1-c_h100_16', 'us-central1-b_h100_16', 'asia-southeast1-b_h100_16', 'us-central1-a_h100_16']",11,rc_cr_threshold,0,single_region,,us-east4-a_h100_16,,43.19444444444445,50.0,0.2,1.2,51.833333333333336,259.1666666666667,True,True,['data/converted_multi_region_aligned_h100_16_merged'],5,1024.0937989333413,-1
Progressive_11,"['asia-southeast1-c_h100_16', 'asia-south2-b_h100_16', 'us-west1-b_h100_16', 'europe-west3-c_h100_16', 'us-west1-a_h100_16', 'us-east4-a_h100_16', 'europe-west1-c_h100_16', 'us-central1-c_h100_16', 'us-central1-b_h100_16', 'asia-southeast1-b_h100_16', 'us-central1-a_h100_16']",11,rc_cr_threshold,0,single_region,,europe-west1-c_h100_16,,43.19444444444445,50.0,0.2,1.2,51.833333333333336,259.1666666666667,True,True,['data/converted_multi_region_aligned_h100_16_merged'],5,711.4999199999968,-1
Progressive_11,"['asia-southeast1-c_h100_16', 'asia-south2-b_h100_16', 'us-west1-b_h100_16', 'europe-west3-c_h100_16', 'us-west1-a_h100_16', 'us-east4-a_h100_16', 'europe-west1-c_h100_16', 'us-central1-c_h100_16', 'us-central1-b_h100_16', 'asia-southeast1-b_h100_16', 'us-central1-a_h100_16']",11,rc_cr_threshold,0,single_region,,us-central1-c_h100_16,,43.19444444444445,50.0,0.2,1.2,51.833333333333336,259.1666666666667,True,True,['data/converted_multi_region_aligned_h100_16_merged'],5,835.0763520000035,-1
Progressive_11,"['asia-southeast1-c_h100_16', 'asia-south2-b_h100_16', 'us-west1-b_h100_16', 'europe-west3-c_h100_16', 'us-west1-a_h100_16', 'us-east4-a_h100_16', 'europe-west1-c_h100_16', 'us-central1-c_h100_16', 'us-central1-b_h100_16', 'asia-southeast1-b_h100_16', 'us-central1-a_h100_16']",11,rc_cr_threshold,0,single_region,,us-central1-b_h100_16,,43.19444444444445,50.0,0.2,1.2,51.833333333333336,259.1666666666667,True,True,['data/converted_multi_region_aligned_h100_16_merged'],5,835.0763520000035,-1
Progressive_11,"['asia-southeast1-c_h100_16', 'asia-south2-b_h100_16', 'us-west1-b_h100_16', 'europe-west3-c_h100_16', 'us-west1-a_h100_16', 'us-east4-a_h100_16', 'europe-west1-c_h100_16', 'us-central1-c_h100_16', 'us-central1-b_h100_16', 'asia-southeast1-b_h100_16', 'us-central1-a_h100_16']",11,rc_cr_threshold,0,single_region,,asia-southeast1-b_h100_16,,43.19444444444445,50.0,0.2,1.2,51.833333333333336,259.1666666666667,True,True,['data/converted_multi_region_aligned_h100_16_merged'],5,837.6527039999982,-1
Progressive_11,"['asia-southeast1-c_h100_16', 'asia-south2-b_h100_16', 'us-west1-b_h100_16', 'europe-west3-c_h100_16', 'us-west1-a_h100_16', 'us-east4-a_h100_16', 'europe-west1-c_h100_16', 'us-central1-c_h100_16', 'us-central1-b_h100_16', 'asia-southeast1-b_h100_16', 'us-central1-a_h100_16']",11,rc_cr_threshold,0,single_region,,us-central1-a_h100_16,,43.19444444444445,50.0,0.2,1.2,51.833333333333336,259.1666666666667,True,True,['data/converted_multi_region_aligned_h100_16_merged'],5,828.7500160000034,0
Progressive_12,"['asia-southeast1-c_h100_16', 'asia-south2-b_h100_16', 'us-west1-b_h100_16', 'europe-west3-c_h100_16', 'us-west1-a_h100_16', 'us-east4-a_h100_16', 'europe-west1-c_h100_16', 'us-central1-c_h100_16', 'us-central1-b_h100_16', 'asia-southeast1-b_h100_16', 'us-central1-a_h100_16', 'us-east5-a_h100_16']",12,unified_cost_model_risk,0,multi_region,,,,43.19444444444445,50.0,0.2,1.2,51.833333333333336,0.0,True,True,['data/converted_multi_region_aligned_h100_16_merged'],0,689.4268469962632,1
Progressive_12,"['asia-southeast1-c_h100_16', 'asia-south2-b_h100_16', 'us-west1-b_h100_16', 'europe-west3-c_h100_16', 'us-west1-a_h100_16', 'us-east4-a_h100_16', 'europe-west1-c_h100_16', 'us-central1-c_h100_16', 'us-central1-b_h100_16', 'asia-southeast1-b_h100_16', 'us-central1-a_h100_16', 'us-east5-a_h100_16']",12,multi_region_oracle_dp,0,multi_region,,,,43.19444444444445,50.0,0.2,1.2,51.833333333333336,0.0,True,True,['data/converted_multi_region_aligned_h100_16_merged'],0,646.1246400000023,0
Progressive_12,"['asia-southeast1-c_h100_16', 'asia-south2-b_h100_16', 'us-west1-b_h100_16', 'europe-west3-c_h100_16', 'us-west1-a_h100_16', 'us-east4-a_h100_16', 'europe-west1-c_h100_16', 'us-central1-c_h100_16', 'us-central1-b_h100_16', 'asia-southeast1-b_h100_16', 'us-central1-a_h100_16', 'us-east5-a_h100_16']",12,unified_cost_model_oracle,0,multi_region,,,,43.19444444444445,50.0,0.2,1.2,51.833333333333336,0.0,True,True,['data/converted_multi_region_aligned_h100_16_merged'],0,652.1030933333356,2
Progressive_12,"['asia-southeast1-c_h100_16', 'asia-south2-b_h100_16', 'us-west1-b_h100_16', 'europe-west3-c_h100_16', 'us-west1-a_h100_16', 'us-east4-a_h100_16', 'europe-west1-c_h100_16', 'us-central1-c_h100_16', 'us-central1-b_h100_16', 'asia-southeast1-b_h100_16', 'us-central1-a_h100_16', 'us-east5-a_h100_16']",12,multi_region_rc_cr_threshold_eager_failover,0,multi_region,,,,43.19444444444445,50.0,0.2,1.2,51.833333333333336,0.0,True,True,['data/converted_multi_region_aligned_h100_16_merged'],0,684.9471199999965,1
Progressive_12,"['asia-southeast1-c_h100_16', 'asia-south2-b_h100_16', 'us-west1-b_h100_16', 'europe-west3-c_h100_16', 'us-west1-a_h100_16', 'us-east4-a_h100_16', 'europe-west1-c_h100_16', 'us-central1-c_h100_16', 'us-central1-b_h100_16', 'asia-southeast1-b_h100_16', 'us-central1-a_h100_16', 'us-east5-a_h100_16']",12,multi_region_availability_probe_simple,0,multi_region,,,,43.19444444444445,50.0,0.2,1.2,51.833333333333336,0.0,True,True,['data/converted_multi_region_aligned_h100_16_merged'],0,905.8300333845298,0
Progressive_12,"['asia-southeast1-c_h100_16', 'asia-south2-b_h100_16', 'us-west1-b_h100_16', 'europe-west3-c_h100_16', 'us-west1-a_h100_16', 'us-east4-a_h100_16', 'europe-west1-c_h100_16', 'us-central1-c_h100_16', 'us-central1-b_h100_16', 'asia-southeast1-b_h100_16', 'us-central1-a_h100_16', 'us-east5-a_h100_16']",12,multi_region_probe_cost_ratio,0,multi_region,,,,43.19444444444445,50.0,0.2,1.2,51.833333333333336,0.0,True,True,['data/converted_multi_region_aligned_h100_16_merged'],0,833.000357435728,1
Progressive_12,"['asia-southeast1-c_h100_16', 'asia-south2-b_h100_16', 'us-west1-b_h100_16', 'europe-west3-c_h100_16', 'us-west1-a_h100_16', 'us-east4-a_h100_16', 'europe-west1-c_h100_16', 'us-central1-c_h100_16', 'us-central1-b_h100_16', 'asia-southeast1-b_h100_16', 'us-central1-a_h100_16', 'us-east5-a_h100_16']",12,rc_cr_threshold,0,single_region,,asia-southeast1-c_h100_16,,43.19444444444445,50.0,0.2,1.2,51.833333333333336,0.0,True,True,['data/converted_multi_region_aligned_h100_16_merged'],0,837.6527039999982,-1
Progressive_12,"['asia-southeast1-c_h100_16', 'asia-south2-b_h100_16', 'us-west1-b_h100_16', 'europe-west3-c_h100_16', 'us-west1-a_h100_16', 'us-east4-a_h100_16', 'europe-west1-c_h100_16', 'us-central1-c_h100_16', 'us-central1-b_h100_16', 'asia-southeast1-b_h100_16', 'us-central1-a_h100_16', 'us-east5-a_h100_16']",12,rc_cr_threshold,0,single_region,,asia-south2-b_h100_16,,43.19444444444445,50.0,0.2,1.2,51.833333333333336,0.0,True,True,['data/converted_multi_region_aligned_h100_16_merged'],0,3041.090036256015,-1
Progressive_12,"['asia-southeast1-c_h100_16', 'asia-south2-b_h100_16', 'us-west1-b_h100_16', 'europe-west3-c_h100_16', 'us-west1-a_h100_16', 'us-east4-a_h100_16', 'europe-west1-c_h100_16', 'us-central1-c_h100_16', 'us-central1-b_h100_16', 'asia-southeast1-b_h100_16', 'us-central1-a_h100_16', 'us-east5-a_h100_16']",12,rc_cr_threshold,0,single_region,,us-west1-b_h100_16,,43.19444444444445,50.0,0.2,1.2,51.833333333333336,0.0,True,True,['data/converted_multi_region_aligned_h100_16_merged'],0,3437.993616413327,-1
Progressive_12,"['asia-southeast1-c_h100_16', 'asia-south2-b_h100_16', 'us-west1-b_h100_16', 'europe-west3-c_h100_16', 'us-west1-a_h100_16', 'us-east4-a_h100_16', 'europe-west1-c_h100_16', 'us-central1-c_h100_16', 'us-central1-b_h100_16', 'asia-southeast1-b_h100_16', 'us-central1-a_h100_16', 'us-east5-a_h100_16']",12,rc_cr_threshold,0,single_region,,europe-west3-c_h100_16,,43.19444444444445,50.0,0.2,1.2,51.833333333333336,0.0,True,True,['data/converted_multi_region_aligned_h100_16_merged'],0,3778.9989031679966,-1
Progressive_12,"['asia-southeast1-c_h100_16', 'asia-south2-b_h100_16', 'us-west1-b_h100_16', 'europe-west3-c_h100_16', 'us-west1-a_h100_16', 'us-east4-a_h100_16', 'europe-west1-c_h100_16', 'us-central1-c_h100_16', 'us-central1-b_h100_16', 'asia-southeast1-b_h100_16', 'us-central1-a_h100_16', 'us-east5-a_h100_16']",12,rc_cr_threshold,0,single_region,,us-west1-a_h100_16,,43.19444444444445,50.0,0.2,1.2,51.833333333333336,0.0,True,True,['data/converted_multi_region_aligned_h100_16_merged'],0,1014.0229918933371,-1
Progressive_12,"['asia-southeast1-c_h100_16', 'asia-south2-b_h100_16', 'us-west1-b_h100_16', 'europe-west3-c_h100_16', 'us-west1-a_h100_16', 'us-east4-a_h100_16', 'europe-west1-c_h100_16', 'us-central1-c_h100_16', 'us-central1-b_h100_16', 'asia-southeast1-b_h100_16', 'us-central1-a_h100_16', 'us-east5-a_h100_16']",12,rc_cr_threshold,0,single_region,,us-east4-a_h100_16,,43.19444444444445,50.0,0.2,1.2,51.833333333333336,0.0,True,True,['data/converted_multi_region_aligned_h100_16_merged'],0,651.075786666669,-1
Progressive_12,"['asia-southeast1-c_h100_16', 'asia-south2-b_h100_16', 'us-west1-b_h100_16', 'europe-west3-c_h100_16', 'us-west1-a_h100_16', 'us-east4-a_h100_16', 'europe-west1-c_h100_16', 'us-central1-c_h100_16', 'us-central1-b_h100_16', 'asia-southeast1-b_h100_16', 'us-central1-a_h100_16', 'us-east5-a_h100_16']",12,rc_cr_threshold,0,single_region,,europe-west1-c_h100_16,,43.19444444444445,50.0,0.2,1.2,51.833333333333336,0.0,True,True,['data/converted_multi_region_aligned_h100_16_merged'],0,711.4999199999968,-1
Progressive_12,"['asia-southeast1-c_h100_16', 'asia-south2-b_h100_16', 'us-west1-b_h100_16', 'europe-west3-c_h100_16', 'us-west1-a_h100_16', 'us-east4-a_h100_16', 'europe-west1-c_h100_16', 'us-central1-c_h100_16', 'us-central1-b_h100_16', 'asia-southeast1-b_h100_16', 'us-central1-a_h100_16', 'us-east5-a_h100_16']",12,rc_cr_threshold,0,single_region,,us-central1-c_h100_16,,43.19444444444445,50.0,0.2,1.2,51.833333333333336,0.0,True,True,['data/converted_multi_region_aligned_h100_16_merged'],0,1078.529451866673,-1
Progressive_12,"['asia-southeast1-c_h100_16', 'asia-south2-b_h100_16', 'us-west1-b_h100_16', 'europe-west3-c_h100_16', 'us-west1-a_h100_16', 'us-east4-a_h100_16', 'europe-west1-c_h100_16', 'us-central1-c_h100_16', 'us-central1-b_h100_16', 'asia-southeast1-b_h100_16', 'us-central1-a_h100_16', 'us-east5-a_h100_16']",12,rc_cr_threshold,0,single_region,,us-central1-b_h100_16,,43.19444444444445,50.0,0.2,1.2,51.833333333333336,0.0,True,True,['data/converted_multi_region_aligned_h100_16_merged'],0,1164.3595868066748,-1
Progressive_12,"['asia-southeast1-c_h100_16', 'asia-south2-b_h100_16', 'us-west1-b_h100_16', 'europe-west3-c_h100_16', 'us-west1-a_h100_16', 'us-east4-a_h100_16', 'europe-west1-c_h100_16', 'us-central1-c_h100_16', 'us-central1-b_h100_16', 'asia-southeast1-b_h100_16', 'us-central1-a_h100_16', 'us-east5-a_h100_16']",12,rc_cr_threshold,0,single_region,,asia-southeast1-b_h100_16,,43.19444444444445,50.0,0.2,1.2,51.833333333333336,0.0,True,True,['data/converted_multi_region_aligned_h100_16_merged'],0,4599.544343114651,-1
Progressive_12,"['asia-southeast1-c_h100_16', 'asia-south2-b_h100_16', 'us-west1-b_h100_16', 'europe-west3-c_h100_16', 'us-west1-a_h100_16', 'us-east4-a_h100_16', 'europe-west1-c_h100_16', 'us-central1-c_h100_16', 'us-central1-b_h100_16', 'asia-southeast1-b_h100_16', 'us-central1-a_h100_16', 'us-east5-a_h100_16']",12,rc_cr_threshold,0,single_region,,us-central1-a_h100_16,,43.19444444444445,50.0,0.2,1.2,51.833333333333336,0.0,True,True,['data/converted_multi_region_aligned_h100_16_merged'],0,1145.3805788066745,-1
Progressive_12,"['asia-southeast1-c_h100_16', 'asia-south2-b_h100_16', 'us-west1-b_h100_16', 'europe-west3-c_h100_16', 'us-west1-a_h100_16', 'us-east4-a_h100_16', 'europe-west1-c_h100_16', 'us-central1-c_h100_16', 'us-central1-b_h100_16', 'asia-southeast1-b_h100_16', 'us-central1-a_h100_16', 'us-east5-a_h100_16']",12,rc_cr_threshold,0,single_region,,us-east5-a_h100_16,,43.19444444444445,50.0,0.2,1.2,51.833333333333336,0.0,True,True,['data/converted_multi_region_aligned_h100_16_merged'],0,2613.922668309349,0
Progressive_12,"['asia-southeast1-c_h100_16', 'asia-south2-b_h100_16', 'us-west1-b_h100_16', 'europe-west3-c_h100_16', 'us-west1-a_h100_16', 'us-east4-a_h100_16', 'europe-west1-c_h100_16', 'us-central1-c_h100_16', 'us-central1-b_h100_16', 'asia-southeast1-b_h100_16', 'us-central1-a_h100_16', 'us-east5-a_h100_16']",12,unified_cost_model_risk,0,multi_region,,,,43.19444444444445,50.0,0.2,1.2,51.833333333333336,51.833333333333336,True,True,['data/converted_multi_region_aligned_h100_16_merged'],1,686.9490800629361,7
Progressive_12,"['asia-southeast1-c_h100_16', 'asia-south2-b_h100_16', 'us-west1-b_h100_16', 'europe-west3-c_h100_16', 'us-west1-a_h100_16', 'us-east4-a_h100_16', 'europe-west1-c_h100_16', 'us-central1-c_h100_16', 'us-central1-b_h100_16', 'asia-southeast1-b_h100_16', 'us-central1-a_h100_16', 'us-east5-a_h100_16']",12,multi_region_oracle_dp,0,multi_region,,,,43.19444444444445,50.0,0.2,1.2,51.833333333333336,51.833333333333336,True,True,['data/converted_multi_region_aligned_h100_16_merged'],1,648.6002133333357,0
Progressive_12,"['asia-southeast1-c_h100_16', 'asia-south2-b_h100_16', 'us-west1-b_h100_16', 'europe-west3-c_h100_16', 'us-west1-a_h100_16', 'us-east4-a_h100_16', 'europe-west1-c_h100_16', 'us-central1-c_h100_16', 'us-central1-b_h100_16', 'asia-southeast1-b_h100_16', 'us-central1-a_h100_16', 'us-east5-a_h100_16']",12,unified_cost_model_oracle,0,multi_region,,,,43.19444444444445,50.0,0.2,1.2,51.833333333333336,51.833333333333336,True,True,['data/converted_multi_region_aligned_h100_16_merged'],1,671.259594666669,4
Progressive_12,"['asia-southeast1-c_h100_16', 'asia-south2-b_h100_16', 'us-west1-b_h100_16', 'europe-west3-c_h100_16', 'us-west1-a_h100_16', 'us-east4-a_h100_16', 'europe-west1-c_h100_16', 'us-central1-c_h100_16', 'us-central1-b_h100_16', 'asia-southeast1-b_h100_16', 'us-central1-a_h100_16', 'us-east5-a_h100_16']",12,multi_region_rc_cr_threshold_eager_failover,0,multi_region,,,,43.19444444444445,50.0,0.2,1.2,51.833333333333336,51.833333333333336,True,True,['data/converted_multi_region_aligned_h100_16_merged'],1,701.0967626666679,8
Progressive_12,"['asia-southeast1-c_h100_16', 'asia-south2-b_h100_16', 'us-west1-b_h100_16', 'europe-west3-c_h100_16', 'us-west1-a_h100_16', 'us-east4-a_h100_16', 'europe-west1-c_h100_16', 'us-central1-c_h100_16', 'us-central1-b_h100_16', 'asia-southeast1-b_h100_16', 'us-central1-a_h100_16', 'us-east5-a_h100_16']",12,multi_region_availability_probe_simple,0,multi_region,,,,43.19444444444445,50.0,0.2,1.2,51.833333333333336,51.833333333333336,True,True,['data/converted_multi_region_aligned_h100_16_merged'],1,2661.43126794135,1
Progressive_12,"['asia-southeast1-c_h100_16', 'asia-south2-b_h100_16', 'us-west1-b_h100_16', 'europe-west3-c_h100_16', 'us-west1-a_h100_16', 'us-east4-a_h100_16', 'europe-west1-c_h100_16', 'us-central1-c_h100_16', 'us-central1-b_h100_16', 'asia-southeast1-b_h100_16', 'us-central1-a_h100_16', 'us-east5-a_h100_16']",12,multi_region_probe_cost_ratio,0,multi_region,,,,43.19444444444445,50.0,0.2,1.2,51.833333333333336,51.833333333333336,True,True,['data/converted_multi_region_aligned_h100_16_merged'],1,879.4637105653363,7
Progressive_12,"['asia-southeast1-c_h100_16', 'asia-south2-b_h100_16', 'us-west1-b_h100_16', 'europe-west3-c_h100_16', 'us-west1-a_h100_16', 'us-east4-a_h100_16', 'europe-west1-c_h100_16', 'us-central1-c_h100_16', 'us-central1-b_h100_16', 'asia-southeast1-b_h100_16', 'us-central1-a_h100_16', 'us-east5-a_h100_16']",12,rc_cr_threshold,0,single_region,,asia-southeast1-c_h100_16,,43.19444444444445,50.0,0.2,1.2,51.833333333333336,51.833333333333336,True,True,['data/converted_multi_region_aligned_h100_16_merged'],1,2447.4830988480044,-1
Progressive_12,"['asia-southeast1-c_h100_16', 'asia-south2-b_h100_16', 'us-west1-b_h100_16', 'europe-west3-c_h100_16', 'us-west1-a_h100_16', 'us-east4-a_h100_16', 'europe-west1-c_h100_16', 'us-central1-c_h100_16', 'us-central1-b_h100_16', 'asia-southeast1-b_h100_16', 'us-central1-a_h100_16', 'us-east5-a_h100_16']",12,rc_cr_threshold,0,single_region,,asia-south2-b_h100_16,,43.19444444444445,50.0,0.2,1.2,51.833333333333336,51.833333333333336,True,True,['data/converted_multi_region_aligned_h100_16_merged'],1,3041.090036256015,-1
Progressive_12,"['asia-southeast1-c_h100_16', 'asia-south2-b_h100_16', 'us-west1-b_h100_16', 'europe-west3-c_h100_16', 'us-west1-a_h100_16', 'us-east4-a_h100_16', 'europe-west1-c_h100_16', 'us-central1-c_h100_16', 'us-central1-b_h100_16', 'asia-southeast1-b_h100_16', 'us-central1-a_h100_16', 'us-east5-a_h100_16']",12,rc_cr_threshold,0,single_region,,us-west1-b_h100_16,,43.19444444444445,50.0,0.2,1.2,51.833333333333336,51.833333333333336,True,True,['data/converted_multi_region_aligned_h100_16_merged'],1,3599.345881259991,-1
Progressive_12,"['asia-southeast1-c_h100_16', 'asia-south2-b_h100_16', 'us-west1-b_h100_16', 'europe-west3-c_h100_16', 'us-west1-a_h100_16', 'us-east4-a_h100_16', 'europe-west1-c_h100_16', 'us-central1-c_h100_16', 'us-central1-b_h100_16', 'asia-southeast1-b_h100_16', 'us-central1-a_h100_16', 'us-east5-a_h100_16']",12,rc_cr_threshold,0,single_region,,europe-west3-c_h100_16,,43.19444444444445,50.0,0.2,1.2,51.833333333333336,51.833333333333336,True,True,['data/converted_multi_region_aligned_h100_16_merged'],1,3739.073504063997,-1
Progressive_12,"['asia-southeast1-c_h100_16', 'asia-south2-b_h100_16', 'us-west1-b_h100_16', 'europe-west3-c_h100_16', 'us-west1-a_h100_16', 'us-east4-a_h100_16', 'europe-west1-c_h100_16', 'us-central1-c_h100_16', 'us-central1-b_h100_16', 'asia-southeast1-b_h100_16', 'us-central1-a_h100_16', 'us-east5-a_h100_16']",12,rc_cr_threshold,0,single_region,,us-west1-a_h100_16,,43.19444444444445,50.0,0.2,1.2,51.833333333333336,51.833333333333336,True,True,['data/converted_multi_region_aligned_h100_16_merged'],1,3595.081146266658,-1
Progressive_12,"['asia-southeast1-c_h100_16', 'asia-south2-b_h100_16', 'us-west1-b_h100_16', 'europe-west3-c_h100_16', 'us-west1-a_h100_16', 'us-east4-a_h100_16', 'europe-west1-c_h100_16', 'us-central1-c_h100_16', 'us-central1-b_h100_16', 'asia-southeast1-b_h100_16', 'us-central1-a_h100_16', 'us-east5-a_h100_16']",12,rc_cr_threshold,0,single_region,,us-east4-a_h100_16,,43.19444444444445,50.0,0.2,1.2,51.833333333333336,51.833333333333336,True,True,['data/converted_multi_region_aligned_h100_16_merged'],1,660.9780800000026,-1
Progressive_12,"['asia-southeast1-c_h100_16', 'asia-south2-b_h100_16', 'us-west1-b_h100_16', 'europe-west3-c_h100_16', 'us-west1-a_h100_16', 'us-east4-a_h100_16', 'europe-west1-c_h100_16', 'us-central1-c_h100_16', 'us-central1-b_h100_16', 'asia-southeast1-b_h100_16', 'us-central1-a_h100_16', 'us-east5-a_h100_16']",12,rc_cr_threshold,0,single_region,,europe-west1-c_h100_16,,43.19444444444445,50.0,0.2,1.2,51.833333333333336,51.833333333333336,True,True,['data/converted_multi_region_aligned_h100_16_merged'],1,1387.2608158293308,-1
Progressive_12,"['asia-southeast1-c_h100_16', 'asia-south2-b_h100_16', 'us-west1-b_h100_16', 'europe-west3-c_h100_16', 'us-west1-a_h100_16', 'us-east4-a_h100_16', 'europe-west1-c_h100_16', 'us-central1-c_h100_16', 'us-central1-b_h100_16', 'asia-southeast1-b_h100_16', 'us-central1-a_h100_16', 'us-east5-a_h100_16']",12,rc_cr_threshold,0,single_region,,us-central1-c_h100_16,,43.19444444444445,50.0,0.2,1.2,51.833333333333336,51.833333333333336,True,True,['data/converted_multi_region_aligned_h100_16_merged'],1,1138.771176846671,-1
Progressive_12,"['asia-southeast1-c_h100_16', 'asia-south2-b_h100_16', 'us-west1-b_h100_16', 'europe-west3-c_h100_16', 'us-west1-a_h100_16', 'us-east4-a_h100_16', 'europe-west1-c_h100_16', 'us-central1-c_h100_16', 'us-central1-b_h100_16', 'asia-southeast1-b_h100_16', 'us-central1-a_h100_16', 'us-east5-a_h100_16']",12,rc_cr_threshold,0,single_region,,us-central1-b_h100_16,,43.19444444444445,50.0,0.2,1.2,51.833333333333336,51.833333333333336,True,True,['data/converted_multi_region_aligned_h100_16_merged'],1,1167.381221826675,-1
Progressive_12,"['asia-southeast1-c_h100_16', 'asia-south2-b_h100_16', 'us-west1-b_h100_16', 'europe-west3-c_h100_16', 'us-west1-a_h100_16', 'us-east4-a_h100_16', 'europe-west1-c_h100_16', 'us-central1-c_h100_16', 'us-central1-b_h100_16', 'asia-southeast1-b_h100_16', 'us-central1-a_h100_16', 'us-east5-a_h100_16']",12,rc_cr_threshold,0,single_region,,asia-southeast1-b_h100_16,,43.19444444444445,50.0,0.2,1.2,51.833333333333336,51.833333333333336,True,True,['data/converted_multi_region_aligned_h100_16_merged'],1,3122.030977856021,-1
Progressive_12,"['asia-southeast1-c_h100_16', 'asia-south2-b_h100_16', 'us-west1-b_h100_16', 'europe-west3-c_h100_16', 'us-west1-a_h100_16', 'us-east4-a_h100_16', 'europe-west1-c_h100_16', 'us-central1-c_h100_16', 'us-central1-b_h100_16', 'asia-southeast1-b_h100_16', 'us-central1-a_h100_16', 'us-east5-a_h100_16']",12,rc_cr_threshold,0,single_region,,us-central1-a_h100_16,,43.19444444444445,50.0,0.2,1.2,51.833333333333336,51.833333333333336,True,True,['data/converted_multi_region_aligned_h100_16_merged'],1,854.0553600000037,-1
Progressive_12,"['asia-southeast1-c_h100_16', 'asia-south2-b_h100_16', 'us-west1-b_h100_16', 'europe-west3-c_h100_16', 'us-west1-a_h100_16', 'us-east4-a_h100_16', 'europe-west1-c_h100_16', 'us-central1-c_h100_16', 'us-central1-b_h100_16', 'asia-southeast1-b_h100_16', 'us-central1-a_h100_16', 'us-east5-a_h100_16']",12,rc_cr_threshold,0,single_region,,us-east5-a_h100_16,,43.19444444444445,50.0,0.2,1.2,51.833333333333336,51.833333333333336,True,True,['data/converted_multi_region_aligned_h100_16_merged'],1,1078.6559141333314,0
Progressive_12,"['asia-southeast1-c_h100_16', 'asia-south2-b_h100_16', 'us-west1-b_h100_16', 'europe-west3-c_h100_16', 'us-west1-a_h100_16', 'us-east4-a_h100_16', 'europe-west1-c_h100_16', 'us-central1-c_h100_16', 'us-central1-b_h100_16', 'asia-southeast1-b_h100_16', 'us-central1-a_h100_16', 'us-east5-a_h100_16']",12,unified_cost_model_risk,0,multi_region,,,,43.19444444444445,50.0,0.2,1.2,51.833333333333336,103.66666666666667,True,True,['data/converted_multi_region_aligned_h100_16_merged'],2,666.3410133962648,1
Progressive_12,"['asia-southeast1-c_h100_16', 'asia-south2-b_h100_16', 'us-west1-b_h100_16', 'europe-west3-c_h100_16', 'us-west1-a_h100_16', 'us-east4-a_h100_16', 'europe-west1-c_h100_16', 'us-central1-c_h100_16', 'us-central1-b_h100_16', 'asia-southeast1-b_h100_16', 'us-central1-a_h100_16', 'us-east5-a_h100_16']",12,multi_region_oracle_dp,0,multi_region,,,,43.19444444444445,50.0,0.2,1.2,51.833333333333336,103.66666666666667,True,True,['data/converted_multi_region_aligned_h100_16_merged'],2,646.1246400000023,0
Progressive_12,"['asia-southeast1-c_h100_16', 'asia-south2-b_h100_16', 'us-west1-b_h100_16', 'europe-west3-c_h100_16', 'us-west1-a_h100_16', 'us-east4-a_h100_16', 'europe-west1-c_h100_16', 'us-central1-c_h100_16', 'us-central1-b_h100_16', 'asia-southeast1-b_h100_16', 'us-central1-a_h100_16', 'us-east5-a_h100_16']",12,unified_cost_model_oracle,0,multi_region,,,,43.19444444444445,50.0,0.2,1.2,51.833333333333336,103.66666666666667,True,True,['data/converted_multi_region_aligned_h100_16_merged'],2,662.1534399999981,1
Progressive_12,"['asia-southeast1-c_h100_16', 'asia-south2-b_h100_16', 'us-west1-b_h100_16', 'europe-west3-c_h100_16', 'us-west1-a_h100_16', 'us-east4-a_h100_16', 'europe-west1-c_h100_16', 'us-central1-c_h100_16', 'us-central1-b_h100_16', 'asia-southeast1-b_h100_16', 'us-central1-a_h100_16', 'us-east5-a_h100_16']",12,multi_region_rc_cr_threshold_eager_failover,0,multi_region,,,,43.19444444444445,50.0,0.2,1.2,51.833333333333336,103.66666666666667,True,True,['data/converted_multi_region_aligned_h100_16_merged'],2,662.1534399999981,1
Progressive_12,"['asia-southeast1-c_h100_16', 'asia-south2-b_h100_16', 'us-west1-b_h100_16', 'europe-west3-c_h100_16', 'us-west1-a_h100_16', 'us-east4-a_h100_16', 'europe-west1-c_h100_16', 'us-central1-c_h100_16', 'us-central1-b_h100_16', 'asia-southeast1-b_h100_16', 'us-central1-a_h100_16', 'us-east5-a_h100_16']",12,multi_region_availability_probe_simple,0,multi_region,,,,43.19444444444445,50.0,0.2,1.2,51.833333333333336,103.66666666666667,True,True,['data/converted_multi_region_aligned_h100_16_merged'],2,3068.6005225600206,0
Progressive_12,"['asia-southeast1-c_h100_16', 'asia-south2-b_h100_16', 'us-west1-b_h100_16', 'europe-west3-c_h100_16', 'us-west1-a_h100_16', 'us-east4-a_h100_16', 'europe-west1-c_h100_16', 'us-central1-c_h100_16', 'us-central1-b_h100_16', 'asia-southeast1-b_h100_16', 'us-central1-a_h100_16', 'us-east5-a_h100_16']",12,multi_region_probe_cost_ratio,0,multi_region,,,,43.19444444444445,50.0,0.2,1.2,51.833333333333336,103.66666666666667,True,True,['data/converted_multi_region_aligned_h100_16_merged'],2,780.4744113024024,4
Progressive_12,"['asia-southeast1-c_h100_16', 'asia-south2-b_h100_16', 'us-west1-b_h100_16', 'europe-west3-c_h100_16', 'us-west1-a_h100_16', 'us-east4-a_h100_16', 'europe-west1-c_h100_16', 'us-central1-c_h100_16', 'us-central1-b_h100_16', 'asia-southeast1-b_h100_16', 'us-central1-a_h100_16', 'us-east5-a_h100_16']",12,rc_cr_threshold,0,single_region,,asia-southeast1-c_h100_16,,43.19444444444445,50.0,0.2,1.2,51.833333333333336,103.66666666666667,True,True,['data/converted_multi_region_aligned_h100_16_merged'],2,4350.9155566933205,-1
Progressive_12,"['asia-southeast1-c_h100_16', 'asia-south2-b_h100_16', 'us-west1-b_h100_16', 'europe-west3-c_h100_16', 'us-west1-a_h100_16', 'us-east4-a_h100_16', 'europe-west1-c_h100_16', 'us-central1-c_h100_16', 'us-central1-b_h100_16', 'asia-southeast1-b_h100_16', 'us-central1-a_h100_16', 'us-east5-a_h100_16']",12,rc_cr_threshold,0,single_region,,asia-south2-b_h100_16,,43.19444444444445,50.0,0.2,1.2,51.833333333333336,103.66666666666667,True,True,['data/converted_multi_region_aligned_h100_16_merged'],2,3041.090036256015,-1
Progressive_12,"['asia-southeast1-c_h100_16', 'asia-south2-b_h100_16', 'us-west1-b_h100_16', 'europe-west3-c_h100_16', 'us-west1-a_h100_16', 'us-east4-a_h100_16', 'europe-west1-c_h100_16', 'us-central1-c_h100_16', 'us-central1-b_h100_16', 'asia-southeast1-b_h100_16', 'us-central1-a_h100_16', 'us-east5-a_h100_16']",12,rc_cr_threshold,0,single_region,,us-west1-b_h100_16,,43.19444444444445,50.0,0.2,1.2,51.833333333333336,103.66666666666667,True,True,['data/converted_multi_region_aligned_h100_16_merged'],2,3608.835385259991,-1
Progressive_12,"['asia-southeast1-c_h100_16', 'asia-south2-b_h100_16', 'us-west1-b_h100_16', 'europe-west3-c_h100_16', 'us-west1-a_h100_16', 'us-east4-a_h100_16', 'europe-west1-c_h100_16', 'us-central1-c_h100_16', 'us-central1-b_h100_16', 'asia-southeast1-b_h100_16', 'us-central1-a_h100_16', 'us-east5-a_h100_16']",12,rc_cr_threshold,0,single_region,,europe-west3-c_h100_16,,43.19444444444445,50.0,0.2,1.2,51.833333333333336,103.66666666666667,True,True,['data/converted_multi_region_aligned_h100_16_merged'],2,4236.030618047997,-1
Progressive_12,"['asia-southeast1-c_h100_16', 'asia-south2-b_h100_16', 'us-west1-b_h100_16', 'europe-west3-c_h100_16', 'us-west1-a_h100_16', 'us-east4-a_h100_16', 'europe-west1-c_h100_16', 'us-central1-c_h100_16', 'us-central1-b_h100_16', 'asia-southeast1-b_h100_16', 'us-central1-a_h100_16', 'us-east5-a_h100_16']",12,rc_cr_threshold,0,single_region,,us-west1-a_h100_16,,43.19444444444445,50.0,0.2,1.2,51.833333333333336,103.66666666666667,True,True,['data/converted_multi_region_aligned_h100_16_merged'],2,2912.9878676999974,-1
Progressive_12,"['asia-southeast1-c_h100_16', 'asia-south2-b_h100_16', 'us-west1-b_h100_16', 'europe-west3-c_h100_16', 'us-west1-a_h100_16', 'us-east4-a_h100_16', 'europe-west1-c_h100_16', 'us-central1-c_h100_16', 'us-central1-b_h100_16', 'asia-southeast1-b_h100_16', 'us-central1-a_h100_16', 'us-east5-a_h100_16']",12,rc_cr_threshold,0,single_region,,us-east4-a_h100_16,,43.19444444444445,50.0,0.2,1.2,51.833333333333336,103.66666666666667,True,True,['data/converted_multi_region_aligned_h100_16_merged'],2,651.075786666669,-1
Progressive_12,"['asia-southeast1-c_h100_16', 'asia-south2-b_h100_16', 'us-west1-b_h100_16', 'europe-west3-c_h100_16', 'us-west1-a_h100_16', 'us-east4-a_h100_16', 'europe-west1-c_h100_16', 'us-central1-c_h100_16', 'us-central1-b_h100_16', 'asia-southeast1-b_h100_16', 'us-central1-a_h100_16', 'us-east5-a_h100_16']",12,rc_cr_threshold,0,single_region,,europe-west1-c_h100_16,,43.19444444444445,50.0,0.2,1.2,51.833333333333336,103.66666666666667,True,True,['data/converted_multi_region_aligned_h100_16_merged'],2,1101.9328648213288,-1
Progressive_12,"['asia-southeast1-c_h100_16', 'asia-south2-b_h100_16', 'us-west1-b_h100_16', 'europe-west3-c_h100_16', 'us-west1-a_h100_16', 'us-east4-a_h100_16', 'europe-west1-c_h100_16', 'us-central1-c_h100_16', 'us-central1-b_h100_16', 'asia-southeast1-b_h100_16', 'us-central1-a_h100_16', 'us-east5-a_h100_16']",12,rc_cr_threshold,0,single_region,,us-central1-c_h100_16,,43.19444444444445,50.0,0.2,1.2,51.833333333333336,103.66666666666667,True,True,['data/converted_multi_region_aligned_h100_16_merged'],2,1699.1379054800072,-1
Progressive_12,"['asia-southeast1-c_h100_16', 'asia-south2-b_h100_16', 'us-west1-b_h100_16', 'europe-west3-c_h100_16', 'us-west1-a_h100_16', 'us-east4-a_h100_16', 'europe-west1-c_h100_16', 'us-central1-c_h100_16', 'us-central1-b_h100_16', 'asia-southeast1-b_h100_16', 'us-central1-a_h100_16', 'us-east5-a_h100_16']",12,rc_cr_threshold,0,single_region,,us-central1-b_h100_16,,43.19444444444445,50.0,0.2,1.2,51.833333333333336,103.66666666666667,True,True,['data/converted_multi_region_aligned_h100_16_merged'],2,1635.5914795200076,-1
Progressive_12,"['asia-southeast1-c_h100_16', 'asia-south2-b_h100_16', 'us-west1-b_h100_16', 'europe-west3-c_h100_16', 'us-west1-a_h100_16', 'us-east4-a_h100_16', 'europe-west1-c_h100_16', 'us-central1-c_h100_16', 'us-central1-b_h100_16', 'asia-southeast1-b_h100_16', 'us-central1-a_h100_16', 'us-east5-a_h100_16']",12,rc_cr_threshold,0,single_region,,asia-southeast1-b_h100_16,,43.19444444444445,50.0,0.2,1.2,51.833333333333336,103.66666666666667,True,True,['data/converted_multi_region_aligned_h100_16_merged'],2,837.6527039999982,-1
Progressive_12,"['asia-southeast1-c_h100_16', 'asia-south2-b_h100_16', 'us-west1-b_h100_16', 'europe-west3-c_h100_16', 'us-west1-a_h100_16', 'us-east4-a_h100_16', 'europe-west1-c_h100_16', 'us-central1-c_h100_16', 'us-central1-b_h100_16', 'asia-southeast1-b_h100_16', 'us-central1-a_h100_16', 'us-east5-a_h100_16']",12,rc_cr_threshold,0,single_region,,us-central1-a_h100_16,,43.19444444444445,50.0,0.2,1.2,51.833333333333336,103.66666666666667,True,True,['data/converted_multi_region_aligned_h100_16_merged'],2,1427.0747606333414,-1
Progressive_12,"['asia-southeast1-c_h100_16', 'asia-south2-b_h100_16', 'us-west1-b_h100_16', 'europe-west3-c_h100_16', 'us-west1-a_h100_16', 'us-east4-a_h100_16', 'europe-west1-c_h100_16', 'us-central1-c_h100_16', 'us-central1-b_h100_16', 'asia-southeast1-b_h100_16', 'us-central1-a_h100_16', 'us-east5-a_h100_16']",12,rc_cr_threshold,0,single_region,,us-east5-a_h100_16,,43.19444444444445,50.0,0.2,1.2,51.833333333333336,103.66666666666667,True,True,['data/converted_multi_region_aligned_h100_16_merged'],2,1641.6376992426729,0
Progressive_12,"['asia-southeast1-c_h100_16', 'asia-south2-b_h100_16', 'us-west1-b_h100_16', 'europe-west3-c_h100_16', 'us-west1-a_h100_16', 'us-east4-a_h100_16', 'europe-west1-c_h100_16', 'us-central1-c_h100_16', 'us-central1-b_h100_16', 'asia-southeast1-b_h100_16', 'us-central1-a_h100_16', 'us-east5-a_h100_16']",12,unified_cost_model_risk,0,multi_region,,,,43.19444444444445,50.0,0.2,1.2,51.833333333333336,155.5,True,True,['data/converted_multi_region_aligned_h100_16_merged'],3,709.9273211295966,3
Progressive_12,"['asia-southeast1-c_h100_16', 'asia-south2-b_h100_16', 'us-west1-b_h100_16', 'europe-west3-c_h100_16', 'us-west1-a_h100_16', 'us-east4-a_h100_16', 'europe-west1-c_h100_16', 'us-central1-c_h100_16', 'us-central1-b_h100_16', 'asia-southeast1-b_h100_16', 'us-central1-a_h100_16', 'us-east5-a_h100_16']",12,multi_region_oracle_dp,0,multi_region,,,,43.19444444444445,50.0,0.2,1.2,51.833333333333336,155.5,True,True,['data/converted_multi_region_aligned_h100_16_merged'],3,695.6801066666632,2
Progressive_12,"['asia-southeast1-c_h100_16', 'asia-south2-b_h100_16', 'us-west1-b_h100_16', 'europe-west3-c_h100_16', 'us-west1-a_h100_16', 'us-east4-a_h100_16', 'europe-west1-c_h100_16', 'us-central1-c_h100_16', 'us-central1-b_h100_16', 'asia-southeast1-b_h100_16', 'us-central1-a_h100_16', 'us-east5-a_h100_16']",12,unified_cost_model_oracle,0,multi_region,,,,43.19444444444445,50.0,0.2,1.2,51.833333333333336,155.5,True,True,['data/converted_multi_region_aligned_h100_16_merged'],3,709.1019679999953,2
Progressive_12,"['asia-southeast1-c_h100_16', 'asia-south2-b_h100_16', 'us-west1-b_h100_16', 'europe-west3-c_h100_16', 'us-west1-a_h100_16', 'us-east4-a_h100_16', 'europe-west1-c_h100_16', 'us-central1-c_h100_16', 'us-central1-b_h100_16', 'asia-southeast1-b_h100_16', 'us-central1-a_h100_16', 'us-east5-a_h100_16']",12,multi_region_rc_cr_threshold_eager_failover,0,multi_region,,,,43.19444444444445,50.0,0.2,1.2,51.833333333333336,155.5,True,True,['data/converted_multi_region_aligned_h100_16_merged'],3,710.7331733333303,4
Progressive_12,"['asia-southeast1-c_h100_16', 'asia-south2-b_h100_16', 'us-west1-b_h100_16', 'europe-west3-c_h100_16', 'us-west1-a_h100_16', 'us-east4-a_h100_16', 'europe-west1-c_h100_16', 'us-central1-c_h100_16', 'us-central1-b_h100_16', 'asia-southeast1-b_h100_16', 'us-central1-a_h100_16', 'us-east5-a_h100_16']",12,multi_region_availability_probe_simple,0,multi_region,,,,43.19444444444445,50.0,0.2,1.2,51.833333333333336,155.5,True,True,['data/converted_multi_region_aligned_h100_16_merged'],3,3079.0974148266896,0
Progressive_12,"['asia-southeast1-c_h100_16', 'asia-south2-b_h100_16', 'us-west1-b_h100_16', 'europe-west3-c_h100_16', 'us-west1-a_h100_16', 'us-east4-a_h100_16', 'europe-west1-c_h100_16', 'us-central1-c_h100_16', 'us-central1-b_h100_16', 'asia-southeast1-b_h100_16', 'us-central1-a_h100_16', 'us-east5-a_h100_16']",12,multi_region_probe_cost_ratio,0,multi_region,,,,43.19444444444445,50.0,0.2,1.2,51.833333333333336,155.5,True,True,['data/converted_multi_region_aligned_h100_16_merged'],3,862.6364155690641,2
Progressive_12,"['asia-southeast1-c_h100_16', 'asia-south2-b_h100_16', 'us-west1-b_h100_16', 'europe-west3-c_h100_16', 'us-west1-a_h100_16', 'us-east4-a_h100_16', 'europe-west1-c_h100_16', 'us-central1-c_h100_16', 'us-central1-b_h100_16', 'asia-southeast1-b_h100_16', 'us-central1-a_h100_16', 'us-east5-a_h100_16']",12,rc_cr_threshold,0,single_region,,asia-southeast1-c_h100_16,,43.19444444444445,50.0,0.2,1.2,51.833333333333336,155.5,True,True,['data/converted_multi_region_aligned_h100_16_merged'],3,4654.835836703985,-1
Progressive_12,"['asia-southeast1-c_h100_16', 'asia-south2-b_h100_16', 'us-west1-b_h100_16', 'europe-west3-c_h100_16', 'us-west1-a_h100_16', 'us-east4-a_h100_16', 'europe-west1-c_h100_16', 'us-central1-c_h100_16', 'us-central1-b_h100_16', 'asia-southeast1-b_h100_16', 'us-central1-a_h100_16', 'us-east5-a_h100_16']",12,rc_cr_threshold,0,single_region,,asia-south2-b_h100_16,,43.19444444444445,50.0,0.2,1.2,51.833333333333336,155.5,True,True,['data/converted_multi_region_aligned_h100_16_merged'],3,3041.090036256015,-1
Progressive_12,"['asia-southeast1-c_h100_16', 'asia-south2-b_h100_16', 'us-west1-b_h100_16', 'europe-west3-c_h100_16', 'us-west1-a_h100_16', 'us-east4-a_h100_16', 'europe-west1-c_h100_16', 'us-central1-c_h100_16', 'us-central1-b_h100_16', 'asia-southeast1-b_h100_16', 'us-central1-a_h100_16', 'us-east5-a_h100_16']",12,rc_cr_threshold,0,single_region,,us-west1-b_h100_16,,43.19444444444445,50.0,0.2,1.2,51.833333333333336,155.5,True,True,['data/converted_multi_region_aligned_h100_16_merged'],3,3606.7737842533243,-1
Progressive_12,"['asia-southeast1-c_h100_16', 'asia-south2-b_h100_16', 'us-west1-b_h100_16', 'europe-west3-c_h100_16', 'us-west1-a_h100_16', 'us-east4-a_h100_16', 'europe-west1-c_h100_16', 'us-central1-c_h100_16', 'us-central1-b_h100_16', 'asia-southeast1-b_h100_16', 'us-central1-a_h100_16', 'us-east5-a_h100_16']",12,rc_cr_threshold,0,single_region,,europe-west3-c_h100_16,,43.19444444444445,50.0,0.2,1.2,51.833333333333336,155.5,True,True,['data/converted_multi_region_aligned_h100_16_merged'],3,2879.8662621439803,-1
Progressive_12,"['asia-southeast1-c_h100_16', 'asia-south2-b_h100_16', 'us-west1-b_h100_16', 'europe-west3-c_h100_16', 'us-west1-a_h100_16', 'us-east4-a_h100_16', 'europe-west1-c_h100_16', 'us-central1-c_h100_16', 'us-central1-b_h100_16', 'asia-southeast1-b_h100_16', 'us-central1-a_h100_16', 'us-east5-a_h100_16']",12,rc_cr_threshold,0,single_region,,us-west1-a_h100_16,,43.19444444444445,50.0,0.2,1.2,51.833333333333336,155.5,True,True,['data/converted_multi_region_aligned_h100_16_merged'],3,828.7500160000034,-1
Progressive_12,"['asia-southeast1-c_h100_16', 'asia-south2-b_h100_16', 'us-west1-b_h100_16', 'europe-west3-c_h100_16', 'us-west1-a_h100_16', 'us-east4-a_h100_16', 'europe-west1-c_h100_16', 'us-central1-c_h100_16', 'us-central1-b_h100_16', 'asia-southeast1-b_h100_16', 'us-central1-a_h100_16', 'us-east5-a_h100_16']",12,rc_cr_threshold,0,single_region,,us-east4-a_h100_16,,43.19444444444445,50.0,0.2,1.2,51.833333333333336,155.5,True,True,['data/converted_multi_region_aligned_h100_16_merged'],3,2414.6673413333347,-1
Progressive_12,"['asia-southeast1-c_h100_16', 'asia-south2-b_h100_16', 'us-west1-b_h100_16', 'europe-west3-c_h100_16', 'us-west1-a_h100_16', 'us-east4-a_h100_16', 'europe-west1-c_h100_16', 'us-central1-c_h100_16', 'us-central1-b_h100_16', 'asia-southeast1-b_h100_16', 'us-central1-a_h100_16', 'us-east5-a_h100_16']",12,rc_cr_threshold,0,single_region,,europe-west1-c_h100_16,,43.19444444444445,50.0,0.2,1.2,51.833333333333336,155.5,True,True,['data/converted_multi_region_aligned_h100_16_merged'],3,714.2259733333301,-1
Progressive_12,"['asia-southeast1-c_h100_16', 'asia-south2-b_h100_16', 'us-west1-b_h100_16', 'europe-west3-c_h100_16', 'us-west1-a_h100_16', 'us-east4-a_h100_16', 'europe-west1-c_h100_16', 'us-central1-c_h100_16', 'us-central1-b_h100_16', 'asia-southeast1-b_h100_16', 'us-central1-a_h100_16', 'us-east5-a_h100_16']",12,rc_cr_threshold,0,single_region,,us-central1-c_h100_16,,43.19444444444445,50.0,0.2,1.2,51.833333333333336,155.5,True,True,['data/converted_multi_region_aligned_h100_16_merged'],3,1059.5504438666728,-1
Progressive_12,"['asia-southeast1-c_h100_16', 'asia-south2-b_h100_16', 'us-west1-b_h100_16', 'europe-west3-c_h100_16', 'us-west1-a_h100_16', 'us-east4-a_h100_16', 'europe-west1-c_h100_16', 'us-central1-c_h100_16', 'us-central1-b_h100_16', 'asia-southeast1-b_h100_16', 'us-central1-a_h100_16', 'us-east5-a_h100_16']",12,rc_cr_threshold,0,single_region,,us-central1-b_h100_16,,43.19444444444445,50.0,0.2,1.2,51.833333333333336,155.5,True,True,['data/converted_multi_region_aligned_h100_16_merged'],3,1113.4658328466742,-1
Progressive_12,"['asia-southeast1-c_h100_16', 'asia-south2-b_h100_16', 'us-west1-b_h100_16', 'europe-west3-c_h100_16', 'us-west1-a_h100_16', 'us-east4-a_h100_16', 'europe-west1-c_h100_16', 'us-central1-c_h100_16', 'us-central1-b_h100_16', 'asia-southeast1-b_h100_16', 'us-central1-a_h100_16', 'us-east5-a_h100_16']",12,rc_cr_threshold,0,single_region,,asia-southeast1-b_h100_16,,43.19444444444445,50.0,0.2,1.2,51.833333333333336,155.5,True,True,['data/converted_multi_region_aligned_h100_16_merged'],3,837.6527039999982,-1
Progressive_12,"['asia-southeast1-c_h100_16', 'asia-south2-b_h100_16', 'us-west1-b_h100_16', 'europe-west3-c_h100_16', 'us-west1-a_h100_16', 'us-east4-a_h100_16', 'europe-west1-c_h100_16', 'us-central1-c_h100_16', 'us-central1-b_h100_16', 'asia-southeast1-b_h100_16', 'us-central1-a_h100_16', 'us-east5-a_h100_16']",12,rc_cr_threshold,0,single_region,,us-central1-a_h100_16,,43.19444444444445,50.0,0.2,1.2,51.833333333333336,155.5,True,True,['data/converted_multi_region_aligned_h100_16_merged'],3,835.0763520000035,-1
Progressive_12,"['asia-southeast1-c_h100_16', 'asia-south2-b_h100_16', 'us-west1-b_h100_16', 'europe-west3-c_h100_16', 'us-west1-a_h100_16', 'us-east4-a_h100_16', 'europe-west1-c_h100_16', 'us-central1-c_h100_16', 'us-central1-b_h100_16', 'asia-southeast1-b_h100_16', 'us-central1-a_h100_16', 'us-east5-a_h100_16']",12,rc_cr_threshold,0,single_region,,us-east5-a_h100_16,,43.19444444444445,50.0,0.2,1.2,51.833333333333336,155.5,True,True,['data/converted_multi_region_aligned_h100_16_merged'],3,1418.865493930678,0
Progressive_12,"['asia-southeast1-c_h100_16', 'asia-south2-b_h100_16', 'us-west1-b_h100_16', 'europe-west3-c_h100_16', 'us-west1-a_h100_16', 'us-east4-a_h100_16', 'europe-west1-c_h100_16', 'us-central1-c_h100_16', 'us-central1-b_h100_16', 'asia-southeast1-b_h100_16', 'us-central1-a_h100_16', 'us-east5-a_h100_16']",12,unified_cost_model_risk,0,multi_region,,,,43.19444444444445,50.0,0.2,1.2,51.833333333333336,207.33333333333334,True,True,['data/converted_multi_region_aligned_h100_16_merged'],4,796.6560261962697,7
Progressive_12,"['asia-southeast1-c_h100_16', 'asia-south2-b_h100_16', 'us-west1-b_h100_16', 'europe-west3-c_h100_16', 'us-west1-a_h100_16', 'us-east4-a_h100_16', 'europe-west1-c_h100_16', 'us-central1-c_h100_16', 'us-central1-b_h100_16', 'asia-southeast1-b_h100_16', 'us-central1-a_h100_16', 'us-east5-a_h100_16']",12,multi_region_oracle_dp,0,multi_region,,,,43.19444444444445,50.0,0.2,1.2,51.833333333333336,207.33333333333334,True,True,['data/converted_multi_region_aligned_h100_16_merged'],4,685.6800000000031,3
Progressive_12,"['asia-southeast1-c_h100_16', 'asia-south2-b_h100_16', 'us-west1-b_h100_16', 'europe-west3-c_h100_16', 'us-west1-a_h100_16', 'us-east4-a_h100_16', 'europe-west1-c_h100_16', 'us-central1-c_h100_16', 'us-central1-b_h100_16', 'asia-southeast1-b_h100_16', 'us-central1-a_h100_16', 'us-east5-a_h100_16']",12,unified_cost_model_oracle,0,multi_region,,,,43.19444444444445,50.0,0.2,1.2,51.833333333333336,207.33333333333334,True,True,['data/converted_multi_region_aligned_h100_16_merged'],4,726.4025280000038,2
Progressive_12,"['asia-southeast1-c_h100_16', 'asia-south2-b_h100_16', 'us-west1-b_h100_16', 'europe-west3-c_h100_16', 'us-west1-a_h100_16', 'us-east4-a_h100_16', 'europe-west1-c_h100_16', 'us-central1-c_h100_16', 'us-central1-b_h100_16', 'asia-southeast1-b_h100_16', 'us-central1-a_h100_16', 'us-east5-a_h100_16']",12,multi_region_rc_cr_threshold_eager_failover,0,multi_region,,,,43.19444444444445,50.0,0.2,1.2,51.833333333333336,207.33333333333334,True,True,['data/converted_multi_region_aligned_h100_16_merged'],4,718.9111573333375,6
Progressive_12,"['asia-southeast1-c_h100_16', 'asia-south2-b_h100_16', 'us-west1-b_h100_16', 'europe-west3-c_h100_16', 'us-west1-a_h100_16', 'us-east4-a_h100_16', 'europe-west1-c_h100_16', 'us-central1-c_h100_16', 'us-central1-b_h100_16', 'asia-southeast1-b_h100_16', 'us-central1-a_h100_16', 'us-east5-a_h100_16']",12,multi_region_availability_probe_simple,0,multi_region,,,,43.19444444444445,50.0,0.2,1.2,51.833333333333336,207.33333333333334,True,True,['data/converted_multi_region_aligned_h100_16_merged'],4,3080.376788160021,0
Progressive_12,"['asia-southeast1-c_h100_16', 'asia-south2-b_h100_16', 'us-west1-b_h100_16', 'europe-west3-c_h100_16', 'us-west1-a_h100_16', 'us-east4-a_h100_16', 'europe-west1-c_h100_16', 'us-central1-c_h100_16', 'us-central1-b_h100_16', 'asia-southeast1-b_h100_16', 'us-central1-a_h100_16', 'us-east5-a_h100_16']",12,multi_region_probe_cost_ratio,0,multi_region,,,,43.19444444444445,50.0,0.2,1.2,51.833333333333336,207.33333333333334,True,True,['data/converted_multi_region_aligned_h100_16_merged'],4,938.5375329653361,6
Progressive_12,"['asia-southeast1-c_h100_16', 'asia-south2-b_h100_16', 'us-west1-b_h100_16', 'europe-west3-c_h100_16', 'us-west1-a_h100_16', 'us-east4-a_h100_16', 'europe-west1-c_h100_16', 'us-central1-c_h100_16', 'us-central1-b_h100_16', 'asia-southeast1-b_h100_16', 'us-central1-a_h100_16', 'us-east5-a_h100_16']",12,rc_cr_threshold,0,single_region,,asia-southeast1-c_h100_16,,43.19444444444445,50.0,0.2,1.2,51.833333333333336,207.33333333333334,True,True,['data/converted_multi_region_aligned_h100_16_merged'],4,4409.416447615982,-1
Progressive_12,"['asia-southeast1-c_h100_16', 'asia-south2-b_h100_16', 'us-west1-b_h100_16', 'europe-west3-c_h100_16', 'us-west1-a_h100_16', 'us-east4-a_h100_16', 'europe-west1-c_h100_16', 'us-central1-c_h100_16', 'us-central1-b_h100_16', 'asia-southeast1-b_h100_16', 'us-central1-a_h100_16', 'us-east5-a_h100_16']",12,rc_cr_threshold,0,single_region,,asia-south2-b_h100_16,,43.19444444444445,50.0,0.2,1.2,51.833333333333336,207.33333333333334,True,True,['data/converted_multi_region_aligned_h100_16_merged'],4,3041.090036256015,-1
Progressive_12,"['asia-southeast1-c_h100_16', 'asia-south2-b_h100_16', 'us-west1-b_h100_16', 'europe-west3-c_h100_16', 'us-west1-a_h100_16', 'us-east4-a_h100_16', 'europe-west1-c_h100_16', 'us-central1-c_h100_16', 'us-central1-b_h100_16', 'asia-southeast1-b_h100_16', 'us-central1-a_h100_16', 'us-east5-a_h100_16']",12,rc_cr_threshold,0,single_region,,us-west1-b_h100_16,,43.19444444444445,50.0,0.2,1.2,51.833333333333336,207.33333333333334,True,True,['data/converted_multi_region_aligned_h100_16_merged'],4,3033.7543836199966,-1
Progressive_12,"['asia-southeast1-c_h100_16', 'asia-south2-b_h100_16', 'us-west1-b_h100_16', 'europe-west3-c_h100_16', 'us-west1-a_h100_16', 'us-east4-a_h100_16', 'europe-west1-c_h100_16', 'us-central1-c_h100_16', 'us-central1-b_h100_16', 'asia-southeast1-b_h100_16', 'us-central1-a_h100_16', 'us-east5-a_h100_16']",12,rc_cr_threshold,0,single_region,,europe-west3-c_h100_16,,43.19444444444445,50.0,0.2,1.2,51.833333333333336,207.33333333333334,True,True,['data/converted_multi_region_aligned_h100_16_merged'],4,2354.6698930559846,-1
Progressive_12,"['asia-southeast1-c_h100_16', 'asia-south2-b_h100_16', 'us-west1-b_h100_16', 'europe-west3-c_h100_16', 'us-west1-a_h100_16', 'us-east4-a_h100_16', 'europe-west1-c_h100_16', 'us-central1-c_h100_16', 'us-central1-b_h100_16', 'asia-southeast1-b_h100_16', 'us-central1-a_h100_16', 'us-east5-a_h100_16']",12,rc_cr_threshold,0,single_region,,us-west1-a_h100_16,,43.19444444444445,50.0,0.2,1.2,51.833333333333336,207.33333333333334,True,True,['data/converted_multi_region_aligned_h100_16_merged'],4,1099.8531268333402,-1
Progressive_12,"['asia-southeast1-c_h100_16', 'asia-south2-b_h100_16', 'us-west1-b_h100_16', 'europe-west3-c_h100_16', 'us-west1-a_h100_16', 'us-east4-a_h100_16', 'europe-west1-c_h100_16', 'us-central1-c_h100_16', 'us-central1-b_h100_16', 'asia-southeast1-b_h100_16', 'us-central1-a_h100_16', 'us-east5-a_h100_16']",12,rc_cr_threshold,0,single_region,,us-east4-a_h100_16,,43.19444444444445,50.0,0.2,1.2,51.833333333333336,207.33333333333334,True,True,['data/converted_multi_region_aligned_h100_16_merged'],4,2306.009798026656,-1
Progressive_12,"['asia-southeast1-c_h100_16', 'asia-south2-b_h100_16', 'us-west1-b_h100_16', 'europe-west3-c_h100_16', 'us-west1-a_h100_16', 'us-east4-a_h100_16', 'europe-west1-c_h100_16', 'us-central1-c_h100_16', 'us-central1-b_h100_16', 'asia-southeast1-b_h100_16', 'us-central1-a_h100_16', 'us-east5-a_h100_16']",12,rc_cr_threshold,0,single_region,,europe-west1-c_h100_16,,43.19444444444445,50.0,0.2,1.2,51.833333333333336,207.33333333333334,True,True,['data/converted_multi_region_aligned_h100_16_merged'],4,2051.208961802666,-1
Progressive_12,"['asia-southeast1-c_h100_16', 'asia-south2-b_h100_16', 'us-west1-b_h100_16', 'europe-west3-c_h100_16', 'us-west1-a_h100_16', 'us-east4-a_h100_16', 'europe-west1-c_h100_16', 'us-central1-c_h100_16', 'us-central1-b_h100_16', 'asia-southeast1-b_h100_16', 'us-central1-a_h100_16', 'us-east5-a_h100_16']",12,rc_cr_threshold,0,single_region,,us-central1-c_h100_16,,43.19444444444445,50.0,0.2,1.2,51.833333333333336,207.33333333333334,True,True,['data/converted_multi_region_aligned_h100_16_merged'],4,841.4026880000035,-1
Progressive_12,"['asia-southeast1-c_h100_16', 'asia-south2-b_h100_16', 'us-west1-b_h100_16', 'europe-west3-c_h100_16', 'us-west1-a_h100_16', 'us-east4-a_h100_16', 'europe-west1-c_h100_16', 'us-central1-c_h100_16', 'us-central1-b_h100_16', 'asia-southeast1-b_h100_16', 'us-central1-a_h100_16', 'us-east5-a_h100_16']",12,rc_cr_threshold,0,single_region,,us-central1-b_h100_16,,43.19444444444445,50.0,0.2,1.2,51.833333333333336,207.33333333333334,True,True,['data/converted_multi_region_aligned_h100_16_merged'],4,1065.8767798666736,-1
Progressive_12,"['asia-southeast1-c_h100_16', 'asia-south2-b_h100_16', 'us-west1-b_h100_16', 'europe-west3-c_h100_16', 'us-west1-a_h100_16', 'us-east4-a_h100_16', 'europe-west1-c_h100_16', 'us-central1-c_h100_16', 'us-central1-b_h100_16', 'asia-southeast1-b_h100_16', 'us-central1-a_h100_16', 'us-east5-a_h100_16']",12,rc_cr_threshold,0,single_region,,asia-southeast1-b_h100_16,,43.19444444444445,50.0,0.2,1.2,51.833333333333336,207.33333333333334,True,True,['data/converted_multi_region_aligned_h100_16_merged'],4,837.6527039999982,-1
Progressive_12,"['asia-southeast1-c_h100_16', 'asia-south2-b_h100_16', 'us-west1-b_h100_16', 'europe-west3-c_h100_16', 'us-west1-a_h100_16', 'us-east4-a_h100_16', 'europe-west1-c_h100_16', 'us-central1-c_h100_16', 'us-central1-b_h100_16', 'asia-southeast1-b_h100_16', 'us-central1-a_h100_16', 'us-east5-a_h100_16']",12,rc_cr_threshold,0,single_region,,us-central1-a_h100_16,,43.19444444444445,50.0,0.2,1.2,51.833333333333336,207.33333333333334,True,True,['data/converted_multi_region_aligned_h100_16_merged'],4,828.7500160000034,-1
Progressive_12,"['asia-southeast1-c_h100_16', 'asia-south2-b_h100_16', 'us-west1-b_h100_16', 'europe-west3-c_h100_16', 'us-west1-a_h100_16', 'us-east4-a_h100_16', 'europe-west1-c_h100_16', 'us-central1-c_h100_16', 'us-central1-b_h100_16', 'asia-southeast1-b_h100_16', 'us-central1-a_h100_16', 'us-east5-a_h100_16']",12,rc_cr_threshold,0,single_region,,us-east5-a_h100_16,,43.19444444444445,50.0,0.2,1.2,51.833333333333336,207.33333333333334,True,True,['data/converted_multi_region_aligned_h100_16_merged'],4,1051.696242303998,0
Progressive_12,"['asia-southeast1-c_h100_16', 'asia-south2-b_h100_16', 'us-west1-b_h100_16', 'europe-west3-c_h100_16', 'us-west1-a_h100_16', 'us-east4-a_h100_16', 'europe-west1-c_h100_16', 'us-central1-c_h100_16', 'us-central1-b_h100_16', 'asia-southeast1-b_h100_16', 'us-central1-a_h100_16', 'us-east5-a_h100_16']",12,unified_cost_model_risk,0,multi_region,,,,43.19444444444445,50.0,0.2,1.2,51.833333333333336,259.1666666666667,True,True,['data/converted_multi_region_aligned_h100_16_merged'],5,695.939326996263,1
Progressive_12,"['asia-southeast1-c_h100_16', 'asia-south2-b_h100_16', 'us-west1-b_h100_16', 'europe-west3-c_h100_16', 'us-west1-a_h100_16', 'us-east4-a_h100_16', 'europe-west1-c_h100_16', 'us-central1-c_h100_16', 'us-central1-b_h100_16', 'asia-southeast1-b_h100_16', 'us-central1-a_h100_16', 'us-east5-a_h100_16']",12,multi_region_oracle_dp,0,multi_region,,,,43.19444444444445,50.0,0.2,1.2,51.833333333333336,259.1666666666667,True,True,['data/converted_multi_region_aligned_h100_16_merged'],5,671.5528533333356,2
Progressive_12,"['asia-southeast1-c_h100_16', 'asia-south2-b_h100_16', 'us-west1-b_h100_16', 'europe-west3-c_h100_16', 'us-west1-a_h100_16', 'us-east4-a_h100_16', 'europe-west1-c_h100_16', 'us-central1-c_h100_16', 'us-central1-b_h100_16', 'asia-southeast1-b_h100_16', 'us-central1-a_h100_16', 'us-east5-a_h100_16']",12,unified_cost_model_oracle,0,multi_region,,,,43.19444444444445,50.0,0.2,1.2,51.833333333333336,259.1666666666667,True,True,['data/converted_multi_region_aligned_h100_16_merged'],5,691.4595999999965,1
Progressive_12,"['asia-southeast1-c_h100_16', 'asia-south2-b_h100_16', 'us-west1-b_h100_16', 'europe-west3-c_h100_16', 'us-west1-a_h100_16', 'us-east4-a_h100_16', 'europe-west1-c_h100_16', 'us-central1-c_h100_16', 'us-central1-b_h100_16', 'asia-southeast1-b_h100_16', 'us-central1-a_h100_16', 'us-east5-a_h100_16']",12,multi_region_rc_cr_threshold_eager_failover,0,multi_region,,,,43.19444444444445,50.0,0.2,1.2,51.833333333333336,259.1666666666667,True,True,['data/converted_multi_region_aligned_h100_16_merged'],5,691.4595999999965,1
Progressive_12,"['asia-southeast1-c_h100_16', 'asia-south2-b_h100_16', 'us-west1-b_h100_16', 'europe-west3-c_h100_16', 'us-west1-a_h100_16', 'us-east4-a_h100_16', 'europe-west1-c_h100_16', 'us-central1-c_h100_16', 'us-central1-b_h100_16', 'asia-southeast1-b_h100_16', 'us-central1-a_h100_16', 'us-east5-a_h100_16']",12,multi_region_availability_probe_simple,0,multi_region,,,,43.19444444444445,50.0,0.2,1.2,51.833333333333336,259.1666666666667,True,True,['data/converted_multi_region_aligned_h100_16_merged'],5,921.8849037845299,0
Progressive_12,"['asia-southeast1-c_h100_16', 'asia-south2-b_h100_16', 'us-west1-b_h100_16', 'europe-west3-c_h100_16', 'us-west1-a_h100_16', 'us-east4-a_h100_16', 'europe-west1-c_h100_16', 'us-central1-c_h100_16', 'us-central1-b_h100_16', 'asia-southeast1-b_h100_16', 'us-central1-a_h100_16', 'us-east5-a_h100_16']",12,multi_region_probe_cost_ratio,0,multi_region,,,,43.19444444444445,50.0,0.2,1.2,51.833333333333336,259.1666666666667,True,True,['data/converted_multi_region_aligned_h100_16_merged'],5,866.6940251690619,1
Progressive_12,"['asia-southeast1-c_h100_16', 'asia-south2-b_h100_16', 'us-west1-b_h100_16', 'europe-west3-c_h100_16', 'us-west1-a_h100_16', 'us-east4-a_h100_16', 'europe-west1-c_h100_16', 'us-central1-c_h100_16', 'us-central1-b_h100_16', 'asia-southeast1-b_h100_16', 'us-central1-a_h100_16', 'us-east5-a_h100_16']",12,rc_cr_threshold,0,single_region,,asia-southeast1-c_h100_16,,43.19444444444445,50.0,0.2,1.2,51.833333333333336,259.1666666666667,True,True,['data/converted_multi_region_aligned_h100_16_merged'],5,837.6527039999982,-1
Progressive_12,"['asia-southeast1-c_h100_16', 'asia-south2-b_h100_16', 'us-west1-b_h100_16', 'europe-west3-c_h100_16', 'us-west1-a_h100_16', 'us-east4-a_h100_16', 'europe-west1-c_h100_16', 'us-central1-c_h100_16', 'us-central1-b_h100_16', 'asia-southeast1-b_h100_16', 'us-central1-a_h100_16', 'us-east5-a_h100_16']",12,rc_cr_threshold,0,single_region,,asia-south2-b_h100_16,,43.19444444444445,50.0,0.2,1.2,51.833333333333336,259.1666666666667,True,True,['data/converted_multi_region_aligned_h100_16_merged'],5,3041.090036256015,-1
Progressive_12,"['asia-southeast1-c_h100_16', 'asia-south2-b_h100_16', 'us-west1-b_h100_16', 'europe-west3-c_h100_16', 'us-west1-a_h100_16', 'us-east4-a_h100_16', 'europe-west1-c_h100_16', 'us-central1-c_h100_16', 'us-central1-b_h100_16', 'asia-southeast1-b_h100_16', 'us-central1-a_h100_16', 'us-east5-a_h100_16']",12,rc_cr_threshold,0,single_region,,us-west1-b_h100_16,,43.19444444444445,50.0,0.2,1.2,51.833333333333336,259.1666666666667,True,True,['data/converted_multi_region_aligned_h100_16_merged'],5,2020.9932372933315,-1
Progressive_12,"['asia-southeast1-c_h100_16', 'asia-south2-b_h100_16', 'us-west1-b_h100_16', 'europe-west3-c_h100_16', 'us-west1-a_h100_16', 'us-east4-a_h100_16', 'europe-west1-c_h100_16', 'us-central1-c_h100_16', 'us-central1-b_h100_16', 'asia-southeast1-b_h100_16', 'us-central1-a_h100_16', 'us-east5-a_h100_16']",12,rc_cr_threshold,0,single_region,,europe-west3-c_h100_16,,43.19444444444445,50.0,0.2,1.2,51.833333333333336,259.1666666666667,True,True,['data/converted_multi_region_aligned_h100_16_merged'],5,762.5208959999959,-1
Progressive_12,"['asia-southeast1-c_h100_16', 'asia-south2-b_h100_16', 'us-west1-b_h100_16', 'europe-west3-c_h100_16', 'us-west1-a_h100_16', 'us-east4-a_h100_16', 'europe-west1-c_h100_16', 'us-central1-c_h100_16', 'us-central1-b_h100_16', 'asia-southeast1-b_h100_16', 'us-central1-a_h100_16', 'us-east5-a_h100_16']",12,rc_cr_threshold,0,single_region,,us-west1-a_h100_16,,43.19444444444445,50.0,0.2,1.2,51.833333333333336,259.1666666666667,True,True,['data/converted_multi_region_aligned_h100_16_merged'],5,2356.744341079999,-1
Progressive_12,"['asia-southeast1-c_h100_16', 'asia-south2-b_h100_16', 'us-west1-b_h100_16', 'europe-west3-c_h100_16', 'us-west1-a_h100_16', 'us-east4-a_h100_16', 'europe-west1-c_h100_16', 'us-central1-c_h100_16', 'us-central1-b_h100_16', 'asia-southeast1-b_h100_16', 'us-central1-a_h100_16', 'us-east5-a_h100_16']",12,rc_cr_threshold,0,single_region,,us-east4-a_h100_16,,43.19444444444445,50.0,0.2,1.2,51.833333333333336,259.1666666666667,True,True,['data/converted_multi_region_aligned_h100_16_merged'],5,1024.0937989333413,-1
Progressive_12,"['asia-southeast1-c_h100_16', 'asia-south2-b_h100_16', 'us-west1-b_h100_16', 'europe-west3-c_h100_16', 'us-west1-a_h100_16', 'us-east4-a_h100_16', 'europe-west1-c_h100_16', 'us-central1-c_h100_16', 'us-central1-b_h100_16', 'asia-southeast1-b_h100_16', 'us-central1-a_h100_16', 'us-east5-a_h100_16']",12,rc_cr_threshold,0,single_region,,europe-west1-c_h100_16,,43.19444444444445,50.0,0.2,1.2,51.833333333333336,259.1666666666667,True,True,['data/converted_multi_region_aligned_h100_16_merged'],5,711.4999199999968,-1
Progressive_12,"['asia-southeast1-c_h100_16', 'asia-south2-b_h100_16', 'us-west1-b_h100_16', 'europe-west3-c_h100_16', 'us-west1-a_h100_16', 'us-east4-a_h100_16', 'europe-west1-c_h100_16', 'us-central1-c_h100_16', 'us-central1-b_h100_16', 'asia-southeast1-b_h100_16', 'us-central1-a_h100_16', 'us-east5-a_h100_16']",12,rc_cr_threshold,0,single_region,,us-central1-c_h100_16,,43.19444444444445,50.0,0.2,1.2,51.833333333333336,259.1666666666667,True,True,['data/converted_multi_region_aligned_h100_16_merged'],5,835.0763520000035,-1
Progressive_12,"['asia-southeast1-c_h100_16', 'asia-south2-b_h100_16', 'us-west1-b_h100_16', 'europe-west3-c_h100_16', 'us-west1-a_h100_16', 'us-east4-a_h100_16', 'europe-west1-c_h100_16', 'us-central1-c_h100_16', 'us-central1-b_h100_16', 'asia-southeast1-b_h100_16', 'us-central1-a_h100_16', 'us-east5-a_h100_16']",12,rc_cr_threshold,0,single_region,,us-central1-b_h100_16,,43.19444444444445,50.0,0.2,1.2,51.833333333333336,259.1666666666667,True,True,['data/converted_multi_region_aligned_h100_16_merged'],5,835.0763520000035,-1
Progressive_12,"['asia-southeast1-c_h100_16', 'asia-south2-b_h100_16', 'us-west1-b_h100_16', 'europe-west3-c_h100_16', 'us-west1-a_h100_16', 'us-east4-a_h100_16', 'europe-west1-c_h100_16', 'us-central1-c_h100_16', 'us-central1-b_h100_16', 'asia-southeast1-b_h100_16', 'us-central1-a_h100_16', 'us-east5-a_h100_16']",12,rc_cr_threshold,0,single_region,,asia-southeast1-b_h100_16,,43.19444444444445,50.0,0.2,1.2,51.833333333333336,259.1666666666667,True,True,['data/converted_multi_region_aligned_h100_16_merged'],5,837.6527039999982,-1
Progressive_12,"['asia-southeast1-c_h100_16', 'asia-south2-b_h100_16', 'us-west1-b_h100_16', 'europe-west3-c_h100_16', 'us-west1-a_h100_16', 'us-east4-a_h100_16', 'europe-west1-c_h100_16', 'us-central1-c_h100_16', 'us-central1-b_h100_16', 'asia-southeast1-b_h100_16', 'us-central1-a_h100_16', 'us-east5-a_h100_16']",12,rc_cr_threshold,0,single_region,,us-central1-a_h100_16,,43.19444444444445,50.0,0.2,1.2,51.833333333333336,259.1666666666667,True,True,['data/converted_multi_region_aligned_h100_16_merged'],5,828.7500160000034,-1
Progressive_12,"['asia-southeast1-c_h100_16', 'asia-south2-b_h100_16', 'us-west1-b_h100_16', 'europe-west3-c_h100_16', 'us-west1-a_h100_16', 'us-east4-a_h100_16', 'europe-west1-c_h100_16', 'us-central1-c_h100_16', 'us-central1-b_h100_16', 'asia-southeast1-b_h100_16', 'us-central1-a_h100_16', 'us-east5-a_h100_16']",12,rc_cr_threshold,0,single_region,,us-east5-a_h100_16,,43.19444444444445,50.0,0.2,1.2,51.833333333333336,259.1666666666667,True,True,['data/converted_multi_region_aligned_h100_16_merged'],5,1011.1147694719954,0
Progressive_13,"['asia-southeast1-c_h100_16', 'asia-south2-b_h100_16', 'us-west1-b_h100_16', 'europe-west3-c_h100_16', 'us-west1-a_h100_16', 'us-east4-a_h100_16', 'europe-west1-c_h100_16', 'us-central1-c_h100_16', 'us-central1-b_h100_16', 'asia-southeast1-b_h100_16', 'us-central1-a_h100_16', 'us-east5-a_h100_16', 'us-east4-b_h100_16']",13,unified_cost_model_risk,0,multi_region,,,,43.19444444444445,50.0,0.2,1.2,51.833333333333336,0.0,True,True,['data/converted_multi_region_aligned_h100_16_merged'],0,689.9219616629299,1
Progressive_13,"['asia-southeast1-c_h100_16', 'asia-south2-b_h100_16', 'us-west1-b_h100_16', 'europe-west3-c_h100_16', 'us-west1-a_h100_16', 'us-east4-a_h100_16', 'europe-west1-c_h100_16', 'us-central1-c_h100_16', 'us-central1-b_h100_16', 'asia-southeast1-b_h100_16', 'us-central1-a_h100_16', 'us-east5-a_h100_16', 'us-east4-b_h100_16']",13,multi_region_oracle_dp,0,multi_region,,,,43.19444444444445,50.0,0.2,1.2,51.833333333333336,0.0,True,True,['data/converted_multi_region_aligned_h100_16_merged'],0,646.1246400000023,0
Progressive_13,"['asia-southeast1-c_h100_16', 'asia-south2-b_h100_16', 'us-west1-b_h100_16', 'europe-west3-c_h100_16', 'us-west1-a_h100_16', 'us-east4-a_h100_16', 'europe-west1-c_h100_16', 'us-central1-c_h100_16', 'us-central1-b_h100_16', 'asia-southeast1-b_h100_16', 'us-central1-a_h100_16', 'us-east5-a_h100_16', 'us-east4-b_h100_16']",13,unified_cost_model_oracle,0,multi_region,,,,43.19444444444445,50.0,0.2,1.2,51.833333333333336,0.0,True,True,['data/converted_multi_region_aligned_h100_16_merged'],0,652.1030933333356,2
Progressive_13,"['asia-southeast1-c_h100_16', 'asia-south2-b_h100_16', 'us-west1-b_h100_16', 'europe-west3-c_h100_16', 'us-west1-a_h100_16', 'us-east4-a_h100_16', 'europe-west1-c_h100_16', 'us-central1-c_h100_16', 'us-central1-b_h100_16', 'asia-southeast1-b_h100_16', 'us-central1-a_h100_16', 'us-east5-a_h100_16', 'us-east4-b_h100_16']",13,multi_region_rc_cr_threshold_eager_failover,0,multi_region,,,,43.19444444444445,50.0,0.2,1.2,51.833333333333336,0.0,True,True,['data/converted_multi_region_aligned_h100_16_merged'],0,684.9471199999965,1
Progressive_13,"['asia-southeast1-c_h100_16', 'asia-south2-b_h100_16', 'us-west1-b_h100_16', 'europe-west3-c_h100_16', 'us-west1-a_h100_16', 'us-east4-a_h100_16', 'europe-west1-c_h100_16', 'us-central1-c_h100_16', 'us-central1-b_h100_16', 'asia-southeast1-b_h100_16', 'us-central1-a_h100_16', 'us-east5-a_h100_16', 'us-east4-b_h100_16']",13,multi_region_availability_probe_simple,0,multi_region,,,,43.19444444444445,50.0,0.2,1.2,51.833333333333336,0.0,True,True,['data/converted_multi_region_aligned_h100_16_merged'],0,910.28606538453,0
Progressive_13,"['asia-southeast1-c_h100_16', 'asia-south2-b_h100_16', 'us-west1-b_h100_16', 'europe-west3-c_h100_16', 'us-west1-a_h100_16', 'us-east4-a_h100_16', 'europe-west1-c_h100_16', 'us-central1-c_h100_16', 'us-central1-b_h100_16', 'asia-southeast1-b_h100_16', 'us-central1-a_h100_16', 'us-east5-a_h100_16', 'us-east4-b_h100_16']",13,multi_region_probe_cost_ratio,0,multi_region,,,,43.19444444444445,50.0,0.2,1.2,51.833333333333336,0.0,True,True,['data/converted_multi_region_aligned_h100_16_merged'],0,842.6550934357288,1
Progressive_13,"['asia-southeast1-c_h100_16', 'asia-south2-b_h100_16', 'us-west1-b_h100_16', 'europe-west3-c_h100_16', 'us-west1-a_h100_16', 'us-east4-a_h100_16', 'europe-west1-c_h100_16', 'us-central1-c_h100_16', 'us-central1-b_h100_16', 'asia-southeast1-b_h100_16', 'us-central1-a_h100_16', 'us-east5-a_h100_16', 'us-east4-b_h100_16']",13,rc_cr_threshold,0,single_region,,asia-southeast1-c_h100_16,,43.19444444444445,50.0,0.2,1.2,51.833333333333336,0.0,True,True,['data/converted_multi_region_aligned_h100_16_merged'],0,837.6527039999982,-1
Progressive_13,"['asia-southeast1-c_h100_16', 'asia-south2-b_h100_16', 'us-west1-b_h100_16', 'europe-west3-c_h100_16', 'us-west1-a_h100_16', 'us-east4-a_h100_16', 'europe-west1-c_h100_16', 'us-central1-c_h100_16', 'us-central1-b_h100_16', 'asia-southeast1-b_h100_16', 'us-central1-a_h100_16', 'us-east5-a_h100_16', 'us-east4-b_h100_16']",13,rc_cr_threshold,0,single_region,,asia-south2-b_h100_16,,43.19444444444445,50.0,0.2,1.2,51.833333333333336,0.0,True,True,['data/converted_multi_region_aligned_h100_16_merged'],0,3041.090036256015,-1
Progressive_13,"['asia-southeast1-c_h100_16', 'asia-south2-b_h100_16', 'us-west1-b_h100_16', 'europe-west3-c_h100_16', 'us-west1-a_h100_16', 'us-east4-a_h100_16', 'europe-west1-c_h100_16', 'us-central1-c_h100_16', 'us-central1-b_h100_16', 'asia-southeast1-b_h100_16', 'us-central1-a_h100_16', 'us-east5-a_h100_16', 'us-east4-b_h100_16']",13,rc_cr_threshold,0,single_region,,us-west1-b_h100_16,,43.19444444444445,50.0,0.2,1.2,51.833333333333336,0.0,True,True,['data/converted_multi_region_aligned_h100_16_merged'],0,3437.993616413327,-1
Progressive_13,"['asia-southeast1-c_h100_16', 'asia-south2-b_h100_16', 'us-west1-b_h100_16', 'europe-west3-c_h100_16', 'us-west1-a_h100_16', 'us-east4-a_h100_16', 'europe-west1-c_h100_16', 'us-central1-c_h100_16', 'us-central1-b_h100_16', 'asia-southeast1-b_h100_16', 'us-central1-a_h100_16', 'us-east5-a_h100_16', 'us-east4-b_h100_16']",13,rc_cr_threshold,0,single_region,,europe-west3-c_h100_16,,43.19444444444445,50.0,0.2,1.2,51.833333333333336,0.0,True,True,['data/converted_multi_region_aligned_h100_16_merged'],0,3778.9989031679966,-1
Progressive_13,"['asia-southeast1-c_h100_16', 'asia-south2-b_h100_16', 'us-west1-b_h100_16', 'europe-west3-c_h100_16', 'us-west1-a_h100_16', 'us-east4-a_h100_16', 'europe-west1-c_h100_16', 'us-central1-c_h100_16', 'us-central1-b_h100_16', 'asia-southeast1-b_h100_16', 'us-central1-a_h100_16', 'us-east5-a_h100_16', 'us-east4-b_h100_16']",13,rc_cr_threshold,0,single_region,,us-west1-a_h100_16,,43.19444444444445,50.0,0.2,1.2,51.833333333333336,0.0,True,True,['data/converted_multi_region_aligned_h100_16_merged'],0,1014.0229918933371,-1
Progressive_13,"['asia-southeast1-c_h100_16', 'asia-south2-b_h100_16', 'us-west1-b_h100_16', 'europe-west3-c_h100_16', 'us-west1-a_h100_16', 'us-east4-a_h100_16', 'europe-west1-c_h100_16', 'us-central1-c_h100_16', 'us-central1-b_h100_16', 'asia-southeast1-b_h100_16', 'us-central1-a_h100_16', 'us-east5-a_h100_16', 'us-east4-b_h100_16']",13,rc_cr_threshold,0,single_region,,us-east4-a_h100_16,,43.19444444444445,50.0,0.2,1.2,51.833333333333336,0.0,True,True,['data/converted_multi_region_aligned_h100_16_merged'],0,651.075786666669,-1
Progressive_13,"['asia-southeast1-c_h100_16', 'asia-south2-b_h100_16', 'us-west1-b_h100_16', 'europe-west3-c_h100_16', 'us-west1-a_h100_16', 'us-east4-a_h100_16', 'europe-west1-c_h100_16', 'us-central1-c_h100_16', 'us-central1-b_h100_16', 'asia-southeast1-b_h100_16', 'us-central1-a_h100_16', 'us-east5-a_h100_16', 'us-east4-b_h100_16']",13,rc_cr_threshold,0,single_region,,europe-west1-c_h100_16,,43.19444444444445,50.0,0.2,1.2,51.833333333333336,0.0,True,True,['data/converted_multi_region_aligned_h100_16_merged'],0,711.4999199999968,-1
Progressive_13,"['asia-southeast1-c_h100_16', 'asia-south2-b_h100_16', 'us-west1-b_h100_16', 'europe-west3-c_h100_16', 'us-west1-a_h100_16', 'us-east4-a_h100_16', 'europe-west1-c_h100_16', 'us-central1-c_h100_16', 'us-central1-b_h100_16', 'asia-southeast1-b_h100_16', 'us-central1-a_h100_16', 'us-east5-a_h100_16', 'us-east4-b_h100_16']",13,rc_cr_threshold,0,single_region,,us-central1-c_h100_16,,43.19444444444445,50.0,0.2,1.2,51.833333333333336,0.0,True,True,['data/converted_multi_region_aligned_h100_16_merged'],0,1078.529451866673,-1
Progressive_13,"['asia-southeast1-c_h100_16', 'asia-south2-b_h100_16', 'us-west1-b_h100_16', 'europe-west3-c_h100_16', 'us-west1-a_h100_16', 'us-east4-a_h100_16', 'europe-west1-c_h100_16', 'us-central1-c_h100_16', 'us-central1-b_h100_16', 'asia-southeast1-b_h100_16', 'us-central1-a_h100_16', 'us-east5-a_h100_16', 'us-east4-b_h100_16']",13,rc_cr_threshold,0,single_region,,us-central1-b_h100_16,,43.19444444444445,50.0,0.2,1.2,51.833333333333336,0.0,True,True,['data/converted_multi_region_aligned_h100_16_merged'],0,1164.3595868066748,-1
Progressive_13,"['asia-southeast1-c_h100_16', 'asia-south2-b_h100_16', 'us-west1-b_h100_16', 'europe-west3-c_h100_16', 'us-west1-a_h100_16', 'us-east4-a_h100_16', 'europe-west1-c_h100_16', 'us-central1-c_h100_16', 'us-central1-b_h100_16', 'asia-southeast1-b_h100_16', 'us-central1-a_h100_16', 'us-east5-a_h100_16', 'us-east4-b_h100_16']",13,rc_cr_threshold,0,single_region,,asia-southeast1-b_h100_16,,43.19444444444445,50.0,0.2,1.2,51.833333333333336,0.0,True,True,['data/converted_multi_region_aligned_h100_16_merged'],0,4599.544343114651,-1
Progressive_13,"['asia-southeast1-c_h100_16', 'asia-south2-b_h100_16', 'us-west1-b_h100_16', 'europe-west3-c_h100_16', 'us-west1-a_h100_16', 'us-east4-a_h100_16', 'europe-west1-c_h100_16', 'us-central1-c_h100_16', 'us-central1-b_h100_16', 'asia-southeast1-b_h100_16', 'us-central1-a_h100_16', 'us-east5-a_h100_16', 'us-east4-b_h100_16']",13,rc_cr_threshold,0,single_region,,us-central1-a_h100_16,,43.19444444444445,50.0,0.2,1.2,51.833333333333336,0.0,True,True,['data/converted_multi_region_aligned_h100_16_merged'],0,1145.3805788066745,-1
Progressive_13,"['asia-southeast1-c_h100_16', 'asia-south2-b_h100_16', 'us-west1-b_h100_16', 'europe-west3-c_h100_16', 'us-west1-a_h100_16', 'us-east4-a_h100_16', 'europe-west1-c_h100_16', 'us-central1-c_h100_16', 'us-central1-b_h100_16', 'asia-southeast1-b_h100_16', 'us-central1-a_h100_16', 'us-east5-a_h100_16', 'us-east4-b_h100_16']",13,rc_cr_threshold,0,single_region,,us-east5-a_h100_16,,43.19444444444445,50.0,0.2,1.2,51.833333333333336,0.0,True,True,['data/converted_multi_region_aligned_h100_16_merged'],0,2613.922668309349,-1
Progressive_13,"['asia-southeast1-c_h100_16', 'asia-south2-b_h100_16', 'us-west1-b_h100_16', 'europe-west3-c_h100_16', 'us-west1-a_h100_16', 'us-east4-a_h100_16', 'europe-west1-c_h100_16', 'us-central1-c_h100_16', 'us-central1-b_h100_16', 'asia-southeast1-b_h100_16', 'us-central1-a_h100_16', 'us-east5-a_h100_16', 'us-east4-b_h100_16']",13,rc_cr_threshold,0,single_region,,us-east4-b_h100_16,,43.19444444444445,50.0,0.2,1.2,51.833333333333336,0.0,True,True,['data/converted_multi_region_aligned_h100_16_merged'],0,1204.5524579200082,0
Progressive_13,"['asia-southeast1-c_h100_16', 'asia-south2-b_h100_16', 'us-west1-b_h100_16', 'europe-west3-c_h100_16', 'us-west1-a_h100_16', 'us-east4-a_h100_16', 'europe-west1-c_h100_16', 'us-central1-c_h100_16', 'us-central1-b_h100_16', 'asia-southeast1-b_h100_16', 'us-central1-a_h100_16', 'us-east5-a_h100_16', 'us-east4-b_h100_16']",13,unified_cost_model_risk,0,multi_region,,,,43.19444444444445,50.0,0.2,1.2,51.833333333333336,51.833333333333336,True,True,['data/converted_multi_region_aligned_h100_16_merged'],1,697.8688507296029,8
Progressive_13,"['asia-southeast1-c_h100_16', 'asia-south2-b_h100_16', 'us-west1-b_h100_16', 'europe-west3-c_h100_16', 'us-west1-a_h100_16', 'us-east4-a_h100_16', 'europe-west1-c_h100_16', 'us-central1-c_h100_16', 'us-central1-b_h100_16', 'asia-southeast1-b_h100_16', 'us-central1-a_h100_16', 'us-east5-a_h100_16', 'us-east4-b_h100_16']",13,multi_region_oracle_dp,0,multi_region,,,,43.19444444444445,50.0,0.2,1.2,51.833333333333336,51.833333333333336,True,True,['data/converted_multi_region_aligned_h100_16_merged'],1,648.6002133333357,0
Progressive_13,"['asia-southeast1-c_h100_16', 'asia-south2-b_h100_16', 'us-west1-b_h100_16', 'europe-west3-c_h100_16', 'us-west1-a_h100_16', 'us-east4-a_h100_16', 'europe-west1-c_h100_16', 'us-central1-c_h100_16', 'us-central1-b_h100_16', 'asia-southeast1-b_h100_16', 'us-central1-a_h100_16', 'us-east5-a_h100_16', 'us-east4-b_h100_16']",13,unified_cost_model_oracle,0,multi_region,,,,43.19444444444445,50.0,0.2,1.2,51.833333333333336,51.833333333333336,True,True,['data/converted_multi_region_aligned_h100_16_merged'],1,670.2971946666689,5
Progressive_13,"['asia-southeast1-c_h100_16', 'asia-south2-b_h100_16', 'us-west1-b_h100_16', 'europe-west3-c_h100_16', 'us-west1-a_h100_16', 'us-east4-a_h100_16', 'europe-west1-c_h100_16', 'us-central1-c_h100_16', 'us-central1-b_h100_16', 'asia-southeast1-b_h100_16', 'us-central1-a_h100_16', 'us-east5-a_h100_16', 'us-east4-b_h100_16']",13,multi_region_rc_cr_threshold_eager_failover,0,multi_region,,,,43.19444444444445,50.0,0.2,1.2,51.833333333333336,51.833333333333336,True,True,['data/converted_multi_region_aligned_h100_16_merged'],1,701.0967626666679,8
Progressive_13,"['asia-southeast1-c_h100_16', 'asia-south2-b_h100_16', 'us-west1-b_h100_16', 'europe-west3-c_h100_16', 'us-west1-a_h100_16', 'us-east4-a_h100_16', 'europe-west1-c_h100_16', 'us-central1-c_h100_16', 'us-central1-b_h100_16', 'asia-southeast1-b_h100_16', 'us-central1-a_h100_16', 'us-east5-a_h100_16', 'us-east4-b_h100_16']",13,multi_region_availability_probe_simple,0,multi_region,,,,43.19444444444445,50.0,0.2,1.2,51.833333333333336,51.833333333333336,True,True,['data/converted_multi_region_aligned_h100_16_merged'],1,2666.7033543413495,1
Progressive_13,"['asia-southeast1-c_h100_16', 'asia-south2-b_h100_16', 'us-west1-b_h100_16', 'europe-west3-c_h100_16', 'us-west1-a_h100_16', 'us-east4-a_h100_16', 'europe-west1-c_h100_16', 'us-central1-c_h100_16', 'us-central1-b_h100_16', 'asia-southeast1-b_h100_16', 'us-central1-a_h100_16', 'us-east5-a_h100_16', 'us-east4-b_h100_16']",13,multi_region_probe_cost_ratio,0,multi_region,,,,43.19444444444445,50.0,0.2,1.2,51.833333333333336,51.833333333333336,True,True,['data/converted_multi_region_aligned_h100_16_merged'],1,832.5869330282707,11
Progressive_13,"['asia-southeast1-c_h100_16', 'asia-south2-b_h100_16', 'us-west1-b_h100_16', 'europe-west3-c_h100_16', 'us-west1-a_h100_16', 'us-east4-a_h100_16', 'europe-west1-c_h100_16', 'us-central1-c_h100_16', 'us-central1-b_h100_16', 'asia-southeast1-b_h100_16', 'us-central1-a_h100_16', 'us-east5-a_h100_16', 'us-east4-b_h100_16']",13,rc_cr_threshold,0,single_region,,asia-southeast1-c_h100_16,,43.19444444444445,50.0,0.2,1.2,51.833333333333336,51.833333333333336,True,True,['data/converted_multi_region_aligned_h100_16_merged'],1,2447.4830988480044,-1
Progressive_13,"['asia-southeast1-c_h100_16', 'asia-south2-b_h100_16', 'us-west1-b_h100_16', 'europe-west3-c_h100_16', 'us-west1-a_h100_16', 'us-east4-a_h100_16', 'europe-west1-c_h100_16', 'us-central1-c_h100_16', 'us-central1-b_h100_16', 'asia-southeast1-b_h100_16', 'us-central1-a_h100_16', 'us-east5-a_h100_16', 'us-east4-b_h100_16']",13,rc_cr_threshold,0,single_region,,asia-south2-b_h100_16,,43.19444444444445,50.0,0.2,1.2,51.833333333333336,51.833333333333336,True,True,['data/converted_multi_region_aligned_h100_16_merged'],1,3041.090036256015,-1
Progressive_13,"['asia-southeast1-c_h100_16', 'asia-south2-b_h100_16', 'us-west1-b_h100_16', 'europe-west3-c_h100_16', 'us-west1-a_h100_16', 'us-east4-a_h100_16', 'europe-west1-c_h100_16', 'us-central1-c_h100_16', 'us-central1-b_h100_16', 'asia-southeast1-b_h100_16', 'us-central1-a_h100_16', 'us-east5-a_h100_16', 'us-east4-b_h100_16']",13,rc_cr_threshold,0,single_region,,us-west1-b_h100_16,,43.19444444444445,50.0,0.2,1.2,51.833333333333336,51.833333333333336,True,True,['data/converted_multi_region_aligned_h100_16_merged'],1,3599.345881259991,-1
Progressive_13,"['asia-southeast1-c_h100_16', 'asia-south2-b_h100_16', 'us-west1-b_h100_16', 'europe-west3-c_h100_16', 'us-west1-a_h100_16', 'us-east4-a_h100_16', 'europe-west1-c_h100_16', 'us-central1-c_h100_16', 'us-central1-b_h100_16', 'asia-southeast1-b_h100_16', 'us-central1-a_h100_16', 'us-east5-a_h100_16', 'us-east4-b_h100_16']",13,rc_cr_threshold,0,single_region,,europe-west3-c_h100_16,,43.19444444444445,50.0,0.2,1.2,51.833333333333336,51.833333333333336,True,True,['data/converted_multi_region_aligned_h100_16_merged'],1,3739.073504063997,-1
Progressive_13,"['asia-southeast1-c_h100_16', 'asia-south2-b_h100_16', 'us-west1-b_h100_16', 'europe-west3-c_h100_16', 'us-west1-a_h100_16', 'us-east4-a_h100_16', 'europe-west1-c_h100_16', 'us-central1-c_h100_16', 'us-central1-b_h100_16', 'asia-southeast1-b_h100_16', 'us-central1-a_h100_16', 'us-east5-a_h100_16', 'us-east4-b_h100_16']",13,rc_cr_threshold,0,single_region,,us-west1-a_h100_16,,43.19444444444445,50.0,0.2,1.2,51.833333333333336,51.833333333333336,True,True,['data/converted_multi_region_aligned_h100_16_merged'],1,3595.081146266658,-1
Progressive_13,"['asia-southeast1-c_h100_16', 'asia-south2-b_h100_16', 'us-west1-b_h100_16', 'europe-west3-c_h100_16', 'us-west1-a_h100_16', 'us-east4-a_h100_16', 'europe-west1-c_h100_16', 'us-central1-c_h100_16', 'us-central1-b_h100_16', 'asia-southeast1-b_h100_16', 'us-central1-a_h100_16', 'us-east5-a_h100_16', 'us-east4-b_h100_16']",13,rc_cr_threshold,0,single_region,,us-east4-a_h100_16,,43.19444444444445,50.0,0.2,1.2,51.833333333333336,51.833333333333336,True,True,['data/converted_multi_region_aligned_h100_16_merged'],1,660.9780800000026,-1
Progressive_13,"['asia-southeast1-c_h100_16', 'asia-south2-b_h100_16', 'us-west1-b_h100_16', 'europe-west3-c_h100_16', 'us-west1-a_h100_16', 'us-east4-a_h100_16', 'europe-west1-c_h100_16', 'us-central1-c_h100_16', 'us-central1-b_h100_16', 'asia-southeast1-b_h100_16', 'us-central1-a_h100_16', 'us-east5-a_h100_16', 'us-east4-b_h100_16']",13,rc_cr_threshold,0,single_region,,europe-west1-c_h100_16,,43.19444444444445,50.0,0.2,1.2,51.833333333333336,51.833333333333336,True,True,['data/converted_multi_region_aligned_h100_16_merged'],1,1387.2608158293308,-1
Progressive_13,"['asia-southeast1-c_h100_16', 'asia-south2-b_h100_16', 'us-west1-b_h100_16', 'europe-west3-c_h100_16', 'us-west1-a_h100_16', 'us-east4-a_h100_16', 'europe-west1-c_h100_16', 'us-central1-c_h100_16', 'us-central1-b_h100_16', 'asia-southeast1-b_h100_16', 'us-central1-a_h100_16', 'us-east5-a_h100_16', 'us-east4-b_h100_16']",13,rc_cr_threshold,0,single_region,,us-central1-c_h100_16,,43.19444444444445,50.0,0.2,1.2,51.833333333333336,51.833333333333336,True,True,['data/converted_multi_region_aligned_h100_16_merged'],1,1138.771176846671,-1
Progressive_13,"['asia-southeast1-c_h100_16', 'asia-south2-b_h100_16', 'us-west1-b_h100_16', 'europe-west3-c_h100_16', 'us-west1-a_h100_16', 'us-east4-a_h100_16', 'europe-west1-c_h100_16', 'us-central1-c_h100_16', 'us-central1-b_h100_16', 'asia-southeast1-b_h100_16', 'us-central1-a_h100_16', 'us-east5-a_h100_16', 'us-east4-b_h100_16']",13,rc_cr_threshold,0,single_region,,us-central1-b_h100_16,,43.19444444444445,50.0,0.2,1.2,51.833333333333336,51.833333333333336,True,True,['data/converted_multi_region_aligned_h100_16_merged'],1,1167.381221826675,-1
Progressive_13,"['asia-southeast1-c_h100_16', 'asia-south2-b_h100_16', 'us-west1-b_h100_16', 'europe-west3-c_h100_16', 'us-west1-a_h100_16', 'us-east4-a_h100_16', 'europe-west1-c_h100_16', 'us-central1-c_h100_16', 'us-central1-b_h100_16', 'asia-southeast1-b_h100_16', 'us-central1-a_h100_16', 'us-east5-a_h100_16', 'us-east4-b_h100_16']",13,rc_cr_threshold,0,single_region,,asia-southeast1-b_h100_16,,43.19444444444445,50.0,0.2,1.2,51.833333333333336,51.833333333333336,True,True,['data/converted_multi_region_aligned_h100_16_merged'],1,3122.030977856021,-1
Progressive_13,"['asia-southeast1-c_h100_16', 'asia-south2-b_h100_16', 'us-west1-b_h100_16', 'europe-west3-c_h100_16', 'us-west1-a_h100_16', 'us-east4-a_h100_16', 'europe-west1-c_h100_16', 'us-central1-c_h100_16', 'us-central1-b_h100_16', 'asia-southeast1-b_h100_16', 'us-central1-a_h100_16', 'us-east5-a_h100_16', 'us-east4-b_h100_16']",13,rc_cr_threshold,0,single_region,,us-central1-a_h100_16,,43.19444444444445,50.0,0.2,1.2,51.833333333333336,51.833333333333336,True,True,['data/converted_multi_region_aligned_h100_16_merged'],1,854.0553600000037,-1
Progressive_13,"['asia-southeast1-c_h100_16', 'asia-south2-b_h100_16', 'us-west1-b_h100_16', 'europe-west3-c_h100_16', 'us-west1-a_h100_16', 'us-east4-a_h100_16', 'europe-west1-c_h100_16', 'us-central1-c_h100_16', 'us-central1-b_h100_16', 'asia-southeast1-b_h100_16', 'us-central1-a_h100_16', 'us-east5-a_h100_16', 'us-east4-b_h100_16']",13,rc_cr_threshold,0,single_region,,us-east5-a_h100_16,,43.19444444444445,50.0,0.2,1.2,51.833333333333336,51.833333333333336,True,True,['data/converted_multi_region_aligned_h100_16_merged'],1,1078.6559141333314,-1
Progressive_13,"['asia-southeast1-c_h100_16', 'asia-south2-b_h100_16', 'us-west1-b_h100_16', 'europe-west3-c_h100_16', 'us-west1-a_h100_16', 'us-east4-a_h100_16', 'europe-west1-c_h100_16', 'us-central1-c_h100_16', 'us-central1-b_h100_16', 'asia-southeast1-b_h100_16', 'us-central1-a_h100_16', 'us-east5-a_h100_16', 'us-east4-b_h100_16']",13,rc_cr_threshold,0,single_region,,us-east4-b_h100_16,,43.19444444444445,50.0,0.2,1.2,51.833333333333336,51.833333333333336,True,True,['data/converted_multi_region_aligned_h100_16_merged'],1,668.4048000000028,0
Progressive_13,"['asia-southeast1-c_h100_16', 'asia-south2-b_h100_16', 'us-west1-b_h100_16', 'europe-west3-c_h100_16', 'us-west1-a_h100_16', 'us-east4-a_h100_16', 'europe-west1-c_h100_16', 'us-central1-c_h100_16', 'us-central1-b_h100_16', 'asia-southeast1-b_h100_16', 'us-central1-a_h100_16', 'us-east5-a_h100_16', 'us-east4-b_h100_16']",13,unified_cost_model_risk,0,multi_region,,,,43.19444444444445,50.0,0.2,1.2,51.833333333333336,103.66666666666667,True,True,['data/converted_multi_region_aligned_h100_16_merged'],2,666.8361280629315,1
Progressive_13,"['asia-southeast1-c_h100_16', 'asia-south2-b_h100_16', 'us-west1-b_h100_16', 'europe-west3-c_h100_16', 'us-west1-a_h100_16', 'us-east4-a_h100_16', 'europe-west1-c_h100_16', 'us-central1-c_h100_16', 'us-central1-b_h100_16', 'asia-southeast1-b_h100_16', 'us-central1-a_h100_16', 'us-east5-a_h100_16', 'us-east4-b_h100_16']",13,multi_region_oracle_dp,0,multi_region,,,,43.19444444444445,50.0,0.2,1.2,51.833333333333336,103.66666666666667,True,True,['data/converted_multi_region_aligned_h100_16_merged'],2,646.1246400000023,0
Progressive_13,"['asia-southeast1-c_h100_16', 'asia-south2-b_h100_16', 'us-west1-b_h100_16', 'europe-west3-c_h100_16', 'us-west1-a_h100_16', 'us-east4-a_h100_16', 'europe-west1-c_h100_16', 'us-central1-c_h100_16', 'us-central1-b_h100_16', 'asia-southeast1-b_h100_16', 'us-central1-a_h100_16', 'us-east5-a_h100_16', 'us-east4-b_h100_16']",13,unified_cost_model_oracle,0,multi_region,,,,43.19444444444445,50.0,0.2,1.2,51.833333333333336,103.66666666666667,True,True,['data/converted_multi_region_aligned_h100_16_merged'],2,662.1534399999981,1
Progressive_13,"['asia-southeast1-c_h100_16', 'asia-south2-b_h100_16', 'us-west1-b_h100_16', 'europe-west3-c_h100_16', 'us-west1-a_h100_16', 'us-east4-a_h100_16', 'europe-west1-c_h100_16', 'us-central1-c_h100_16', 'us-central1-b_h100_16', 'asia-southeast1-b_h100_16', 'us-central1-a_h100_16', 'us-east5-a_h100_16', 'us-east4-b_h100_16']",13,multi_region_rc_cr_threshold_eager_failover,0,multi_region,,,,43.19444444444445,50.0,0.2,1.2,51.833333333333336,103.66666666666667,True,True,['data/converted_multi_region_aligned_h100_16_merged'],2,662.1534399999981,1
Progressive_13,"['asia-southeast1-c_h100_16', 'asia-south2-b_h100_16', 'us-west1-b_h100_16', 'europe-west3-c_h100_16', 'us-west1-a_h100_16', 'us-east4-a_h100_16', 'europe-west1-c_h100_16', 'us-central1-c_h100_16', 'us-central1-b_h100_16', 'asia-southeast1-b_h100_16', 'us-central1-a_h100_16', 'us-east5-a_h100_16', 'us-east4-b_h100_16']",13,multi_region_availability_probe_simple,0,multi_region,,,,43.19444444444445,50.0,0.2,1.2,51.833333333333336,103.66666666666667,True,True,['data/converted_multi_region_aligned_h100_16_merged'],2,3071.2502708266866,0
Progressive_13,"['asia-southeast1-c_h100_16', 'asia-south2-b_h100_16', 'us-west1-b_h100_16', 'europe-west3-c_h100_16', 'us-west1-a_h100_16', 'us-east4-a_h100_16', 'europe-west1-c_h100_16', 'us-central1-c_h100_16', 'us-central1-b_h100_16', 'asia-southeast1-b_h100_16', 'us-central1-a_h100_16', 'us-east5-a_h100_16', 'us-east4-b_h100_16']",13,multi_region_probe_cost_ratio,0,multi_region,,,,43.19444444444445,50.0,0.2,1.2,51.833333333333336,103.66666666666667,True,True,['data/converted_multi_region_aligned_h100_16_merged'],2,787.901131302403,4
Progressive_13,"['asia-southeast1-c_h100_16', 'asia-south2-b_h100_16', 'us-west1-b_h100_16', 'europe-west3-c_h100_16', 'us-west1-a_h100_16', 'us-east4-a_h100_16', 'europe-west1-c_h100_16', 'us-central1-c_h100_16', 'us-central1-b_h100_16', 'asia-southeast1-b_h100_16', 'us-central1-a_h100_16', 'us-east5-a_h100_16', 'us-east4-b_h100_16']",13,rc_cr_threshold,0,single_region,,asia-southeast1-c_h100_16,,43.19444444444445,50.0,0.2,1.2,51.833333333333336,103.66666666666667,True,True,['data/converted_multi_region_aligned_h100_16_merged'],2,4350.9155566933205,-1
Progressive_13,"['asia-southeast1-c_h100_16', 'asia-south2-b_h100_16', 'us-west1-b_h100_16', 'europe-west3-c_h100_16', 'us-west1-a_h100_16', 'us-east4-a_h100_16', 'europe-west1-c_h100_16', 'us-central1-c_h100_16', 'us-central1-b_h100_16', 'asia-southeast1-b_h100_16', 'us-central1-a_h100_16', 'us-east5-a_h100_16', 'us-east4-b_h100_16']",13,rc_cr_threshold,0,single_region,,asia-south2-b_h100_16,,43.19444444444445,50.0,0.2,1.2,51.833333333333336,103.66666666666667,True,True,['data/converted_multi_region_aligned_h100_16_merged'],2,3041.090036256015,-1
Progressive_13,"['asia-southeast1-c_h100_16', 'asia-south2-b_h100_16', 'us-west1-b_h100_16', 'europe-west3-c_h100_16', 'us-west1-a_h100_16', 'us-east4-a_h100_16', 'europe-west1-c_h100_16', 'us-central1-c_h100_16', 'us-central1-b_h100_16', 'asia-southeast1-b_h100_16', 'us-central1-a_h100_16', 'us-east5-a_h100_16', 'us-east4-b_h100_16']",13,rc_cr_threshold,0,single_region,,us-west1-b_h100_16,,43.19444444444445,50.0,0.2,1.2,51.833333333333336,103.66666666666667,True,True,['data/converted_multi_region_aligned_h100_16_merged'],2,3608.835385259991,-1
Progressive_13,"['asia-southeast1-c_h100_16', 'asia-south2-b_h100_16', 'us-west1-b_h100_16', 'europe-west3-c_h100_16', 'us-west1-a_h100_16', 'us-east4-a_h100_16', 'europe-west1-c_h100_16', 'us-central1-c_h100_16', 'us-central1-b_h100_16', 'asia-southeast1-b_h100_16', 'us-central1-a_h100_16', 'us-east5-a_h100_16', 'us-east4-b_h100_16']",13,rc_cr_threshold,0,single_region,,europe-west3-c_h100_16,,43.19444444444445,50.0,0.2,1.2,51.833333333333336,103.66666666666667,True,True,['data/converted_multi_region_aligned_h100_16_merged'],2,4236.030618047997,-1
Progressive_13,"['asia-southeast1-c_h100_16', 'asia-south2-b_h100_16', 'us-west1-b_h100_16', 'europe-west3-c_h100_16', 'us-west1-a_h100_16', 'us-east4-a_h100_16', 'europe-west1-c_h100_16', 'us-central1-c_h100_16', 'us-central1-b_h100_16', 'asia-southeast1-b_h100_16', 'us-central1-a_h100_16', 'us-east5-a_h100_16', 'us-east4-b_h100_16']",13,rc_cr_threshold,0,single_region,,us-west1-a_h100_16,,43.19444444444445,50.0,0.2,1.2,51.833333333333336,103.66666666666667,True,True,['data/converted_multi_region_aligned_h100_16_merged'],2,2912.9878676999974,-1
Progressive_13,"['asia-southeast1-c_h100_16', 'asia-south2-b_h100_16', 'us-west1-b_h100_16', 'europe-west3-c_h100_16', 'us-west1-a_h100_16', 'us-east4-a_h100_16', 'europe-west1-c_h100_16', 'us-central1-c_h100_16', 'us-central1-b_h100_16', 'asia-southeast1-b_h100_16', 'us-central1-a_h100_16', 'us-east5-a_h100_16', 'us-east4-b_h100_16']",13,rc_cr_threshold,0,single_region,,us-east4-a_h100_16,,43.19444444444445,50.0,0.2,1.2,51.833333333333336,103.66666666666667,True,True,['data/converted_multi_region_aligned_h100_16_merged'],2,651.075786666669,-1
Progressive_13,"['asia-southeast1-c_h100_16', 'asia-south2-b_h100_16', 'us-west1-b_h100_16', 'europe-west3-c_h100_16', 'us-west1-a_h100_16', 'us-east4-a_h100_16', 'europe-west1-c_h100_16', 'us-central1-c_h100_16', 'us-central1-b_h100_16', 'asia-southeast1-b_h100_16', 'us-central1-a_h100_16', 'us-east5-a_h100_16', 'us-east4-b_h100_16']",13,rc_cr_threshold,0,single_region,,europe-west1-c_h100_16,,43.19444444444445,50.0,0.2,1.2,51.833333333333336,103.66666666666667,True,True,['data/converted_multi_region_aligned_h100_16_merged'],2,1101.9328648213288,-1
Progressive_13,"['asia-southeast1-c_h100_16', 'asia-south2-b_h100_16', 'us-west1-b_h100_16', 'europe-west3-c_h100_16', 'us-west1-a_h100_16', 'us-east4-a_h100_16', 'europe-west1-c_h100_16', 'us-central1-c_h100_16', 'us-central1-b_h100_16', 'asia-southeast1-b_h100_16', 'us-central1-a_h100_16', 'us-east5-a_h100_16', 'us-east4-b_h100_16']",13,rc_cr_threshold,0,single_region,,us-central1-c_h100_16,,43.19444444444445,50.0,0.2,1.2,51.833333333333336,103.66666666666667,True,True,['data/converted_multi_region_aligned_h100_16_merged'],2,1699.1379054800072,-1
Progressive_13,"['asia-southeast1-c_h100_16', 'asia-south2-b_h100_16', 'us-west1-b_h100_16', 'europe-west3-c_h100_16', 'us-west1-a_h100_16', 'us-east4-a_h100_16', 'europe-west1-c_h100_16', 'us-central1-c_h100_16', 'us-central1-b_h100_16', 'asia-southeast1-b_h100_16', 'us-central1-a_h100_16', 'us-east5-a_h100_16', 'us-east4-b_h100_16']",13,rc_cr_threshold,0,single_region,,us-central1-b_h100_16,,43.19444444444445,50.0,0.2,1.2,51.833333333333336,103.66666666666667,True,True,['data/converted_multi_region_aligned_h100_16_merged'],2,1635.5914795200076,-1
Progressive_13,"['asia-southeast1-c_h100_16', 'asia-south2-b_h100_16', 'us-west1-b_h100_16', 'europe-west3-c_h100_16', 'us-west1-a_h100_16', 'us-east4-a_h100_16', 'europe-west1-c_h100_16', 'us-central1-c_h100_16', 'us-central1-b_h100_16', 'asia-southeast1-b_h100_16', 'us-central1-a_h100_16', 'us-east5-a_h100_16', 'us-east4-b_h100_16']",13,rc_cr_threshold,0,single_region,,asia-southeast1-b_h100_16,,43.19444444444445,50.0,0.2,1.2,51.833333333333336,103.66666666666667,True,True,['data/converted_multi_region_aligned_h100_16_merged'],2,837.6527039999982,-1
Progressive_13,"['asia-southeast1-c_h100_16', 'asia-south2-b_h100_16', 'us-west1-b_h100_16', 'europe-west3-c_h100_16', 'us-west1-a_h100_16', 'us-east4-a_h100_16', 'europe-west1-c_h100_16', 'us-central1-c_h100_16', 'us-central1-b_h100_16', 'asia-southeast1-b_h100_16', 'us-central1-a_h100_16', 'us-east5-a_h100_16', 'us-east4-b_h100_16']",13,rc_cr_threshold,0,single_region,,us-central1-a_h100_16,,43.19444444444445,50.0,0.2,1.2,51.833333333333336,103.66666666666667,True,True,['data/converted_multi_region_aligned_h100_16_merged'],2,1427.0747606333414,-1
Progressive_13,"['asia-southeast1-c_h100_16', 'asia-south2-b_h100_16', 'us-west1-b_h100_16', 'europe-west3-c_h100_16', 'us-west1-a_h100_16', 'us-east4-a_h100_16', 'europe-west1-c_h100_16', 'us-central1-c_h100_16', 'us-central1-b_h100_16', 'asia-southeast1-b_h100_16', 'us-central1-a_h100_16', 'us-east5-a_h100_16', 'us-east4-b_h100_16']",13,rc_cr_threshold,0,single_region,,us-east5-a_h100_16,,43.19444444444445,50.0,0.2,1.2,51.833333333333336,103.66666666666667,True,True,['data/converted_multi_region_aligned_h100_16_merged'],2,1641.6376992426729,-1
Progressive_13,"['asia-southeast1-c_h100_16', 'asia-south2-b_h100_16', 'us-west1-b_h100_16', 'europe-west3-c_h100_16', 'us-west1-a_h100_16', 'us-east4-a_h100_16', 'europe-west1-c_h100_16', 'us-central1-c_h100_16', 'us-central1-b_h100_16', 'asia-southeast1-b_h100_16', 'us-central1-a_h100_16', 'us-east5-a_h100_16', 'us-east4-b_h100_16']",13,rc_cr_threshold,0,single_region,,us-east4-b_h100_16,,43.19444444444445,50.0,0.2,1.2,51.833333333333336,103.66666666666667,True,True,['data/converted_multi_region_aligned_h100_16_merged'],2,1718.41995584001,0
Progressive_13,"['asia-southeast1-c_h100_16', 'asia-south2-b_h100_16', 'us-west1-b_h100_16', 'europe-west3-c_h100_16', 'us-west1-a_h100_16', 'us-east4-a_h100_16', 'europe-west1-c_h100_16', 'us-central1-c_h100_16', 'us-central1-b_h100_16', 'asia-southeast1-b_h100_16', 'us-central1-a_h100_16', 'us-east5-a_h100_16', 'us-east4-b_h100_16']",13,unified_cost_model_risk,0,multi_region,,,,43.19444444444445,50.0,0.2,1.2,51.833333333333336,155.5,True,True,['data/converted_multi_region_aligned_h100_16_merged'],3,650.214667796269,1
Progressive_13,"['asia-southeast1-c_h100_16', 'asia-south2-b_h100_16', 'us-west1-b_h100_16', 'europe-west3-c_h100_16', 'us-west1-a_h100_16', 'us-east4-a_h100_16', 'europe-west1-c_h100_16', 'us-central1-c_h100_16', 'us-central1-b_h100_16', 'asia-southeast1-b_h100_16', 'us-central1-a_h100_16', 'us-east5-a_h100_16', 'us-east4-b_h100_16']",13,multi_region_oracle_dp,0,multi_region,,,,43.19444444444445,50.0,0.2,1.2,51.833333333333336,155.5,True,True,['data/converted_multi_region_aligned_h100_16_merged'],3,643.6490666666689,0
Progressive_13,"['asia-southeast1-c_h100_16', 'asia-south2-b_h100_16', 'us-west1-b_h100_16', 'europe-west3-c_h100_16', 'us-west1-a_h100_16', 'us-east4-a_h100_16', 'europe-west1-c_h100_16', 'us-central1-c_h100_16', 'us-central1-b_h100_16', 'asia-southeast1-b_h100_16', 'us-central1-a_h100_16', 'us-east5-a_h100_16', 'us-east4-b_h100_16']",13,unified_cost_model_oracle,0,multi_region,,,,43.19444444444445,50.0,0.2,1.2,51.833333333333336,155.5,True,True,['data/converted_multi_region_aligned_h100_16_merged'],3,646.1246400000023,1
Progressive_13,"['asia-southeast1-c_h100_16', 'asia-south2-b_h100_16', 'us-west1-b_h100_16', 'europe-west3-c_h100_16', 'us-west1-a_h100_16', 'us-east4-a_h100_16', 'europe-west1-c_h100_16', 'us-central1-c_h100_16', 'us-central1-b_h100_16', 'asia-southeast1-b_h100_16', 'us-central1-a_h100_16', 'us-east5-a_h100_16', 'us-east4-b_h100_16']",13,multi_region_rc_cr_threshold_eager_failover,0,multi_region,,,,43.19444444444445,50.0,0.2,1.2,51.833333333333336,155.5,True,True,['data/converted_multi_region_aligned_h100_16_merged'],3,689.9255733333332,2
Progressive_13,"['asia-southeast1-c_h100_16', 'asia-south2-b_h100_16', 'us-west1-b_h100_16', 'europe-west3-c_h100_16', 'us-west1-a_h100_16', 'us-east4-a_h100_16', 'europe-west1-c_h100_16', 'us-central1-c_h100_16', 'us-central1-b_h100_16', 'asia-southeast1-b_h100_16', 'us-central1-a_h100_16', 'us-east5-a_h100_16', 'us-east4-b_h100_16']",13,multi_region_availability_probe_simple,0,multi_region,,,,43.19444444444445,50.0,0.2,1.2,51.833333333333336,155.5,True,True,['data/converted_multi_region_aligned_h100_16_merged'],3,3084.048561493355,0
Progressive_13,"['asia-southeast1-c_h100_16', 'asia-south2-b_h100_16', 'us-west1-b_h100_16', 'europe-west3-c_h100_16', 'us-west1-a_h100_16', 'us-east4-a_h100_16', 'europe-west1-c_h100_16', 'us-central1-c_h100_16', 'us-central1-b_h100_16', 'asia-southeast1-b_h100_16', 'us-central1-a_h100_16', 'us-east5-a_h100_16', 'us-east4-b_h100_16']",13,multi_region_probe_cost_ratio,0,multi_region,,,,43.19444444444445,50.0,0.2,1.2,51.833333333333336,155.5,True,True,['data/converted_multi_region_aligned_h100_16_merged'],3,801.2939985024027,1
Progressive_13,"['asia-southeast1-c_h100_16', 'asia-south2-b_h100_16', 'us-west1-b_h100_16', 'europe-west3-c_h100_16', 'us-west1-a_h100_16', 'us-east4-a_h100_16', 'europe-west1-c_h100_16', 'us-central1-c_h100_16', 'us-central1-b_h100_16', 'asia-southeast1-b_h100_16', 'us-central1-a_h100_16', 'us-east5-a_h100_16', 'us-east4-b_h100_16']",13,rc_cr_threshold,0,single_region,,asia-southeast1-c_h100_16,,43.19444444444445,50.0,0.2,1.2,51.833333333333336,155.5,True,True,['data/converted_multi_region_aligned_h100_16_merged'],3,4654.835836703985,-1
Progressive_13,"['asia-southeast1-c_h100_16', 'asia-south2-b_h100_16', 'us-west1-b_h100_16', 'europe-west3-c_h100_16', 'us-west1-a_h100_16', 'us-east4-a_h100_16', 'europe-west1-c_h100_16', 'us-central1-c_h100_16', 'us-central1-b_h100_16', 'asia-southeast1-b_h100_16', 'us-central1-a_h100_16', 'us-east5-a_h100_16', 'us-east4-b_h100_16']",13,rc_cr_threshold,0,single_region,,asia-south2-b_h100_16,,43.19444444444445,50.0,0.2,1.2,51.833333333333336,155.5,True,True,['data/converted_multi_region_aligned_h100_16_merged'],3,3041.090036256015,-1
Progressive_13,"['asia-southeast1-c_h100_16', 'asia-south2-b_h100_16', 'us-west1-b_h100_16', 'europe-west3-c_h100_16', 'us-west1-a_h100_16', 'us-east4-a_h100_16', 'europe-west1-c_h100_16', 'us-central1-c_h100_16', 'us-central1-b_h100_16', 'asia-southeast1-b_h100_16', 'us-central1-a_h100_16', 'us-east5-a_h100_16', 'us-east4-b_h100_16']",13,rc_cr_threshold,0,single_region,,us-west1-b_h100_16,,43.19444444444445,50.0,0.2,1.2,51.833333333333336,155.5,True,True,['data/converted_multi_region_aligned_h100_16_merged'],3,3606.7737842533243,-1
Progressive_13,"['asia-southeast1-c_h100_16', 'asia-south2-b_h100_16', 'us-west1-b_h100_16', 'europe-west3-c_h100_16', 'us-west1-a_h100_16', 'us-east4-a_h100_16', 'europe-west1-c_h100_16', 'us-central1-c_h100_16', 'us-central1-b_h100_16', 'asia-southeast1-b_h100_16', 'us-central1-a_h100_16', 'us-east5-a_h100_16', 'us-east4-b_h100_16']",13,rc_cr_threshold,0,single_region,,europe-west3-c_h100_16,,43.19444444444445,50.0,0.2,1.2,51.833333333333336,155.5,True,True,['data/converted_multi_region_aligned_h100_16_merged'],3,2879.8662621439803,-1
Progressive_13,"['asia-southeast1-c_h100_16', 'asia-south2-b_h100_16', 'us-west1-b_h100_16', 'europe-west3-c_h100_16', 'us-west1-a_h100_16', 'us-east4-a_h100_16', 'europe-west1-c_h100_16', 'us-central1-c_h100_16', 'us-central1-b_h100_16', 'asia-southeast1-b_h100_16', 'us-central1-a_h100_16', 'us-east5-a_h100_16', 'us-east4-b_h100_16']",13,rc_cr_threshold,0,single_region,,us-west1-a_h100_16,,43.19444444444445,50.0,0.2,1.2,51.833333333333336,155.5,True,True,['data/converted_multi_region_aligned_h100_16_merged'],3,828.7500160000034,-1
Progressive_13,"['asia-southeast1-c_h100_16', 'asia-south2-b_h100_16', 'us-west1-b_h100_16', 'europe-west3-c_h100_16', 'us-west1-a_h100_16', 'us-east4-a_h100_16', 'europe-west1-c_h100_16', 'us-central1-c_h100_16', 'us-central1-b_h100_16', 'asia-southeast1-b_h100_16', 'us-central1-a_h100_16', 'us-east5-a_h100_16', 'us-east4-b_h100_16']",13,rc_cr_threshold,0,single_region,,us-east4-a_h100_16,,43.19444444444445,50.0,0.2,1.2,51.833333333333336,155.5,True,True,['data/converted_multi_region_aligned_h100_16_merged'],3,2414.6673413333347,-1
Progressive_13,"['asia-southeast1-c_h100_16', 'asia-south2-b_h100_16', 'us-west1-b_h100_16', 'europe-west3-c_h100_16', 'us-west1-a_h100_16', 'us-east4-a_h100_16', 'europe-west1-c_h100_16', 'us-central1-c_h100_16', 'us-central1-b_h100_16', 'asia-southeast1-b_h100_16', 'us-central1-a_h100_16', 'us-east5-a_h100_16', 'us-east4-b_h100_16']",13,rc_cr_threshold,0,single_region,,europe-west1-c_h100_16,,43.19444444444445,50.0,0.2,1.2,51.833333333333336,155.5,True,True,['data/converted_multi_region_aligned_h100_16_merged'],3,714.2259733333301,-1
Progressive_13,"['asia-southeast1-c_h100_16', 'asia-south2-b_h100_16', 'us-west1-b_h100_16', 'europe-west3-c_h100_16', 'us-west1-a_h100_16', 'us-east4-a_h100_16', 'europe-west1-c_h100_16', 'us-central1-c_h100_16', 'us-central1-b_h100_16', 'asia-southeast1-b_h100_16', 'us-central1-a_h100_16', 'us-east5-a_h100_16', 'us-east4-b_h100_16']",13,rc_cr_threshold,0,single_region,,us-central1-c_h100_16,,43.19444444444445,50.0,0.2,1.2,51.833333333333336,155.5,True,True,['data/converted_multi_region_aligned_h100_16_merged'],3,1059.5504438666728,-1
Progressive_13,"['asia-southeast1-c_h100_16', 'asia-south2-b_h100_16', 'us-west1-b_h100_16', 'europe-west3-c_h100_16', 'us-west1-a_h100_16', 'us-east4-a_h100_16', 'europe-west1-c_h100_16', 'us-central1-c_h100_16', 'us-central1-b_h100_16', 'asia-southeast1-b_h100_16', 'us-central1-a_h100_16', 'us-east5-a_h100_16', 'us-east4-b_h100_16']",13,rc_cr_threshold,0,single_region,,us-central1-b_h100_16,,43.19444444444445,50.0,0.2,1.2,51.833333333333336,155.5,True,True,['data/converted_multi_region_aligned_h100_16_merged'],3,1113.4658328466742,-1
Progressive_13,"['asia-southeast1-c_h100_16', 'asia-south2-b_h100_16', 'us-west1-b_h100_16', 'europe-west3-c_h100_16', 'us-west1-a_h100_16', 'us-east4-a_h100_16', 'europe-west1-c_h100_16', 'us-central1-c_h100_16', 'us-central1-b_h100_16', 'asia-southeast1-b_h100_16', 'us-central1-a_h100_16', 'us-east5-a_h100_16', 'us-east4-b_h100_16']",13,rc_cr_threshold,0,single_region,,asia-southeast1-b_h100_16,,43.19444444444445,50.0,0.2,1.2,51.833333333333336,155.5,True,True,['data/converted_multi_region_aligned_h100_16_merged'],3,837.6527039999982,-1
Progressive_13,"['asia-southeast1-c_h100_16', 'asia-south2-b_h100_16', 'us-west1-b_h100_16', 'europe-west3-c_h100_16', 'us-west1-a_h100_16', 'us-east4-a_h100_16', 'europe-west1-c_h100_16', 'us-central1-c_h100_16', 'us-central1-b_h100_16', 'asia-southeast1-b_h100_16', 'us-central1-a_h100_16', 'us-east5-a_h100_16', 'us-east4-b_h100_16']",13,rc_cr_threshold,0,single_region,,us-central1-a_h100_16,,43.19444444444445,50.0,0.2,1.2,51.833333333333336,155.5,True,True,['data/converted_multi_region_aligned_h100_16_merged'],3,835.0763520000035,-1
Progressive_13,"['asia-southeast1-c_h100_16', 'asia-south2-b_h100_16', 'us-west1-b_h100_16', 'europe-west3-c_h100_16', 'us-west1-a_h100_16', 'us-east4-a_h100_16', 'europe-west1-c_h100_16', 'us-central1-c_h100_16', 'us-central1-b_h100_16', 'asia-southeast1-b_h100_16', 'us-central1-a_h100_16', 'us-east5-a_h100_16', 'us-east4-b_h100_16']",13,rc_cr_threshold,0,single_region,,us-east5-a_h100_16,,43.19444444444445,50.0,0.2,1.2,51.833333333333336,155.5,True,True,['data/converted_multi_region_aligned_h100_16_merged'],3,1418.865493930678,-1
Progressive_13,"['asia-southeast1-c_h100_16', 'asia-south2-b_h100_16', 'us-west1-b_h100_16', 'europe-west3-c_h100_16', 'us-west1-a_h100_16', 'us-east4-a_h100_16', 'europe-west1-c_h100_16', 'us-central1-c_h100_16', 'us-central1-b_h100_16', 'asia-southeast1-b_h100_16', 'us-central1-a_h100_16', 'us-east5-a_h100_16', 'us-east4-b_h100_16']",13,rc_cr_threshold,0,single_region,,us-east4-b_h100_16,,43.19444444444445,50.0,0.2,1.2,51.833333333333336,155.5,True,True,['data/converted_multi_region_aligned_h100_16_merged'],3,648.6002133333357,0
Progressive_13,"['asia-southeast1-c_h100_16', 'asia-south2-b_h100_16', 'us-west1-b_h100_16', 'europe-west3-c_h100_16', 'us-west1-a_h100_16', 'us-east4-a_h100_16', 'europe-west1-c_h100_16', 'us-central1-c_h100_16', 'us-central1-b_h100_16', 'asia-southeast1-b_h100_16', 'us-central1-a_h100_16', 'us-east5-a_h100_16', 'us-east4-b_h100_16']",13,unified_cost_model_risk,0,multi_region,,,,43.19444444444445,50.0,0.2,1.2,51.833333333333336,207.33333333333334,True,True,['data/converted_multi_region_aligned_h100_16_merged'],4,707.7568859296032,10
Progressive_13,"['asia-southeast1-c_h100_16', 'asia-south2-b_h100_16', 'us-west1-b_h100_16', 'europe-west3-c_h100_16', 'us-west1-a_h100_16', 'us-east4-a_h100_16', 'europe-west1-c_h100_16', 'us-central1-c_h100_16', 'us-central1-b_h100_16', 'asia-southeast1-b_h100_16', 'us-central1-a_h100_16', 'us-east5-a_h100_16', 'us-east4-b_h100_16']",13,multi_region_oracle_dp,0,multi_region,,,,43.19444444444445,50.0,0.2,1.2,51.833333333333336,207.33333333333334,True,True,['data/converted_multi_region_aligned_h100_16_merged'],4,648.6002133333357,1
Progressive_13,"['asia-southeast1-c_h100_16', 'asia-south2-b_h100_16', 'us-west1-b_h100_16', 'europe-west3-c_h100_16', 'us-west1-a_h100_16', 'us-east4-a_h100_16', 'europe-west1-c_h100_16', 'us-central1-c_h100_16', 'us-central1-b_h100_16', 'asia-southeast1-b_h100_16', 'us-central1-a_h100_16', 'us-east5-a_h100_16', 'us-east4-b_h100_16']",13,unified_cost_model_oracle,0,multi_region,,,,43.19444444444445,50.0,0.2,1.2,51.833333333333336,207.33333333333334,True,True,['data/converted_multi_region_aligned_h100_16_merged'],4,667.1776853333358,4
Progressive_13,"['asia-southeast1-c_h100_16', 'asia-south2-b_h100_16', 'us-west1-b_h100_16', 'europe-west3-c_h100_16', 'us-west1-a_h100_16', 'us-east4-a_h100_16', 'europe-west1-c_h100_16', 'us-central1-c_h100_16', 'us-central1-b_h100_16', 'asia-southeast1-b_h100_16', 'us-central1-a_h100_16', 'us-east5-a_h100_16', 'us-east4-b_h100_16']",13,multi_region_rc_cr_threshold_eager_failover,0,multi_region,,,,43.19444444444445,50.0,0.2,1.2,51.833333333333336,207.33333333333334,True,True,['data/converted_multi_region_aligned_h100_16_merged'],4,717.4811413333374,7
Progressive_13,"['asia-southeast1-c_h100_16', 'asia-south2-b_h100_16', 'us-west1-b_h100_16', 'europe-west3-c_h100_16', 'us-west1-a_h100_16', 'us-east4-a_h100_16', 'europe-west1-c_h100_16', 'us-central1-c_h100_16', 'us-central1-b_h100_16', 'asia-southeast1-b_h100_16', 'us-central1-a_h100_16', 'us-east5-a_h100_16', 'us-east4-b_h100_16']",13,multi_region_availability_probe_simple,0,multi_region,,,,43.19444444444445,50.0,0.2,1.2,51.833333333333336,207.33333333333334,True,True,['data/converted_multi_region_aligned_h100_16_merged'],4,3085.0803774933534,0
Progressive_13,"['asia-southeast1-c_h100_16', 'asia-south2-b_h100_16', 'us-west1-b_h100_16', 'europe-west3-c_h100_16', 'us-west1-a_h100_16', 'us-east4-a_h100_16', 'europe-west1-c_h100_16', 'us-central1-c_h100_16', 'us-central1-b_h100_16', 'asia-southeast1-b_h100_16', 'us-central1-a_h100_16', 'us-east5-a_h100_16', 'us-east4-b_h100_16']",13,multi_region_probe_cost_ratio,0,multi_region,,,,43.19444444444445,50.0,0.2,1.2,51.833333333333336,207.33333333333334,True,True,['data/converted_multi_region_aligned_h100_16_merged'],4,906.563354832003,8
Progressive_13,"['asia-southeast1-c_h100_16', 'asia-south2-b_h100_16', 'us-west1-b_h100_16', 'europe-west3-c_h100_16', 'us-west1-a_h100_16', 'us-east4-a_h100_16', 'europe-west1-c_h100_16', 'us-central1-c_h100_16', 'us-central1-b_h100_16', 'asia-southeast1-b_h100_16', 'us-central1-a_h100_16', 'us-east5-a_h100_16', 'us-east4-b_h100_16']",13,rc_cr_threshold,0,single_region,,asia-southeast1-c_h100_16,,43.19444444444445,50.0,0.2,1.2,51.833333333333336,207.33333333333334,True,True,['data/converted_multi_region_aligned_h100_16_merged'],4,4409.416447615982,-1
Progressive_13,"['asia-southeast1-c_h100_16', 'asia-south2-b_h100_16', 'us-west1-b_h100_16', 'europe-west3-c_h100_16', 'us-west1-a_h100_16', 'us-east4-a_h100_16', 'europe-west1-c_h100_16', 'us-central1-c_h100_16', 'us-central1-b_h100_16', 'asia-southeast1-b_h100_16', 'us-central1-a_h100_16', 'us-east5-a_h100_16', 'us-east4-b_h100_16']",13,rc_cr_threshold,0,single_region,,asia-south2-b_h100_16,,43.19444444444445,50.0,0.2,1.2,51.833333333333336,207.33333333333334,True,True,['data/converted_multi_region_aligned_h100_16_merged'],4,3041.090036256015,-1
Progressive_13,"['asia-southeast1-c_h100_16', 'asia-south2-b_h100_16', 'us-west1-b_h100_16', 'europe-west3-c_h100_16', 'us-west1-a_h100_16', 'us-east4-a_h100_16', 'europe-west1-c_h100_16', 'us-central1-c_h100_16', 'us-central1-b_h100_16', 'asia-southeast1-b_h100_16', 'us-central1-a_h100_16', 'us-east5-a_h100_16', 'us-east4-b_h100_16']",13,rc_cr_threshold,0,single_region,,us-west1-b_h100_16,,43.19444444444445,50.0,0.2,1.2,51.833333333333336,207.33333333333334,True,True,['data/converted_multi_region_aligned_h100_16_merged'],4,3033.7543836199966,-1
Progressive_13,"['asia-southeast1-c_h100_16', 'asia-south2-b_h100_16', 'us-west1-b_h100_16', 'europe-west3-c_h100_16', 'us-west1-a_h100_16', 'us-east4-a_h100_16', 'europe-west1-c_h100_16', 'us-central1-c_h100_16', 'us-central1-b_h100_16', 'asia-southeast1-b_h100_16', 'us-central1-a_h100_16', 'us-east5-a_h100_16', 'us-east4-b_h100_16']",13,rc_cr_threshold,0,single_region,,europe-west3-c_h100_16,,43.19444444444445,50.0,0.2,1.2,51.833333333333336,207.33333333333334,True,True,['data/converted_multi_region_aligned_h100_16_merged'],4,2354.6698930559846,-1
Progressive_13,"['asia-southeast1-c_h100_16', 'asia-south2-b_h100_16', 'us-west1-b_h100_16', 'europe-west3-c_h100_16', 'us-west1-a_h100_16', 'us-east4-a_h100_16', 'europe-west1-c_h100_16', 'us-central1-c_h100_16', 'us-central1-b_h100_16', 'asia-southeast1-b_h100_16', 'us-central1-a_h100_16', 'us-east5-a_h100_16', 'us-east4-b_h100_16']",13,rc_cr_threshold,0,single_region,,us-west1-a_h100_16,,43.19444444444445,50.0,0.2,1.2,51.833333333333336,207.33333333333334,True,True,['data/converted_multi_region_aligned_h100_16_merged'],4,1099.8531268333402,-1
Progressive_13,"['asia-southeast1-c_h100_16', 'asia-south2-b_h100_16', 'us-west1-b_h100_16', 'europe-west3-c_h100_16', 'us-west1-a_h100_16', 'us-east4-a_h100_16', 'europe-west1-c_h100_16', 'us-central1-c_h100_16', 'us-central1-b_h100_16', 'asia-southeast1-b_h100_16', 'us-central1-a_h100_16', 'us-east5-a_h100_16', 'us-east4-b_h100_16']",13,rc_cr_threshold,0,single_region,,us-east4-a_h100_16,,43.19444444444445,50.0,0.2,1.2,51.833333333333336,207.33333333333334,True,True,['data/converted_multi_region_aligned_h100_16_merged'],4,2306.009798026656,-1
Progressive_13,"['asia-southeast1-c_h100_16', 'asia-south2-b_h100_16', 'us-west1-b_h100_16', 'europe-west3-c_h100_16', 'us-west1-a_h100_16', 'us-east4-a_h100_16', 'europe-west1-c_h100_16', 'us-central1-c_h100_16', 'us-central1-b_h100_16', 'asia-southeast1-b_h100_16', 'us-central1-a_h100_16', 'us-east5-a_h100_16', 'us-east4-b_h100_16']",13,rc_cr_threshold,0,single_region,,europe-west1-c_h100_16,,43.19444444444445,50.0,0.2,1.2,51.833333333333336,207.33333333333334,True,True,['data/converted_multi_region_aligned_h100_16_merged'],4,2051.208961802666,-1
Progressive_13,"['asia-southeast1-c_h100_16', 'asia-south2-b_h100_16', 'us-west1-b_h100_16', 'europe-west3-c_h100_16', 'us-west1-a_h100_16', 'us-east4-a_h100_16', 'europe-west1-c_h100_16', 'us-central1-c_h100_16', 'us-central1-b_h100_16', 'asia-southeast1-b_h100_16', 'us-central1-a_h100_16', 'us-east5-a_h100_16', 'us-east4-b_h100_16']",13,rc_cr_threshold,0,single_region,,us-central1-c_h100_16,,43.19444444444445,50.0,0.2,1.2,51.833333333333336,207.33333333333334,True,True,['data/converted_multi_region_aligned_h100_16_merged'],4,841.4026880000035,-1
Progressive_13,"['asia-southeast1-c_h100_16', 'asia-south2-b_h100_16', 'us-west1-b_h100_16', 'europe-west3-c_h100_16', 'us-west1-a_h100_16', 'us-east4-a_h100_16', 'europe-west1-c_h100_16', 'us-central1-c_h100_16', 'us-central1-b_h100_16', 'asia-southeast1-b_h100_16', 'us-central1-a_h100_16', 'us-east5-a_h100_16', 'us-east4-b_h100_16']",13,rc_cr_threshold,0,single_region,,us-central1-b_h100_16,,43.19444444444445,50.0,0.2,1.2,51.833333333333336,207.33333333333334,True,True,['data/converted_multi_region_aligned_h100_16_merged'],4,1065.8767798666736,-1
Progressive_13,"['asia-southeast1-c_h100_16', 'asia-south2-b_h100_16', 'us-west1-b_h100_16', 'europe-west3-c_h100_16', 'us-west1-a_h100_16', 'us-east4-a_h100_16', 'europe-west1-c_h100_16', 'us-central1-c_h100_16', 'us-central1-b_h100_16', 'asia-southeast1-b_h100_16', 'us-central1-a_h100_16', 'us-east5-a_h100_16', 'us-east4-b_h100_16']",13,rc_cr_threshold,0,single_region,,asia-southeast1-b_h100_16,,43.19444444444445,50.0,0.2,1.2,51.833333333333336,207.33333333333334,True,True,['data/converted_multi_region_aligned_h100_16_merged'],4,837.6527039999982,-1
Progressive_13,"['asia-southeast1-c_h100_16', 'asia-south2-b_h100_16', 'us-west1-b_h100_16', 'europe-west3-c_h100_16', 'us-west1-a_h100_16', 'us-east4-a_h100_16', 'europe-west1-c_h100_16', 'us-central1-c_h100_16', 'us-central1-b_h100_16', 'asia-southeast1-b_h100_16', 'us-central1-a_h100_16', 'us-east5-a_h100_16', 'us-east4-b_h100_16']",13,rc_cr_threshold,0,single_region,,us-central1-a_h100_16,,43.19444444444445,50.0,0.2,1.2,51.833333333333336,207.33333333333334,True,True,['data/converted_multi_region_aligned_h100_16_merged'],4,828.7500160000034,-1
Progressive_13,"['asia-southeast1-c_h100_16', 'asia-south2-b_h100_16', 'us-west1-b_h100_16', 'europe-west3-c_h100_16', 'us-west1-a_h100_16', 'us-east4-a_h100_16', 'europe-west1-c_h100_16', 'us-central1-c_h100_16', 'us-central1-b_h100_16', 'asia-southeast1-b_h100_16', 'us-central1-a_h100_16', 'us-east5-a_h100_16', 'us-east4-b_h100_16']",13,rc_cr_threshold,0,single_region,,us-east5-a_h100_16,,43.19444444444445,50.0,0.2,1.2,51.833333333333336,207.33333333333334,True,True,['data/converted_multi_region_aligned_h100_16_merged'],4,1051.696242303998,-1
Progressive_13,"['asia-southeast1-c_h100_16', 'asia-south2-b_h100_16', 'us-west1-b_h100_16', 'europe-west3-c_h100_16', 'us-west1-a_h100_16', 'us-east4-a_h100_16', 'europe-west1-c_h100_16', 'us-central1-c_h100_16', 'us-central1-b_h100_16', 'asia-southeast1-b_h100_16', 'us-central1-a_h100_16', 'us-east5-a_h100_16', 'us-east4-b_h100_16']",13,rc_cr_threshold,0,single_region,,us-east4-b_h100_16,,43.19444444444445,50.0,0.2,1.2,51.833333333333336,207.33333333333334,True,True,['data/converted_multi_region_aligned_h100_16_merged'],4,665.9292266666694,0
Progressive_13,"['asia-southeast1-c_h100_16', 'asia-south2-b_h100_16', 'us-west1-b_h100_16', 'europe-west3-c_h100_16', 'us-west1-a_h100_16', 'us-east4-a_h100_16', 'europe-west1-c_h100_16', 'us-central1-c_h100_16', 'us-central1-b_h100_16', 'asia-southeast1-b_h100_16', 'us-central1-a_h100_16', 'us-east5-a_h100_16', 'us-east4-b_h100_16']",13,unified_cost_model_risk,0,multi_region,,,,43.19444444444445,50.0,0.2,1.2,51.833333333333336,259.1666666666667,True,True,['data/converted_multi_region_aligned_h100_16_merged'],5,692.6450923295965,2
Progressive_13,"['asia-southeast1-c_h100_16', 'asia-south2-b_h100_16', 'us-west1-b_h100_16', 'europe-west3-c_h100_16', 'us-west1-a_h100_16', 'us-east4-a_h100_16', 'europe-west1-c_h100_16', 'us-central1-c_h100_16', 'us-central1-b_h100_16', 'asia-southeast1-b_h100_16', 'us-central1-a_h100_16', 'us-east5-a_h100_16', 'us-east4-b_h100_16']",13,multi_region_oracle_dp,0,multi_region,,,,43.19444444444445,50.0,0.2,1.2,51.833333333333336,259.1666666666667,True,True,['data/converted_multi_region_aligned_h100_16_merged'],5,648.6002133333357,1
Progressive_13,"['asia-southeast1-c_h100_16', 'asia-south2-b_h100_16', 'us-west1-b_h100_16', 'europe-west3-c_h100_16', 'us-west1-a_h100_16', 'us-east4-a_h100_16', 'europe-west1-c_h100_16', 'us-central1-c_h100_16', 'us-central1-b_h100_16', 'asia-southeast1-b_h100_16', 'us-central1-a_h100_16', 'us-east5-a_h100_16', 'us-east4-b_h100_16']",13,unified_cost_model_oracle,0,multi_region,,,,43.19444444444445,50.0,0.2,1.2,51.833333333333336,259.1666666666667,True,True,['data/converted_multi_region_aligned_h100_16_merged'],5,691.4595999999965,1
Progressive_13,"['asia-southeast1-c_h100_16', 'asia-south2-b_h100_16', 'us-west1-b_h100_16', 'europe-west3-c_h100_16', 'us-west1-a_h100_16', 'us-east4-a_h100_16', 'europe-west1-c_h100_16', 'us-central1-c_h100_16', 'us-central1-b_h100_16', 'asia-southeast1-b_h100_16', 'us-central1-a_h100_16', 'us-east5-a_h100_16', 'us-east4-b_h100_16']",13,multi_region_rc_cr_threshold_eager_failover,0,multi_region,,,,43.19444444444445,50.0,0.2,1.2,51.833333333333336,259.1666666666667,True,True,['data/converted_multi_region_aligned_h100_16_merged'],5,691.4595999999965,1
Progressive_13,"['asia-southeast1-c_h100_16', 'asia-south2-b_h100_16', 'us-west1-b_h100_16', 'europe-west3-c_h100_16', 'us-west1-a_h100_16', 'us-east4-a_h100_16', 'europe-west1-c_h100_16', 'us-central1-c_h100_16', 'us-central1-b_h100_16', 'asia-southeast1-b_h100_16', 'us-central1-a_h100_16', 'us-east5-a_h100_16', 'us-east4-b_h100_16']",13,multi_region_availability_probe_simple,0,multi_region,,,,43.19444444444445,50.0,0.2,1.2,51.833333333333336,259.1666666666667,True,True,['data/converted_multi_region_aligned_h100_16_merged'],5,927.0836077845303,0
Progressive_13,"['asia-southeast1-c_h100_16', 'asia-south2-b_h100_16', 'us-west1-b_h100_16', 'europe-west3-c_h100_16', 'us-west1-a_h100_16', 'us-east4-a_h100_16', 'europe-west1-c_h100_16', 'us-central1-c_h100_16', 'us-central1-b_h100_16', 'asia-southeast1-b_h100_16', 'us-central1-a_h100_16', 'us-east5-a_h100_16', 'us-east4-b_h100_16']",13,multi_region_probe_cost_ratio,0,multi_region,,,,43.19444444444445,50.0,0.2,1.2,51.833333333333336,259.1666666666667,True,True,['data/converted_multi_region_aligned_h100_16_merged'],5,873.1797665023962,2
Progressive_13,"['asia-southeast1-c_h100_16', 'asia-south2-b_h100_16', 'us-west1-b_h100_16', 'europe-west3-c_h100_16', 'us-west1-a_h100_16', 'us-east4-a_h100_16', 'europe-west1-c_h100_16', 'us-central1-c_h100_16', 'us-central1-b_h100_16', 'asia-southeast1-b_h100_16', 'us-central1-a_h100_16', 'us-east5-a_h100_16', 'us-east4-b_h100_16']",13,rc_cr_threshold,0,single_region,,asia-southeast1-c_h100_16,,43.19444444444445,50.0,0.2,1.2,51.833333333333336,259.1666666666667,True,True,['data/converted_multi_region_aligned_h100_16_merged'],5,837.6527039999982,-1
Progressive_13,"['asia-southeast1-c_h100_16', 'asia-south2-b_h100_16', 'us-west1-b_h100_16', 'europe-west3-c_h100_16', 'us-west1-a_h100_16', 'us-east4-a_h100_16', 'europe-west1-c_h100_16', 'us-central1-c_h100_16', 'us-central1-b_h100_16', 'asia-southeast1-b_h100_16', 'us-central1-a_h100_16', 'us-east5-a_h100_16', 'us-east4-b_h100_16']",13,rc_cr_threshold,0,single_region,,asia-south2-b_h100_16,,43.19444444444445,50.0,0.2,1.2,51.833333333333336,259.1666666666667,True,True,['data/converted_multi_region_aligned_h100_16_merged'],5,3041.090036256015,-1
Progressive_13,"['asia-southeast1-c_h100_16', 'asia-south2-b_h100_16', 'us-west1-b_h100_16', 'europe-west3-c_h100_16', 'us-west1-a_h100_16', 'us-east4-a_h100_16', 'europe-west1-c_h100_16', 'us-central1-c_h100_16', 'us-central1-b_h100_16', 'asia-southeast1-b_h100_16', 'us-central1-a_h100_16', 'us-east5-a_h100_16', 'us-east4-b_h100_16']",13,rc_cr_threshold,0,single_region,,us-west1-b_h100_16,,43.19444444444445,50.0,0.2,1.2,51.833333333333336,259.1666666666667,True,True,['data/converted_multi_region_aligned_h100_16_merged'],5,2020.9932372933315,-1
Progressive_13,"['asia-southeast1-c_h100_16', 'asia-south2-b_h100_16', 'us-west1-b_h100_16', 'europe-west3-c_h100_16', 'us-west1-a_h100_16', 'us-east4-a_h100_16', 'europe-west1-c_h100_16', 'us-central1-c_h100_16', 'us-central1-b_h100_16', 'asia-southeast1-b_h100_16', 'us-central1-a_h100_16', 'us-east5-a_h100_16', 'us-east4-b_h100_16']",13,rc_cr_threshold,0,single_region,,europe-west3-c_h100_16,,43.19444444444445,50.0,0.2,1.2,51.833333333333336,259.1666666666667,True,True,['data/converted_multi_region_aligned_h100_16_merged'],5,762.5208959999959,-1
Progressive_13,"['asia-southeast1-c_h100_16', 'asia-south2-b_h100_16', 'us-west1-b_h100_16', 'europe-west3-c_h100_16', 'us-west1-a_h100_16', 'us-east4-a_h100_16', 'europe-west1-c_h100_16', 'us-central1-c_h100_16', 'us-central1-b_h100_16', 'asia-southeast1-b_h100_16', 'us-central1-a_h100_16', 'us-east5-a_h100_16', 'us-east4-b_h100_16']",13,rc_cr_threshold,0,single_region,,us-west1-a_h100_16,,43.19444444444445,50.0,0.2,1.2,51.833333333333336,259.1666666666667,True,True,['data/converted_multi_region_aligned_h100_16_merged'],5,2356.744341079999,-1
Progressive_13,"['asia-southeast1-c_h100_16', 'asia-south2-b_h100_16', 'us-west1-b_h100_16', 'europe-west3-c_h100_16', 'us-west1-a_h100_16', 'us-east4-a_h100_16', 'europe-west1-c_h100_16', 'us-central1-c_h100_16', 'us-central1-b_h100_16', 'asia-southeast1-b_h100_16', 'us-central1-a_h100_16', 'us-east5-a_h100_16', 'us-east4-b_h100_16']",13,rc_cr_threshold,0,single_region,,us-east4-a_h100_16,,43.19444444444445,50.0,0.2,1.2,51.833333333333336,259.1666666666667,True,True,['data/converted_multi_region_aligned_h100_16_merged'],5,1024.0937989333413,-1
Progressive_13,"['asia-southeast1-c_h100_16', 'asia-south2-b_h100_16', 'us-west1-b_h100_16', 'europe-west3-c_h100_16', 'us-west1-a_h100_16', 'us-east4-a_h100_16', 'europe-west1-c_h100_16', 'us-central1-c_h100_16', 'us-central1-b_h100_16', 'asia-southeast1-b_h100_16', 'us-central1-a_h100_16', 'us-east5-a_h100_16', 'us-east4-b_h100_16']",13,rc_cr_threshold,0,single_region,,europe-west1-c_h100_16,,43.19444444444445,50.0,0.2,1.2,51.833333333333336,259.1666666666667,True,True,['data/converted_multi_region_aligned_h100_16_merged'],5,711.4999199999968,-1
Progressive_13,"['asia-southeast1-c_h100_16', 'asia-south2-b_h100_16', 'us-west1-b_h100_16', 'europe-west3-c_h100_16', 'us-west1-a_h100_16', 'us-east4-a_h100_16', 'europe-west1-c_h100_16', 'us-central1-c_h100_16', 'us-central1-b_h100_16', 'asia-southeast1-b_h100_16', 'us-central1-a_h100_16', 'us-east5-a_h100_16', 'us-east4-b_h100_16']",13,rc_cr_threshold,0,single_region,,us-central1-c_h100_16,,43.19444444444445,50.0,0.2,1.2,51.833333333333336,259.1666666666667,True,True,['data/converted_multi_region_aligned_h100_16_merged'],5,835.0763520000035,-1
Progressive_13,"['asia-southeast1-c_h100_16', 'asia-south2-b_h100_16', 'us-west1-b_h100_16', 'europe-west3-c_h100_16', 'us-west1-a_h100_16', 'us-east4-a_h100_16', 'europe-west1-c_h100_16', 'us-central1-c_h100_16', 'us-central1-b_h100_16', 'asia-southeast1-b_h100_16', 'us-central1-a_h100_16', 'us-east5-a_h100_16', 'us-east4-b_h100_16']",13,rc_cr_threshold,0,single_region,,us-central1-b_h100_16,,43.19444444444445,50.0,0.2,1.2,51.833333333333336,259.1666666666667,True,True,['data/converted_multi_region_aligned_h100_16_merged'],5,835.0763520000035,-1
Progressive_13,"['asia-southeast1-c_h100_16', 'asia-south2-b_h100_16', 'us-west1-b_h100_16', 'europe-west3-c_h100_16', 'us-west1-a_h100_16', 'us-east4-a_h100_16', 'europe-west1-c_h100_16', 'us-central1-c_h100_16', 'us-central1-b_h100_16', 'asia-southeast1-b_h100_16', 'us-central1-a_h100_16', 'us-east5-a_h100_16', 'us-east4-b_h100_16']",13,rc_cr_threshold,0,single_region,,asia-southeast1-b_h100_16,,43.19444444444445,50.0,0.2,1.2,51.833333333333336,259.1666666666667,True,True,['data/converted_multi_region_aligned_h100_16_merged'],5,837.6527039999982,-1
Progressive_13,"['asia-southeast1-c_h100_16', 'asia-south2-b_h100_16', 'us-west1-b_h100_16', 'europe-west3-c_h100_16', 'us-west1-a_h100_16', 'us-east4-a_h100_16', 'europe-west1-c_h100_16', 'us-central1-c_h100_16', 'us-central1-b_h100_16', 'asia-southeast1-b_h100_16', 'us-central1-a_h100_16', 'us-east5-a_h100_16', 'us-east4-b_h100_16']",13,rc_cr_threshold,0,single_region,,us-central1-a_h100_16,,43.19444444444445,50.0,0.2,1.2,51.833333333333336,259.1666666666667,True,True,['data/converted_multi_region_aligned_h100_16_merged'],5,828.7500160000034,-1
Progressive_13,"['asia-southeast1-c_h100_16', 'asia-south2-b_h100_16', 'us-west1-b_h100_16', 'europe-west3-c_h100_16', 'us-west1-a_h100_16', 'us-east4-a_h100_16', 'europe-west1-c_h100_16', 'us-central1-c_h100_16', 'us-central1-b_h100_16', 'asia-southeast1-b_h100_16', 'us-central1-a_h100_16', 'us-east5-a_h100_16', 'us-east4-b_h100_16']",13,rc_cr_threshold,0,single_region,,us-east5-a_h100_16,,43.19444444444445,50.0,0.2,1.2,51.833333333333336,259.1666666666667,True,True,['data/converted_multi_region_aligned_h100_16_merged'],5,1011.1147694719954,-1
Progressive_13,"['asia-southeast1-c_h100_16', 'asia-south2-b_h100_16', 'us-west1-b_h100_16', 'europe-west3-c_h100_16', 'us-west1-a_h100_16', 'us-east4-a_h100_16', 'europe-west1-c_h100_16', 'us-central1-c_h100_16', 'us-central1-b_h100_16', 'asia-southeast1-b_h100_16', 'us-central1-a_h100_16', 'us-east5-a_h100_16', 'us-east4-b_h100_16']",13,rc_cr_threshold,0,single_region,,us-east4-b_h100_16,,43.19444444444445,50.0,0.2,1.2,51.833333333333336,259.1666666666667,True,True,['data/converted_multi_region_aligned_h100_16_merged'],5,653.5513600000024,0
Progressive_1,['asia-southeast1-c_h100_16'],1,rc_cr_threshold,0,trace_mode_baseline,best_single,asia-southeast1-c_h100_16,,43.19444444444445,50.0,0.2,1.2,51.833333333333336,0.0,True,True,['data/converted_multi_region_aligned_h100_16_merged'],0,2922.9927246435477,0
Progressive_1,['asia-southeast1-c_h100_16'],1,rc_cr_threshold,0,trace_mode_baseline,average_single,asia-southeast1-c_h100_16,,43.19444444444445,50.0,0.2,1.2,51.833333333333336,0.0,True,True,['data/converted_multi_region_aligned_h100_16_merged'],0,2922.9927246435477,0
Progressive_2,"['asia-southeast1-c_h100_16', 'asia-south2-b_h100_16']",2,rc_cr_threshold,0,trace_mode_baseline,best_single,asia-southeast1-c_h100_16,,43.19444444444445,50.0,0.2,1.2,51.833333333333336,0.0,True,True,['data/converted_multi_region_aligned_h100_16_merged'],0,2922.9927246435477,0
Progressive_2,"['asia-southeast1-c_h100_16', 'asia-south2-b_h100_16']",2,rc_cr_threshold,0,trace_mode_baseline,average_single,asia-southeast1-c_h100_16,,43.19444444444445,50.0,0.2,1.2,51.833333333333336,0.0,True,True,['data/converted_multi_region_aligned_h100_16_merged'],0,2982.041380449781,0
Progressive_3,"['asia-southeast1-c_h100_16', 'asia-south2-b_h100_16', 'us-west1-b_h100_16']",3,rc_cr_threshold,0,trace_mode_baseline,best_single,asia-southeast1-c_h100_16,,43.19444444444445,50.0,0.2,1.2,51.833333333333336,0.0,True,True,['data/converted_multi_region_aligned_h100_16_merged'],0,2922.9927246435477,0
Progressive_3,"['asia-southeast1-c_h100_16', 'asia-south2-b_h100_16', 'us-west1-b_h100_16']",3,rc_cr_threshold,0,trace_mode_baseline,average_single,asia-southeast1-c_h100_16,,43.19444444444445,50.0,0.2,1.2,51.833333333333336,0.0,True,True,['data/converted_multi_region_aligned_h100_16_merged'],0,3060.677380749852,0
Progressive_4,"['asia-southeast1-c_h100_16', 'asia-south2-b_h100_16', 'us-west1-b_h100_16', 'europe-west3-c_h100_16']",4,rc_cr_threshold,0,trace_mode_baseline,best_single,asia-southeast1-c_h100_16,,43.19444444444445,50.0,0.2,1.2,51.833333333333336,0.0,True,True,['data/converted_multi_region_aligned_h100_16_merged'],0,2922.9927246435477,0
Progressive_4,"['asia-southeast1-c_h100_16', 'asia-south2-b_h100_16', 'us-west1-b_h100_16', 'europe-west3-c_h100_16']",4,rc_cr_threshold,0,trace_mode_baseline,average_single,asia-southeast1-c_h100_16,,43.19444444444445,50.0,0.2,1.2,51.833333333333336,0.0,True,True,['data/converted_multi_region_aligned_h100_16_merged'],0,3035.1397054157205,0
Progressive_5,"['asia-southeast1-c_h100_16', 'asia-south2-b_h100_16', 'us-west1-b_h100_16', 'europe-west3-c_h100_16', 'us-west1-a_h100_16']",5,rc_cr_threshold,0,trace_mode_baseline,best_single,asia-southeast1-c_h100_16,,43.19444444444445,50.0,0.2,1.2,51.833333333333336,0.0,True,True,['data/converted_multi_region_aligned_h100_16_merged'],0,1967.9065816288892,0
Progressive_5,"['asia-southeast1-c_h100_16', 'asia-south2-b_h100_16', 'us-west1-b_h100_16', 'europe-west3-c_h100_16', 'us-west1-a_h100_16']",5,rc_cr_threshold,0,trace_mode_baseline,average_single,asia-southeast1-c_h100_16,,43.19444444444445,50.0,0.2,1.2,51.833333333333336,0.0,True,True,['data/converted_multi_region_aligned_h100_16_merged'],0,2821.693080658354,0
Progressive_6,"['asia-southeast1-c_h100_16', 'asia-south2-b_h100_16', 'us-west1-b_h100_16', 'europe-west3-c_h100_16', 'us-west1-a_h100_16', 'us-east4-a_h100_16']",6,rc_cr_threshold,0,trace_mode_baseline,best_single,asia-southeast1-c_h100_16,,43.19444444444445,50.0,0.2,1.2,51.833333333333336,0.0,True,True,['data/converted_multi_region_aligned_h100_16_merged'],0,1284.6500986044455,0
Progressive_6,"['asia-southeast1-c_h100_16', 'asia-south2-b_h100_16', 'us-west1-b_h100_16', 'europe-west3-c_h100_16', 'us-west1-a_h100_16', 'us-east4-a_h100_16']",6,rc_cr_threshold,0,trace_mode_baseline,average_single,asia-southeast1-c_h100_16,,43.19444444444445,50.0,0.2,1.2,51.833333333333336,0.0,True,True,['data/converted_multi_region_aligned_h100_16_merged'],0,2565.519250316036,0
Progressive_7,"['asia-southeast1-c_h100_16', 'asia-south2-b_h100_16', 'us-west1-b_h100_16', 'europe-west3-c_h100_16', 'us-west1-a_h100_16', 'us-east4-a_h100_16', 'europe-west1-c_h100_16']",7,rc_cr_threshold,0,trace_mode_baseline,best_single,asia-southeast1-c_h100_16,,43.19444444444445,50.0,0.2,1.2,51.833333333333336,0.0,True,True,['data/converted_multi_region_aligned_h100_16_merged'],0,1112.9380759644416,0
Progressive_7,"['asia-southeast1-c_h100_16', 'asia-south2-b_h100_16', 'us-west1-b_h100_16', 'europe-west3-c_h100_16', 'us-west1-a_h100_16', 'us-east4-a_h100_16', 'europe-west1-c_h100_16']",7,rc_cr_threshold,0,trace_mode_baseline,average_single,asia-southeast1-c_h100_16,,43.19444444444445,50.0,0.2,1.2,51.833333333333336,0.0,True,True,['data/converted_multi_region_aligned_h100_16_merged'],0,2358.007653980094,0
Progressive_8,"['asia-southeast1-c_h100_16', 'asia-south2-b_h100_16', 'us-west1-b_h100_16', 'europe-west3-c_h100_16', 'us-west1-a_h100_16', 'us-east4-a_h100_16', 'europe-west1-c_h100_16', 'us-central1-c_h100_16']",8,rc_cr_threshold,0,trace_mode_baseline,best_single,asia-southeast1-c_h100_16,,43.19444444444445,50.0,0.2,1.2,51.833333333333336,0.0,True,True,['data/converted_multi_region_aligned_h100_16_merged'],0,1108.744669676672,0
Progressive_8,"['asia-southeast1-c_h100_16', 'asia-south2-b_h100_16', 'us-west1-b_h100_16', 'europe-west3-c_h100_16', 'us-west1-a_h100_16', 'us-east4-a_h100_16', 'europe-west1-c_h100_16', 'us-central1-c_h100_16']",8,rc_cr_threshold,0,trace_mode_baseline,average_single,asia-southeast1-c_h100_16,,43.19444444444445,50.0,0.2,1.2,51.833333333333336,0.0,True,True,['data/converted_multi_region_aligned_h100_16_merged'],0,2201.849780942166,0
Progressive_9,"['asia-southeast1-c_h100_16', 'asia-south2-b_h100_16', 'us-west1-b_h100_16', 'europe-west3-c_h100_16', 'us-west1-a_h100_16', 'us-east4-a_h100_16', 'europe-west1-c_h100_16', 'us-central1-c_h100_16', 'us-central1-b_h100_16']",9,rc_cr_threshold,0,trace_mode_baseline,best_single,asia-southeast1-c_h100_16,,43.19444444444445,50.0,0.2,1.2,51.833333333333336,0.0,True,True,['data/converted_multi_region_aligned_h100_16_merged'],0,1108.744669676672,0
Progressive_9,"['asia-southeast1-c_h100_16', 'asia-south2-b_h100_16', 'us-west1-b_h100_16', 'europe-west3-c_h100_16', 'us-west1-a_h100_16', 'us-east4-a_h100_16', 'europe-west1-c_h100_16', 'us-central1-c_h100_16', 'us-central1-b_h100_16']",9,rc_cr_threshold,0,trace_mode_baseline,average_single,asia-southeast1-c_h100_16,,43.19444444444445,50.0,0.2,1.2,51.833333333333336,0.0,True,True,['data/converted_multi_region_aligned_h100_16_merged'],0,2086.491495149827,0
Progressive_10,"['asia-southeast1-c_h100_16', 'asia-south2-b_h100_16', 'us-west1-b_h100_16', 'europe-west3-c_h100_16', 'us-west1-a_h100_16', 'us-east4-a_h100_16', 'europe-west1-c_h100_16', 'us-central1-c_h100_16', 'us-central1-b_h100_16', 'asia-southeast1-b_h100_16']",10,rc_cr_threshold,0,trace_mode_baseline,best_single,asia-southeast1-c_h100_16,,43.19444444444445,50.0,0.2,1.2,51.833333333333336,0.0,True,True,['data/converted_multi_region_aligned_h100_16_merged'],0,1108.744669676672,0
Progressive_10,"['asia-southeast1-c_h100_16', 'asia-south2-b_h100_16', 'us-west1-b_h100_16', 'europe-west3-c_h100_16', 'us-west1-a_h100_16', 'us-east4-a_h100_16', 'europe-west1-c_h100_16', 'us-central1-c_h100_16', 'us-central1-b_h100_16', 'asia-southeast1-b_h100_16']",10,rc_cr_threshold,0,trace_mode_baseline,average_single,asia-southeast1-c_h100_16,,43.19444444444445,50.0,0.2,1.2,51.833333333333336,0.0,True,True,['data/converted_multi_region_aligned_h100_16_merged'],0,2062.3787812510227,0
Progressive_11,"['asia-southeast1-c_h100_16', 'asia-south2-b_h100_16', 'us-west1-b_h100_16', 'europe-west3-c_h100_16', 'us-west1-a_h100_16', 'us-east4-a_h100_16', 'europe-west1-c_h100_16', 'us-central1-c_h100_16', 'us-central1-b_h100_16', 'asia-southeast1-b_h100_16', 'us-central1-a_h100_16']",11,rc_cr_threshold,0,trace_mode_baseline,best_single,asia-southeast1-c_h100_16,,43.19444444444445,50.0,0.2,1.2,51.833333333333336,0.0,True,True,['data/converted_multi_region_aligned_h100_16_merged'],0,986.5145139066717,0
Progressive_11,"['asia-southeast1-c_h100_16', 'asia-south2-b_h100_16', 'us-west1-b_h100_16', 'europe-west3-c_h100_16', 'us-west1-a_h100_16', 'us-east4-a_h100_16', 'europe-west1-c_h100_16', 'us-central1-c_h100_16', 'us-central1-b_h100_16', 'asia-southeast1-b_h100_16', 'us-central1-a_h100_16']",11,rc_cr_threshold,0,trace_mode_baseline,average_single,asia-southeast1-c_h100_16,,43.19444444444445,50.0,0.2,1.2,51.833333333333336,0.0,True,True,['data/converted_multi_region_aligned_h100_16_merged'],0,1964.5729387651722,0
Progressive_12,"['asia-southeast1-c_h100_16', 'asia-south2-b_h100_16', 'us-west1-b_h100_16', 'europe-west3-c_h100_16', 'us-west1-a_h100_16', 'us-east4-a_h100_16', 'europe-west1-c_h100_16', 'us-central1-c_h100_16', 'us-central1-b_h100_16', 'asia-southeast1-b_h100_16', 'us-central1-a_h100_16', 'us-east5-a_h100_16']",12,rc_cr_threshold,0,trace_mode_baseline,best_single,asia-southeast1-c_h100_16,,43.19444444444445,50.0,0.2,1.2,51.833333333333336,0.0,True,True,['data/converted_multi_region_aligned_h100_16_merged'],0,986.5145139066717,0
Progressive_12,"['asia-southeast1-c_h100_16', 'asia-south2-b_h100_16', 'us-west1-b_h100_16', 'europe-west3-c_h100_16', 'us-west1-a_h100_16', 'us-east4-a_h100_16', 'europe-west1-c_h100_16', 'us-central1-c_h100_16', 'us-central1-b_h100_16', 'asia-southeast1-b_h100_16', 'us-central1-a_h100_16', 'us-east5-a_h100_16']",12,rc_cr_threshold,0,trace_mode_baseline,average_single,asia-southeast1-c_h100_16,,43.19444444444445,50.0,0.2,1.2,51.833333333333336,0.0,True,True,['data/converted_multi_region_aligned_h100_16_merged'],0,1923.3014825818527,0
Progressive_13,"['asia-southeast1-c_h100_16', 'asia-south2-b_h100_16', 'us-west1-b_h100_16', 'europe-west3-c_h100_16', 'us-west1-a_h100_16', 'us-east4-a_h100_16', 'europe-west1-c_h100_16', 'us-central1-c_h100_16', 'us-central1-b_h100_16', 'asia-southeast1-b_h100_16', 'us-central1-a_h100_16', 'us-east5-a_h100_16', 'us-east4-b_h100_16']",13,rc_cr_threshold,0,trace_mode_baseline,best_single,asia-southeast1-c_h100_16,,43.19444444444445,50.0,0.2,1.2,51.833333333333336,0.0,True,True,['data/converted_multi_region_aligned_h100_16_merged'],0,926.5763356266715,0
Progressive_13,"['asia-southeast1-c_h100_16', 'asia-south2-b_h100_16', 'us-west1-b_h100_16', 'europe-west3-c_h100_16', 'us-west1-a_h100_16', 'us-east4-a_h100_16', 'europe-west1-c_h100_16', 'us-central1-c_h100_16', 'us-central1-b_h100_16', 'asia-southeast1-b_h100_16', 'us-central1-a_h100_16', 'us-east5-a_h100_16', 'us-east4-b_h100_16']",13,rc_cr_threshold,0,trace_mode_baseline,average_single,asia-southeast1-c_h100_16,,43.19444444444445,50.0,0.2,1.2,51.833333333333336,0.0,True,True,['data/converted_multi_region_aligned_h100_16_merged'],0,1846.6303174314542,0
