scenario_name,regions_in_scenario,num_regions,strategy,trace_index,task_type,trace_mode,region,strategy_file,task_duration,checkpoint_size,restart_overhead,deadline_ratio,deadline_hours,env_start_hours,use_full_trace,enforce_window_bound,data_paths,window_index,cost,migrations
US Only (8),"['us-central1-a_h100_16', 'us-central1-b_h100_16', 'us-central1-c_h100_16', 'us-east4-a_h100_16', 'us-east4-b_h100_16', 'us-east5-a_h100_16', 'us-west1-a_h100_16', 'us-west1-b_h100_16']",8,unified_cost_model_risk,0,multi_region,,,,43.19444444444445,50.0,0.2,1.2,51.833333333333336,0.0,True,True,['data/converted_multi_region_aligned_h100_16_merged'],0,656.291946666669,2
US Only (8),"['us-central1-a_h100_16', 'us-central1-b_h100_16', 'us-central1-c_h100_16', 'us-east4-a_h100_16', 'us-east4-b_h100_16', 'us-east5-a_h100_16', 'us-west1-a_h100_16', 'us-west1-b_h100_16']",8,multi_region_oracle_dp,0,multi_region,,,,43.19444444444445,50.0,0.2,1.2,51.833333333333336,0.0,True,True,['data/converted_multi_region_aligned_h100_16_merged'],0,646.1246400000023,0
US Only (8),"['us-central1-a_h100_16', 'us-central1-b_h100_16', 'us-central1-c_h100_16', 'us-east4-a_h100_16', 'us-east4-b_h100_16', 'us-east5-a_h100_16', 'us-west1-a_h100_16', 'us-west1-b_h100_16']",8,unified_cost_model_oracle,0,multi_region,,,,43.19444444444445,50.0,0.2,1.2,51.833333333333336,0.0,True,True,['data/converted_multi_region_aligned_h100_16_merged'],0,654.7257813333357,2
US Only (8),"['us-central1-a_h100_16', 'us-central1-b_h100_16', 'us-central1-c_h100_16', 'us-east4-a_h100_16', 'us-east4-b_h100_16', 'us-east5-a_h100_16', 'us-west1-a_h100_16', 'us-west1-b_h100_16']",8,multi_region_rc_cr_threshold_eager_failover,0,multi_region,,,,43.19444444444445,50.0,0.2,1.2,51.833333333333336,0.0,True,True,['data/converted_multi_region_aligned_h100_16_merged'],0,653.4101333333356,2
US Only (8),"['us-central1-a_h100_16', 'us-central1-b_h100_16', 'us-central1-c_h100_16', 'us-east4-a_h100_16', 'us-east4-b_h100_16', 'us-east5-a_h100_16', 'us-west1-a_h100_16', 'us-west1-b_h100_16']",8,multi_region_availability_probe_simple,0,multi_region,,,,43.19444444444445,50.0,0.2,1.2,51.833333333333336,0.0,True,True,['data/converted_multi_region_aligned_h100_16_merged'],0,818.5006304000023,6
US Only (8),"['us-central1-a_h100_16', 'us-central1-b_h100_16', 'us-central1-c_h100_16', 'us-east4-a_h100_16', 'us-east4-b_h100_16', 'us-east5-a_h100_16', 'us-west1-a_h100_16', 'us-west1-b_h100_16']",8,multi_region_probe_cost_ratio,0,multi_region,,,,43.19444444444445,50.0,0.2,1.2,51.833333333333336,0.0,True,True,['data/converted_multi_region_aligned_h100_16_merged'],0,739.4028832000022,2
US Only (8),"['us-central1-a_h100_16', 'us-central1-b_h100_16', 'us-central1-c_h100_16', 'us-east4-a_h100_16', 'us-east4-b_h100_16', 'us-east5-a_h100_16', 'us-west1-a_h100_16', 'us-west1-b_h100_16']",8,rc_cr_threshold,0,single_region,,us-central1-a_h100_16,,43.19444444444445,50.0,0.2,1.2,51.833333333333336,0.0,True,True,['data/converted_multi_region_aligned_h100_16_merged'],0,1145.3805788066745,0
US Only (8),"['us-central1-a_h100_16', 'us-central1-b_h100_16', 'us-central1-c_h100_16', 'us-east4-a_h100_16', 'us-east4-b_h100_16', 'us-east5-a_h100_16', 'us-west1-a_h100_16', 'us-west1-b_h100_16']",8,rc_cr_threshold,0,single_region,,us-central1-b_h100_16,,43.19444444444445,50.0,0.2,1.2,51.833333333333336,0.0,True,True,['data/converted_multi_region_aligned_h100_16_merged'],0,1164.3595868066748,0
US Only (8),"['us-central1-a_h100_16', 'us-central1-b_h100_16', 'us-central1-c_h100_16', 'us-east4-a_h100_16', 'us-east4-b_h100_16', 'us-east5-a_h100_16', 'us-west1-a_h100_16', 'us-west1-b_h100_16']",8,rc_cr_threshold,0,single_region,,us-central1-c_h100_16,,43.19444444444445,50.0,0.2,1.2,51.833333333333336,0.0,True,True,['data/converted_multi_region_aligned_h100_16_merged'],0,1078.529451866673,0
US Only (8),"['us-central1-a_h100_16', 'us-central1-b_h100_16', 'us-central1-c_h100_16', 'us-east4-a_h100_16', 'us-east4-b_h100_16', 'us-east5-a_h100_16', 'us-west1-a_h100_16', 'us-west1-b_h100_16']",8,rc_cr_threshold,0,single_region,,us-east4-a_h100_16,,43.19444444444445,50.0,0.2,1.2,51.833333333333336,0.0,True,True,['data/converted_multi_region_aligned_h100_16_merged'],0,651.075786666669,0
US Only (8),"['us-central1-a_h100_16', 'us-central1-b_h100_16', 'us-central1-c_h100_16', 'us-east4-a_h100_16', 'us-east4-b_h100_16', 'us-east5-a_h100_16', 'us-west1-a_h100_16', 'us-west1-b_h100_16']",8,rc_cr_threshold,0,single_region,,us-east4-b_h100_16,,43.19444444444445,50.0,0.2,1.2,51.833333333333336,0.0,True,True,['data/converted_multi_region_aligned_h100_16_merged'],0,1204.5524579200082,0
US Only (8),"['us-central1-a_h100_16', 'us-central1-b_h100_16', 'us-central1-c_h100_16', 'us-east4-a_h100_16', 'us-east4-b_h100_16', 'us-east5-a_h100_16', 'us-west1-a_h100_16', 'us-west1-b_h100_16']",8,rc_cr_threshold,0,single_region,,us-east5-a_h100_16,,43.19444444444445,50.0,0.2,1.2,51.833333333333336,0.0,True,True,['data/converted_multi_region_aligned_h100_16_merged'],0,2613.922668309349,0
US Only (8),"['us-central1-a_h100_16', 'us-central1-b_h100_16', 'us-central1-c_h100_16', 'us-east4-a_h100_16', 'us-east4-b_h100_16', 'us-east5-a_h100_16', 'us-west1-a_h100_16', 'us-west1-b_h100_16']",8,rc_cr_threshold,0,single_region,,us-west1-a_h100_16,,43.19444444444445,50.0,0.2,1.2,51.833333333333336,0.0,True,True,['data/converted_multi_region_aligned_h100_16_merged'],0,1014.0229918933371,0
US Only (8),"['us-central1-a_h100_16', 'us-central1-b_h100_16', 'us-central1-c_h100_16', 'us-east4-a_h100_16', 'us-east4-b_h100_16', 'us-east5-a_h100_16', 'us-west1-a_h100_16', 'us-west1-b_h100_16']",8,rc_cr_threshold,0,single_region,,us-west1-b_h100_16,,43.19444444444445,50.0,0.2,1.2,51.833333333333336,0.0,True,True,['data/converted_multi_region_aligned_h100_16_merged'],0,3437.993616413327,0
US Only (8),"['us-central1-a_h100_16', 'us-central1-b_h100_16', 'us-central1-c_h100_16', 'us-east4-a_h100_16', 'us-east4-b_h100_16', 'us-east5-a_h100_16', 'us-west1-a_h100_16', 'us-west1-b_h100_16']",8,unified_cost_model_risk,0,multi_region,,,,43.19444444444445,50.0,0.2,1.2,51.833333333333336,51.833333333333336,True,True,['data/converted_multi_region_aligned_h100_16_merged'],1,686.9829184000027,6
US Only (8),"['us-central1-a_h100_16', 'us-central1-b_h100_16', 'us-central1-c_h100_16', 'us-east4-a_h100_16', 'us-east4-b_h100_16', 'us-east5-a_h100_16', 'us-west1-a_h100_16', 'us-west1-b_h100_16']",8,multi_region_oracle_dp,0,multi_region,,,,43.19444444444445,50.0,0.2,1.2,51.833333333333336,51.833333333333336,True,True,['data/converted_multi_region_aligned_h100_16_merged'],1,648.6002133333357,0
US Only (8),"['us-central1-a_h100_16', 'us-central1-b_h100_16', 'us-central1-c_h100_16', 'us-east4-a_h100_16', 'us-east4-b_h100_16', 'us-east5-a_h100_16', 'us-west1-a_h100_16', 'us-west1-b_h100_16']",8,unified_cost_model_oracle,0,multi_region,,,,43.19444444444445,50.0,0.2,1.2,51.833333333333336,51.833333333333336,True,True,['data/converted_multi_region_aligned_h100_16_merged'],1,668.1891413333357,5
US Only (8),"['us-central1-a_h100_16', 'us-central1-b_h100_16', 'us-central1-c_h100_16', 'us-east4-a_h100_16', 'us-east4-b_h100_16', 'us-east5-a_h100_16', 'us-west1-a_h100_16', 'us-west1-b_h100_16']",8,multi_region_rc_cr_threshold_eager_failover,0,multi_region,,,,43.19444444444445,50.0,0.2,1.2,51.833333333333336,51.833333333333336,True,True,['data/converted_multi_region_aligned_h100_16_merged'],1,746.697834666669,5
US Only (8),"['us-central1-a_h100_16', 'us-central1-b_h100_16', 'us-central1-c_h100_16', 'us-east4-a_h100_16', 'us-east4-b_h100_16', 'us-east5-a_h100_16', 'us-west1-a_h100_16', 'us-west1-b_h100_16']",8,multi_region_availability_probe_simple,0,multi_region,,,,43.19444444444445,50.0,0.2,1.2,51.833333333333336,51.833333333333336,True,True,['data/converted_multi_region_aligned_h100_16_merged'],1,864.1557461333348,15
US Only (8),"['us-central1-a_h100_16', 'us-central1-b_h100_16', 'us-central1-c_h100_16', 'us-east4-a_h100_16', 'us-east4-b_h100_16', 'us-east5-a_h100_16', 'us-west1-a_h100_16', 'us-west1-b_h100_16']",8,multi_region_probe_cost_ratio,0,multi_region,,,,43.19444444444445,50.0,0.2,1.2,51.833333333333336,51.833333333333336,True,True,['data/converted_multi_region_aligned_h100_16_merged'],1,786.0311349333366,10
US Only (8),"['us-central1-a_h100_16', 'us-central1-b_h100_16', 'us-central1-c_h100_16', 'us-east4-a_h100_16', 'us-east4-b_h100_16', 'us-east5-a_h100_16', 'us-west1-a_h100_16', 'us-west1-b_h100_16']",8,rc_cr_threshold,0,single_region,,us-central1-a_h100_16,,43.19444444444445,50.0,0.2,1.2,51.833333333333336,51.833333333333336,True,True,['data/converted_multi_region_aligned_h100_16_merged'],1,854.0553600000037,0
US Only (8),"['us-central1-a_h100_16', 'us-central1-b_h100_16', 'us-central1-c_h100_16', 'us-east4-a_h100_16', 'us-east4-b_h100_16', 'us-east5-a_h100_16', 'us-west1-a_h100_16', 'us-west1-b_h100_16']",8,rc_cr_threshold,0,single_region,,us-central1-b_h100_16,,43.19444444444445,50.0,0.2,1.2,51.833333333333336,51.833333333333336,True,True,['data/converted_multi_region_aligned_h100_16_merged'],1,1167.381221826675,0
US Only (8),"['us-central1-a_h100_16', 'us-central1-b_h100_16', 'us-central1-c_h100_16', 'us-east4-a_h100_16', 'us-east4-b_h100_16', 'us-east5-a_h100_16', 'us-west1-a_h100_16', 'us-west1-b_h100_16']",8,rc_cr_threshold,0,single_region,,us-central1-c_h100_16,,43.19444444444445,50.0,0.2,1.2,51.833333333333336,51.833333333333336,True,True,['data/converted_multi_region_aligned_h100_16_merged'],1,1138.771176846671,0
US Only (8),"['us-central1-a_h100_16', 'us-central1-b_h100_16', 'us-central1-c_h100_16', 'us-east4-a_h100_16', 'us-east4-b_h100_16', 'us-east5-a_h100_16', 'us-west1-a_h100_16', 'us-west1-b_h100_16']",8,rc_cr_threshold,0,single_region,,us-east4-a_h100_16,,43.19444444444445,50.0,0.2,1.2,51.833333333333336,51.833333333333336,True,True,['data/converted_multi_region_aligned_h100_16_merged'],1,660.9780800000026,0
US Only (8),"['us-central1-a_h100_16', 'us-central1-b_h100_16', 'us-central1-c_h100_16', 'us-east4-a_h100_16', 'us-east4-b_h100_16', 'us-east5-a_h100_16', 'us-west1-a_h100_16', 'us-west1-b_h100_16']",8,rc_cr_threshold,0,single_region,,us-east4-b_h100_16,,43.19444444444445,50.0,0.2,1.2,51.833333333333336,51.833333333333336,True,True,['data/converted_multi_region_aligned_h100_16_merged'],1,668.4048000000028,0
US Only (8),"['us-central1-a_h100_16', 'us-central1-b_h100_16', 'us-central1-c_h100_16', 'us-east4-a_h100_16', 'us-east4-b_h100_16', 'us-east5-a_h100_16', 'us-west1-a_h100_16', 'us-west1-b_h100_16']",8,rc_cr_threshold,0,single_region,,us-east5-a_h100_16,,43.19444444444445,50.0,0.2,1.2,51.833333333333336,51.833333333333336,True,True,['data/converted_multi_region_aligned_h100_16_merged'],1,1078.6559141333314,0
US Only (8),"['us-central1-a_h100_16', 'us-central1-b_h100_16', 'us-central1-c_h100_16', 'us-east4-a_h100_16', 'us-east4-b_h100_16', 'us-east5-a_h100_16', 'us-west1-a_h100_16', 'us-west1-b_h100_16']",8,rc_cr_threshold,0,single_region,,us-west1-a_h100_16,,43.19444444444445,50.0,0.2,1.2,51.833333333333336,51.833333333333336,True,True,['data/converted_multi_region_aligned_h100_16_merged'],1,3595.081146266658,0
US Only (8),"['us-central1-a_h100_16', 'us-central1-b_h100_16', 'us-central1-c_h100_16', 'us-east4-a_h100_16', 'us-east4-b_h100_16', 'us-east5-a_h100_16', 'us-west1-a_h100_16', 'us-west1-b_h100_16']",8,rc_cr_threshold,0,single_region,,us-west1-b_h100_16,,43.19444444444445,50.0,0.2,1.2,51.833333333333336,51.833333333333336,True,True,['data/converted_multi_region_aligned_h100_16_merged'],1,3599.345881259991,0
US Only (8),"['us-central1-a_h100_16', 'us-central1-b_h100_16', 'us-central1-c_h100_16', 'us-east4-a_h100_16', 'us-east4-b_h100_16', 'us-east5-a_h100_16', 'us-west1-a_h100_16', 'us-west1-b_h100_16']",8,unified_cost_model_risk,0,multi_region,,,,43.19444444444445,50.0,0.2,1.2,51.833333333333336,103.66666666666667,True,True,['data/converted_multi_region_aligned_h100_16_merged'],2,654.7308800000023,2
US Only (8),"['us-central1-a_h100_16', 'us-central1-b_h100_16', 'us-central1-c_h100_16', 'us-east4-a_h100_16', 'us-east4-b_h100_16', 'us-east5-a_h100_16', 'us-west1-a_h100_16', 'us-west1-b_h100_16']",8,multi_region_oracle_dp,0,multi_region,,,,43.19444444444445,50.0,0.2,1.2,51.833333333333336,103.66666666666667,True,True,['data/converted_multi_region_aligned_h100_16_merged'],2,646.1246400000023,0
US Only (8),"['us-central1-a_h100_16', 'us-central1-b_h100_16', 'us-central1-c_h100_16', 'us-east4-a_h100_16', 'us-east4-b_h100_16', 'us-east5-a_h100_16', 'us-west1-a_h100_16', 'us-west1-b_h100_16']",8,unified_cost_model_oracle,0,multi_region,,,,43.19444444444445,50.0,0.2,1.2,51.833333333333336,103.66666666666667,True,True,['data/converted_multi_region_aligned_h100_16_merged'],2,652.6629973333357,2
US Only (8),"['us-central1-a_h100_16', 'us-central1-b_h100_16', 'us-central1-c_h100_16', 'us-east4-a_h100_16', 'us-east4-b_h100_16', 'us-east5-a_h100_16', 'us-west1-a_h100_16', 'us-west1-b_h100_16']",8,multi_region_rc_cr_threshold_eager_failover,0,multi_region,,,,43.19444444444445,50.0,0.2,1.2,51.833333333333336,103.66666666666667,True,True,['data/converted_multi_region_aligned_h100_16_merged'],2,651.8490666666689,2
US Only (8),"['us-central1-a_h100_16', 'us-central1-b_h100_16', 'us-central1-c_h100_16', 'us-east4-a_h100_16', 'us-east4-b_h100_16', 'us-east5-a_h100_16', 'us-west1-a_h100_16', 'us-west1-b_h100_16']",8,multi_region_availability_probe_simple,0,multi_region,,,,43.19444444444445,50.0,0.2,1.2,51.833333333333336,103.66666666666667,True,True,['data/converted_multi_region_aligned_h100_16_merged'],2,753.9674069333358,3
US Only (8),"['us-central1-a_h100_16', 'us-central1-b_h100_16', 'us-central1-c_h100_16', 'us-east4-a_h100_16', 'us-east4-b_h100_16', 'us-east5-a_h100_16', 'us-west1-a_h100_16', 'us-west1-b_h100_16']",8,multi_region_probe_cost_ratio,0,multi_region,,,,43.19444444444445,50.0,0.2,1.2,51.833333333333336,103.66666666666667,True,True,['data/converted_multi_region_aligned_h100_16_merged'],2,711.1905429333352,4
US Only (8),"['us-central1-a_h100_16', 'us-central1-b_h100_16', 'us-central1-c_h100_16', 'us-east4-a_h100_16', 'us-east4-b_h100_16', 'us-east5-a_h100_16', 'us-west1-a_h100_16', 'us-west1-b_h100_16']",8,rc_cr_threshold,0,single_region,,us-central1-a_h100_16,,43.19444444444445,50.0,0.2,1.2,51.833333333333336,103.66666666666667,True,True,['data/converted_multi_region_aligned_h100_16_merged'],2,1427.0747606333414,0
US Only (8),"['us-central1-a_h100_16', 'us-central1-b_h100_16', 'us-central1-c_h100_16', 'us-east4-a_h100_16', 'us-east4-b_h100_16', 'us-east5-a_h100_16', 'us-west1-a_h100_16', 'us-west1-b_h100_16']",8,rc_cr_threshold,0,single_region,,us-central1-b_h100_16,,43.19444444444445,50.0,0.2,1.2,51.833333333333336,103.66666666666667,True,True,['data/converted_multi_region_aligned_h100_16_merged'],2,1635.5914795200076,0
US Only (8),"['us-central1-a_h100_16', 'us-central1-b_h100_16', 'us-central1-c_h100_16', 'us-east4-a_h100_16', 'us-east4-b_h100_16', 'us-east5-a_h100_16', 'us-west1-a_h100_16', 'us-west1-b_h100_16']",8,rc_cr_threshold,0,single_region,,us-central1-c_h100_16,,43.19444444444445,50.0,0.2,1.2,51.833333333333336,103.66666666666667,True,True,['data/converted_multi_region_aligned_h100_16_merged'],2,1699.1379054800072,0
US Only (8),"['us-central1-a_h100_16', 'us-central1-b_h100_16', 'us-central1-c_h100_16', 'us-east4-a_h100_16', 'us-east4-b_h100_16', 'us-east5-a_h100_16', 'us-west1-a_h100_16', 'us-west1-b_h100_16']",8,rc_cr_threshold,0,single_region,,us-east4-a_h100_16,,43.19444444444445,50.0,0.2,1.2,51.833333333333336,103.66666666666667,True,True,['data/converted_multi_region_aligned_h100_16_merged'],2,651.075786666669,0
US Only (8),"['us-central1-a_h100_16', 'us-central1-b_h100_16', 'us-central1-c_h100_16', 'us-east4-a_h100_16', 'us-east4-b_h100_16', 'us-east5-a_h100_16', 'us-west1-a_h100_16', 'us-west1-b_h100_16']",8,rc_cr_threshold,0,single_region,,us-east4-b_h100_16,,43.19444444444445,50.0,0.2,1.2,51.833333333333336,103.66666666666667,True,True,['data/converted_multi_region_aligned_h100_16_merged'],2,1718.41995584001,0
US Only (8),"['us-central1-a_h100_16', 'us-central1-b_h100_16', 'us-central1-c_h100_16', 'us-east4-a_h100_16', 'us-east4-b_h100_16', 'us-east5-a_h100_16', 'us-west1-a_h100_16', 'us-west1-b_h100_16']",8,rc_cr_threshold,0,single_region,,us-east5-a_h100_16,,43.19444444444445,50.0,0.2,1.2,51.833333333333336,103.66666666666667,True,True,['data/converted_multi_region_aligned_h100_16_merged'],2,1641.6376992426729,0
US Only (8),"['us-central1-a_h100_16', 'us-central1-b_h100_16', 'us-central1-c_h100_16', 'us-east4-a_h100_16', 'us-east4-b_h100_16', 'us-east5-a_h100_16', 'us-west1-a_h100_16', 'us-west1-b_h100_16']",8,rc_cr_threshold,0,single_region,,us-west1-a_h100_16,,43.19444444444445,50.0,0.2,1.2,51.833333333333336,103.66666666666667,True,True,['data/converted_multi_region_aligned_h100_16_merged'],2,2912.9878676999974,0
US Only (8),"['us-central1-a_h100_16', 'us-central1-b_h100_16', 'us-central1-c_h100_16', 'us-east4-a_h100_16', 'us-east4-b_h100_16', 'us-east5-a_h100_16', 'us-west1-a_h100_16', 'us-west1-b_h100_16']",8,rc_cr_threshold,0,single_region,,us-west1-b_h100_16,,43.19444444444445,50.0,0.2,1.2,51.833333333333336,103.66666666666667,True,True,['data/converted_multi_region_aligned_h100_16_merged'],2,3608.835385259991,0
US Only (8),"['us-central1-a_h100_16', 'us-central1-b_h100_16', 'us-central1-c_h100_16', 'us-east4-a_h100_16', 'us-east4-b_h100_16', 'us-east5-a_h100_16', 'us-west1-a_h100_16', 'us-west1-b_h100_16']",8,unified_cost_model_risk,0,multi_region,,,,43.19444444444445,50.0,0.2,1.2,51.833333333333336,155.5,True,True,['data/converted_multi_region_aligned_h100_16_merged'],3,648.1638005333357,1
US Only (8),"['us-central1-a_h100_16', 'us-central1-b_h100_16', 'us-central1-c_h100_16', 'us-east4-a_h100_16', 'us-east4-b_h100_16', 'us-east5-a_h100_16', 'us-west1-a_h100_16', 'us-west1-b_h100_16']",8,multi_region_oracle_dp,0,multi_region,,,,43.19444444444445,50.0,0.2,1.2,51.833333333333336,155.5,True,True,['data/converted_multi_region_aligned_h100_16_merged'],3,643.6490666666689,0
US Only (8),"['us-central1-a_h100_16', 'us-central1-b_h100_16', 'us-central1-c_h100_16', 'us-east4-a_h100_16', 'us-east4-b_h100_16', 'us-east5-a_h100_16', 'us-west1-a_h100_16', 'us-west1-b_h100_16']",8,unified_cost_model_oracle,0,multi_region,,,,43.19444444444445,50.0,0.2,1.2,51.833333333333336,155.5,True,True,['data/converted_multi_region_aligned_h100_16_merged'],3,646.1246400000023,1
US Only (8),"['us-central1-a_h100_16', 'us-central1-b_h100_16', 'us-central1-c_h100_16', 'us-east4-a_h100_16', 'us-east4-b_h100_16', 'us-east5-a_h100_16', 'us-west1-a_h100_16', 'us-west1-b_h100_16']",8,multi_region_rc_cr_threshold_eager_failover,0,multi_region,,,,43.19444444444445,50.0,0.2,1.2,51.833333333333336,155.5,True,True,['data/converted_multi_region_aligned_h100_16_merged'],3,727.9612266666638,9
US Only (8),"['us-central1-a_h100_16', 'us-central1-b_h100_16', 'us-central1-c_h100_16', 'us-east4-a_h100_16', 'us-east4-b_h100_16', 'us-east5-a_h100_16', 'us-west1-a_h100_16', 'us-west1-b_h100_16']",8,multi_region_availability_probe_simple,0,multi_region,,,,43.19444444444445,50.0,0.2,1.2,51.833333333333336,155.5,True,True,['data/converted_multi_region_aligned_h100_16_merged'],3,823.7488437333373,2
US Only (8),"['us-central1-a_h100_16', 'us-central1-b_h100_16', 'us-central1-c_h100_16', 'us-east4-a_h100_16', 'us-east4-b_h100_16', 'us-east5-a_h100_16', 'us-west1-a_h100_16', 'us-west1-b_h100_16']",8,multi_region_probe_cost_ratio,0,multi_region,,,,43.19444444444445,50.0,0.2,1.2,51.833333333333336,155.5,True,True,['data/converted_multi_region_aligned_h100_16_merged'],3,719.8204469333351,1
US Only (8),"['us-central1-a_h100_16', 'us-central1-b_h100_16', 'us-central1-c_h100_16', 'us-east4-a_h100_16', 'us-east4-b_h100_16', 'us-east5-a_h100_16', 'us-west1-a_h100_16', 'us-west1-b_h100_16']",8,rc_cr_threshold,0,single_region,,us-central1-a_h100_16,,43.19444444444445,50.0,0.2,1.2,51.833333333333336,155.5,True,True,['data/converted_multi_region_aligned_h100_16_merged'],3,835.0763520000035,0
US Only (8),"['us-central1-a_h100_16', 'us-central1-b_h100_16', 'us-central1-c_h100_16', 'us-east4-a_h100_16', 'us-east4-b_h100_16', 'us-east5-a_h100_16', 'us-west1-a_h100_16', 'us-west1-b_h100_16']",8,rc_cr_threshold,0,single_region,,us-central1-b_h100_16,,43.19444444444445,50.0,0.2,1.2,51.833333333333336,155.5,True,True,['data/converted_multi_region_aligned_h100_16_merged'],3,1113.4658328466742,0
US Only (8),"['us-central1-a_h100_16', 'us-central1-b_h100_16', 'us-central1-c_h100_16', 'us-east4-a_h100_16', 'us-east4-b_h100_16', 'us-east5-a_h100_16', 'us-west1-a_h100_16', 'us-west1-b_h100_16']",8,rc_cr_threshold,0,single_region,,us-central1-c_h100_16,,43.19444444444445,50.0,0.2,1.2,51.833333333333336,155.5,True,True,['data/converted_multi_region_aligned_h100_16_merged'],3,1059.5504438666728,0
US Only (8),"['us-central1-a_h100_16', 'us-central1-b_h100_16', 'us-central1-c_h100_16', 'us-east4-a_h100_16', 'us-east4-b_h100_16', 'us-east5-a_h100_16', 'us-west1-a_h100_16', 'us-west1-b_h100_16']",8,rc_cr_threshold,0,single_region,,us-east4-a_h100_16,,43.19444444444445,50.0,0.2,1.2,51.833333333333336,155.5,True,True,['data/converted_multi_region_aligned_h100_16_merged'],3,2414.6673413333347,0
US Only (8),"['us-central1-a_h100_16', 'us-central1-b_h100_16', 'us-central1-c_h100_16', 'us-east4-a_h100_16', 'us-east4-b_h100_16', 'us-east5-a_h100_16', 'us-west1-a_h100_16', 'us-west1-b_h100_16']",8,rc_cr_threshold,0,single_region,,us-east4-b_h100_16,,43.19444444444445,50.0,0.2,1.2,51.833333333333336,155.5,True,True,['data/converted_multi_region_aligned_h100_16_merged'],3,648.6002133333357,0
US Only (8),"['us-central1-a_h100_16', 'us-central1-b_h100_16', 'us-central1-c_h100_16', 'us-east4-a_h100_16', 'us-east4-b_h100_16', 'us-east5-a_h100_16', 'us-west1-a_h100_16', 'us-west1-b_h100_16']",8,rc_cr_threshold,0,single_region,,us-east5-a_h100_16,,43.19444444444445,50.0,0.2,1.2,51.833333333333336,155.5,True,True,['data/converted_multi_region_aligned_h100_16_merged'],3,1418.865493930678,0
US Only (8),"['us-central1-a_h100_16', 'us-central1-b_h100_16', 'us-central1-c_h100_16', 'us-east4-a_h100_16', 'us-east4-b_h100_16', 'us-east5-a_h100_16', 'us-west1-a_h100_16', 'us-west1-b_h100_16']",8,rc_cr_threshold,0,single_region,,us-west1-a_h100_16,,43.19444444444445,50.0,0.2,1.2,51.833333333333336,155.5,True,True,['data/converted_multi_region_aligned_h100_16_merged'],3,828.7500160000034,0
US Only (8),"['us-central1-a_h100_16', 'us-central1-b_h100_16', 'us-central1-c_h100_16', 'us-east4-a_h100_16', 'us-east4-b_h100_16', 'us-east5-a_h100_16', 'us-west1-a_h100_16', 'us-west1-b_h100_16']",8,rc_cr_threshold,0,single_region,,us-west1-b_h100_16,,43.19444444444445,50.0,0.2,1.2,51.833333333333336,155.5,True,True,['data/converted_multi_region_aligned_h100_16_merged'],3,3606.7737842533243,0
US Only (8),"['us-central1-a_h100_16', 'us-central1-b_h100_16', 'us-central1-c_h100_16', 'us-east4-a_h100_16', 'us-east4-b_h100_16', 'us-east5-a_h100_16', 'us-west1-a_h100_16', 'us-west1-b_h100_16']",8,unified_cost_model_risk,0,multi_region,,,,43.19444444444445,50.0,0.2,1.2,51.833333333333336,207.33333333333334,True,True,['data/converted_multi_region_aligned_h100_16_merged'],4,701.7121130666696,9
US Only (8),"['us-central1-a_h100_16', 'us-central1-b_h100_16', 'us-central1-c_h100_16', 'us-east4-a_h100_16', 'us-east4-b_h100_16', 'us-east5-a_h100_16', 'us-west1-a_h100_16', 'us-west1-b_h100_16']",8,multi_region_oracle_dp,0,multi_region,,,,43.19444444444445,50.0,0.2,1.2,51.833333333333336,207.33333333333334,True,True,['data/converted_multi_region_aligned_h100_16_merged'],4,648.6002133333357,1
US Only (8),"['us-central1-a_h100_16', 'us-central1-b_h100_16', 'us-central1-c_h100_16', 'us-east4-a_h100_16', 'us-east4-b_h100_16', 'us-east5-a_h100_16', 'us-west1-a_h100_16', 'us-west1-b_h100_16']",8,unified_cost_model_oracle,0,multi_region,,,,43.19444444444445,50.0,0.2,1.2,51.833333333333336,207.33333333333334,True,True,['data/converted_multi_region_aligned_h100_16_merged'],4,667.1776853333358,4
US Only (8),"['us-central1-a_h100_16', 'us-central1-b_h100_16', 'us-central1-c_h100_16', 'us-east4-a_h100_16', 'us-east4-b_h100_16', 'us-east5-a_h100_16', 'us-west1-a_h100_16', 'us-west1-b_h100_16']",8,multi_region_rc_cr_threshold_eager_failover,0,multi_region,,,,43.19444444444445,50.0,0.2,1.2,51.833333333333336,207.33333333333334,True,True,['data/converted_multi_region_aligned_h100_16_merged'],4,758.5462826666688,4
US Only (8),"['us-central1-a_h100_16', 'us-central1-b_h100_16', 'us-central1-c_h100_16', 'us-east4-a_h100_16', 'us-east4-b_h100_16', 'us-east5-a_h100_16', 'us-west1-a_h100_16', 'us-west1-b_h100_16']",8,multi_region_availability_probe_simple,0,multi_region,,,,43.19444444444445,50.0,0.2,1.2,51.833333333333336,207.33333333333334,True,True,['data/converted_multi_region_aligned_h100_16_merged'],4,799.5966773333356,2
US Only (8),"['us-central1-a_h100_16', 'us-central1-b_h100_16', 'us-central1-c_h100_16', 'us-east4-a_h100_16', 'us-east4-b_h100_16', 'us-east5-a_h100_16', 'us-west1-a_h100_16', 'us-west1-b_h100_16']",8,multi_region_probe_cost_ratio,0,multi_region,,,,43.19444444444445,50.0,0.2,1.2,51.833333333333336,207.33333333333334,True,True,['data/converted_multi_region_aligned_h100_16_merged'],4,767.1947200000021,6
US Only (8),"['us-central1-a_h100_16', 'us-central1-b_h100_16', 'us-central1-c_h100_16', 'us-east4-a_h100_16', 'us-east4-b_h100_16', 'us-east5-a_h100_16', 'us-west1-a_h100_16', 'us-west1-b_h100_16']",8,rc_cr_threshold,0,single_region,,us-central1-a_h100_16,,43.19444444444445,50.0,0.2,1.2,51.833333333333336,207.33333333333334,True,True,['data/converted_multi_region_aligned_h100_16_merged'],4,828.7500160000034,0
US Only (8),"['us-central1-a_h100_16', 'us-central1-b_h100_16', 'us-central1-c_h100_16', 'us-east4-a_h100_16', 'us-east4-b_h100_16', 'us-east5-a_h100_16', 'us-west1-a_h100_16', 'us-west1-b_h100_16']",8,rc_cr_threshold,0,single_region,,us-central1-b_h100_16,,43.19444444444445,50.0,0.2,1.2,51.833333333333336,207.33333333333334,True,True,['data/converted_multi_region_aligned_h100_16_merged'],4,1065.8767798666736,0
US Only (8),"['us-central1-a_h100_16', 'us-central1-b_h100_16', 'us-central1-c_h100_16', 'us-east4-a_h100_16', 'us-east4-b_h100_16', 'us-east5-a_h100_16', 'us-west1-a_h100_16', 'us-west1-b_h100_16']",8,rc_cr_threshold,0,single_region,,us-central1-c_h100_16,,43.19444444444445,50.0,0.2,1.2,51.833333333333336,207.33333333333334,True,True,['data/converted_multi_region_aligned_h100_16_merged'],4,841.4026880000035,0
US Only (8),"['us-central1-a_h100_16', 'us-central1-b_h100_16', 'us-central1-c_h100_16', 'us-east4-a_h100_16', 'us-east4-b_h100_16', 'us-east5-a_h100_16', 'us-west1-a_h100_16', 'us-west1-b_h100_16']",8,rc_cr_threshold,0,single_region,,us-east4-a_h100_16,,43.19444444444445,50.0,0.2,1.2,51.833333333333336,207.33333333333334,True,True,['data/converted_multi_region_aligned_h100_16_merged'],4,2306.009798026656,0
US Only (8),"['us-central1-a_h100_16', 'us-central1-b_h100_16', 'us-central1-c_h100_16', 'us-east4-a_h100_16', 'us-east4-b_h100_16', 'us-east5-a_h100_16', 'us-west1-a_h100_16', 'us-west1-b_h100_16']",8,rc_cr_threshold,0,single_region,,us-east4-b_h100_16,,43.19444444444445,50.0,0.2,1.2,51.833333333333336,207.33333333333334,True,True,['data/converted_multi_region_aligned_h100_16_merged'],4,665.9292266666694,0
US Only (8),"['us-central1-a_h100_16', 'us-central1-b_h100_16', 'us-central1-c_h100_16', 'us-east4-a_h100_16', 'us-east4-b_h100_16', 'us-east5-a_h100_16', 'us-west1-a_h100_16', 'us-west1-b_h100_16']",8,rc_cr_threshold,0,single_region,,us-east5-a_h100_16,,43.19444444444445,50.0,0.2,1.2,51.833333333333336,207.33333333333334,True,True,['data/converted_multi_region_aligned_h100_16_merged'],4,1051.696242303998,0
US Only (8),"['us-central1-a_h100_16', 'us-central1-b_h100_16', 'us-central1-c_h100_16', 'us-east4-a_h100_16', 'us-east4-b_h100_16', 'us-east5-a_h100_16', 'us-west1-a_h100_16', 'us-west1-b_h100_16']",8,rc_cr_threshold,0,single_region,,us-west1-a_h100_16,,43.19444444444445,50.0,0.2,1.2,51.833333333333336,207.33333333333334,True,True,['data/converted_multi_region_aligned_h100_16_merged'],4,1099.8531268333402,0
US Only (8),"['us-central1-a_h100_16', 'us-central1-b_h100_16', 'us-central1-c_h100_16', 'us-east4-a_h100_16', 'us-east4-b_h100_16', 'us-east5-a_h100_16', 'us-west1-a_h100_16', 'us-west1-b_h100_16']",8,rc_cr_threshold,0,single_region,,us-west1-b_h100_16,,43.19444444444445,50.0,0.2,1.2,51.833333333333336,207.33333333333334,True,True,['data/converted_multi_region_aligned_h100_16_merged'],4,3033.7543836199966,0
US Only (8),"['us-central1-a_h100_16', 'us-central1-b_h100_16', 'us-central1-c_h100_16', 'us-east4-a_h100_16', 'us-east4-b_h100_16', 'us-east5-a_h100_16', 'us-west1-a_h100_16', 'us-west1-b_h100_16']",8,unified_cost_model_risk,0,multi_region,,,,43.19444444444445,50.0,0.2,1.2,51.833333333333336,259.1666666666667,True,True,['data/converted_multi_region_aligned_h100_16_merged'],5,708.3326559999971,4
US Only (8),"['us-central1-a_h100_16', 'us-central1-b_h100_16', 'us-central1-c_h100_16', 'us-east4-a_h100_16', 'us-east4-b_h100_16', 'us-east5-a_h100_16', 'us-west1-a_h100_16', 'us-west1-b_h100_16']",8,multi_region_oracle_dp,0,multi_region,,,,43.19444444444445,50.0,0.2,1.2,51.833333333333336,259.1666666666667,True,True,['data/converted_multi_region_aligned_h100_16_merged'],5,648.6002133333357,1
US Only (8),"['us-central1-a_h100_16', 'us-central1-b_h100_16', 'us-central1-c_h100_16', 'us-east4-a_h100_16', 'us-east4-b_h100_16', 'us-east5-a_h100_16', 'us-west1-a_h100_16', 'us-west1-b_h100_16']",8,unified_cost_model_oracle,0,multi_region,,,,43.19444444444445,50.0,0.2,1.2,51.833333333333336,259.1666666666667,True,True,['data/converted_multi_region_aligned_h100_16_merged'],5,666.8276800000025,3
US Only (8),"['us-central1-a_h100_16', 'us-central1-b_h100_16', 'us-central1-c_h100_16', 'us-east4-a_h100_16', 'us-east4-b_h100_16', 'us-east5-a_h100_16', 'us-west1-a_h100_16', 'us-west1-b_h100_16']",8,multi_region_rc_cr_threshold_eager_failover,0,multi_region,,,,43.19444444444445,50.0,0.2,1.2,51.833333333333336,259.1666666666667,True,True,['data/converted_multi_region_aligned_h100_16_merged'],5,720.303199999997,6
US Only (8),"['us-central1-a_h100_16', 'us-central1-b_h100_16', 'us-central1-c_h100_16', 'us-east4-a_h100_16', 'us-east4-b_h100_16', 'us-east5-a_h100_16', 'us-west1-a_h100_16', 'us-west1-b_h100_16']",8,multi_region_availability_probe_simple,0,multi_region,,,,43.19444444444445,50.0,0.2,1.2,51.833333333333336,259.1666666666667,True,True,['data/converted_multi_region_aligned_h100_16_merged'],5,863.3380928000033,1
US Only (8),"['us-central1-a_h100_16', 'us-central1-b_h100_16', 'us-central1-c_h100_16', 'us-east4-a_h100_16', 'us-east4-b_h100_16', 'us-east5-a_h100_16', 'us-west1-a_h100_16', 'us-west1-b_h100_16']",8,multi_region_probe_cost_ratio,0,multi_region,,,,43.19444444444445,50.0,0.2,1.2,51.833333333333336,259.1666666666667,True,True,['data/converted_multi_region_aligned_h100_16_merged'],5,810.9388149333356,5
US Only (8),"['us-central1-a_h100_16', 'us-central1-b_h100_16', 'us-central1-c_h100_16', 'us-east4-a_h100_16', 'us-east4-b_h100_16', 'us-east5-a_h100_16', 'us-west1-a_h100_16', 'us-west1-b_h100_16']",8,rc_cr_threshold,0,single_region,,us-central1-a_h100_16,,43.19444444444445,50.0,0.2,1.2,51.833333333333336,259.1666666666667,True,True,['data/converted_multi_region_aligned_h100_16_merged'],5,828.7500160000034,0
US Only (8),"['us-central1-a_h100_16', 'us-central1-b_h100_16', 'us-central1-c_h100_16', 'us-east4-a_h100_16', 'us-east4-b_h100_16', 'us-east5-a_h100_16', 'us-west1-a_h100_16', 'us-west1-b_h100_16']",8,rc_cr_threshold,0,single_region,,us-central1-b_h100_16,,43.19444444444445,50.0,0.2,1.2,51.833333333333336,259.1666666666667,True,True,['data/converted_multi_region_aligned_h100_16_merged'],5,835.0763520000035,0
US Only (8),"['us-central1-a_h100_16', 'us-central1-b_h100_16', 'us-central1-c_h100_16', 'us-east4-a_h100_16', 'us-east4-b_h100_16', 'us-east5-a_h100_16', 'us-west1-a_h100_16', 'us-west1-b_h100_16']",8,rc_cr_threshold,0,single_region,,us-central1-c_h100_16,,43.19444444444445,50.0,0.2,1.2,51.833333333333336,259.1666666666667,True,True,['data/converted_multi_region_aligned_h100_16_merged'],5,835.0763520000035,0
US Only (8),"['us-central1-a_h100_16', 'us-central1-b_h100_16', 'us-central1-c_h100_16', 'us-east4-a_h100_16', 'us-east4-b_h100_16', 'us-east5-a_h100_16', 'us-west1-a_h100_16', 'us-west1-b_h100_16']",8,rc_cr_threshold,0,single_region,,us-east4-a_h100_16,,43.19444444444445,50.0,0.2,1.2,51.833333333333336,259.1666666666667,True,True,['data/converted_multi_region_aligned_h100_16_merged'],5,1024.0937989333413,0
US Only (8),"['us-central1-a_h100_16', 'us-central1-b_h100_16', 'us-central1-c_h100_16', 'us-east4-a_h100_16', 'us-east4-b_h100_16', 'us-east5-a_h100_16', 'us-west1-a_h100_16', 'us-west1-b_h100_16']",8,rc_cr_threshold,0,single_region,,us-east4-b_h100_16,,43.19444444444445,50.0,0.2,1.2,51.833333333333336,259.1666666666667,True,True,['data/converted_multi_region_aligned_h100_16_merged'],5,653.5513600000024,0
US Only (8),"['us-central1-a_h100_16', 'us-central1-b_h100_16', 'us-central1-c_h100_16', 'us-east4-a_h100_16', 'us-east4-b_h100_16', 'us-east5-a_h100_16', 'us-west1-a_h100_16', 'us-west1-b_h100_16']",8,rc_cr_threshold,0,single_region,,us-east5-a_h100_16,,43.19444444444445,50.0,0.2,1.2,51.833333333333336,259.1666666666667,True,True,['data/converted_multi_region_aligned_h100_16_merged'],5,1011.1147694719954,0
US Only (8),"['us-central1-a_h100_16', 'us-central1-b_h100_16', 'us-central1-c_h100_16', 'us-east4-a_h100_16', 'us-east4-b_h100_16', 'us-east5-a_h100_16', 'us-west1-a_h100_16', 'us-west1-b_h100_16']",8,rc_cr_threshold,0,single_region,,us-west1-a_h100_16,,43.19444444444445,50.0,0.2,1.2,51.833333333333336,259.1666666666667,True,True,['data/converted_multi_region_aligned_h100_16_merged'],5,2356.744341079999,0
US Only (8),"['us-central1-a_h100_16', 'us-central1-b_h100_16', 'us-central1-c_h100_16', 'us-east4-a_h100_16', 'us-east4-b_h100_16', 'us-east5-a_h100_16', 'us-west1-a_h100_16', 'us-west1-b_h100_16']",8,rc_cr_threshold,0,single_region,,us-west1-b_h100_16,,43.19444444444445,50.0,0.2,1.2,51.833333333333336,259.1666666666667,True,True,['data/converted_multi_region_aligned_h100_16_merged'],5,2020.9932372933315,0
Europe Only (2),"['europe-west1-c_h100_16', 'europe-west3-c_h100_16']",2,unified_cost_model_risk,0,multi_region,,,,43.19444444444445,50.0,0.2,1.2,51.833333333333336,0.0,True,True,['data/converted_multi_region_aligned_h100_16_merged'],0,709.0660202666635,0
Europe Only (2),"['europe-west1-c_h100_16', 'europe-west3-c_h100_16']",2,multi_region_oracle_dp,0,multi_region,,,,43.19444444444445,50.0,0.2,1.2,51.833333333333336,0.0,True,True,['data/converted_multi_region_aligned_h100_16_merged'],0,708.7738666666635,0
Europe Only (2),"['europe-west1-c_h100_16', 'europe-west3-c_h100_16']",2,unified_cost_model_oracle,0,multi_region,,,,43.19444444444445,50.0,0.2,1.2,51.833333333333336,0.0,True,True,['data/converted_multi_region_aligned_h100_16_merged'],0,708.7738666666635,0
Europe Only (2),"['europe-west1-c_h100_16', 'europe-west3-c_h100_16']",2,multi_region_rc_cr_threshold_eager_failover,0,multi_region,,,,43.19444444444445,50.0,0.2,1.2,51.833333333333336,0.0,True,True,['data/converted_multi_region_aligned_h100_16_merged'],0,708.7738666666635,0
Europe Only (2),"['europe-west1-c_h100_16', 'europe-west3-c_h100_16']",2,multi_region_availability_probe_simple,0,multi_region,,,,43.19444444444445,50.0,0.2,1.2,51.833333333333336,0.0,True,True,['data/converted_multi_region_aligned_h100_16_merged'],0,709.9424810666635,0
Europe Only (2),"['europe-west1-c_h100_16', 'europe-west3-c_h100_16']",2,multi_region_probe_cost_ratio,0,multi_region,,,,43.19444444444445,50.0,0.2,1.2,51.833333333333336,0.0,True,True,['data/converted_multi_region_aligned_h100_16_merged'],0,710.8189418666635,0
Europe Only (2),"['europe-west1-c_h100_16', 'europe-west3-c_h100_16']",2,rc_cr_threshold,0,single_region,,europe-west1-c_h100_16,,43.19444444444445,50.0,0.2,1.2,51.833333333333336,0.0,True,True,['data/converted_multi_region_aligned_h100_16_merged'],0,711.4999199999968,0
Europe Only (2),"['europe-west1-c_h100_16', 'europe-west3-c_h100_16']",2,rc_cr_threshold,0,single_region,,europe-west3-c_h100_16,,43.19444444444445,50.0,0.2,1.2,51.833333333333336,0.0,True,True,['data/converted_multi_region_aligned_h100_16_merged'],0,3778.9989031679966,0
Europe Only (2),"['europe-west1-c_h100_16', 'europe-west3-c_h100_16']",2,unified_cost_model_risk,0,multi_region,,,,43.19444444444445,50.0,0.2,1.2,51.833333333333336,51.833333333333336,True,True,['data/converted_multi_region_aligned_h100_16_merged'],1,1841.5941212053322,0
Europe Only (2),"['europe-west1-c_h100_16', 'europe-west3-c_h100_16']",2,multi_region_oracle_dp,0,multi_region,,,,43.19444444444445,50.0,0.2,1.2,51.833333333333336,51.833333333333336,True,True,['data/converted_multi_region_aligned_h100_16_merged'],1,976.2309742933305,0
Europe Only (2),"['europe-west1-c_h100_16', 'europe-west3-c_h100_16']",2,unified_cost_model_oracle,0,multi_region,,,,43.19444444444445,50.0,0.2,1.2,51.833333333333336,51.833333333333336,True,True,['data/converted_multi_region_aligned_h100_16_merged'],1,1429.9691326399973,0
Europe Only (2),"['europe-west1-c_h100_16', 'europe-west3-c_h100_16']",2,multi_region_rc_cr_threshold_eager_failover,0,multi_region,,,,43.19444444444445,50.0,0.2,1.2,51.833333333333336,51.833333333333336,True,True,['data/converted_multi_region_aligned_h100_16_merged'],1,1561.1231298346645,0
Europe Only (2),"['europe-west1-c_h100_16', 'europe-west3-c_h100_16']",2,multi_region_availability_probe_simple,0,multi_region,,,,43.19444444444445,50.0,0.2,1.2,51.833333333333336,51.833333333333336,True,True,['data/converted_multi_region_aligned_h100_16_merged'],1,1562.2917442346645,0
Europe Only (2),"['europe-west1-c_h100_16', 'europe-west3-c_h100_16']",2,multi_region_probe_cost_ratio,0,multi_region,,,,43.19444444444445,50.0,0.2,1.2,51.833333333333336,51.833333333333336,True,True,['data/converted_multi_region_aligned_h100_16_merged'],1,1563.1682050346647,0
Europe Only (2),"['europe-west1-c_h100_16', 'europe-west3-c_h100_16']",2,rc_cr_threshold,0,single_region,,europe-west1-c_h100_16,,43.19444444444445,50.0,0.2,1.2,51.833333333333336,51.833333333333336,True,True,['data/converted_multi_region_aligned_h100_16_merged'],1,1387.2608158293308,0
Europe Only (2),"['europe-west1-c_h100_16', 'europe-west3-c_h100_16']",2,rc_cr_threshold,0,single_region,,europe-west3-c_h100_16,,43.19444444444445,50.0,0.2,1.2,51.833333333333336,51.833333333333336,True,True,['data/converted_multi_region_aligned_h100_16_merged'],1,3739.073504063997,0
Europe Only (2),"['europe-west1-c_h100_16', 'europe-west3-c_h100_16']",2,unified_cost_model_risk,0,multi_region,,,,43.19444444444445,50.0,0.2,1.2,51.833333333333336,103.66666666666667,True,True,['data/converted_multi_region_aligned_h100_16_merged'],2,888.3804409386618,0
Europe Only (2),"['europe-west1-c_h100_16', 'europe-west3-c_h100_16']",2,multi_region_oracle_dp,0,multi_region,,,,43.19444444444445,50.0,0.2,1.2,51.833333333333336,103.66666666666667,True,True,['data/converted_multi_region_aligned_h100_16_merged'],2,711.4999199999968,0
Europe Only (2),"['europe-west1-c_h100_16', 'europe-west3-c_h100_16']",2,unified_cost_model_oracle,0,multi_region,,,,43.19444444444445,50.0,0.2,1.2,51.833333333333336,103.66666666666667,True,True,['data/converted_multi_region_aligned_h100_16_merged'],2,1136.4630216319956,0
Europe Only (2),"['europe-west1-c_h100_16', 'europe-west3-c_h100_16']",2,multi_region_rc_cr_threshold_eager_failover,0,multi_region,,,,43.19444444444445,50.0,0.2,1.2,51.833333333333336,103.66666666666667,True,True,['data/converted_multi_region_aligned_h100_16_merged'],2,1250.9577053973292,0
Europe Only (2),"['europe-west1-c_h100_16', 'europe-west3-c_h100_16']",2,multi_region_availability_probe_simple,0,multi_region,,,,43.19444444444445,50.0,0.2,1.2,51.833333333333336,103.66666666666667,True,True,['data/converted_multi_region_aligned_h100_16_merged'],2,1250.9577053973292,0
Europe Only (2),"['europe-west1-c_h100_16', 'europe-west3-c_h100_16']",2,multi_region_probe_cost_ratio,0,multi_region,,,,43.19444444444445,50.0,0.2,1.2,51.833333333333336,103.66666666666667,True,True,['data/converted_multi_region_aligned_h100_16_merged'],2,1250.9577053973292,0
Europe Only (2),"['europe-west1-c_h100_16', 'europe-west3-c_h100_16']",2,rc_cr_threshold,0,single_region,,europe-west1-c_h100_16,,43.19444444444445,50.0,0.2,1.2,51.833333333333336,103.66666666666667,True,True,['data/converted_multi_region_aligned_h100_16_merged'],2,1101.9328648213288,0
Europe Only (2),"['europe-west1-c_h100_16', 'europe-west3-c_h100_16']",2,rc_cr_threshold,0,single_region,,europe-west3-c_h100_16,,43.19444444444445,50.0,0.2,1.2,51.833333333333336,103.66666666666667,True,True,['data/converted_multi_region_aligned_h100_16_merged'],2,4236.030618047997,0
Europe Only (2),"['europe-west1-c_h100_16', 'europe-west3-c_h100_16']",2,unified_cost_model_risk,0,multi_region,,,,43.19444444444445,50.0,0.2,1.2,51.833333333333336,155.5,True,True,['data/converted_multi_region_aligned_h100_16_merged'],3,721.2749509333288,1
Europe Only (2),"['europe-west1-c_h100_16', 'europe-west3-c_h100_16']",2,multi_region_oracle_dp,0,multi_region,,,,43.19444444444445,50.0,0.2,1.2,51.833333333333336,155.5,True,True,['data/converted_multi_region_aligned_h100_16_merged'],3,711.4999199999968,0
Europe Only (2),"['europe-west1-c_h100_16', 'europe-west3-c_h100_16']",2,unified_cost_model_oracle,0,multi_region,,,,43.19444444444445,50.0,0.2,1.2,51.833333333333336,155.5,True,True,['data/converted_multi_region_aligned_h100_16_merged'],3,720.7101919999955,1
Europe Only (2),"['europe-west1-c_h100_16', 'europe-west3-c_h100_16']",2,multi_region_rc_cr_threshold_eager_failover,0,multi_region,,,,43.19444444444445,50.0,0.2,1.2,51.833333333333336,155.5,True,True,['data/converted_multi_region_aligned_h100_16_merged'],3,720.7101919999955,1
Europe Only (2),"['europe-west1-c_h100_16', 'europe-west3-c_h100_16']",2,multi_region_availability_probe_simple,0,multi_region,,,,43.19444444444445,50.0,0.2,1.2,51.833333333333336,155.5,True,True,['data/converted_multi_region_aligned_h100_16_merged'],3,722.4044687999955,1
Europe Only (2),"['europe-west1-c_h100_16', 'europe-west3-c_h100_16']",2,multi_region_probe_cost_ratio,0,multi_region,,,,43.19444444444445,50.0,0.2,1.2,51.833333333333336,155.5,True,True,['data/converted_multi_region_aligned_h100_16_merged'],3,720.5116063999968,2
Europe Only (2),"['europe-west1-c_h100_16', 'europe-west3-c_h100_16']",2,rc_cr_threshold,0,single_region,,europe-west1-c_h100_16,,43.19444444444445,50.0,0.2,1.2,51.833333333333336,155.5,True,True,['data/converted_multi_region_aligned_h100_16_merged'],3,714.2259733333301,0
Europe Only (2),"['europe-west1-c_h100_16', 'europe-west3-c_h100_16']",2,rc_cr_threshold,0,single_region,,europe-west3-c_h100_16,,43.19444444444445,50.0,0.2,1.2,51.833333333333336,155.5,True,True,['data/converted_multi_region_aligned_h100_16_merged'],3,2879.8662621439803,0
Europe Only (2),"['europe-west1-c_h100_16', 'europe-west3-c_h100_16']",2,unified_cost_model_risk,0,multi_region,,,,43.19444444444445,50.0,0.2,1.2,51.833333333333336,207.33333333333334,True,True,['data/converted_multi_region_aligned_h100_16_merged'],4,923.9463202239951,3
Europe Only (2),"['europe-west1-c_h100_16', 'europe-west3-c_h100_16']",2,multi_region_oracle_dp,0,multi_region,,,,43.19444444444445,50.0,0.2,1.2,51.833333333333336,207.33333333333334,True,True,['data/converted_multi_region_aligned_h100_16_merged'],4,847.3159836693279,3
Europe Only (2),"['europe-west1-c_h100_16', 'europe-west3-c_h100_16']",2,unified_cost_model_oracle,0,multi_region,,,,43.19444444444445,50.0,0.2,1.2,51.833333333333336,207.33333333333334,True,True,['data/converted_multi_region_aligned_h100_16_merged'],4,1377.7857302613359,1
Europe Only (2),"['europe-west1-c_h100_16', 'europe-west3-c_h100_16']",2,multi_region_rc_cr_threshold_eager_failover,0,multi_region,,,,43.19444444444445,50.0,0.2,1.2,51.833333333333336,207.33333333333334,True,True,['data/converted_multi_region_aligned_h100_16_merged'],4,1033.3908477226628,3
Europe Only (2),"['europe-west1-c_h100_16', 'europe-west3-c_h100_16']",2,multi_region_availability_probe_simple,0,multi_region,,,,43.19444444444445,50.0,0.2,1.2,51.833333333333336,207.33333333333334,True,True,['data/converted_multi_region_aligned_h100_16_merged'],4,1035.6303351893293,3
Europe Only (2),"['europe-west1-c_h100_16', 'europe-west3-c_h100_16']",2,multi_region_probe_cost_ratio,0,multi_region,,,,43.19444444444445,50.0,0.2,1.2,51.833333333333336,207.33333333333334,True,True,['data/converted_multi_region_aligned_h100_16_merged'],4,1325.0708693120055,3
Europe Only (2),"['europe-west1-c_h100_16', 'europe-west3-c_h100_16']",2,rc_cr_threshold,0,single_region,,europe-west1-c_h100_16,,43.19444444444445,50.0,0.2,1.2,51.833333333333336,207.33333333333334,True,True,['data/converted_multi_region_aligned_h100_16_merged'],4,2051.208961802666,0
Europe Only (2),"['europe-west1-c_h100_16', 'europe-west3-c_h100_16']",2,rc_cr_threshold,0,single_region,,europe-west3-c_h100_16,,43.19444444444445,50.0,0.2,1.2,51.833333333333336,207.33333333333334,True,True,['data/converted_multi_region_aligned_h100_16_merged'],4,2354.6698930559846,0
Europe Only (2),"['europe-west1-c_h100_16', 'europe-west3-c_h100_16']",2,unified_cost_model_risk,0,multi_region,,,,43.19444444444445,50.0,0.2,1.2,51.833333333333336,259.1666666666667,True,True,['data/converted_multi_region_aligned_h100_16_merged'],5,709.0660202666635,0
Europe Only (2),"['europe-west1-c_h100_16', 'europe-west3-c_h100_16']",2,multi_region_oracle_dp,0,multi_region,,,,43.19444444444445,50.0,0.2,1.2,51.833333333333336,259.1666666666667,True,True,['data/converted_multi_region_aligned_h100_16_merged'],5,708.7738666666635,0
Europe Only (2),"['europe-west1-c_h100_16', 'europe-west3-c_h100_16']",2,unified_cost_model_oracle,0,multi_region,,,,43.19444444444445,50.0,0.2,1.2,51.833333333333336,259.1666666666667,True,True,['data/converted_multi_region_aligned_h100_16_merged'],5,708.7738666666635,0
Europe Only (2),"['europe-west1-c_h100_16', 'europe-west3-c_h100_16']",2,multi_region_rc_cr_threshold_eager_failover,0,multi_region,,,,43.19444444444445,50.0,0.2,1.2,51.833333333333336,259.1666666666667,True,True,['data/converted_multi_region_aligned_h100_16_merged'],5,708.7738666666635,0
Europe Only (2),"['europe-west1-c_h100_16', 'europe-west3-c_h100_16']",2,multi_region_availability_probe_simple,0,multi_region,,,,43.19444444444445,50.0,0.2,1.2,51.833333333333336,259.1666666666667,True,True,['data/converted_multi_region_aligned_h100_16_merged'],5,715.2012458666636,0
Europe Only (2),"['europe-west1-c_h100_16', 'europe-west3-c_h100_16']",2,multi_region_probe_cost_ratio,0,multi_region,,,,43.19444444444445,50.0,0.2,1.2,51.833333333333336,259.1666666666667,True,True,['data/converted_multi_region_aligned_h100_16_merged'],5,721.6286250666637,0
Europe Only (2),"['europe-west1-c_h100_16', 'europe-west3-c_h100_16']",2,rc_cr_threshold,0,single_region,,europe-west1-c_h100_16,,43.19444444444445,50.0,0.2,1.2,51.833333333333336,259.1666666666667,True,True,['data/converted_multi_region_aligned_h100_16_merged'],5,711.4999199999968,0
Europe Only (2),"['europe-west1-c_h100_16', 'europe-west3-c_h100_16']",2,rc_cr_threshold,0,single_region,,europe-west3-c_h100_16,,43.19444444444445,50.0,0.2,1.2,51.833333333333336,259.1666666666667,True,True,['data/converted_multi_region_aligned_h100_16_merged'],5,762.5208959999959,0
Asia Only (3),"['asia-south2-b_h100_16', 'asia-southeast1-b_h100_16', 'asia-southeast1-c_h100_16']",3,unified_cost_model_risk,0,multi_region,,,,43.19444444444445,50.0,0.2,1.2,51.833333333333336,0.0,True,True,['data/converted_multi_region_aligned_h100_16_merged'],0,839.1388123295982,1
Asia Only (3),"['asia-south2-b_h100_16', 'asia-southeast1-b_h100_16', 'asia-southeast1-c_h100_16']",3,multi_region_oracle_dp,0,multi_region,,,,43.19444444444445,50.0,0.2,1.2,51.833333333333336,0.0,True,True,['data/converted_multi_region_aligned_h100_16_merged'],0,834.4433066666649,0
Asia Only (3),"['asia-south2-b_h100_16', 'asia-southeast1-b_h100_16', 'asia-southeast1-c_h100_16']",3,unified_cost_model_oracle,0,multi_region,,,,43.19444444444445,50.0,0.2,1.2,51.833333333333336,0.0,True,True,['data/converted_multi_region_aligned_h100_16_merged'],0,834.4433066666649,0
Asia Only (3),"['asia-south2-b_h100_16', 'asia-southeast1-b_h100_16', 'asia-southeast1-c_h100_16']",3,multi_region_rc_cr_threshold_eager_failover,0,multi_region,,,,43.19444444444445,50.0,0.2,1.2,51.833333333333336,0.0,True,True,['data/converted_multi_region_aligned_h100_16_merged'],0,2999.878593109348,1
Asia Only (3),"['asia-south2-b_h100_16', 'asia-southeast1-b_h100_16', 'asia-southeast1-c_h100_16']",3,multi_region_availability_probe_simple,0,multi_region,,,,43.19444444444445,50.0,0.2,1.2,51.833333333333336,0.0,True,True,['data/converted_multi_region_aligned_h100_16_merged'],0,3036.819964160016,0
Asia Only (3),"['asia-south2-b_h100_16', 'asia-southeast1-b_h100_16', 'asia-southeast1-c_h100_16']",3,multi_region_probe_cost_ratio,0,multi_region,,,,43.19444444444445,50.0,0.2,1.2,51.833333333333336,0.0,True,True,['data/converted_multi_region_aligned_h100_16_merged'],0,889.2410619690639,1
Asia Only (3),"['asia-south2-b_h100_16', 'asia-southeast1-b_h100_16', 'asia-southeast1-c_h100_16']",3,rc_cr_threshold,0,single_region,,asia-south2-b_h100_16,,43.19444444444445,50.0,0.2,1.2,51.833333333333336,0.0,True,True,['data/converted_multi_region_aligned_h100_16_merged'],0,3041.090036256015,0
Asia Only (3),"['asia-south2-b_h100_16', 'asia-southeast1-b_h100_16', 'asia-southeast1-c_h100_16']",3,rc_cr_threshold,0,single_region,,asia-southeast1-b_h100_16,,43.19444444444445,50.0,0.2,1.2,51.833333333333336,0.0,True,True,['data/converted_multi_region_aligned_h100_16_merged'],0,4599.544343114651,0
Asia Only (3),"['asia-south2-b_h100_16', 'asia-southeast1-b_h100_16', 'asia-southeast1-c_h100_16']",3,rc_cr_threshold,0,single_region,,asia-southeast1-c_h100_16,,43.19444444444445,50.0,0.2,1.2,51.833333333333336,0.0,True,True,['data/converted_multi_region_aligned_h100_16_merged'],0,837.6527039999982,0
Asia Only (3),"['asia-south2-b_h100_16', 'asia-southeast1-b_h100_16', 'asia-southeast1-c_h100_16']",3,unified_cost_model_risk,0,multi_region,,,,43.19444444444445,50.0,0.2,1.2,51.833333333333336,51.833333333333336,True,True,['data/converted_multi_region_aligned_h100_16_merged'],1,1039.2503657461307,7
Asia Only (3),"['asia-south2-b_h100_16', 'asia-southeast1-b_h100_16', 'asia-southeast1-c_h100_16']",3,multi_region_oracle_dp,0,multi_region,,,,43.19444444444445,50.0,0.2,1.2,51.833333333333336,51.833333333333336,True,True,['data/converted_multi_region_aligned_h100_16_merged'],1,844.0714986666648,1
Asia Only (3),"['asia-south2-b_h100_16', 'asia-southeast1-b_h100_16', 'asia-southeast1-c_h100_16']",3,unified_cost_model_oracle,0,multi_region,,,,43.19444444444445,50.0,0.2,1.2,51.833333333333336,51.833333333333336,True,True,['data/converted_multi_region_aligned_h100_16_merged'],1,1082.3616044373305,10
Asia Only (3),"['asia-south2-b_h100_16', 'asia-southeast1-b_h100_16', 'asia-southeast1-c_h100_16']",3,multi_region_rc_cr_threshold_eager_failover,0,multi_region,,,,43.19444444444445,50.0,0.2,1.2,51.833333333333336,51.833333333333336,True,True,['data/converted_multi_region_aligned_h100_16_merged'],1,2611.5333161600115,1
Asia Only (3),"['asia-south2-b_h100_16', 'asia-southeast1-b_h100_16', 'asia-southeast1-c_h100_16']",3,multi_region_availability_probe_simple,0,multi_region,,,,43.19444444444445,50.0,0.2,1.2,51.833333333333336,51.833333333333336,True,True,['data/converted_multi_region_aligned_h100_16_merged'],1,3037.1409038933493,0
Asia Only (3),"['asia-south2-b_h100_16', 'asia-southeast1-b_h100_16', 'asia-southeast1-c_h100_16']",3,multi_region_probe_cost_ratio,0,multi_region,,,,43.19444444444445,50.0,0.2,1.2,51.833333333333336,51.833333333333336,True,True,['data/converted_multi_region_aligned_h100_16_merged'],1,2936.4344716757364,13
Asia Only (3),"['asia-south2-b_h100_16', 'asia-southeast1-b_h100_16', 'asia-southeast1-c_h100_16']",3,rc_cr_threshold,0,single_region,,asia-south2-b_h100_16,,43.19444444444445,50.0,0.2,1.2,51.833333333333336,51.833333333333336,True,True,['data/converted_multi_region_aligned_h100_16_merged'],1,3041.090036256015,0
Asia Only (3),"['asia-south2-b_h100_16', 'asia-southeast1-b_h100_16', 'asia-southeast1-c_h100_16']",3,rc_cr_threshold,0,single_region,,asia-southeast1-b_h100_16,,43.19444444444445,50.0,0.2,1.2,51.833333333333336,51.833333333333336,True,True,['data/converted_multi_region_aligned_h100_16_merged'],1,3122.030977856021,0
Asia Only (3),"['asia-south2-b_h100_16', 'asia-southeast1-b_h100_16', 'asia-southeast1-c_h100_16']",3,rc_cr_threshold,0,single_region,,asia-southeast1-c_h100_16,,43.19444444444445,50.0,0.2,1.2,51.833333333333336,51.833333333333336,True,True,['data/converted_multi_region_aligned_h100_16_merged'],1,2447.4830988480044,0
Asia Only (3),"['asia-south2-b_h100_16', 'asia-southeast1-b_h100_16', 'asia-southeast1-c_h100_16']",3,unified_cost_model_risk,0,multi_region,,,,43.19444444444445,50.0,0.2,1.2,51.833333333333336,103.66666666666667,True,True,['data/converted_multi_region_aligned_h100_16_merged'],2,835.9294149962649,0
Asia Only (3),"['asia-south2-b_h100_16', 'asia-southeast1-b_h100_16', 'asia-southeast1-c_h100_16']",3,multi_region_oracle_dp,0,multi_region,,,,43.19444444444445,50.0,0.2,1.2,51.833333333333336,103.66666666666667,True,True,['data/converted_multi_region_aligned_h100_16_merged'],2,834.4433066666649,0
Asia Only (3),"['asia-south2-b_h100_16', 'asia-southeast1-b_h100_16', 'asia-southeast1-c_h100_16']",3,unified_cost_model_oracle,0,multi_region,,,,43.19444444444445,50.0,0.2,1.2,51.833333333333336,103.66666666666667,True,True,['data/converted_multi_region_aligned_h100_16_merged'],2,834.4433066666649,0
Asia Only (3),"['asia-south2-b_h100_16', 'asia-southeast1-b_h100_16', 'asia-southeast1-c_h100_16']",3,multi_region_rc_cr_threshold_eager_failover,0,multi_region,,,,43.19444444444445,50.0,0.2,1.2,51.833333333333336,103.66666666666667,True,True,['data/converted_multi_region_aligned_h100_16_merged'],2,834.4433066666649,0
Asia Only (3),"['asia-south2-b_h100_16', 'asia-southeast1-b_h100_16', 'asia-southeast1-c_h100_16']",3,multi_region_availability_probe_simple,0,multi_region,,,,43.19444444444445,50.0,0.2,1.2,51.833333333333336,103.66666666666667,True,True,['data/converted_multi_region_aligned_h100_16_merged'],2,3037.140903893349,0
Asia Only (3),"['asia-south2-b_h100_16', 'asia-southeast1-b_h100_16', 'asia-southeast1-c_h100_16']",3,multi_region_probe_cost_ratio,0,multi_region,,,,43.19444444444445,50.0,0.2,1.2,51.833333333333336,103.66666666666667,True,True,['data/converted_multi_region_aligned_h100_16_merged'],2,886.6735441023973,0
Asia Only (3),"['asia-south2-b_h100_16', 'asia-southeast1-b_h100_16', 'asia-southeast1-c_h100_16']",3,rc_cr_threshold,0,single_region,,asia-south2-b_h100_16,,43.19444444444445,50.0,0.2,1.2,51.833333333333336,103.66666666666667,True,True,['data/converted_multi_region_aligned_h100_16_merged'],2,3041.090036256015,0
Asia Only (3),"['asia-south2-b_h100_16', 'asia-southeast1-b_h100_16', 'asia-southeast1-c_h100_16']",3,rc_cr_threshold,0,single_region,,asia-southeast1-b_h100_16,,43.19444444444445,50.0,0.2,1.2,51.833333333333336,103.66666666666667,True,True,['data/converted_multi_region_aligned_h100_16_merged'],2,837.6527039999982,0
Asia Only (3),"['asia-south2-b_h100_16', 'asia-southeast1-b_h100_16', 'asia-southeast1-c_h100_16']",3,rc_cr_threshold,0,single_region,,asia-southeast1-c_h100_16,,43.19444444444445,50.0,0.2,1.2,51.833333333333336,103.66666666666667,True,True,['data/converted_multi_region_aligned_h100_16_merged'],2,4350.9155566933205,0
Asia Only (3),"['asia-south2-b_h100_16', 'asia-southeast1-b_h100_16', 'asia-southeast1-c_h100_16']",3,unified_cost_model_risk,0,multi_region,,,,43.19444444444445,50.0,0.2,1.2,51.833333333333336,155.5,True,True,['data/converted_multi_region_aligned_h100_16_merged'],3,835.6084752629315,0
Asia Only (3),"['asia-south2-b_h100_16', 'asia-southeast1-b_h100_16', 'asia-southeast1-c_h100_16']",3,multi_region_oracle_dp,0,multi_region,,,,43.19444444444445,50.0,0.2,1.2,51.833333333333336,155.5,True,True,['data/converted_multi_region_aligned_h100_16_merged'],3,834.4433066666649,0
Asia Only (3),"['asia-south2-b_h100_16', 'asia-southeast1-b_h100_16', 'asia-southeast1-c_h100_16']",3,unified_cost_model_oracle,0,multi_region,,,,43.19444444444445,50.0,0.2,1.2,51.833333333333336,155.5,True,True,['data/converted_multi_region_aligned_h100_16_merged'],3,834.4433066666649,0
Asia Only (3),"['asia-south2-b_h100_16', 'asia-southeast1-b_h100_16', 'asia-southeast1-c_h100_16']",3,multi_region_rc_cr_threshold_eager_failover,0,multi_region,,,,43.19444444444445,50.0,0.2,1.2,51.833333333333336,155.5,True,True,['data/converted_multi_region_aligned_h100_16_merged'],3,834.4433066666649,0
Asia Only (3),"['asia-south2-b_h100_16', 'asia-southeast1-b_h100_16', 'asia-southeast1-c_h100_16']",3,multi_region_availability_probe_simple,0,multi_region,,,,43.19444444444445,50.0,0.2,1.2,51.833333333333336,155.5,True,True,['data/converted_multi_region_aligned_h100_16_merged'],3,3036.4990244266824,0
Asia Only (3),"['asia-south2-b_h100_16', 'asia-southeast1-b_h100_16', 'asia-southeast1-c_h100_16']",3,multi_region_probe_cost_ratio,0,multi_region,,,,43.19444444444445,50.0,0.2,1.2,51.833333333333336,155.5,True,True,['data/converted_multi_region_aligned_h100_16_merged'],3,885.7107249023973,0
Asia Only (3),"['asia-south2-b_h100_16', 'asia-southeast1-b_h100_16', 'asia-southeast1-c_h100_16']",3,rc_cr_threshold,0,single_region,,asia-south2-b_h100_16,,43.19444444444445,50.0,0.2,1.2,51.833333333333336,155.5,True,True,['data/converted_multi_region_aligned_h100_16_merged'],3,3041.090036256015,0
Asia Only (3),"['asia-south2-b_h100_16', 'asia-southeast1-b_h100_16', 'asia-southeast1-c_h100_16']",3,rc_cr_threshold,0,single_region,,asia-southeast1-b_h100_16,,43.19444444444445,50.0,0.2,1.2,51.833333333333336,155.5,True,True,['data/converted_multi_region_aligned_h100_16_merged'],3,837.6527039999982,0
Asia Only (3),"['asia-south2-b_h100_16', 'asia-southeast1-b_h100_16', 'asia-southeast1-c_h100_16']",3,rc_cr_threshold,0,single_region,,asia-southeast1-c_h100_16,,43.19444444444445,50.0,0.2,1.2,51.833333333333336,155.5,True,True,['data/converted_multi_region_aligned_h100_16_merged'],3,4654.835836703985,0
Asia Only (3),"['asia-south2-b_h100_16', 'asia-southeast1-b_h100_16', 'asia-southeast1-c_h100_16']",3,unified_cost_model_risk,0,multi_region,,,,43.19444444444445,50.0,0.2,1.2,51.833333333333336,207.33333333333334,True,True,['data/converted_multi_region_aligned_h100_16_merged'],4,835.9294149962649,0
Asia Only (3),"['asia-south2-b_h100_16', 'asia-southeast1-b_h100_16', 'asia-southeast1-c_h100_16']",3,multi_region_oracle_dp,0,multi_region,,,,43.19444444444445,50.0,0.2,1.2,51.833333333333336,207.33333333333334,True,True,['data/converted_multi_region_aligned_h100_16_merged'],4,834.4433066666649,0
Asia Only (3),"['asia-south2-b_h100_16', 'asia-southeast1-b_h100_16', 'asia-southeast1-c_h100_16']",3,unified_cost_model_oracle,0,multi_region,,,,43.19444444444445,50.0,0.2,1.2,51.833333333333336,207.33333333333334,True,True,['data/converted_multi_region_aligned_h100_16_merged'],4,834.4433066666649,0
Asia Only (3),"['asia-south2-b_h100_16', 'asia-southeast1-b_h100_16', 'asia-southeast1-c_h100_16']",3,multi_region_rc_cr_threshold_eager_failover,0,multi_region,,,,43.19444444444445,50.0,0.2,1.2,51.833333333333336,207.33333333333334,True,True,['data/converted_multi_region_aligned_h100_16_merged'],4,834.4433066666649,0
Asia Only (3),"['asia-south2-b_h100_16', 'asia-southeast1-b_h100_16', 'asia-southeast1-c_h100_16']",3,multi_region_availability_probe_simple,0,multi_region,,,,43.19444444444445,50.0,0.2,1.2,51.833333333333336,207.33333333333334,True,True,['data/converted_multi_region_aligned_h100_16_merged'],4,3036.819964160016,0
Asia Only (3),"['asia-south2-b_h100_16', 'asia-southeast1-b_h100_16', 'asia-southeast1-c_h100_16']",3,multi_region_probe_cost_ratio,0,multi_region,,,,43.19444444444445,50.0,0.2,1.2,51.833333333333336,207.33333333333334,True,True,['data/converted_multi_region_aligned_h100_16_merged'],4,886.6735441023974,0
Asia Only (3),"['asia-south2-b_h100_16', 'asia-southeast1-b_h100_16', 'asia-southeast1-c_h100_16']",3,rc_cr_threshold,0,single_region,,asia-south2-b_h100_16,,43.19444444444445,50.0,0.2,1.2,51.833333333333336,207.33333333333334,True,True,['data/converted_multi_region_aligned_h100_16_merged'],4,3041.090036256015,0
Asia Only (3),"['asia-south2-b_h100_16', 'asia-southeast1-b_h100_16', 'asia-southeast1-c_h100_16']",3,rc_cr_threshold,0,single_region,,asia-southeast1-b_h100_16,,43.19444444444445,50.0,0.2,1.2,51.833333333333336,207.33333333333334,True,True,['data/converted_multi_region_aligned_h100_16_merged'],4,837.6527039999982,0
Asia Only (3),"['asia-south2-b_h100_16', 'asia-southeast1-b_h100_16', 'asia-southeast1-c_h100_16']",3,rc_cr_threshold,0,single_region,,asia-southeast1-c_h100_16,,43.19444444444445,50.0,0.2,1.2,51.833333333333336,207.33333333333334,True,True,['data/converted_multi_region_aligned_h100_16_merged'],4,4409.416447615982,0
Asia Only (3),"['asia-south2-b_h100_16', 'asia-southeast1-b_h100_16', 'asia-southeast1-c_h100_16']",3,unified_cost_model_risk,0,multi_region,,,,43.19444444444445,50.0,0.2,1.2,51.833333333333336,259.1666666666667,True,True,['data/converted_multi_region_aligned_h100_16_merged'],5,835.9294149962649,0
Asia Only (3),"['asia-south2-b_h100_16', 'asia-southeast1-b_h100_16', 'asia-southeast1-c_h100_16']",3,multi_region_oracle_dp,0,multi_region,,,,43.19444444444445,50.0,0.2,1.2,51.833333333333336,259.1666666666667,True,True,['data/converted_multi_region_aligned_h100_16_merged'],5,834.4433066666649,0
Asia Only (3),"['asia-south2-b_h100_16', 'asia-southeast1-b_h100_16', 'asia-southeast1-c_h100_16']",3,unified_cost_model_oracle,0,multi_region,,,,43.19444444444445,50.0,0.2,1.2,51.833333333333336,259.1666666666667,True,True,['data/converted_multi_region_aligned_h100_16_merged'],5,834.4433066666649,0
Asia Only (3),"['asia-south2-b_h100_16', 'asia-southeast1-b_h100_16', 'asia-southeast1-c_h100_16']",3,multi_region_rc_cr_threshold_eager_failover,0,multi_region,,,,43.19444444444445,50.0,0.2,1.2,51.833333333333336,259.1666666666667,True,True,['data/converted_multi_region_aligned_h100_16_merged'],5,834.4433066666649,0
Asia Only (3),"['asia-south2-b_h100_16', 'asia-southeast1-b_h100_16', 'asia-southeast1-c_h100_16']",3,multi_region_availability_probe_simple,0,multi_region,,,,43.19444444444445,50.0,0.2,1.2,51.833333333333336,259.1666666666667,True,True,['data/converted_multi_region_aligned_h100_16_merged'],5,3043.5596985600164,0
Asia Only (3),"['asia-south2-b_h100_16', 'asia-southeast1-b_h100_16', 'asia-southeast1-c_h100_16']",3,multi_region_probe_cost_ratio,0,multi_region,,,,43.19444444444445,50.0,0.2,1.2,51.833333333333336,259.1666666666667,True,True,['data/converted_multi_region_aligned_h100_16_merged'],5,899.8320731690645,0
Asia Only (3),"['asia-south2-b_h100_16', 'asia-southeast1-b_h100_16', 'asia-southeast1-c_h100_16']",3,rc_cr_threshold,0,single_region,,asia-south2-b_h100_16,,43.19444444444445,50.0,0.2,1.2,51.833333333333336,259.1666666666667,True,True,['data/converted_multi_region_aligned_h100_16_merged'],5,3041.090036256015,0
Asia Only (3),"['asia-south2-b_h100_16', 'asia-southeast1-b_h100_16', 'asia-southeast1-c_h100_16']",3,rc_cr_threshold,0,single_region,,asia-southeast1-b_h100_16,,43.19444444444445,50.0,0.2,1.2,51.833333333333336,259.1666666666667,True,True,['data/converted_multi_region_aligned_h100_16_merged'],5,837.6527039999982,0
Asia Only (3),"['asia-south2-b_h100_16', 'asia-southeast1-b_h100_16', 'asia-southeast1-c_h100_16']",3,rc_cr_threshold,0,single_region,,asia-southeast1-c_h100_16,,43.19444444444445,50.0,0.2,1.2,51.833333333333336,259.1666666666667,True,True,['data/converted_multi_region_aligned_h100_16_merged'],5,837.6527039999982,0
Global (13),"['asia-south2-b_h100_16', 'asia-southeast1-b_h100_16', 'asia-southeast1-c_h100_16', 'europe-west1-c_h100_16', 'europe-west3-c_h100_16', 'us-central1-a_h100_16', 'us-central1-b_h100_16', 'us-central1-c_h100_16', 'us-east4-a_h100_16', 'us-east4-b_h100_16', 'us-east5-a_h100_16', 'us-west1-a_h100_16', 'us-west1-b_h100_16']",13,unified_cost_model_risk,0,multi_region,,,,43.19444444444445,50.0,0.2,1.2,51.833333333333336,0.0,True,True,['data/converted_multi_region_aligned_h100_16_merged'],0,689.9219616629299,1
Global (13),"['asia-south2-b_h100_16', 'asia-southeast1-b_h100_16', 'asia-southeast1-c_h100_16', 'europe-west1-c_h100_16', 'europe-west3-c_h100_16', 'us-central1-a_h100_16', 'us-central1-b_h100_16', 'us-central1-c_h100_16', 'us-east4-a_h100_16', 'us-east4-b_h100_16', 'us-east5-a_h100_16', 'us-west1-a_h100_16', 'us-west1-b_h100_16']",13,multi_region_oracle_dp,0,multi_region,,,,43.19444444444445,50.0,0.2,1.2,51.833333333333336,0.0,True,True,['data/converted_multi_region_aligned_h100_16_merged'],0,646.1246400000023,0
Global (13),"['asia-south2-b_h100_16', 'asia-southeast1-b_h100_16', 'asia-southeast1-c_h100_16', 'europe-west1-c_h100_16', 'europe-west3-c_h100_16', 'us-central1-a_h100_16', 'us-central1-b_h100_16', 'us-central1-c_h100_16', 'us-east4-a_h100_16', 'us-east4-b_h100_16', 'us-east5-a_h100_16', 'us-west1-a_h100_16', 'us-west1-b_h100_16']",13,unified_cost_model_oracle,0,multi_region,,,,43.19444444444445,50.0,0.2,1.2,51.833333333333336,0.0,True,True,['data/converted_multi_region_aligned_h100_16_merged'],0,652.1030933333356,2
Global (13),"['asia-south2-b_h100_16', 'asia-southeast1-b_h100_16', 'asia-southeast1-c_h100_16', 'europe-west1-c_h100_16', 'europe-west3-c_h100_16', 'us-central1-a_h100_16', 'us-central1-b_h100_16', 'us-central1-c_h100_16', 'us-east4-a_h100_16', 'us-east4-b_h100_16', 'us-east5-a_h100_16', 'us-west1-a_h100_16', 'us-west1-b_h100_16']",13,multi_region_rc_cr_threshold_eager_failover,0,multi_region,,,,43.19444444444445,50.0,0.2,1.2,51.833333333333336,0.0,True,True,['data/converted_multi_region_aligned_h100_16_merged'],0,684.9471199999965,1
Global (13),"['asia-south2-b_h100_16', 'asia-southeast1-b_h100_16', 'asia-southeast1-c_h100_16', 'europe-west1-c_h100_16', 'europe-west3-c_h100_16', 'us-central1-a_h100_16', 'us-central1-b_h100_16', 'us-central1-c_h100_16', 'us-east4-a_h100_16', 'us-east4-b_h100_16', 'us-east5-a_h100_16', 'us-west1-a_h100_16', 'us-west1-b_h100_16']",13,multi_region_availability_probe_simple,0,multi_region,,,,43.19444444444445,50.0,0.2,1.2,51.833333333333336,0.0,True,True,['data/converted_multi_region_aligned_h100_16_merged'],0,3086.376688426689,0
Global (13),"['asia-south2-b_h100_16', 'asia-southeast1-b_h100_16', 'asia-southeast1-c_h100_16', 'europe-west1-c_h100_16', 'europe-west3-c_h100_16', 'us-central1-a_h100_16', 'us-central1-b_h100_16', 'us-central1-c_h100_16', 'us-east4-a_h100_16', 'us-east4-b_h100_16', 'us-east5-a_h100_16', 'us-west1-a_h100_16', 'us-west1-b_h100_16']",13,multi_region_probe_cost_ratio,0,multi_region,,,,43.19444444444445,50.0,0.2,1.2,51.833333333333336,0.0,True,True,['data/converted_multi_region_aligned_h100_16_merged'],0,842.6550934357288,1
Global (13),"['asia-south2-b_h100_16', 'asia-southeast1-b_h100_16', 'asia-southeast1-c_h100_16', 'europe-west1-c_h100_16', 'europe-west3-c_h100_16', 'us-central1-a_h100_16', 'us-central1-b_h100_16', 'us-central1-c_h100_16', 'us-east4-a_h100_16', 'us-east4-b_h100_16', 'us-east5-a_h100_16', 'us-west1-a_h100_16', 'us-west1-b_h100_16']",13,rc_cr_threshold,0,single_region,,asia-south2-b_h100_16,,43.19444444444445,50.0,0.2,1.2,51.833333333333336,0.0,True,True,['data/converted_multi_region_aligned_h100_16_merged'],0,3041.090036256015,-1
Global (13),"['asia-south2-b_h100_16', 'asia-southeast1-b_h100_16', 'asia-southeast1-c_h100_16', 'europe-west1-c_h100_16', 'europe-west3-c_h100_16', 'us-central1-a_h100_16', 'us-central1-b_h100_16', 'us-central1-c_h100_16', 'us-east4-a_h100_16', 'us-east4-b_h100_16', 'us-east5-a_h100_16', 'us-west1-a_h100_16', 'us-west1-b_h100_16']",13,rc_cr_threshold,0,single_region,,asia-southeast1-b_h100_16,,43.19444444444445,50.0,0.2,1.2,51.833333333333336,0.0,True,True,['data/converted_multi_region_aligned_h100_16_merged'],0,4599.544343114651,-1
Global (13),"['asia-south2-b_h100_16', 'asia-southeast1-b_h100_16', 'asia-southeast1-c_h100_16', 'europe-west1-c_h100_16', 'europe-west3-c_h100_16', 'us-central1-a_h100_16', 'us-central1-b_h100_16', 'us-central1-c_h100_16', 'us-east4-a_h100_16', 'us-east4-b_h100_16', 'us-east5-a_h100_16', 'us-west1-a_h100_16', 'us-west1-b_h100_16']",13,rc_cr_threshold,0,single_region,,asia-southeast1-c_h100_16,,43.19444444444445,50.0,0.2,1.2,51.833333333333336,0.0,True,True,['data/converted_multi_region_aligned_h100_16_merged'],0,837.6527039999982,-1
Global (13),"['asia-south2-b_h100_16', 'asia-southeast1-b_h100_16', 'asia-southeast1-c_h100_16', 'europe-west1-c_h100_16', 'europe-west3-c_h100_16', 'us-central1-a_h100_16', 'us-central1-b_h100_16', 'us-central1-c_h100_16', 'us-east4-a_h100_16', 'us-east4-b_h100_16', 'us-east5-a_h100_16', 'us-west1-a_h100_16', 'us-west1-b_h100_16']",13,rc_cr_threshold,0,single_region,,europe-west1-c_h100_16,,43.19444444444445,50.0,0.2,1.2,51.833333333333336,0.0,True,True,['data/converted_multi_region_aligned_h100_16_merged'],0,711.4999199999968,-1
Global (13),"['asia-south2-b_h100_16', 'asia-southeast1-b_h100_16', 'asia-southeast1-c_h100_16', 'europe-west1-c_h100_16', 'europe-west3-c_h100_16', 'us-central1-a_h100_16', 'us-central1-b_h100_16', 'us-central1-c_h100_16', 'us-east4-a_h100_16', 'us-east4-b_h100_16', 'us-east5-a_h100_16', 'us-west1-a_h100_16', 'us-west1-b_h100_16']",13,rc_cr_threshold,0,single_region,,europe-west3-c_h100_16,,43.19444444444445,50.0,0.2,1.2,51.833333333333336,0.0,True,True,['data/converted_multi_region_aligned_h100_16_merged'],0,3778.9989031679966,-1
Global (13),"['asia-south2-b_h100_16', 'asia-southeast1-b_h100_16', 'asia-southeast1-c_h100_16', 'europe-west1-c_h100_16', 'europe-west3-c_h100_16', 'us-central1-a_h100_16', 'us-central1-b_h100_16', 'us-central1-c_h100_16', 'us-east4-a_h100_16', 'us-east4-b_h100_16', 'us-east5-a_h100_16', 'us-west1-a_h100_16', 'us-west1-b_h100_16']",13,rc_cr_threshold,0,single_region,,us-central1-a_h100_16,,43.19444444444445,50.0,0.2,1.2,51.833333333333336,0.0,True,True,['data/converted_multi_region_aligned_h100_16_merged'],0,1145.3805788066745,-1
Global (13),"['asia-south2-b_h100_16', 'asia-southeast1-b_h100_16', 'asia-southeast1-c_h100_16', 'europe-west1-c_h100_16', 'europe-west3-c_h100_16', 'us-central1-a_h100_16', 'us-central1-b_h100_16', 'us-central1-c_h100_16', 'us-east4-a_h100_16', 'us-east4-b_h100_16', 'us-east5-a_h100_16', 'us-west1-a_h100_16', 'us-west1-b_h100_16']",13,rc_cr_threshold,0,single_region,,us-central1-b_h100_16,,43.19444444444445,50.0,0.2,1.2,51.833333333333336,0.0,True,True,['data/converted_multi_region_aligned_h100_16_merged'],0,1164.3595868066748,-1
Global (13),"['asia-south2-b_h100_16', 'asia-southeast1-b_h100_16', 'asia-southeast1-c_h100_16', 'europe-west1-c_h100_16', 'europe-west3-c_h100_16', 'us-central1-a_h100_16', 'us-central1-b_h100_16', 'us-central1-c_h100_16', 'us-east4-a_h100_16', 'us-east4-b_h100_16', 'us-east5-a_h100_16', 'us-west1-a_h100_16', 'us-west1-b_h100_16']",13,rc_cr_threshold,0,single_region,,us-central1-c_h100_16,,43.19444444444445,50.0,0.2,1.2,51.833333333333336,0.0,True,True,['data/converted_multi_region_aligned_h100_16_merged'],0,1078.529451866673,-1
Global (13),"['asia-south2-b_h100_16', 'asia-southeast1-b_h100_16', 'asia-southeast1-c_h100_16', 'europe-west1-c_h100_16', 'europe-west3-c_h100_16', 'us-central1-a_h100_16', 'us-central1-b_h100_16', 'us-central1-c_h100_16', 'us-east4-a_h100_16', 'us-east4-b_h100_16', 'us-east5-a_h100_16', 'us-west1-a_h100_16', 'us-west1-b_h100_16']",13,rc_cr_threshold,0,single_region,,us-east4-a_h100_16,,43.19444444444445,50.0,0.2,1.2,51.833333333333336,0.0,True,True,['data/converted_multi_region_aligned_h100_16_merged'],0,651.075786666669,-1
Global (13),"['asia-south2-b_h100_16', 'asia-southeast1-b_h100_16', 'asia-southeast1-c_h100_16', 'europe-west1-c_h100_16', 'europe-west3-c_h100_16', 'us-central1-a_h100_16', 'us-central1-b_h100_16', 'us-central1-c_h100_16', 'us-east4-a_h100_16', 'us-east4-b_h100_16', 'us-east5-a_h100_16', 'us-west1-a_h100_16', 'us-west1-b_h100_16']",13,rc_cr_threshold,0,single_region,,us-east4-b_h100_16,,43.19444444444445,50.0,0.2,1.2,51.833333333333336,0.0,True,True,['data/converted_multi_region_aligned_h100_16_merged'],0,1204.5524579200082,-1
Global (13),"['asia-south2-b_h100_16', 'asia-southeast1-b_h100_16', 'asia-southeast1-c_h100_16', 'europe-west1-c_h100_16', 'europe-west3-c_h100_16', 'us-central1-a_h100_16', 'us-central1-b_h100_16', 'us-central1-c_h100_16', 'us-east4-a_h100_16', 'us-east4-b_h100_16', 'us-east5-a_h100_16', 'us-west1-a_h100_16', 'us-west1-b_h100_16']",13,rc_cr_threshold,0,single_region,,us-east5-a_h100_16,,43.19444444444445,50.0,0.2,1.2,51.833333333333336,0.0,True,True,['data/converted_multi_region_aligned_h100_16_merged'],0,2613.922668309349,-1
Global (13),"['asia-south2-b_h100_16', 'asia-southeast1-b_h100_16', 'asia-southeast1-c_h100_16', 'europe-west1-c_h100_16', 'europe-west3-c_h100_16', 'us-central1-a_h100_16', 'us-central1-b_h100_16', 'us-central1-c_h100_16', 'us-east4-a_h100_16', 'us-east4-b_h100_16', 'us-east5-a_h100_16', 'us-west1-a_h100_16', 'us-west1-b_h100_16']",13,rc_cr_threshold,0,single_region,,us-west1-a_h100_16,,43.19444444444445,50.0,0.2,1.2,51.833333333333336,0.0,True,True,['data/converted_multi_region_aligned_h100_16_merged'],0,1014.0229918933371,-1
Global (13),"['asia-south2-b_h100_16', 'asia-southeast1-b_h100_16', 'asia-southeast1-c_h100_16', 'europe-west1-c_h100_16', 'europe-west3-c_h100_16', 'us-central1-a_h100_16', 'us-central1-b_h100_16', 'us-central1-c_h100_16', 'us-east4-a_h100_16', 'us-east4-b_h100_16', 'us-east5-a_h100_16', 'us-west1-a_h100_16', 'us-west1-b_h100_16']",13,rc_cr_threshold,0,single_region,,us-west1-b_h100_16,,43.19444444444445,50.0,0.2,1.2,51.833333333333336,0.0,True,True,['data/converted_multi_region_aligned_h100_16_merged'],0,3437.993616413327,-1
Global (13),"['asia-south2-b_h100_16', 'asia-southeast1-b_h100_16', 'asia-southeast1-c_h100_16', 'europe-west1-c_h100_16', 'europe-west3-c_h100_16', 'us-central1-a_h100_16', 'us-central1-b_h100_16', 'us-central1-c_h100_16', 'us-east4-a_h100_16', 'us-east4-b_h100_16', 'us-east5-a_h100_16', 'us-west1-a_h100_16', 'us-west1-b_h100_16']",13,unified_cost_model_risk,0,multi_region,,,,43.19444444444445,50.0,0.2,1.2,51.833333333333336,51.833333333333336,True,True,['data/converted_multi_region_aligned_h100_16_merged'],1,695.3932773962695,7
Global (13),"['asia-south2-b_h100_16', 'asia-southeast1-b_h100_16', 'asia-southeast1-c_h100_16', 'europe-west1-c_h100_16', 'europe-west3-c_h100_16', 'us-central1-a_h100_16', 'us-central1-b_h100_16', 'us-central1-c_h100_16', 'us-east4-a_h100_16', 'us-east4-b_h100_16', 'us-east5-a_h100_16', 'us-west1-a_h100_16', 'us-west1-b_h100_16']",13,multi_region_oracle_dp,0,multi_region,,,,43.19444444444445,50.0,0.2,1.2,51.833333333333336,51.833333333333336,True,True,['data/converted_multi_region_aligned_h100_16_merged'],1,648.6002133333357,0
Global (13),"['asia-south2-b_h100_16', 'asia-southeast1-b_h100_16', 'asia-southeast1-c_h100_16', 'europe-west1-c_h100_16', 'europe-west3-c_h100_16', 'us-central1-a_h100_16', 'us-central1-b_h100_16', 'us-central1-c_h100_16', 'us-east4-a_h100_16', 'us-east4-b_h100_16', 'us-east5-a_h100_16', 'us-west1-a_h100_16', 'us-west1-b_h100_16']",13,unified_cost_model_oracle,0,multi_region,,,,43.19444444444445,50.0,0.2,1.2,51.833333333333336,51.833333333333336,True,True,['data/converted_multi_region_aligned_h100_16_merged'],1,670.2971946666689,5
Global (13),"['asia-south2-b_h100_16', 'asia-southeast1-b_h100_16', 'asia-southeast1-c_h100_16', 'europe-west1-c_h100_16', 'europe-west3-c_h100_16', 'us-central1-a_h100_16', 'us-central1-b_h100_16', 'us-central1-c_h100_16', 'us-east4-a_h100_16', 'us-east4-b_h100_16', 'us-east5-a_h100_16', 'us-west1-a_h100_16', 'us-west1-b_h100_16']",13,multi_region_rc_cr_threshold_eager_failover,0,multi_region,,,,43.19444444444445,50.0,0.2,1.2,51.833333333333336,51.833333333333336,True,True,['data/converted_multi_region_aligned_h100_16_merged'],1,749.9882080000024,6
Global (13),"['asia-south2-b_h100_16', 'asia-southeast1-b_h100_16', 'asia-southeast1-c_h100_16', 'europe-west1-c_h100_16', 'europe-west3-c_h100_16', 'us-central1-a_h100_16', 'us-central1-b_h100_16', 'us-central1-c_h100_16', 'us-east4-a_h100_16', 'us-east4-b_h100_16', 'us-east5-a_h100_16', 'us-west1-a_h100_16', 'us-west1-b_h100_16']",13,multi_region_availability_probe_simple,0,multi_region,,,,43.19444444444445,50.0,0.2,1.2,51.833333333333336,51.833333333333336,True,True,['data/converted_multi_region_aligned_h100_16_merged'],1,3078.36300896002,0
Global (13),"['asia-south2-b_h100_16', 'asia-southeast1-b_h100_16', 'asia-southeast1-c_h100_16', 'europe-west1-c_h100_16', 'europe-west3-c_h100_16', 'us-central1-a_h100_16', 'us-central1-b_h100_16', 'us-central1-c_h100_16', 'us-east4-a_h100_16', 'us-east4-b_h100_16', 'us-east5-a_h100_16', 'us-west1-a_h100_16', 'us-west1-b_h100_16']",13,multi_region_probe_cost_ratio,0,multi_region,,,,43.19444444444445,50.0,0.2,1.2,51.833333333333336,51.833333333333336,True,True,['data/converted_multi_region_aligned_h100_16_merged'],1,868.1766236949378,10
Global (13),"['asia-south2-b_h100_16', 'asia-southeast1-b_h100_16', 'asia-southeast1-c_h100_16', 'europe-west1-c_h100_16', 'europe-west3-c_h100_16', 'us-central1-a_h100_16', 'us-central1-b_h100_16', 'us-central1-c_h100_16', 'us-east4-a_h100_16', 'us-east4-b_h100_16', 'us-east5-a_h100_16', 'us-west1-a_h100_16', 'us-west1-b_h100_16']",13,rc_cr_threshold,0,single_region,,asia-south2-b_h100_16,,43.19444444444445,50.0,0.2,1.2,51.833333333333336,51.833333333333336,True,True,['data/converted_multi_region_aligned_h100_16_merged'],1,3041.090036256015,-1
Global (13),"['asia-south2-b_h100_16', 'asia-southeast1-b_h100_16', 'asia-southeast1-c_h100_16', 'europe-west1-c_h100_16', 'europe-west3-c_h100_16', 'us-central1-a_h100_16', 'us-central1-b_h100_16', 'us-central1-c_h100_16', 'us-east4-a_h100_16', 'us-east4-b_h100_16', 'us-east5-a_h100_16', 'us-west1-a_h100_16', 'us-west1-b_h100_16']",13,rc_cr_threshold,0,single_region,,asia-southeast1-b_h100_16,,43.19444444444445,50.0,0.2,1.2,51.833333333333336,51.833333333333336,True,True,['data/converted_multi_region_aligned_h100_16_merged'],1,3122.030977856021,-1
Global (13),"['asia-south2-b_h100_16', 'asia-southeast1-b_h100_16', 'asia-southeast1-c_h100_16', 'europe-west1-c_h100_16', 'europe-west3-c_h100_16', 'us-central1-a_h100_16', 'us-central1-b_h100_16', 'us-central1-c_h100_16', 'us-east4-a_h100_16', 'us-east4-b_h100_16', 'us-east5-a_h100_16', 'us-west1-a_h100_16', 'us-west1-b_h100_16']",13,rc_cr_threshold,0,single_region,,asia-southeast1-c_h100_16,,43.19444444444445,50.0,0.2,1.2,51.833333333333336,51.833333333333336,True,True,['data/converted_multi_region_aligned_h100_16_merged'],1,2447.4830988480044,-1
Global (13),"['asia-south2-b_h100_16', 'asia-southeast1-b_h100_16', 'asia-southeast1-c_h100_16', 'europe-west1-c_h100_16', 'europe-west3-c_h100_16', 'us-central1-a_h100_16', 'us-central1-b_h100_16', 'us-central1-c_h100_16', 'us-east4-a_h100_16', 'us-east4-b_h100_16', 'us-east5-a_h100_16', 'us-west1-a_h100_16', 'us-west1-b_h100_16']",13,rc_cr_threshold,0,single_region,,europe-west1-c_h100_16,,43.19444444444445,50.0,0.2,1.2,51.833333333333336,51.833333333333336,True,True,['data/converted_multi_region_aligned_h100_16_merged'],1,1387.2608158293308,-1
Global (13),"['asia-south2-b_h100_16', 'asia-southeast1-b_h100_16', 'asia-southeast1-c_h100_16', 'europe-west1-c_h100_16', 'europe-west3-c_h100_16', 'us-central1-a_h100_16', 'us-central1-b_h100_16', 'us-central1-c_h100_16', 'us-east4-a_h100_16', 'us-east4-b_h100_16', 'us-east5-a_h100_16', 'us-west1-a_h100_16', 'us-west1-b_h100_16']",13,rc_cr_threshold,0,single_region,,europe-west3-c_h100_16,,43.19444444444445,50.0,0.2,1.2,51.833333333333336,51.833333333333336,True,True,['data/converted_multi_region_aligned_h100_16_merged'],1,3739.073504063997,-1
Global (13),"['asia-south2-b_h100_16', 'asia-southeast1-b_h100_16', 'asia-southeast1-c_h100_16', 'europe-west1-c_h100_16', 'europe-west3-c_h100_16', 'us-central1-a_h100_16', 'us-central1-b_h100_16', 'us-central1-c_h100_16', 'us-east4-a_h100_16', 'us-east4-b_h100_16', 'us-east5-a_h100_16', 'us-west1-a_h100_16', 'us-west1-b_h100_16']",13,rc_cr_threshold,0,single_region,,us-central1-a_h100_16,,43.19444444444445,50.0,0.2,1.2,51.833333333333336,51.833333333333336,True,True,['data/converted_multi_region_aligned_h100_16_merged'],1,854.0553600000037,-1
Global (13),"['asia-south2-b_h100_16', 'asia-southeast1-b_h100_16', 'asia-southeast1-c_h100_16', 'europe-west1-c_h100_16', 'europe-west3-c_h100_16', 'us-central1-a_h100_16', 'us-central1-b_h100_16', 'us-central1-c_h100_16', 'us-east4-a_h100_16', 'us-east4-b_h100_16', 'us-east5-a_h100_16', 'us-west1-a_h100_16', 'us-west1-b_h100_16']",13,rc_cr_threshold,0,single_region,,us-central1-b_h100_16,,43.19444444444445,50.0,0.2,1.2,51.833333333333336,51.833333333333336,True,True,['data/converted_multi_region_aligned_h100_16_merged'],1,1167.381221826675,-1
Global (13),"['asia-south2-b_h100_16', 'asia-southeast1-b_h100_16', 'asia-southeast1-c_h100_16', 'europe-west1-c_h100_16', 'europe-west3-c_h100_16', 'us-central1-a_h100_16', 'us-central1-b_h100_16', 'us-central1-c_h100_16', 'us-east4-a_h100_16', 'us-east4-b_h100_16', 'us-east5-a_h100_16', 'us-west1-a_h100_16', 'us-west1-b_h100_16']",13,rc_cr_threshold,0,single_region,,us-central1-c_h100_16,,43.19444444444445,50.0,0.2,1.2,51.833333333333336,51.833333333333336,True,True,['data/converted_multi_region_aligned_h100_16_merged'],1,1138.771176846671,-1
Global (13),"['asia-south2-b_h100_16', 'asia-southeast1-b_h100_16', 'asia-southeast1-c_h100_16', 'europe-west1-c_h100_16', 'europe-west3-c_h100_16', 'us-central1-a_h100_16', 'us-central1-b_h100_16', 'us-central1-c_h100_16', 'us-east4-a_h100_16', 'us-east4-b_h100_16', 'us-east5-a_h100_16', 'us-west1-a_h100_16', 'us-west1-b_h100_16']",13,rc_cr_threshold,0,single_region,,us-east4-a_h100_16,,43.19444444444445,50.0,0.2,1.2,51.833333333333336,51.833333333333336,True,True,['data/converted_multi_region_aligned_h100_16_merged'],1,660.9780800000026,-1
Global (13),"['asia-south2-b_h100_16', 'asia-southeast1-b_h100_16', 'asia-southeast1-c_h100_16', 'europe-west1-c_h100_16', 'europe-west3-c_h100_16', 'us-central1-a_h100_16', 'us-central1-b_h100_16', 'us-central1-c_h100_16', 'us-east4-a_h100_16', 'us-east4-b_h100_16', 'us-east5-a_h100_16', 'us-west1-a_h100_16', 'us-west1-b_h100_16']",13,rc_cr_threshold,0,single_region,,us-east4-b_h100_16,,43.19444444444445,50.0,0.2,1.2,51.833333333333336,51.833333333333336,True,True,['data/converted_multi_region_aligned_h100_16_merged'],1,668.4048000000028,-1
Global (13),"['asia-south2-b_h100_16', 'asia-southeast1-b_h100_16', 'asia-southeast1-c_h100_16', 'europe-west1-c_h100_16', 'europe-west3-c_h100_16', 'us-central1-a_h100_16', 'us-central1-b_h100_16', 'us-central1-c_h100_16', 'us-east4-a_h100_16', 'us-east4-b_h100_16', 'us-east5-a_h100_16', 'us-west1-a_h100_16', 'us-west1-b_h100_16']",13,rc_cr_threshold,0,single_region,,us-east5-a_h100_16,,43.19444444444445,50.0,0.2,1.2,51.833333333333336,51.833333333333336,True,True,['data/converted_multi_region_aligned_h100_16_merged'],1,1078.6559141333314,-1
Global (13),"['asia-south2-b_h100_16', 'asia-southeast1-b_h100_16', 'asia-southeast1-c_h100_16', 'europe-west1-c_h100_16', 'europe-west3-c_h100_16', 'us-central1-a_h100_16', 'us-central1-b_h100_16', 'us-central1-c_h100_16', 'us-east4-a_h100_16', 'us-east4-b_h100_16', 'us-east5-a_h100_16', 'us-west1-a_h100_16', 'us-west1-b_h100_16']",13,rc_cr_threshold,0,single_region,,us-west1-a_h100_16,,43.19444444444445,50.0,0.2,1.2,51.833333333333336,51.833333333333336,True,True,['data/converted_multi_region_aligned_h100_16_merged'],1,3595.081146266658,-1
Global (13),"['asia-south2-b_h100_16', 'asia-southeast1-b_h100_16', 'asia-southeast1-c_h100_16', 'europe-west1-c_h100_16', 'europe-west3-c_h100_16', 'us-central1-a_h100_16', 'us-central1-b_h100_16', 'us-central1-c_h100_16', 'us-east4-a_h100_16', 'us-east4-b_h100_16', 'us-east5-a_h100_16', 'us-west1-a_h100_16', 'us-west1-b_h100_16']",13,rc_cr_threshold,0,single_region,,us-west1-b_h100_16,,43.19444444444445,50.0,0.2,1.2,51.833333333333336,51.833333333333336,True,True,['data/converted_multi_region_aligned_h100_16_merged'],1,3599.345881259991,-1
Global (13),"['asia-south2-b_h100_16', 'asia-southeast1-b_h100_16', 'asia-southeast1-c_h100_16', 'europe-west1-c_h100_16', 'europe-west3-c_h100_16', 'us-central1-a_h100_16', 'us-central1-b_h100_16', 'us-central1-c_h100_16', 'us-east4-a_h100_16', 'us-east4-b_h100_16', 'us-east5-a_h100_16', 'us-west1-a_h100_16', 'us-west1-b_h100_16']",13,unified_cost_model_risk,0,multi_region,,,,43.19444444444445,50.0,0.2,1.2,51.833333333333336,103.66666666666667,True,True,['data/converted_multi_region_aligned_h100_16_merged'],2,666.8361280629315,1
Global (13),"['asia-south2-b_h100_16', 'asia-southeast1-b_h100_16', 'asia-southeast1-c_h100_16', 'europe-west1-c_h100_16', 'europe-west3-c_h100_16', 'us-central1-a_h100_16', 'us-central1-b_h100_16', 'us-central1-c_h100_16', 'us-east4-a_h100_16', 'us-east4-b_h100_16', 'us-east5-a_h100_16', 'us-west1-a_h100_16', 'us-west1-b_h100_16']",13,multi_region_oracle_dp,0,multi_region,,,,43.19444444444445,50.0,0.2,1.2,51.833333333333336,103.66666666666667,True,True,['data/converted_multi_region_aligned_h100_16_merged'],2,646.1246400000023,0
Global (13),"['asia-south2-b_h100_16', 'asia-southeast1-b_h100_16', 'asia-southeast1-c_h100_16', 'europe-west1-c_h100_16', 'europe-west3-c_h100_16', 'us-central1-a_h100_16', 'us-central1-b_h100_16', 'us-central1-c_h100_16', 'us-east4-a_h100_16', 'us-east4-b_h100_16', 'us-east5-a_h100_16', 'us-west1-a_h100_16', 'us-west1-b_h100_16']",13,unified_cost_model_oracle,0,multi_region,,,,43.19444444444445,50.0,0.2,1.2,51.833333333333336,103.66666666666667,True,True,['data/converted_multi_region_aligned_h100_16_merged'],2,662.1534399999981,1
Global (13),"['asia-south2-b_h100_16', 'asia-southeast1-b_h100_16', 'asia-southeast1-c_h100_16', 'europe-west1-c_h100_16', 'europe-west3-c_h100_16', 'us-central1-a_h100_16', 'us-central1-b_h100_16', 'us-central1-c_h100_16', 'us-east4-a_h100_16', 'us-east4-b_h100_16', 'us-east5-a_h100_16', 'us-west1-a_h100_16', 'us-west1-b_h100_16']",13,multi_region_rc_cr_threshold_eager_failover,0,multi_region,,,,43.19444444444445,50.0,0.2,1.2,51.833333333333336,103.66666666666667,True,True,['data/converted_multi_region_aligned_h100_16_merged'],2,662.1534399999981,1
Global (13),"['asia-south2-b_h100_16', 'asia-southeast1-b_h100_16', 'asia-southeast1-c_h100_16', 'europe-west1-c_h100_16', 'europe-west3-c_h100_16', 'us-central1-a_h100_16', 'us-central1-b_h100_16', 'us-central1-c_h100_16', 'us-east4-a_h100_16', 'us-east4-b_h100_16', 'us-east5-a_h100_16', 'us-west1-a_h100_16', 'us-west1-b_h100_16']",13,multi_region_availability_probe_simple,0,multi_region,,,,43.19444444444445,50.0,0.2,1.2,51.833333333333336,103.66666666666667,True,True,['data/converted_multi_region_aligned_h100_16_merged'],2,3073.084035093353,0
Global (13),"['asia-south2-b_h100_16', 'asia-southeast1-b_h100_16', 'asia-southeast1-c_h100_16', 'europe-west1-c_h100_16', 'europe-west3-c_h100_16', 'us-central1-a_h100_16', 'us-central1-b_h100_16', 'us-central1-c_h100_16', 'us-east4-a_h100_16', 'us-east4-b_h100_16', 'us-east5-a_h100_16', 'us-west1-a_h100_16', 'us-west1-b_h100_16']",13,multi_region_probe_cost_ratio,0,multi_region,,,,43.19444444444445,50.0,0.2,1.2,51.833333333333336,103.66666666666667,True,True,['data/converted_multi_region_aligned_h100_16_merged'],2,787.901131302403,4
Global (13),"['asia-south2-b_h100_16', 'asia-southeast1-b_h100_16', 'asia-southeast1-c_h100_16', 'europe-west1-c_h100_16', 'europe-west3-c_h100_16', 'us-central1-a_h100_16', 'us-central1-b_h100_16', 'us-central1-c_h100_16', 'us-east4-a_h100_16', 'us-east4-b_h100_16', 'us-east5-a_h100_16', 'us-west1-a_h100_16', 'us-west1-b_h100_16']",13,rc_cr_threshold,0,single_region,,asia-south2-b_h100_16,,43.19444444444445,50.0,0.2,1.2,51.833333333333336,103.66666666666667,True,True,['data/converted_multi_region_aligned_h100_16_merged'],2,3041.090036256015,-1
Global (13),"['asia-south2-b_h100_16', 'asia-southeast1-b_h100_16', 'asia-southeast1-c_h100_16', 'europe-west1-c_h100_16', 'europe-west3-c_h100_16', 'us-central1-a_h100_16', 'us-central1-b_h100_16', 'us-central1-c_h100_16', 'us-east4-a_h100_16', 'us-east4-b_h100_16', 'us-east5-a_h100_16', 'us-west1-a_h100_16', 'us-west1-b_h100_16']",13,rc_cr_threshold,0,single_region,,asia-southeast1-b_h100_16,,43.19444444444445,50.0,0.2,1.2,51.833333333333336,103.66666666666667,True,True,['data/converted_multi_region_aligned_h100_16_merged'],2,837.6527039999982,-1
Global (13),"['asia-south2-b_h100_16', 'asia-southeast1-b_h100_16', 'asia-southeast1-c_h100_16', 'europe-west1-c_h100_16', 'europe-west3-c_h100_16', 'us-central1-a_h100_16', 'us-central1-b_h100_16', 'us-central1-c_h100_16', 'us-east4-a_h100_16', 'us-east4-b_h100_16', 'us-east5-a_h100_16', 'us-west1-a_h100_16', 'us-west1-b_h100_16']",13,rc_cr_threshold,0,single_region,,asia-southeast1-c_h100_16,,43.19444444444445,50.0,0.2,1.2,51.833333333333336,103.66666666666667,True,True,['data/converted_multi_region_aligned_h100_16_merged'],2,4350.9155566933205,-1
Global (13),"['asia-south2-b_h100_16', 'asia-southeast1-b_h100_16', 'asia-southeast1-c_h100_16', 'europe-west1-c_h100_16', 'europe-west3-c_h100_16', 'us-central1-a_h100_16', 'us-central1-b_h100_16', 'us-central1-c_h100_16', 'us-east4-a_h100_16', 'us-east4-b_h100_16', 'us-east5-a_h100_16', 'us-west1-a_h100_16', 'us-west1-b_h100_16']",13,rc_cr_threshold,0,single_region,,europe-west1-c_h100_16,,43.19444444444445,50.0,0.2,1.2,51.833333333333336,103.66666666666667,True,True,['data/converted_multi_region_aligned_h100_16_merged'],2,1101.9328648213288,-1
Global (13),"['asia-south2-b_h100_16', 'asia-southeast1-b_h100_16', 'asia-southeast1-c_h100_16', 'europe-west1-c_h100_16', 'europe-west3-c_h100_16', 'us-central1-a_h100_16', 'us-central1-b_h100_16', 'us-central1-c_h100_16', 'us-east4-a_h100_16', 'us-east4-b_h100_16', 'us-east5-a_h100_16', 'us-west1-a_h100_16', 'us-west1-b_h100_16']",13,rc_cr_threshold,0,single_region,,europe-west3-c_h100_16,,43.19444444444445,50.0,0.2,1.2,51.833333333333336,103.66666666666667,True,True,['data/converted_multi_region_aligned_h100_16_merged'],2,4236.030618047997,-1
Global (13),"['asia-south2-b_h100_16', 'asia-southeast1-b_h100_16', 'asia-southeast1-c_h100_16', 'europe-west1-c_h100_16', 'europe-west3-c_h100_16', 'us-central1-a_h100_16', 'us-central1-b_h100_16', 'us-central1-c_h100_16', 'us-east4-a_h100_16', 'us-east4-b_h100_16', 'us-east5-a_h100_16', 'us-west1-a_h100_16', 'us-west1-b_h100_16']",13,rc_cr_threshold,0,single_region,,us-central1-a_h100_16,,43.19444444444445,50.0,0.2,1.2,51.833333333333336,103.66666666666667,True,True,['data/converted_multi_region_aligned_h100_16_merged'],2,1427.0747606333414,-1
Global (13),"['asia-south2-b_h100_16', 'asia-southeast1-b_h100_16', 'asia-southeast1-c_h100_16', 'europe-west1-c_h100_16', 'europe-west3-c_h100_16', 'us-central1-a_h100_16', 'us-central1-b_h100_16', 'us-central1-c_h100_16', 'us-east4-a_h100_16', 'us-east4-b_h100_16', 'us-east5-a_h100_16', 'us-west1-a_h100_16', 'us-west1-b_h100_16']",13,rc_cr_threshold,0,single_region,,us-central1-b_h100_16,,43.19444444444445,50.0,0.2,1.2,51.833333333333336,103.66666666666667,True,True,['data/converted_multi_region_aligned_h100_16_merged'],2,1635.5914795200076,-1
Global (13),"['asia-south2-b_h100_16', 'asia-southeast1-b_h100_16', 'asia-southeast1-c_h100_16', 'europe-west1-c_h100_16', 'europe-west3-c_h100_16', 'us-central1-a_h100_16', 'us-central1-b_h100_16', 'us-central1-c_h100_16', 'us-east4-a_h100_16', 'us-east4-b_h100_16', 'us-east5-a_h100_16', 'us-west1-a_h100_16', 'us-west1-b_h100_16']",13,rc_cr_threshold,0,single_region,,us-central1-c_h100_16,,43.19444444444445,50.0,0.2,1.2,51.833333333333336,103.66666666666667,True,True,['data/converted_multi_region_aligned_h100_16_merged'],2,1699.1379054800072,-1
Global (13),"['asia-south2-b_h100_16', 'asia-southeast1-b_h100_16', 'asia-southeast1-c_h100_16', 'europe-west1-c_h100_16', 'europe-west3-c_h100_16', 'us-central1-a_h100_16', 'us-central1-b_h100_16', 'us-central1-c_h100_16', 'us-east4-a_h100_16', 'us-east4-b_h100_16', 'us-east5-a_h100_16', 'us-west1-a_h100_16', 'us-west1-b_h100_16']",13,rc_cr_threshold,0,single_region,,us-east4-a_h100_16,,43.19444444444445,50.0,0.2,1.2,51.833333333333336,103.66666666666667,True,True,['data/converted_multi_region_aligned_h100_16_merged'],2,651.075786666669,-1
Global (13),"['asia-south2-b_h100_16', 'asia-southeast1-b_h100_16', 'asia-southeast1-c_h100_16', 'europe-west1-c_h100_16', 'europe-west3-c_h100_16', 'us-central1-a_h100_16', 'us-central1-b_h100_16', 'us-central1-c_h100_16', 'us-east4-a_h100_16', 'us-east4-b_h100_16', 'us-east5-a_h100_16', 'us-west1-a_h100_16', 'us-west1-b_h100_16']",13,rc_cr_threshold,0,single_region,,us-east4-b_h100_16,,43.19444444444445,50.0,0.2,1.2,51.833333333333336,103.66666666666667,True,True,['data/converted_multi_region_aligned_h100_16_merged'],2,1718.41995584001,-1
Global (13),"['asia-south2-b_h100_16', 'asia-southeast1-b_h100_16', 'asia-southeast1-c_h100_16', 'europe-west1-c_h100_16', 'europe-west3-c_h100_16', 'us-central1-a_h100_16', 'us-central1-b_h100_16', 'us-central1-c_h100_16', 'us-east4-a_h100_16', 'us-east4-b_h100_16', 'us-east5-a_h100_16', 'us-west1-a_h100_16', 'us-west1-b_h100_16']",13,rc_cr_threshold,0,single_region,,us-east5-a_h100_16,,43.19444444444445,50.0,0.2,1.2,51.833333333333336,103.66666666666667,True,True,['data/converted_multi_region_aligned_h100_16_merged'],2,1641.6376992426729,-1
Global (13),"['asia-south2-b_h100_16', 'asia-southeast1-b_h100_16', 'asia-southeast1-c_h100_16', 'europe-west1-c_h100_16', 'europe-west3-c_h100_16', 'us-central1-a_h100_16', 'us-central1-b_h100_16', 'us-central1-c_h100_16', 'us-east4-a_h100_16', 'us-east4-b_h100_16', 'us-east5-a_h100_16', 'us-west1-a_h100_16', 'us-west1-b_h100_16']",13,rc_cr_threshold,0,single_region,,us-west1-a_h100_16,,43.19444444444445,50.0,0.2,1.2,51.833333333333336,103.66666666666667,True,True,['data/converted_multi_region_aligned_h100_16_merged'],2,2912.9878676999974,-1
Global (13),"['asia-south2-b_h100_16', 'asia-southeast1-b_h100_16', 'asia-southeast1-c_h100_16', 'europe-west1-c_h100_16', 'europe-west3-c_h100_16', 'us-central1-a_h100_16', 'us-central1-b_h100_16', 'us-central1-c_h100_16', 'us-east4-a_h100_16', 'us-east4-b_h100_16', 'us-east5-a_h100_16', 'us-west1-a_h100_16', 'us-west1-b_h100_16']",13,rc_cr_threshold,0,single_region,,us-west1-b_h100_16,,43.19444444444445,50.0,0.2,1.2,51.833333333333336,103.66666666666667,True,True,['data/converted_multi_region_aligned_h100_16_merged'],2,3608.835385259991,-1
Global (13),"['asia-south2-b_h100_16', 'asia-southeast1-b_h100_16', 'asia-southeast1-c_h100_16', 'europe-west1-c_h100_16', 'europe-west3-c_h100_16', 'us-central1-a_h100_16', 'us-central1-b_h100_16', 'us-central1-c_h100_16', 'us-east4-a_h100_16', 'us-east4-b_h100_16', 'us-east5-a_h100_16', 'us-west1-a_h100_16', 'us-west1-b_h100_16']",13,unified_cost_model_risk,0,multi_region,,,,43.19444444444445,50.0,0.2,1.2,51.833333333333336,155.5,True,True,['data/converted_multi_region_aligned_h100_16_merged'],3,650.214667796269,1
Global (13),"['asia-south2-b_h100_16', 'asia-southeast1-b_h100_16', 'asia-southeast1-c_h100_16', 'europe-west1-c_h100_16', 'europe-west3-c_h100_16', 'us-central1-a_h100_16', 'us-central1-b_h100_16', 'us-central1-c_h100_16', 'us-east4-a_h100_16', 'us-east4-b_h100_16', 'us-east5-a_h100_16', 'us-west1-a_h100_16', 'us-west1-b_h100_16']",13,multi_region_oracle_dp,0,multi_region,,,,43.19444444444445,50.0,0.2,1.2,51.833333333333336,155.5,True,True,['data/converted_multi_region_aligned_h100_16_merged'],3,643.6490666666689,0
Global (13),"['asia-south2-b_h100_16', 'asia-southeast1-b_h100_16', 'asia-southeast1-c_h100_16', 'europe-west1-c_h100_16', 'europe-west3-c_h100_16', 'us-central1-a_h100_16', 'us-central1-b_h100_16', 'us-central1-c_h100_16', 'us-east4-a_h100_16', 'us-east4-b_h100_16', 'us-east5-a_h100_16', 'us-west1-a_h100_16', 'us-west1-b_h100_16']",13,unified_cost_model_oracle,0,multi_region,,,,43.19444444444445,50.0,0.2,1.2,51.833333333333336,155.5,True,True,['data/converted_multi_region_aligned_h100_16_merged'],3,646.1246400000023,1
Global (13),"['asia-south2-b_h100_16', 'asia-southeast1-b_h100_16', 'asia-southeast1-c_h100_16', 'europe-west1-c_h100_16', 'europe-west3-c_h100_16', 'us-central1-a_h100_16', 'us-central1-b_h100_16', 'us-central1-c_h100_16', 'us-east4-a_h100_16', 'us-east4-b_h100_16', 'us-east5-a_h100_16', 'us-west1-a_h100_16', 'us-west1-b_h100_16']",13,multi_region_rc_cr_threshold_eager_failover,0,multi_region,,,,43.19444444444445,50.0,0.2,1.2,51.833333333333336,155.5,True,True,['data/converted_multi_region_aligned_h100_16_merged'],3,689.9255733333332,2
Global (13),"['asia-south2-b_h100_16', 'asia-southeast1-b_h100_16', 'asia-southeast1-c_h100_16', 'europe-west1-c_h100_16', 'europe-west3-c_h100_16', 'us-central1-a_h100_16', 'us-central1-b_h100_16', 'us-central1-c_h100_16', 'us-east4-a_h100_16', 'us-east4-b_h100_16', 'us-east5-a_h100_16', 'us-west1-a_h100_16', 'us-west1-b_h100_16']",13,multi_region_availability_probe_simple,0,multi_region,,,,43.19444444444445,50.0,0.2,1.2,51.833333333333336,155.5,True,True,['data/converted_multi_region_aligned_h100_16_merged'],3,3086.372817493355,0
Global (13),"['asia-south2-b_h100_16', 'asia-southeast1-b_h100_16', 'asia-southeast1-c_h100_16', 'europe-west1-c_h100_16', 'europe-west3-c_h100_16', 'us-central1-a_h100_16', 'us-central1-b_h100_16', 'us-central1-c_h100_16', 'us-east4-a_h100_16', 'us-east4-b_h100_16', 'us-east5-a_h100_16', 'us-west1-a_h100_16', 'us-west1-b_h100_16']",13,multi_region_probe_cost_ratio,0,multi_region,,,,43.19444444444445,50.0,0.2,1.2,51.833333333333336,155.5,True,True,['data/converted_multi_region_aligned_h100_16_merged'],3,801.2939985024027,1
Global (13),"['asia-south2-b_h100_16', 'asia-southeast1-b_h100_16', 'asia-southeast1-c_h100_16', 'europe-west1-c_h100_16', 'europe-west3-c_h100_16', 'us-central1-a_h100_16', 'us-central1-b_h100_16', 'us-central1-c_h100_16', 'us-east4-a_h100_16', 'us-east4-b_h100_16', 'us-east5-a_h100_16', 'us-west1-a_h100_16', 'us-west1-b_h100_16']",13,rc_cr_threshold,0,single_region,,asia-south2-b_h100_16,,43.19444444444445,50.0,0.2,1.2,51.833333333333336,155.5,True,True,['data/converted_multi_region_aligned_h100_16_merged'],3,3041.090036256015,-1
Global (13),"['asia-south2-b_h100_16', 'asia-southeast1-b_h100_16', 'asia-southeast1-c_h100_16', 'europe-west1-c_h100_16', 'europe-west3-c_h100_16', 'us-central1-a_h100_16', 'us-central1-b_h100_16', 'us-central1-c_h100_16', 'us-east4-a_h100_16', 'us-east4-b_h100_16', 'us-east5-a_h100_16', 'us-west1-a_h100_16', 'us-west1-b_h100_16']",13,rc_cr_threshold,0,single_region,,asia-southeast1-b_h100_16,,43.19444444444445,50.0,0.2,1.2,51.833333333333336,155.5,True,True,['data/converted_multi_region_aligned_h100_16_merged'],3,837.6527039999982,-1
Global (13),"['asia-south2-b_h100_16', 'asia-southeast1-b_h100_16', 'asia-southeast1-c_h100_16', 'europe-west1-c_h100_16', 'europe-west3-c_h100_16', 'us-central1-a_h100_16', 'us-central1-b_h100_16', 'us-central1-c_h100_16', 'us-east4-a_h100_16', 'us-east4-b_h100_16', 'us-east5-a_h100_16', 'us-west1-a_h100_16', 'us-west1-b_h100_16']",13,rc_cr_threshold,0,single_region,,asia-southeast1-c_h100_16,,43.19444444444445,50.0,0.2,1.2,51.833333333333336,155.5,True,True,['data/converted_multi_region_aligned_h100_16_merged'],3,4654.835836703985,-1
Global (13),"['asia-south2-b_h100_16', 'asia-southeast1-b_h100_16', 'asia-southeast1-c_h100_16', 'europe-west1-c_h100_16', 'europe-west3-c_h100_16', 'us-central1-a_h100_16', 'us-central1-b_h100_16', 'us-central1-c_h100_16', 'us-east4-a_h100_16', 'us-east4-b_h100_16', 'us-east5-a_h100_16', 'us-west1-a_h100_16', 'us-west1-b_h100_16']",13,rc_cr_threshold,0,single_region,,europe-west1-c_h100_16,,43.19444444444445,50.0,0.2,1.2,51.833333333333336,155.5,True,True,['data/converted_multi_region_aligned_h100_16_merged'],3,714.2259733333301,-1
Global (13),"['asia-south2-b_h100_16', 'asia-southeast1-b_h100_16', 'asia-southeast1-c_h100_16', 'europe-west1-c_h100_16', 'europe-west3-c_h100_16', 'us-central1-a_h100_16', 'us-central1-b_h100_16', 'us-central1-c_h100_16', 'us-east4-a_h100_16', 'us-east4-b_h100_16', 'us-east5-a_h100_16', 'us-west1-a_h100_16', 'us-west1-b_h100_16']",13,rc_cr_threshold,0,single_region,,europe-west3-c_h100_16,,43.19444444444445,50.0,0.2,1.2,51.833333333333336,155.5,True,True,['data/converted_multi_region_aligned_h100_16_merged'],3,2879.8662621439803,-1
Global (13),"['asia-south2-b_h100_16', 'asia-southeast1-b_h100_16', 'asia-southeast1-c_h100_16', 'europe-west1-c_h100_16', 'europe-west3-c_h100_16', 'us-central1-a_h100_16', 'us-central1-b_h100_16', 'us-central1-c_h100_16', 'us-east4-a_h100_16', 'us-east4-b_h100_16', 'us-east5-a_h100_16', 'us-west1-a_h100_16', 'us-west1-b_h100_16']",13,rc_cr_threshold,0,single_region,,us-central1-a_h100_16,,43.19444444444445,50.0,0.2,1.2,51.833333333333336,155.5,True,True,['data/converted_multi_region_aligned_h100_16_merged'],3,835.0763520000035,-1
Global (13),"['asia-south2-b_h100_16', 'asia-southeast1-b_h100_16', 'asia-southeast1-c_h100_16', 'europe-west1-c_h100_16', 'europe-west3-c_h100_16', 'us-central1-a_h100_16', 'us-central1-b_h100_16', 'us-central1-c_h100_16', 'us-east4-a_h100_16', 'us-east4-b_h100_16', 'us-east5-a_h100_16', 'us-west1-a_h100_16', 'us-west1-b_h100_16']",13,rc_cr_threshold,0,single_region,,us-central1-b_h100_16,,43.19444444444445,50.0,0.2,1.2,51.833333333333336,155.5,True,True,['data/converted_multi_region_aligned_h100_16_merged'],3,1113.4658328466742,-1
Global (13),"['asia-south2-b_h100_16', 'asia-southeast1-b_h100_16', 'asia-southeast1-c_h100_16', 'europe-west1-c_h100_16', 'europe-west3-c_h100_16', 'us-central1-a_h100_16', 'us-central1-b_h100_16', 'us-central1-c_h100_16', 'us-east4-a_h100_16', 'us-east4-b_h100_16', 'us-east5-a_h100_16', 'us-west1-a_h100_16', 'us-west1-b_h100_16']",13,rc_cr_threshold,0,single_region,,us-central1-c_h100_16,,43.19444444444445,50.0,0.2,1.2,51.833333333333336,155.5,True,True,['data/converted_multi_region_aligned_h100_16_merged'],3,1059.5504438666728,-1
Global (13),"['asia-south2-b_h100_16', 'asia-southeast1-b_h100_16', 'asia-southeast1-c_h100_16', 'europe-west1-c_h100_16', 'europe-west3-c_h100_16', 'us-central1-a_h100_16', 'us-central1-b_h100_16', 'us-central1-c_h100_16', 'us-east4-a_h100_16', 'us-east4-b_h100_16', 'us-east5-a_h100_16', 'us-west1-a_h100_16', 'us-west1-b_h100_16']",13,rc_cr_threshold,0,single_region,,us-east4-a_h100_16,,43.19444444444445,50.0,0.2,1.2,51.833333333333336,155.5,True,True,['data/converted_multi_region_aligned_h100_16_merged'],3,2414.6673413333347,-1
Global (13),"['asia-south2-b_h100_16', 'asia-southeast1-b_h100_16', 'asia-southeast1-c_h100_16', 'europe-west1-c_h100_16', 'europe-west3-c_h100_16', 'us-central1-a_h100_16', 'us-central1-b_h100_16', 'us-central1-c_h100_16', 'us-east4-a_h100_16', 'us-east4-b_h100_16', 'us-east5-a_h100_16', 'us-west1-a_h100_16', 'us-west1-b_h100_16']",13,rc_cr_threshold,0,single_region,,us-east4-b_h100_16,,43.19444444444445,50.0,0.2,1.2,51.833333333333336,155.5,True,True,['data/converted_multi_region_aligned_h100_16_merged'],3,648.6002133333357,-1
Global (13),"['asia-south2-b_h100_16', 'asia-southeast1-b_h100_16', 'asia-southeast1-c_h100_16', 'europe-west1-c_h100_16', 'europe-west3-c_h100_16', 'us-central1-a_h100_16', 'us-central1-b_h100_16', 'us-central1-c_h100_16', 'us-east4-a_h100_16', 'us-east4-b_h100_16', 'us-east5-a_h100_16', 'us-west1-a_h100_16', 'us-west1-b_h100_16']",13,rc_cr_threshold,0,single_region,,us-east5-a_h100_16,,43.19444444444445,50.0,0.2,1.2,51.833333333333336,155.5,True,True,['data/converted_multi_region_aligned_h100_16_merged'],3,1418.865493930678,-1
Global (13),"['asia-south2-b_h100_16', 'asia-southeast1-b_h100_16', 'asia-southeast1-c_h100_16', 'europe-west1-c_h100_16', 'europe-west3-c_h100_16', 'us-central1-a_h100_16', 'us-central1-b_h100_16', 'us-central1-c_h100_16', 'us-east4-a_h100_16', 'us-east4-b_h100_16', 'us-east5-a_h100_16', 'us-west1-a_h100_16', 'us-west1-b_h100_16']",13,rc_cr_threshold,0,single_region,,us-west1-a_h100_16,,43.19444444444445,50.0,0.2,1.2,51.833333333333336,155.5,True,True,['data/converted_multi_region_aligned_h100_16_merged'],3,828.7500160000034,-1
Global (13),"['asia-south2-b_h100_16', 'asia-southeast1-b_h100_16', 'asia-southeast1-c_h100_16', 'europe-west1-c_h100_16', 'europe-west3-c_h100_16', 'us-central1-a_h100_16', 'us-central1-b_h100_16', 'us-central1-c_h100_16', 'us-east4-a_h100_16', 'us-east4-b_h100_16', 'us-east5-a_h100_16', 'us-west1-a_h100_16', 'us-west1-b_h100_16']",13,rc_cr_threshold,0,single_region,,us-west1-b_h100_16,,43.19444444444445,50.0,0.2,1.2,51.833333333333336,155.5,True,True,['data/converted_multi_region_aligned_h100_16_merged'],3,3606.7737842533243,-1
Global (13),"['asia-south2-b_h100_16', 'asia-southeast1-b_h100_16', 'asia-southeast1-c_h100_16', 'europe-west1-c_h100_16', 'europe-west3-c_h100_16', 'us-central1-a_h100_16', 'us-central1-b_h100_16', 'us-central1-c_h100_16', 'us-east4-a_h100_16', 'us-east4-b_h100_16', 'us-east5-a_h100_16', 'us-west1-a_h100_16', 'us-west1-b_h100_16']",13,unified_cost_model_risk,0,multi_region,,,,43.19444444444445,50.0,0.2,1.2,51.833333333333336,207.33333333333334,True,True,['data/converted_multi_region_aligned_h100_16_merged'],4,704.6486789962698,9
Global (13),"['asia-south2-b_h100_16', 'asia-southeast1-b_h100_16', 'asia-southeast1-c_h100_16', 'europe-west1-c_h100_16', 'europe-west3-c_h100_16', 'us-central1-a_h100_16', 'us-central1-b_h100_16', 'us-central1-c_h100_16', 'us-east4-a_h100_16', 'us-east4-b_h100_16', 'us-east5-a_h100_16', 'us-west1-a_h100_16', 'us-west1-b_h100_16']",13,multi_region_oracle_dp,0,multi_region,,,,43.19444444444445,50.0,0.2,1.2,51.833333333333336,207.33333333333334,True,True,['data/converted_multi_region_aligned_h100_16_merged'],4,648.6002133333357,1
Global (13),"['asia-south2-b_h100_16', 'asia-southeast1-b_h100_16', 'asia-southeast1-c_h100_16', 'europe-west1-c_h100_16', 'europe-west3-c_h100_16', 'us-central1-a_h100_16', 'us-central1-b_h100_16', 'us-central1-c_h100_16', 'us-east4-a_h100_16', 'us-east4-b_h100_16', 'us-east5-a_h100_16', 'us-west1-a_h100_16', 'us-west1-b_h100_16']",13,unified_cost_model_oracle,0,multi_region,,,,43.19444444444445,50.0,0.2,1.2,51.833333333333336,207.33333333333334,True,True,['data/converted_multi_region_aligned_h100_16_merged'],4,667.1776853333358,4
Global (13),"['asia-south2-b_h100_16', 'asia-southeast1-b_h100_16', 'asia-southeast1-c_h100_16', 'europe-west1-c_h100_16', 'europe-west3-c_h100_16', 'us-central1-a_h100_16', 'us-central1-b_h100_16', 'us-central1-c_h100_16', 'us-east4-a_h100_16', 'us-east4-b_h100_16', 'us-east5-a_h100_16', 'us-west1-a_h100_16', 'us-west1-b_h100_16']",13,multi_region_rc_cr_threshold_eager_failover,0,multi_region,,,,43.19444444444445,50.0,0.2,1.2,51.833333333333336,207.33333333333334,True,True,['data/converted_multi_region_aligned_h100_16_merged'],4,779.3270613333364,6
Global (13),"['asia-south2-b_h100_16', 'asia-southeast1-b_h100_16', 'asia-southeast1-c_h100_16', 'europe-west1-c_h100_16', 'europe-west3-c_h100_16', 'us-central1-a_h100_16', 'us-central1-b_h100_16', 'us-central1-c_h100_16', 'us-east4-a_h100_16', 'us-east4-b_h100_16', 'us-east5-a_h100_16', 'us-west1-a_h100_16', 'us-west1-b_h100_16']",13,multi_region_availability_probe_simple,0,multi_region,,,,43.19444444444445,50.0,0.2,1.2,51.833333333333336,207.33333333333334,True,True,['data/converted_multi_region_aligned_h100_16_merged'],4,3086.7961630933532,0
Global (13),"['asia-south2-b_h100_16', 'asia-southeast1-b_h100_16', 'asia-southeast1-c_h100_16', 'europe-west1-c_h100_16', 'europe-west3-c_h100_16', 'us-central1-a_h100_16', 'us-central1-b_h100_16', 'us-central1-c_h100_16', 'us-east4-a_h100_16', 'us-east4-b_h100_16', 'us-east5-a_h100_16', 'us-west1-a_h100_16', 'us-west1-b_h100_16']",13,multi_region_probe_cost_ratio,0,multi_region,,,,43.19444444444445,50.0,0.2,1.2,51.833333333333336,207.33333333333334,True,True,['data/converted_multi_region_aligned_h100_16_merged'],4,850.1152790986699,6
Global (13),"['asia-south2-b_h100_16', 'asia-southeast1-b_h100_16', 'asia-southeast1-c_h100_16', 'europe-west1-c_h100_16', 'europe-west3-c_h100_16', 'us-central1-a_h100_16', 'us-central1-b_h100_16', 'us-central1-c_h100_16', 'us-east4-a_h100_16', 'us-east4-b_h100_16', 'us-east5-a_h100_16', 'us-west1-a_h100_16', 'us-west1-b_h100_16']",13,rc_cr_threshold,0,single_region,,asia-south2-b_h100_16,,43.19444444444445,50.0,0.2,1.2,51.833333333333336,207.33333333333334,True,True,['data/converted_multi_region_aligned_h100_16_merged'],4,3041.090036256015,-1
Global (13),"['asia-south2-b_h100_16', 'asia-southeast1-b_h100_16', 'asia-southeast1-c_h100_16', 'europe-west1-c_h100_16', 'europe-west3-c_h100_16', 'us-central1-a_h100_16', 'us-central1-b_h100_16', 'us-central1-c_h100_16', 'us-east4-a_h100_16', 'us-east4-b_h100_16', 'us-east5-a_h100_16', 'us-west1-a_h100_16', 'us-west1-b_h100_16']",13,rc_cr_threshold,0,single_region,,asia-southeast1-b_h100_16,,43.19444444444445,50.0,0.2,1.2,51.833333333333336,207.33333333333334,True,True,['data/converted_multi_region_aligned_h100_16_merged'],4,837.6527039999982,-1
Global (13),"['asia-south2-b_h100_16', 'asia-southeast1-b_h100_16', 'asia-southeast1-c_h100_16', 'europe-west1-c_h100_16', 'europe-west3-c_h100_16', 'us-central1-a_h100_16', 'us-central1-b_h100_16', 'us-central1-c_h100_16', 'us-east4-a_h100_16', 'us-east4-b_h100_16', 'us-east5-a_h100_16', 'us-west1-a_h100_16', 'us-west1-b_h100_16']",13,rc_cr_threshold,0,single_region,,asia-southeast1-c_h100_16,,43.19444444444445,50.0,0.2,1.2,51.833333333333336,207.33333333333334,True,True,['data/converted_multi_region_aligned_h100_16_merged'],4,4409.416447615982,-1
Global (13),"['asia-south2-b_h100_16', 'asia-southeast1-b_h100_16', 'asia-southeast1-c_h100_16', 'europe-west1-c_h100_16', 'europe-west3-c_h100_16', 'us-central1-a_h100_16', 'us-central1-b_h100_16', 'us-central1-c_h100_16', 'us-east4-a_h100_16', 'us-east4-b_h100_16', 'us-east5-a_h100_16', 'us-west1-a_h100_16', 'us-west1-b_h100_16']",13,rc_cr_threshold,0,single_region,,europe-west1-c_h100_16,,43.19444444444445,50.0,0.2,1.2,51.833333333333336,207.33333333333334,True,True,['data/converted_multi_region_aligned_h100_16_merged'],4,2051.208961802666,-1
Global (13),"['asia-south2-b_h100_16', 'asia-southeast1-b_h100_16', 'asia-southeast1-c_h100_16', 'europe-west1-c_h100_16', 'europe-west3-c_h100_16', 'us-central1-a_h100_16', 'us-central1-b_h100_16', 'us-central1-c_h100_16', 'us-east4-a_h100_16', 'us-east4-b_h100_16', 'us-east5-a_h100_16', 'us-west1-a_h100_16', 'us-west1-b_h100_16']",13,rc_cr_threshold,0,single_region,,europe-west3-c_h100_16,,43.19444444444445,50.0,0.2,1.2,51.833333333333336,207.33333333333334,True,True,['data/converted_multi_region_aligned_h100_16_merged'],4,2354.6698930559846,-1
Global (13),"['asia-south2-b_h100_16', 'asia-southeast1-b_h100_16', 'asia-southeast1-c_h100_16', 'europe-west1-c_h100_16', 'europe-west3-c_h100_16', 'us-central1-a_h100_16', 'us-central1-b_h100_16', 'us-central1-c_h100_16', 'us-east4-a_h100_16', 'us-east4-b_h100_16', 'us-east5-a_h100_16', 'us-west1-a_h100_16', 'us-west1-b_h100_16']",13,rc_cr_threshold,0,single_region,,us-central1-a_h100_16,,43.19444444444445,50.0,0.2,1.2,51.833333333333336,207.33333333333334,True,True,['data/converted_multi_region_aligned_h100_16_merged'],4,828.7500160000034,-1
Global (13),"['asia-south2-b_h100_16', 'asia-southeast1-b_h100_16', 'asia-southeast1-c_h100_16', 'europe-west1-c_h100_16', 'europe-west3-c_h100_16', 'us-central1-a_h100_16', 'us-central1-b_h100_16', 'us-central1-c_h100_16', 'us-east4-a_h100_16', 'us-east4-b_h100_16', 'us-east5-a_h100_16', 'us-west1-a_h100_16', 'us-west1-b_h100_16']",13,rc_cr_threshold,0,single_region,,us-central1-b_h100_16,,43.19444444444445,50.0,0.2,1.2,51.833333333333336,207.33333333333334,True,True,['data/converted_multi_region_aligned_h100_16_merged'],4,1065.8767798666736,-1
Global (13),"['asia-south2-b_h100_16', 'asia-southeast1-b_h100_16', 'asia-southeast1-c_h100_16', 'europe-west1-c_h100_16', 'europe-west3-c_h100_16', 'us-central1-a_h100_16', 'us-central1-b_h100_16', 'us-central1-c_h100_16', 'us-east4-a_h100_16', 'us-east4-b_h100_16', 'us-east5-a_h100_16', 'us-west1-a_h100_16', 'us-west1-b_h100_16']",13,rc_cr_threshold,0,single_region,,us-central1-c_h100_16,,43.19444444444445,50.0,0.2,1.2,51.833333333333336,207.33333333333334,True,True,['data/converted_multi_region_aligned_h100_16_merged'],4,841.4026880000035,-1
Global (13),"['asia-south2-b_h100_16', 'asia-southeast1-b_h100_16', 'asia-southeast1-c_h100_16', 'europe-west1-c_h100_16', 'europe-west3-c_h100_16', 'us-central1-a_h100_16', 'us-central1-b_h100_16', 'us-central1-c_h100_16', 'us-east4-a_h100_16', 'us-east4-b_h100_16', 'us-east5-a_h100_16', 'us-west1-a_h100_16', 'us-west1-b_h100_16']",13,rc_cr_threshold,0,single_region,,us-east4-a_h100_16,,43.19444444444445,50.0,0.2,1.2,51.833333333333336,207.33333333333334,True,True,['data/converted_multi_region_aligned_h100_16_merged'],4,2306.009798026656,-1
Global (13),"['asia-south2-b_h100_16', 'asia-southeast1-b_h100_16', 'asia-southeast1-c_h100_16', 'europe-west1-c_h100_16', 'europe-west3-c_h100_16', 'us-central1-a_h100_16', 'us-central1-b_h100_16', 'us-central1-c_h100_16', 'us-east4-a_h100_16', 'us-east4-b_h100_16', 'us-east5-a_h100_16', 'us-west1-a_h100_16', 'us-west1-b_h100_16']",13,rc_cr_threshold,0,single_region,,us-east4-b_h100_16,,43.19444444444445,50.0,0.2,1.2,51.833333333333336,207.33333333333334,True,True,['data/converted_multi_region_aligned_h100_16_merged'],4,665.9292266666694,-1
Global (13),"['asia-south2-b_h100_16', 'asia-southeast1-b_h100_16', 'asia-southeast1-c_h100_16', 'europe-west1-c_h100_16', 'europe-west3-c_h100_16', 'us-central1-a_h100_16', 'us-central1-b_h100_16', 'us-central1-c_h100_16', 'us-east4-a_h100_16', 'us-east4-b_h100_16', 'us-east5-a_h100_16', 'us-west1-a_h100_16', 'us-west1-b_h100_16']",13,rc_cr_threshold,0,single_region,,us-east5-a_h100_16,,43.19444444444445,50.0,0.2,1.2,51.833333333333336,207.33333333333334,True,True,['data/converted_multi_region_aligned_h100_16_merged'],4,1051.696242303998,-1
Global (13),"['asia-south2-b_h100_16', 'asia-southeast1-b_h100_16', 'asia-southeast1-c_h100_16', 'europe-west1-c_h100_16', 'europe-west3-c_h100_16', 'us-central1-a_h100_16', 'us-central1-b_h100_16', 'us-central1-c_h100_16', 'us-east4-a_h100_16', 'us-east4-b_h100_16', 'us-east5-a_h100_16', 'us-west1-a_h100_16', 'us-west1-b_h100_16']",13,rc_cr_threshold,0,single_region,,us-west1-a_h100_16,,43.19444444444445,50.0,0.2,1.2,51.833333333333336,207.33333333333334,True,True,['data/converted_multi_region_aligned_h100_16_merged'],4,1099.8531268333402,-1
Global (13),"['asia-south2-b_h100_16', 'asia-southeast1-b_h100_16', 'asia-southeast1-c_h100_16', 'europe-west1-c_h100_16', 'europe-west3-c_h100_16', 'us-central1-a_h100_16', 'us-central1-b_h100_16', 'us-central1-c_h100_16', 'us-east4-a_h100_16', 'us-east4-b_h100_16', 'us-east5-a_h100_16', 'us-west1-a_h100_16', 'us-west1-b_h100_16']",13,rc_cr_threshold,0,single_region,,us-west1-b_h100_16,,43.19444444444445,50.0,0.2,1.2,51.833333333333336,207.33333333333334,True,True,['data/converted_multi_region_aligned_h100_16_merged'],4,3033.7543836199966,-1
Global (13),"['asia-south2-b_h100_16', 'asia-southeast1-b_h100_16', 'asia-southeast1-c_h100_16', 'europe-west1-c_h100_16', 'europe-west3-c_h100_16', 'us-central1-a_h100_16', 'us-central1-b_h100_16', 'us-central1-c_h100_16', 'us-east4-a_h100_16', 'us-east4-b_h100_16', 'us-east5-a_h100_16', 'us-west1-a_h100_16', 'us-west1-b_h100_16']",13,unified_cost_model_risk,0,multi_region,,,,43.19444444444445,50.0,0.2,1.2,51.833333333333336,259.1666666666667,True,True,['data/converted_multi_region_aligned_h100_16_merged'],5,692.6450923295965,2
Global (13),"['asia-south2-b_h100_16', 'asia-southeast1-b_h100_16', 'asia-southeast1-c_h100_16', 'europe-west1-c_h100_16', 'europe-west3-c_h100_16', 'us-central1-a_h100_16', 'us-central1-b_h100_16', 'us-central1-c_h100_16', 'us-east4-a_h100_16', 'us-east4-b_h100_16', 'us-east5-a_h100_16', 'us-west1-a_h100_16', 'us-west1-b_h100_16']",13,multi_region_oracle_dp,0,multi_region,,,,43.19444444444445,50.0,0.2,1.2,51.833333333333336,259.1666666666667,True,True,['data/converted_multi_region_aligned_h100_16_merged'],5,648.6002133333357,1
Global (13),"['asia-south2-b_h100_16', 'asia-southeast1-b_h100_16', 'asia-southeast1-c_h100_16', 'europe-west1-c_h100_16', 'europe-west3-c_h100_16', 'us-central1-a_h100_16', 'us-central1-b_h100_16', 'us-central1-c_h100_16', 'us-east4-a_h100_16', 'us-east4-b_h100_16', 'us-east5-a_h100_16', 'us-west1-a_h100_16', 'us-west1-b_h100_16']",13,unified_cost_model_oracle,0,multi_region,,,,43.19444444444445,50.0,0.2,1.2,51.833333333333336,259.1666666666667,True,True,['data/converted_multi_region_aligned_h100_16_merged'],5,691.4595999999965,1
Global (13),"['asia-south2-b_h100_16', 'asia-southeast1-b_h100_16', 'asia-southeast1-c_h100_16', 'europe-west1-c_h100_16', 'europe-west3-c_h100_16', 'us-central1-a_h100_16', 'us-central1-b_h100_16', 'us-central1-c_h100_16', 'us-east4-a_h100_16', 'us-east4-b_h100_16', 'us-east5-a_h100_16', 'us-west1-a_h100_16', 'us-west1-b_h100_16']",13,multi_region_rc_cr_threshold_eager_failover,0,multi_region,,,,43.19444444444445,50.0,0.2,1.2,51.833333333333336,259.1666666666667,True,True,['data/converted_multi_region_aligned_h100_16_merged'],5,691.4595999999965,1
Global (13),"['asia-south2-b_h100_16', 'asia-southeast1-b_h100_16', 'asia-southeast1-c_h100_16', 'europe-west1-c_h100_16', 'europe-west3-c_h100_16', 'us-central1-a_h100_16', 'us-central1-b_h100_16', 'us-central1-c_h100_16', 'us-east4-a_h100_16', 'us-east4-b_h100_16', 'us-east5-a_h100_16', 'us-west1-a_h100_16', 'us-west1-b_h100_16']",13,multi_region_availability_probe_simple,0,multi_region,,,,43.19444444444445,50.0,0.2,1.2,51.833333333333336,259.1666666666667,True,True,['data/converted_multi_region_aligned_h100_16_merged'],5,3103.5102393600214,0
Global (13),"['asia-south2-b_h100_16', 'asia-southeast1-b_h100_16', 'asia-southeast1-c_h100_16', 'europe-west1-c_h100_16', 'europe-west3-c_h100_16', 'us-central1-a_h100_16', 'us-central1-b_h100_16', 'us-central1-c_h100_16', 'us-east4-a_h100_16', 'us-east4-b_h100_16', 'us-east5-a_h100_16', 'us-west1-a_h100_16', 'us-west1-b_h100_16']",13,multi_region_probe_cost_ratio,0,multi_region,,,,43.19444444444445,50.0,0.2,1.2,51.833333333333336,259.1666666666667,True,True,['data/converted_multi_region_aligned_h100_16_merged'],5,873.1797665023963,2
Global (13),"['asia-south2-b_h100_16', 'asia-southeast1-b_h100_16', 'asia-southeast1-c_h100_16', 'europe-west1-c_h100_16', 'europe-west3-c_h100_16', 'us-central1-a_h100_16', 'us-central1-b_h100_16', 'us-central1-c_h100_16', 'us-east4-a_h100_16', 'us-east4-b_h100_16', 'us-east5-a_h100_16', 'us-west1-a_h100_16', 'us-west1-b_h100_16']",13,rc_cr_threshold,0,single_region,,asia-south2-b_h100_16,,43.19444444444445,50.0,0.2,1.2,51.833333333333336,259.1666666666667,True,True,['data/converted_multi_region_aligned_h100_16_merged'],5,3041.090036256015,-1
Global (13),"['asia-south2-b_h100_16', 'asia-southeast1-b_h100_16', 'asia-southeast1-c_h100_16', 'europe-west1-c_h100_16', 'europe-west3-c_h100_16', 'us-central1-a_h100_16', 'us-central1-b_h100_16', 'us-central1-c_h100_16', 'us-east4-a_h100_16', 'us-east4-b_h100_16', 'us-east5-a_h100_16', 'us-west1-a_h100_16', 'us-west1-b_h100_16']",13,rc_cr_threshold,0,single_region,,asia-southeast1-b_h100_16,,43.19444444444445,50.0,0.2,1.2,51.833333333333336,259.1666666666667,True,True,['data/converted_multi_region_aligned_h100_16_merged'],5,837.6527039999982,-1
Global (13),"['asia-south2-b_h100_16', 'asia-southeast1-b_h100_16', 'asia-southeast1-c_h100_16', 'europe-west1-c_h100_16', 'europe-west3-c_h100_16', 'us-central1-a_h100_16', 'us-central1-b_h100_16', 'us-central1-c_h100_16', 'us-east4-a_h100_16', 'us-east4-b_h100_16', 'us-east5-a_h100_16', 'us-west1-a_h100_16', 'us-west1-b_h100_16']",13,rc_cr_threshold,0,single_region,,asia-southeast1-c_h100_16,,43.19444444444445,50.0,0.2,1.2,51.833333333333336,259.1666666666667,True,True,['data/converted_multi_region_aligned_h100_16_merged'],5,837.6527039999982,-1
Global (13),"['asia-south2-b_h100_16', 'asia-southeast1-b_h100_16', 'asia-southeast1-c_h100_16', 'europe-west1-c_h100_16', 'europe-west3-c_h100_16', 'us-central1-a_h100_16', 'us-central1-b_h100_16', 'us-central1-c_h100_16', 'us-east4-a_h100_16', 'us-east4-b_h100_16', 'us-east5-a_h100_16', 'us-west1-a_h100_16', 'us-west1-b_h100_16']",13,rc_cr_threshold,0,single_region,,europe-west1-c_h100_16,,43.19444444444445,50.0,0.2,1.2,51.833333333333336,259.1666666666667,True,True,['data/converted_multi_region_aligned_h100_16_merged'],5,711.4999199999968,-1
Global (13),"['asia-south2-b_h100_16', 'asia-southeast1-b_h100_16', 'asia-southeast1-c_h100_16', 'europe-west1-c_h100_16', 'europe-west3-c_h100_16', 'us-central1-a_h100_16', 'us-central1-b_h100_16', 'us-central1-c_h100_16', 'us-east4-a_h100_16', 'us-east4-b_h100_16', 'us-east5-a_h100_16', 'us-west1-a_h100_16', 'us-west1-b_h100_16']",13,rc_cr_threshold,0,single_region,,europe-west3-c_h100_16,,43.19444444444445,50.0,0.2,1.2,51.833333333333336,259.1666666666667,True,True,['data/converted_multi_region_aligned_h100_16_merged'],5,762.5208959999959,-1
Global (13),"['asia-south2-b_h100_16', 'asia-southeast1-b_h100_16', 'asia-southeast1-c_h100_16', 'europe-west1-c_h100_16', 'europe-west3-c_h100_16', 'us-central1-a_h100_16', 'us-central1-b_h100_16', 'us-central1-c_h100_16', 'us-east4-a_h100_16', 'us-east4-b_h100_16', 'us-east5-a_h100_16', 'us-west1-a_h100_16', 'us-west1-b_h100_16']",13,rc_cr_threshold,0,single_region,,us-central1-a_h100_16,,43.19444444444445,50.0,0.2,1.2,51.833333333333336,259.1666666666667,True,True,['data/converted_multi_region_aligned_h100_16_merged'],5,828.7500160000034,-1
Global (13),"['asia-south2-b_h100_16', 'asia-southeast1-b_h100_16', 'asia-southeast1-c_h100_16', 'europe-west1-c_h100_16', 'europe-west3-c_h100_16', 'us-central1-a_h100_16', 'us-central1-b_h100_16', 'us-central1-c_h100_16', 'us-east4-a_h100_16', 'us-east4-b_h100_16', 'us-east5-a_h100_16', 'us-west1-a_h100_16', 'us-west1-b_h100_16']",13,rc_cr_threshold,0,single_region,,us-central1-b_h100_16,,43.19444444444445,50.0,0.2,1.2,51.833333333333336,259.1666666666667,True,True,['data/converted_multi_region_aligned_h100_16_merged'],5,835.0763520000035,-1
Global (13),"['asia-south2-b_h100_16', 'asia-southeast1-b_h100_16', 'asia-southeast1-c_h100_16', 'europe-west1-c_h100_16', 'europe-west3-c_h100_16', 'us-central1-a_h100_16', 'us-central1-b_h100_16', 'us-central1-c_h100_16', 'us-east4-a_h100_16', 'us-east4-b_h100_16', 'us-east5-a_h100_16', 'us-west1-a_h100_16', 'us-west1-b_h100_16']",13,rc_cr_threshold,0,single_region,,us-central1-c_h100_16,,43.19444444444445,50.0,0.2,1.2,51.833333333333336,259.1666666666667,True,True,['data/converted_multi_region_aligned_h100_16_merged'],5,835.0763520000035,-1
Global (13),"['asia-south2-b_h100_16', 'asia-southeast1-b_h100_16', 'asia-southeast1-c_h100_16', 'europe-west1-c_h100_16', 'europe-west3-c_h100_16', 'us-central1-a_h100_16', 'us-central1-b_h100_16', 'us-central1-c_h100_16', 'us-east4-a_h100_16', 'us-east4-b_h100_16', 'us-east5-a_h100_16', 'us-west1-a_h100_16', 'us-west1-b_h100_16']",13,rc_cr_threshold,0,single_region,,us-east4-a_h100_16,,43.19444444444445,50.0,0.2,1.2,51.833333333333336,259.1666666666667,True,True,['data/converted_multi_region_aligned_h100_16_merged'],5,1024.0937989333413,-1
Global (13),"['asia-south2-b_h100_16', 'asia-southeast1-b_h100_16', 'asia-southeast1-c_h100_16', 'europe-west1-c_h100_16', 'europe-west3-c_h100_16', 'us-central1-a_h100_16', 'us-central1-b_h100_16', 'us-central1-c_h100_16', 'us-east4-a_h100_16', 'us-east4-b_h100_16', 'us-east5-a_h100_16', 'us-west1-a_h100_16', 'us-west1-b_h100_16']",13,rc_cr_threshold,0,single_region,,us-east4-b_h100_16,,43.19444444444445,50.0,0.2,1.2,51.833333333333336,259.1666666666667,True,True,['data/converted_multi_region_aligned_h100_16_merged'],5,653.5513600000024,-1
Global (13),"['asia-south2-b_h100_16', 'asia-southeast1-b_h100_16', 'asia-southeast1-c_h100_16', 'europe-west1-c_h100_16', 'europe-west3-c_h100_16', 'us-central1-a_h100_16', 'us-central1-b_h100_16', 'us-central1-c_h100_16', 'us-east4-a_h100_16', 'us-east4-b_h100_16', 'us-east5-a_h100_16', 'us-west1-a_h100_16', 'us-west1-b_h100_16']",13,rc_cr_threshold,0,single_region,,us-east5-a_h100_16,,43.19444444444445,50.0,0.2,1.2,51.833333333333336,259.1666666666667,True,True,['data/converted_multi_region_aligned_h100_16_merged'],5,1011.1147694719954,-1
Global (13),"['asia-south2-b_h100_16', 'asia-southeast1-b_h100_16', 'asia-southeast1-c_h100_16', 'europe-west1-c_h100_16', 'europe-west3-c_h100_16', 'us-central1-a_h100_16', 'us-central1-b_h100_16', 'us-central1-c_h100_16', 'us-east4-a_h100_16', 'us-east4-b_h100_16', 'us-east5-a_h100_16', 'us-west1-a_h100_16', 'us-west1-b_h100_16']",13,rc_cr_threshold,0,single_region,,us-west1-a_h100_16,,43.19444444444445,50.0,0.2,1.2,51.833333333333336,259.1666666666667,True,True,['data/converted_multi_region_aligned_h100_16_merged'],5,2356.744341079999,-1
Global (13),"['asia-south2-b_h100_16', 'asia-southeast1-b_h100_16', 'asia-southeast1-c_h100_16', 'europe-west1-c_h100_16', 'europe-west3-c_h100_16', 'us-central1-a_h100_16', 'us-central1-b_h100_16', 'us-central1-c_h100_16', 'us-east4-a_h100_16', 'us-east4-b_h100_16', 'us-east5-a_h100_16', 'us-west1-a_h100_16', 'us-west1-b_h100_16']",13,rc_cr_threshold,0,single_region,,us-west1-b_h100_16,,43.19444444444445,50.0,0.2,1.2,51.833333333333336,259.1666666666667,True,True,['data/converted_multi_region_aligned_h100_16_merged'],5,2020.9932372933315,-1
US Only (8),"['us-central1-a_h100_16', 'us-central1-b_h100_16', 'us-central1-c_h100_16', 'us-east4-a_h100_16', 'us-east4-b_h100_16', 'us-east5-a_h100_16', 'us-west1-a_h100_16', 'us-west1-b_h100_16']",8,rc_cr_threshold,0,trace_mode_baseline,best_single,us-central1-a_h100_16,,43.19444444444445,50.0,0.2,1.2,51.833333333333336,0.0,True,True,['data/converted_multi_region_aligned_h100_16_merged'],0,926.5763356266715,0
US Only (8),"['us-central1-a_h100_16', 'us-central1-b_h100_16', 'us-central1-c_h100_16', 'us-east4-a_h100_16', 'us-east4-b_h100_16', 'us-east5-a_h100_16', 'us-west1-a_h100_16', 'us-west1-b_h100_16']",8,rc_cr_threshold,0,trace_mode_baseline,average_single,us-central1-a_h100_16,,43.19444444444445,50.0,0.2,1.2,51.833333333333336,0.0,True,True,['data/converted_multi_region_aligned_h100_16_merged'],0,1515.6602817712248,0
Europe Only (2),"['europe-west1-c_h100_16', 'europe-west3-c_h100_16']",2,rc_cr_threshold,0,trace_mode_baseline,best_single,europe-west1-c_h100_16,,43.19444444444445,50.0,0.2,1.2,51.833333333333336,0.0,True,True,['data/converted_multi_region_aligned_h100_16_merged'],0,1112.9380759644416,0
Europe Only (2),"['europe-west1-c_h100_16', 'europe-west3-c_h100_16']",2,rc_cr_threshold,0,trace_mode_baseline,average_single,europe-west1-c_h100_16,,43.19444444444445,50.0,0.2,1.2,51.833333333333336,0.0,True,True,['data/converted_multi_region_aligned_h100_16_merged'],0,2035.7323776888834,0
Asia Only (3),"['asia-south2-b_h100_16', 'asia-southeast1-b_h100_16', 'asia-southeast1-c_h100_16']",3,rc_cr_threshold,0,trace_mode_baseline,best_single,asia-south2-b_h100_16,,43.19444444444445,50.0,0.2,1.2,51.833333333333336,0.0,True,True,['data/converted_multi_region_aligned_h100_16_merged'],0,1845.3643561617773,0
Asia Only (3),"['asia-south2-b_h100_16', 'asia-southeast1-b_h100_16', 'asia-southeast1-c_h100_16']",3,rc_cr_threshold,0,trace_mode_baseline,average_single,asia-south2-b_h100_16,,43.19444444444445,50.0,0.2,1.2,51.833333333333336,0.0,True,True,['data/converted_multi_region_aligned_h100_16_merged'],0,2603.1490390204467,0
Global (13),"['asia-south2-b_h100_16', 'asia-southeast1-b_h100_16', 'asia-southeast1-c_h100_16', 'europe-west1-c_h100_16', 'europe-west3-c_h100_16', 'us-central1-a_h100_16', 'us-central1-b_h100_16', 'us-central1-c_h100_16', 'us-east4-a_h100_16', 'us-east4-b_h100_16', 'us-east5-a_h100_16', 'us-west1-a_h100_16', 'us-west1-b_h100_16']",13,rc_cr_threshold,0,trace_mode_baseline,best_single,asia-south2-b_h100_16,,43.19444444444445,50.0,0.2,1.2,51.833333333333336,0.0,True,True,['data/converted_multi_region_aligned_h100_16_merged'],0,926.5763356266715,0
Global (13),"['asia-south2-b_h100_16', 'asia-southeast1-b_h100_16', 'asia-southeast1-c_h100_16', 'europe-west1-c_h100_16', 'europe-west3-c_h100_16', 'us-central1-a_h100_16', 'us-central1-b_h100_16', 'us-central1-c_h100_16', 'us-east4-a_h100_16', 'us-east4-b_h100_16', 'us-east5-a_h100_16', 'us-west1-a_h100_16', 'us-west1-b_h100_16']",13,rc_cr_threshold,0,trace_mode_baseline,average_single,asia-south2-b_h100_16,,43.19444444444445,50.0,0.2,1.2,51.833333333333336,0.0,True,True,['data/converted_multi_region_aligned_h100_16_merged'],0,1846.6303174314542,0
