date,availability
2023-02-15 22:08:16,0
2023-02-15 22:11:31,0
2023-02-15 22:14:46,0
2023-02-15 22:18:02,0
2023-02-15 22:21:17,0
2023-02-15 22:24:32,0
2023-02-15 22:27:47,0
2023-02-15 22:31:02,0
2023-02-15 22:34:18,0
2023-02-15 22:37:33,0
2023-02-15 22:40:47,0
2023-02-15 22:44:03,0
2023-02-15 22:47:17,0
2023-02-15 22:50:32,0
2023-02-15 22:53:48,0
2023-02-15 22:57:03,0
2023-02-15 23:00:18,0
2023-02-15 23:03:34,0
2023-02-15 23:06:49,0
2023-02-15 23:10:04,0
2023-02-15 23:13:19,0
2023-02-15 23:16:34,0
2023-02-15 23:19:49,0
2023-02-15 23:23:04,0
2023-02-15 23:26:19,0
2023-02-15 23:29:34,0
2023-02-15 23:32:50,0
2023-02-15 23:36:05,0
2023-02-15 23:39:21,0
2023-02-15 23:42:36,0
2023-02-15 23:45:51,0
2023-02-15 23:49:07,0
2023-02-15 23:52:22,0
2023-02-15 23:55:37,0
2023-02-15 23:58:52,0
2023-02-16 00:02:07,0
2023-02-16 00:05:22,0
2023-02-16 00:08:37,0
2023-02-16 00:11:53,0
2023-02-16 00:15:08,0
2023-02-16 00:18:23,0
2023-02-16 00:21:38,0
2023-02-16 00:24:53,0
2023-02-16 00:28:09,0
2023-02-16 00:31:24,0
2023-02-16 00:34:40,0
2023-02-16 00:37:55,0
2023-02-16 00:41:10,0
2023-02-16 00:44:25,0
2023-02-16 00:47:41,0
2023-02-16 00:50:56,0
2023-02-16 00:54:12,0
2023-02-16 00:57:27,0
2023-02-16 01:00:43,0
2023-02-16 01:03:58,0
2023-02-16 01:07:13,0
2023-02-16 01:10:28,0
2023-02-16 01:13:44,0
2023-02-16 01:16:59,0
2023-02-16 01:20:15,0
2023-02-16 01:23:30,0
2023-02-16 01:26:45,0
2023-02-16 01:30:00,0
2023-02-16 01:33:16,0
2023-02-16 01:36:31,0
2023-02-16 01:39:46,0
2023-02-16 01:43:02,0
2023-02-16 01:46:17,0
2023-02-16 01:49:32,0
2023-02-16 01:52:48,0
2023-02-16 01:56:03,0
2023-02-16 01:59:18,0
2023-02-16 02:02:33,0
2023-02-16 02:05:48,0
2023-02-16 02:09:04,0
2023-02-16 02:12:20,0
2023-02-16 02:15:35,0
2023-02-16 02:18:51,0
2023-02-16 02:22:06,0
2023-02-16 02:25:21,0
2023-02-16 02:28:36,0
2023-02-16 02:31:51,0
2023-02-16 02:35:07,0
2023-02-16 02:38:22,0
2023-02-16 02:41:37,0
2023-02-16 02:44:52,0
2023-02-16 02:48:08,0
2023-02-16 02:51:23,0
2023-02-16 02:54:38,0
2023-02-16 02:57:53,0
2023-02-16 03:01:09,0
2023-02-16 03:04:24,0
2023-02-16 03:07:39,0
2023-02-16 03:10:54,0
2023-02-16 03:14:09,0
2023-02-16 03:17:24,0
2023-02-16 03:20:40,0
2023-02-16 03:23:55,0
2023-02-16 03:27:10,0
2023-02-16 03:30:25,0
2023-02-16 03:33:41,0
2023-02-16 03:36:56,0
2023-02-16 03:40:11,0
2023-02-16 03:43:26,0
2023-02-16 03:46:41,0
2023-02-16 03:49:56,0
2023-02-16 03:53:12,0
2023-02-16 03:56:26,0
2023-02-16 03:59:41,0
2023-02-16 04:02:57,0
2023-02-16 04:06:12,0
2023-02-16 04:09:27,0
2023-02-16 04:12:43,0
2023-02-16 04:15:58,0
2023-02-16 04:19:13,0
2023-02-16 04:22:29,0
2023-02-16 04:25:44,0
2023-02-16 04:28:59,0
2023-02-16 04:32:14,0
2023-02-16 04:35:29,0
2023-02-16 04:38:44,0
2023-02-16 04:41:59,0
2023-02-16 04:45:14,0
2023-02-16 04:48:29,0
2023-02-16 04:51:45,0
2023-02-16 04:55:00,0
2023-02-16 04:58:14,0
2023-02-16 05:01:30,0
2023-02-16 05:04:45,0
2023-02-16 05:08:00,0
2023-02-16 05:11:15,0
2023-02-16 05:14:30,0
2023-02-16 05:17:45,0
2023-02-16 05:21:00,0
2023-02-16 05:24:15,0
2023-02-16 05:27:30,0
2023-02-16 05:30:45,0
2023-02-16 05:34:00,0
2023-02-16 05:37:15,0
2023-02-16 05:40:30,0
2023-02-16 05:43:46,0
2023-02-16 05:47:01,0
2023-02-16 05:50:16,0
2023-02-16 05:53:31,0
2023-02-16 05:56:46,0
2023-02-16 06:00:01,0
2023-02-16 06:03:16,0
2023-02-16 06:06:30,0
2023-02-16 06:09:45,0
2023-02-16 06:13:00,0
2023-02-16 06:16:15,0
2023-02-16 06:19:30,0
2023-02-16 06:22:45,0
2023-02-16 06:26:00,0
2023-02-16 06:29:15,0
2023-02-16 06:32:30,0
2023-02-16 06:35:45,0
2023-02-16 06:39:00,0
2023-02-16 06:42:15,0
2023-02-16 06:45:30,0
2023-02-16 06:48:45,0
2023-02-16 06:52:00,0
2023-02-16 06:55:14,0
2023-02-16 06:58:29,0
2023-02-16 07:01:44,0
2023-02-16 07:04:59,0
2023-02-16 07:08:14,0
2023-02-16 07:11:29,0
2023-02-16 07:14:44,0
2023-02-16 07:17:59,0
2023-02-16 07:21:14,0
2023-02-16 07:24:29,0
2023-02-16 07:27:44,0
2023-02-16 07:30:59,0
2023-02-16 07:34:14,0
2023-02-16 07:37:29,0
2023-02-16 07:40:44,0
2023-02-16 07:43:59,0
2023-02-16 07:47:14,0
2023-02-16 07:50:29,0
2023-02-16 07:53:44,0
2023-02-16 07:56:59,0
2023-02-16 08:00:15,0
2023-02-16 08:03:30,0
2023-02-16 08:06:45,0
2023-02-16 08:10:00,0
2023-02-16 08:13:15,0
2023-02-16 08:16:30,0
2023-02-16 08:19:45,0
2023-02-16 08:23:00,0
2023-02-16 08:26:15,0
2023-02-16 08:29:30,0
2023-02-16 08:32:45,0
2023-02-16 08:36:00,0
2023-02-16 08:39:15,0
2023-02-16 08:42:30,0
2023-02-16 08:45:45,0
2023-02-16 08:49:00,0
2023-02-16 08:52:15,0
2023-02-16 08:55:30,0
2023-02-16 08:58:45,0
2023-02-16 09:02:00,0
2023-02-16 09:05:16,0
2023-02-16 09:08:31,0
2023-02-16 09:11:46,0
2023-02-16 09:15:01,0
2023-02-16 09:18:16,0
2023-02-16 09:21:31,0
2023-02-16 09:24:46,0
2023-02-16 09:28:01,0
2023-02-16 09:31:16,0
2023-02-16 09:34:30,0
2023-02-16 09:37:46,0
2023-02-16 09:41:01,0
2023-02-16 09:44:15,0
2023-02-16 09:47:30,0
2023-02-16 09:50:45,0
2023-02-16 09:54:00,0
2023-02-16 09:57:15,0
2023-02-16 10:00:30,0
2023-02-16 10:03:45,0
2023-02-16 10:07:00,0
2023-02-16 10:10:15,0
2023-02-16 10:13:30,0
2023-02-16 10:16:45,0
2023-02-16 10:20:00,0
2023-02-16 10:23:15,0
2023-02-16 10:26:30,0
2023-02-16 10:29:45,0
2023-02-16 10:33:01,0
2023-02-16 10:36:16,0
2023-02-16 10:39:31,0
2023-02-16 10:42:46,0
2023-02-16 10:46:01,0
2023-02-16 10:49:16,0
2023-02-16 10:52:32,0
2023-02-16 10:55:47,0
2023-02-16 10:59:02,0
2023-02-16 11:02:17,0
2023-02-16 11:05:32,0
2023-02-16 11:08:47,0
2023-02-16 11:12:02,0
2023-02-16 11:15:17,0
2023-02-16 11:18:32,0
2023-02-16 11:21:47,0
2023-02-16 11:25:02,0
2023-02-16 11:28:17,0
2023-02-16 11:31:32,0
2023-02-16 11:34:47,0
2023-02-16 11:38:03,0
2023-02-16 11:41:18,0
2023-02-16 11:44:32,0
2023-02-16 11:47:48,1
2023-02-16 11:51:03,1
2023-02-16 11:54:18,1
2023-02-16 11:57:33,1
2023-02-16 12:00:48,1
2023-02-16 12:04:03,1
2023-02-16 12:07:18,1
2023-02-16 12:10:33,1
2023-02-16 12:13:48,1
2023-02-16 12:17:04,1
2023-02-16 12:20:19,0
2023-02-16 12:23:34,0
2023-02-16 12:26:49,0
2023-02-16 12:30:04,0
2023-02-16 12:33:19,0
2023-02-16 12:36:34,0
2023-02-16 12:39:49,0
2023-02-16 12:43:05,0
2023-02-16 12:46:20,0
2023-02-16 12:49:35,0
2023-02-16 12:52:50,0
2023-02-16 12:56:05,0
2023-02-16 12:59:20,0
2023-02-16 13:02:35,0
2023-02-16 13:05:50,0
2023-02-16 13:09:06,0
2023-02-16 13:12:21,0
2023-02-16 13:15:37,0
2023-02-16 13:18:51,0
2023-02-16 13:22:07,0
2023-02-16 13:25:22,0
2023-02-16 13:28:37,0
2023-02-16 13:31:52,0
2023-02-16 13:35:07,0
2023-02-16 13:38:22,0
2023-02-16 13:41:37,0
2023-02-16 13:44:52,0
2023-02-16 13:48:08,0
2023-02-16 13:51:23,0
2023-02-16 13:54:38,0
2023-02-16 13:57:53,0
2023-02-16 14:01:09,0
2023-02-16 14:04:24,0
2023-02-16 14:07:38,0
2023-02-16 14:10:54,0
2023-02-16 14:14:09,0
2023-02-16 14:17:24,0
2023-02-16 14:20:39,0
2023-02-16 14:23:54,0
2023-02-16 14:27:09,0
2023-02-16 14:30:24,0
2023-02-16 14:33:39,0
2023-02-16 14:36:54,0
2023-02-16 14:40:09,0
2023-02-16 14:43:25,0
2023-02-16 14:46:40,0
2023-02-16 14:49:55,0
2023-02-16 14:53:10,0
2023-02-16 14:56:26,0
2023-02-16 14:59:41,0
2023-02-16 15:02:56,0
2023-02-16 15:06:11,0
2023-02-16 15:09:26,0
2023-02-16 15:12:41,0
2023-02-16 15:15:57,0
2023-02-16 15:19:12,0
2023-02-16 15:22:28,0
2023-02-16 15:25:43,0
2023-02-16 15:28:59,0
2023-02-16 15:32:14,0
2023-02-16 15:35:29,0
2023-02-16 15:38:44,0
2023-02-16 15:41:59,0
2023-02-16 15:45:16,0
2023-02-16 15:48:31,0
2023-02-16 15:51:46,0
2023-02-16 15:55:03,0
2023-02-16 15:58:18,0
2023-02-16 16:01:33,0
2023-02-16 16:04:48,0
2023-02-16 16:08:03,0
2023-02-16 16:11:18,0
2023-02-16 16:14:33,0
2023-02-16 16:17:48,0
2023-02-16 16:21:04,0
2023-02-16 16:24:19,0
2023-02-16 16:27:34,0
2023-02-16 16:30:50,0
2023-02-16 16:34:05,0
2023-02-16 16:37:20,0
2023-02-16 16:40:36,0
2023-02-16 16:43:51,0
2023-02-16 16:47:07,0
2023-02-16 16:50:22,0
2023-02-16 16:53:37,0
2023-02-16 16:56:52,0
2023-02-16 17:00:07,0
2023-02-16 17:03:22,0
2023-02-16 17:06:38,0
2023-02-16 17:09:53,0
2023-02-16 17:13:09,0
2023-02-16 17:16:24,0
2023-02-16 17:19:39,0
2023-02-16 17:22:55,0
2023-02-16 17:26:10,0
2023-02-16 17:29:25,0
2023-02-16 17:32:40,0
2023-02-16 17:35:55,0
2023-02-16 17:39:10,0
2023-02-16 17:42:25,0
2023-02-16 17:45:40,0
2023-02-16 17:48:55,0
2023-02-16 17:52:10,0
2023-02-16 17:55:25,0
2023-02-16 17:58:40,0
2023-02-16 18:01:55,0
2023-02-16 18:05:11,0
2023-02-16 18:08:26,0
2023-02-16 18:11:41,0
2023-02-16 18:14:56,0
2023-02-16 18:18:12,0
2023-02-16 18:21:27,0
2023-02-16 18:24:41,0
2023-02-16 18:27:56,0
2023-02-16 18:31:12,0
2023-02-16 18:34:27,0
2023-02-16 18:37:42,0
2023-02-16 18:40:57,0
2023-02-16 18:44:12,0
2023-02-16 18:47:28,0
2023-02-16 18:50:43,0
2023-02-16 18:53:58,0
2023-02-16 18:57:13,0
2023-02-16 19:00:29,0
2023-02-16 19:03:44,0
2023-02-16 19:06:59,0
2023-02-16 19:10:14,0
2023-02-16 19:13:29,0
2023-02-16 19:16:45,0
2023-02-16 19:20:00,0
2023-02-16 19:23:15,0
2023-02-16 19:26:30,0
2023-02-16 19:29:46,0
2023-02-16 19:33:01,0
2023-02-16 19:36:16,0
2023-02-16 19:39:31,0
2023-02-16 19:42:47,0
2023-02-16 19:46:03,0
2023-02-16 19:49:18,0
2023-02-16 19:52:33,0
2023-02-16 19:55:49,0
2023-02-16 19:59:04,0
2023-02-16 20:02:19,0
2023-02-16 20:05:34,0
2023-02-16 20:08:49,0
2023-02-16 20:12:05,0
2023-02-16 20:15:20,0
2023-02-16 20:18:35,0
2023-02-16 20:21:50,0
2023-02-16 20:25:05,0
2023-02-16 20:28:21,0
2023-02-16 20:31:36,0
2023-02-16 20:34:52,0
2023-02-16 20:38:08,0
2023-02-16 20:41:23,0
2023-02-16 20:44:39,0
2023-02-16 20:47:54,0
2023-02-16 20:51:09,0
2023-02-16 20:54:24,0
2023-02-16 20:57:40,0
2023-02-16 21:00:55,0
2023-02-16 21:04:11,0
2023-02-16 21:07:26,0
2023-02-16 21:10:40,0
2023-02-16 21:13:56,0
2023-02-16 21:17:11,0
2023-02-16 21:20:26,0
2023-02-16 21:23:41,0
2023-02-16 21:26:56,0
2023-02-16 21:30:11,0
2023-02-16 21:33:27,0
2023-02-16 21:36:42,0
2023-02-16 21:39:56,0
2023-02-16 21:43:11,0
2023-02-16 21:46:27,0
2023-02-16 21:49:42,0
2023-02-16 21:52:57,0
2023-02-16 21:56:12,0
2023-02-16 21:59:27,0
2023-02-16 22:02:42,0
2023-02-16 22:05:58,0
2023-02-16 22:09:13,0
2023-02-16 22:12:28,0
2023-02-16 22:15:43,0
2023-02-16 22:18:59,0
2023-02-16 22:22:13,0
2023-02-16 22:25:29,0
2023-02-16 22:28:44,0
2023-02-16 22:31:59,0
2023-02-16 22:35:14,0
2023-02-16 22:38:30,0
2023-02-16 22:41:45,0
2023-02-16 22:45:00,0
2023-02-16 22:48:15,0
2023-02-16 22:51:30,0
2023-02-16 22:54:45,0
2023-02-16 22:58:00,0
2023-02-16 23:01:16,0
2023-02-16 23:04:31,0
2023-02-16 23:07:46,0
2023-02-16 23:11:01,0
2023-02-16 23:14:16,0
2023-02-16 23:17:31,0
2023-02-16 23:20:46,0
2023-02-16 23:24:01,0
2023-02-16 23:27:16,0
2023-02-16 23:30:31,0
2023-02-16 23:33:46,0
2023-02-16 23:37:01,0
2023-02-16 23:40:17,0
2023-02-16 23:43:31,0
2023-02-16 23:46:47,0
2023-02-16 23:50:02,0
2023-02-16 23:53:17,0
2023-02-16 23:56:32,0
2023-02-16 23:59:47,0
2023-02-17 00:03:02,0
2023-02-17 00:06:18,0
2023-02-17 00:09:33,0
2023-02-17 00:12:48,0
2023-02-17 00:16:03,0
2023-02-17 00:19:18,0
2023-02-17 00:22:33,0
2023-02-17 00:25:48,0
2023-02-17 00:29:03,0
2023-02-17 00:32:18,0
2023-02-17 00:35:33,0
2023-02-17 00:38:47,0
2023-02-17 00:42:03,0
2023-02-17 00:45:18,0
2023-02-17 00:48:33,0
2023-02-17 00:51:49,0
2023-02-17 00:55:04,0
2023-02-17 00:58:19,0
2023-02-17 01:01:34,0
2023-02-17 01:04:49,0
2023-02-17 01:08:04,0
2023-02-17 01:11:20,0
2023-02-17 01:14:35,0
2023-02-17 01:17:53,0
2023-02-17 01:21:08,0
2023-02-17 01:24:22,0
2023-02-17 01:27:39,0
2023-02-17 01:30:54,0
2023-02-17 01:34:11,0
2023-02-17 01:37:27,0
2023-02-17 01:40:42,0
2023-02-17 01:43:57,0
2023-02-17 01:47:12,0
2023-02-17 01:50:27,0
2023-02-17 01:53:42,0
2023-02-17 01:56:57,0
2023-02-17 02:00:12,0
2023-02-17 02:03:27,0
2023-02-17 02:06:42,0
2023-02-17 02:09:57,0
2023-02-17 02:13:12,0
2023-02-17 02:16:26,0
2023-02-17 02:19:41,0
2023-02-17 02:22:57,0
2023-02-17 02:26:12,0
2023-02-17 02:29:27,0
2023-02-17 02:32:42,0
2023-02-17 02:35:59,0
2023-02-17 02:39:16,0
2023-02-17 02:42:31,0
2023-02-17 02:45:46,0
2023-02-17 02:49:01,0
2023-02-17 02:52:16,0
2023-02-17 02:55:31,1
2023-02-17 02:58:46,1
2023-02-17 03:02:01,1
2023-02-17 03:05:16,1
2023-02-17 03:08:31,1
2023-02-17 03:11:46,1
2023-02-17 03:15:02,1
2023-02-17 03:18:17,1
2023-02-17 03:21:32,1
2023-02-17 03:24:47,1
2023-02-17 03:28:02,1
2023-02-17 03:31:17,1
2023-02-17 03:34:32,1
2023-02-17 03:37:47,1
2023-02-17 03:41:02,1
2023-02-17 03:44:17,1
2023-02-17 03:47:33,1
2023-02-17 03:50:48,1
2023-02-17 03:54:03,1
2023-02-17 03:57:18,1
2023-02-17 04:00:32,1
2023-02-17 04:03:47,1
2023-02-17 04:07:02,1
2023-02-17 04:10:16,1
2023-02-17 04:13:31,1
2023-02-17 04:16:46,1
2023-02-17 04:20:02,1
2023-02-17 04:23:18,1
2023-02-17 04:26:33,1
2023-02-17 04:29:48,1
2023-02-17 04:33:03,1
2023-02-17 04:36:18,1
2023-02-17 04:39:33,1
2023-02-17 04:42:48,1
2023-02-17 04:46:03,1
2023-02-17 04:49:18,1
2023-02-17 04:52:33,1
2023-02-17 04:55:48,1
2023-02-17 04:59:03,1
2023-02-17 05:02:17,1
2023-02-17 05:05:32,1
2023-02-17 05:08:47,1
2023-02-17 05:12:02,1
2023-02-17 05:15:17,1
2023-02-17 05:18:32,1
2023-02-17 05:21:47,1
2023-02-17 05:25:02,1
2023-02-17 05:28:16,1
2023-02-17 05:31:32,1
2023-02-17 05:34:47,1
2023-02-17 05:38:06,1
2023-02-17 05:41:21,1
2023-02-17 05:44:36,1
2023-02-17 05:47:51,1
2023-02-17 05:51:05,1
2023-02-17 05:54:20,1
2023-02-17 05:57:35,1
2023-02-17 06:00:50,1
2023-02-17 06:04:05,1
2023-02-17 06:07:20,1
2023-02-17 06:10:35,1
2023-02-17 06:13:49,1
2023-02-17 06:17:04,1
2023-02-17 06:20:19,1
2023-02-17 06:23:34,1
2023-02-17 06:26:49,1
2023-02-17 06:30:04,1
2023-02-17 06:33:18,1
2023-02-17 06:36:33,1
2023-02-17 06:39:48,1
2023-02-17 06:43:03,1
2023-02-17 06:46:18,1
2023-02-17 06:49:33,1
2023-02-17 06:52:48,1
2023-02-17 06:56:03,1
2023-02-17 06:59:18,1
2023-02-17 07:02:33,1
2023-02-17 07:05:48,0
2023-02-17 07:09:03,0
2023-02-17 07:12:19,0
2023-02-17 07:15:33,0
2023-02-17 07:18:49,0
2023-02-17 07:22:03,0
2023-02-17 07:25:18,0
2023-02-17 07:28:33,0
2023-02-17 07:31:48,0
2023-02-17 07:35:03,0
2023-02-17 07:38:18,0
2023-02-17 07:41:33,0
2023-02-17 07:44:48,0
2023-02-17 07:48:03,0
2023-02-17 07:51:18,0
2023-02-17 07:54:33,0
2023-02-17 07:57:48,0
2023-02-17 08:01:03,0
2023-02-17 08:04:18,0
2023-02-17 08:07:33,0
2023-02-17 08:10:49,0
2023-02-17 08:14:04,0
2023-02-17 08:17:19,0
2023-02-17 08:20:35,0
2023-02-17 08:23:49,0
2023-02-17 08:27:05,0
2023-02-17 08:30:19,0
2023-02-17 08:33:35,0
2023-02-17 08:36:49,0
2023-02-17 08:40:04,0
2023-02-17 08:43:19,0
2023-02-17 08:46:34,0
2023-02-17 08:49:49,0
2023-02-17 08:53:04,0
2023-02-17 08:56:19,0
2023-02-17 08:59:34,0
2023-02-17 09:02:49,0
2023-02-17 09:06:04,0
2023-02-17 09:09:19,0
2023-02-17 09:12:34,0
2023-02-17 09:15:49,0
2023-02-17 09:19:04,0
2023-02-17 09:22:19,0
2023-02-17 09:25:34,0
2023-02-17 09:28:49,0
2023-02-17 09:32:04,0
2023-02-17 09:35:19,1
2023-02-17 09:38:34,1
2023-02-17 09:41:49,1
2023-02-17 09:45:04,0
2023-02-17 09:48:19,0
2023-02-17 09:51:33,0
2023-02-17 09:54:48,0
2023-02-17 09:58:03,0
2023-02-17 10:01:18,0
2023-02-17 10:04:33,0
2023-02-17 10:07:48,0
2023-02-17 10:11:03,0
2023-02-17 10:14:19,0
2023-02-17 10:17:33,0
2023-02-17 10:20:49,0
2023-02-17 10:24:04,0
2023-02-17 10:27:19,0
2023-02-17 10:30:34,0
2023-02-17 10:33:49,0
2023-02-17 10:37:04,0
2023-02-17 10:40:18,0
2023-02-17 10:43:33,0
2023-02-17 10:46:48,0
2023-02-17 10:50:03,0
2023-02-17 10:53:18,0
2023-02-17 10:56:33,0
2023-02-17 10:59:48,1
2023-02-17 11:03:03,1
2023-02-17 11:06:18,1
2023-02-17 11:09:32,1
2023-02-17 11:12:47,1
2023-02-17 11:16:02,1
2023-02-17 11:19:17,1
2023-02-17 11:22:32,1
2023-02-17 11:25:47,1
2023-02-17 11:29:02,0
2023-02-17 11:32:17,0
2023-02-17 11:35:32,0
2023-02-17 11:38:47,0
2023-02-17 11:42:02,0
2023-02-17 11:45:17,0
2023-02-17 11:48:31,0
2023-02-17 11:51:47,0
2023-02-17 11:55:02,0
2023-02-17 11:58:16,0
2023-02-17 12:01:32,0
2023-02-17 12:04:47,0
2023-02-17 12:08:02,0
2023-02-17 12:11:17,0
2023-02-17 12:14:32,0
2023-02-17 12:17:47,0
2023-02-17 12:21:03,0
2023-02-17 12:24:17,0
2023-02-17 12:27:32,0
2023-02-17 12:30:47,0
2023-02-17 12:34:02,0
2023-02-17 12:37:17,0
2023-02-17 12:40:32,0
2023-02-17 12:43:48,0
2023-02-17 12:47:02,0
2023-02-17 12:50:17,0
2023-02-17 12:53:32,0
2023-02-17 12:56:47,0
2023-02-17 13:00:02,0
2023-02-17 13:03:16,0
2023-02-17 13:06:31,0
2023-02-17 13:09:46,0
2023-02-17 13:13:02,0
2023-02-17 13:16:17,0
2023-02-17 13:19:32,0
2023-02-17 13:22:47,0
2023-02-17 13:26:02,0
2023-02-17 13:29:17,0
2023-02-17 13:32:32,0
2023-02-17 13:35:47,0
2023-02-17 13:39:02,0
2023-02-17 13:42:17,0
2023-02-17 13:45:32,0
2023-02-17 13:48:46,0
2023-02-17 13:52:01,0
2023-02-17 13:55:16,0
2023-02-17 13:58:32,0
2023-02-17 14:01:47,0
2023-02-17 14:05:02,0
2023-02-17 14:08:17,0
2023-02-17 14:11:33,0
2023-02-17 14:14:48,0
2023-02-17 14:18:03,0
2023-02-17 14:21:18,0
2023-02-17 14:24:33,0
2023-02-17 14:27:49,0
2023-02-17 14:31:04,0
2023-02-17 14:34:19,0
2023-02-17 14:37:34,0
2023-02-17 14:40:49,0
2023-02-17 14:44:04,0
2023-02-17 14:47:19,0
2023-02-17 14:50:34,0
2023-02-17 14:53:49,0
2023-02-17 14:57:04,0
2023-02-17 15:00:26,0
2023-02-17 15:03:41,0
2023-02-17 15:06:56,0
2023-02-17 15:10:12,0
2023-02-17 15:13:27,0
2023-02-17 15:16:42,0
2023-02-17 15:19:58,0
2023-02-17 15:23:13,0
2023-02-17 15:26:28,0
2023-02-17 15:29:43,0
2023-02-17 15:32:59,0
2023-02-17 15:36:14,0
2023-02-17 15:39:29,0
2023-02-17 15:42:44,0
2023-02-17 15:45:59,0
2023-02-17 15:49:15,0
2023-02-17 15:52:30,0
2023-02-17 15:55:45,0
2023-02-17 15:59:00,0
2023-02-17 16:02:15,0
2023-02-17 16:05:30,0
2023-02-17 16:08:45,0
2023-02-17 16:12:00,0
2023-02-17 16:15:15,0
2023-02-17 16:18:30,0
2023-02-17 16:21:45,0
2023-02-17 16:25:00,0
2023-02-17 16:28:15,0
2023-02-17 16:31:30,0
2023-02-17 16:34:44,0
2023-02-17 16:37:59,0
2023-02-17 16:41:14,0
2023-02-17 16:44:29,0
2023-02-17 16:47:44,0
2023-02-17 16:51:00,0
2023-02-17 16:54:15,0
2023-02-17 16:57:30,0
2023-02-17 17:00:45,0
2023-02-17 17:04:00,0
2023-02-17 17:07:16,0
2023-02-17 17:10:30,0
2023-02-17 17:13:46,0
2023-02-17 17:17:01,0
2023-02-17 17:20:16,0
2023-02-17 17:23:31,0
2023-02-17 17:26:46,0
2023-02-17 17:30:01,0
2023-02-17 17:33:16,0
2023-02-17 17:36:31,0
2023-02-17 17:39:46,0
2023-02-17 17:43:01,0
2023-02-17 17:46:16,0
2023-02-17 17:49:31,0
2023-02-17 17:52:46,0
2023-02-17 17:56:03,0
2023-02-17 17:59:18,0
2023-02-17 18:02:34,0
2023-02-17 18:05:49,0
2023-02-17 18:09:05,0
2023-02-17 18:12:19,0
2023-02-17 18:15:34,0
2023-02-17 18:18:49,0
2023-02-17 18:22:04,0
2023-02-17 18:25:19,0
2023-02-17 18:28:36,0
2023-02-17 18:31:51,0
2023-02-17 18:35:07,0
2023-02-17 18:38:22,0
2023-02-17 18:41:37,0
2023-02-17 18:44:52,0
2023-02-17 18:48:07,0
2023-02-17 18:51:24,0
2023-02-17 18:54:39,0
2023-02-17 18:57:55,0
2023-02-17 19:01:10,0
2023-02-17 19:04:25,0
2023-02-17 19:07:40,0
2023-02-17 19:10:55,0
2023-02-17 19:14:10,1
2023-02-17 19:17:26,1
2023-02-17 19:20:41,1
2023-02-17 19:23:56,1
2023-02-17 19:27:11,1
2023-02-17 19:30:26,1
2023-02-17 19:33:41,1
2023-02-17 19:36:56,1
2023-02-17 19:40:11,1
2023-02-17 19:43:26,1
2023-02-17 19:46:42,1
2023-02-17 19:49:57,1
2023-02-17 19:53:13,1
2023-02-17 19:56:28,1
2023-02-17 19:59:43,1
2023-02-17 20:02:58,1
2023-02-17 20:06:13,1
2023-02-17 20:09:28,1
2023-02-17 20:12:44,1
2023-02-17 20:15:59,1
2023-02-17 20:19:14,1
2023-02-17 20:22:29,1
2023-02-17 20:25:44,1
2023-02-17 20:29:00,1
2023-02-17 20:32:15,1
2023-02-17 20:35:30,1
2023-02-17 20:38:45,0
2023-02-17 20:42:00,0
2023-02-17 20:45:15,0
2023-02-17 20:48:30,0
2023-02-17 20:51:45,0
2023-02-17 20:55:00,0
2023-02-17 20:58:15,0
2023-02-17 21:01:30,0
2023-02-17 21:04:46,0
2023-02-17 21:08:01,1
2023-02-17 21:11:16,1
2023-02-17 21:14:31,1
2023-02-17 21:17:47,1
2023-02-17 21:21:02,0
2023-02-17 21:24:17,0
2023-02-17 21:27:32,0
2023-02-17 21:30:47,0
2023-02-17 21:34:02,0
2023-02-17 21:37:17,0
2023-02-17 21:40:32,0
2023-02-17 21:43:47,0
2023-02-17 21:47:02,0
2023-02-17 21:50:17,0
2023-02-17 21:53:32,0
2023-02-17 21:56:47,0
2023-02-17 22:00:03,0
2023-02-17 22:03:18,0
2023-02-17 22:06:33,0
2023-02-17 22:09:48,0
2023-02-17 22:13:03,0
2023-02-17 22:16:19,0
2023-02-17 22:19:34,0
2023-02-17 22:22:48,0
2023-02-17 22:26:03,0
2023-02-17 22:29:19,0
2023-02-17 22:32:33,0
2023-02-17 22:35:48,0
2023-02-17 22:39:03,0
2023-02-17 22:42:19,0
2023-02-17 22:45:34,0
2023-02-17 22:48:49,0
2023-02-17 22:52:04,0
2023-02-17 22:55:19,0
2023-02-17 22:58:34,0
2023-02-17 23:01:49,0
2023-02-17 23:05:04,0
2023-02-17 23:08:19,0
2023-02-17 23:11:34,0
2023-02-17 23:14:49,0
2023-02-17 23:18:04,0
2023-02-17 23:21:20,0
2023-02-17 23:24:35,0
2023-02-17 23:27:50,0
2023-02-17 23:31:05,0
2023-02-17 23:34:20,0
2023-02-17 23:37:35,0
2023-02-17 23:40:51,0
2023-02-17 23:44:06,0
2023-02-17 23:47:21,0
2023-02-17 23:50:36,0
2023-02-17 23:53:51,0
2023-02-17 23:57:07,0
2023-02-18 00:00:22,0
2023-02-18 00:03:37,0
2023-02-18 00:06:52,0
2023-02-18 00:10:06,0
2023-02-18 00:13:22,0
2023-02-18 00:16:37,0
2023-02-18 00:19:52,0
2023-02-18 00:23:07,0
2023-02-18 00:26:23,0
2023-02-18 00:29:38,0
2023-02-18 00:32:55,0
2023-02-18 00:36:10,0
2023-02-18 00:39:25,0
2023-02-18 00:42:40,0
2023-02-18 00:45:56,0
2023-02-18 00:49:11,0
2023-02-18 00:52:25,0
2023-02-18 00:55:40,0
2023-02-18 00:58:55,0
2023-02-18 01:02:10,0
2023-02-18 01:05:26,0
2023-02-18 01:08:41,0
2023-02-18 01:11:56,0
2023-02-18 01:15:11,0
2023-02-18 01:18:26,0
2023-02-18 01:21:41,0
2023-02-18 01:24:57,0
2023-02-18 01:28:12,0
2023-02-18 01:31:27,0
2023-02-18 01:34:42,0
2023-02-18 01:37:59,0
2023-02-18 01:41:13,0
2023-02-18 01:44:28,0
2023-02-18 01:47:44,0
2023-02-18 01:50:59,0
2023-02-18 01:54:14,0
2023-02-18 01:57:29,0
2023-02-18 02:00:44,0
2023-02-18 02:03:59,0
2023-02-18 02:07:14,0
2023-02-18 02:10:29,0
2023-02-18 02:13:45,0
2023-02-18 02:17:00,0
2023-02-18 02:20:14,0
2023-02-18 02:23:29,0
2023-02-18 02:26:44,0
2023-02-18 02:29:59,0
2023-02-18 02:33:15,0
2023-02-18 02:36:30,0
2023-02-18 02:39:48,0
2023-02-18 02:43:04,0
2023-02-18 02:46:19,0
2023-02-18 02:49:34,0
2023-02-18 02:52:49,0
2023-02-18 02:56:04,0
2023-02-18 02:59:18,0
2023-02-18 03:02:34,0
2023-02-18 03:05:49,0
2023-02-18 03:09:04,0
2023-02-18 03:12:19,0
2023-02-18 03:15:34,0
2023-02-18 03:18:48,1
2023-02-18 03:22:03,1
2023-02-18 03:25:18,1
2023-02-18 03:28:33,1
2023-02-18 03:31:48,1
2023-02-18 03:35:03,1
2023-02-18 03:38:19,1
2023-02-18 03:41:34,1
2023-02-18 03:44:49,1
2023-02-18 03:48:04,1
2023-02-18 03:51:19,1
2023-02-18 03:54:34,1
2023-02-18 03:57:49,1
2023-02-18 04:01:05,1
2023-02-18 04:04:20,1
2023-02-18 04:07:35,1
2023-02-18 04:10:50,1
2023-02-18 04:14:04,1
2023-02-18 04:17:19,1
2023-02-18 04:20:35,1
2023-02-18 04:23:50,1
2023-02-18 04:27:05,1
2023-02-18 04:30:20,1
2023-02-18 04:33:35,1
2023-02-18 04:36:50,1
2023-02-18 04:40:05,1
2023-02-18 04:43:20,1
2023-02-18 04:46:35,1
2023-02-18 04:49:50,1
2023-02-18 04:53:05,1
2023-02-18 04:56:20,1
2023-02-18 04:59:35,1
2023-02-18 05:02:51,1
2023-02-18 05:06:06,1
2023-02-18 05:09:21,1
2023-02-18 05:12:36,1
2023-02-18 05:15:51,1
2023-02-18 05:19:06,1
2023-02-18 05:22:20,1
2023-02-18 05:25:35,1
2023-02-18 05:28:50,1
2023-02-18 05:32:05,1
2023-02-18 05:35:20,1
2023-02-18 05:38:35,1
2023-02-18 05:41:51,1
2023-02-18 05:45:06,1
2023-02-18 05:48:21,1
2023-02-18 05:51:36,1
2023-02-18 05:54:52,1
2023-02-18 05:58:07,1
2023-02-18 06:01:23,1
2023-02-18 06:04:38,1
2023-02-18 06:07:56,1
2023-02-18 06:11:11,1
2023-02-18 06:15:27,1
2023-02-18 06:18:42,1
2023-02-18 06:21:58,1
2023-02-18 06:25:12,1
2023-02-18 06:28:27,1
2023-02-18 06:31:42,1
2023-02-18 06:34:57,1
2023-02-18 06:38:12,1
2023-02-18 06:41:27,1
2023-02-18 06:44:42,1
2023-02-18 06:47:57,1
2023-02-18 06:51:12,1
2023-02-18 06:54:27,1
2023-02-18 06:57:42,1
2023-02-18 07:00:57,1
2023-02-18 07:04:12,1
2023-02-18 07:07:28,1
2023-02-18 07:10:43,1
2023-02-18 07:13:58,1
2023-02-18 07:17:13,1
2023-02-18 07:20:32,1
2023-02-18 07:23:47,1
2023-02-18 07:27:02,1
2023-02-18 07:30:17,1
2023-02-18 07:33:31,1
2023-02-18 07:36:46,1
2023-02-18 07:40:01,1
2023-02-18 07:43:16,1
2023-02-18 07:46:31,1
2023-02-18 07:49:46,1
2023-02-18 07:53:02,1
2023-02-18 07:56:17,1
2023-02-18 07:59:32,1
2023-02-18 08:02:47,1
2023-02-18 08:06:02,1
2023-02-18 08:09:17,1
2023-02-18 08:12:32,1
2023-02-18 08:15:47,1
2023-02-18 08:19:02,1
2023-02-18 08:22:17,1
2023-02-18 08:25:32,1
2023-02-18 08:28:47,1
2023-02-18 08:32:02,1
2023-02-18 08:35:17,1
2023-02-18 08:38:32,1
2023-02-18 08:41:47,1
2023-02-18 08:45:02,1
2023-02-18 08:48:17,1
2023-02-18 08:51:32,1
2023-02-18 08:54:49,1
2023-02-18 08:58:04,1
2023-02-18 09:01:19,1
2023-02-18 09:04:33,0
2023-02-18 09:07:49,0
2023-02-18 09:11:04,0
2023-02-18 09:14:19,0
2023-02-18 09:17:35,0
2023-02-18 09:20:51,0
2023-02-18 09:24:06,0
2023-02-18 09:27:21,0
2023-02-18 09:30:36,0
2023-02-18 09:33:51,0
2023-02-18 09:37:06,0
2023-02-18 09:40:21,0
2023-02-18 09:43:36,0
2023-02-18 09:46:51,0
2023-02-18 09:50:06,0
2023-02-18 09:53:21,0
2023-02-18 09:56:36,0
2023-02-18 09:59:51,0
2023-02-18 10:03:06,0
2023-02-18 10:06:21,0
2023-02-18 10:09:36,0
2023-02-18 10:12:51,0
2023-02-18 10:16:06,0
2023-02-18 10:19:21,0
2023-02-18 10:22:36,0
2023-02-18 10:25:51,0
2023-02-18 10:29:06,0
2023-02-18 10:32:21,0
2023-02-18 10:35:37,0
2023-02-18 10:38:51,0
2023-02-18 10:42:06,0
2023-02-18 10:45:21,0
2023-02-18 10:48:36,0
2023-02-18 10:51:51,0
2023-02-18 10:55:06,0
2023-02-18 10:58:21,0
2023-02-18 11:01:36,0
2023-02-18 11:04:51,0
2023-02-18 11:08:05,0
2023-02-18 11:11:20,0
2023-02-18 11:14:35,0
2023-02-18 11:17:51,0
2023-02-18 11:21:06,0
2023-02-18 11:24:21,0
2023-02-18 11:27:36,0
2023-02-18 11:30:51,0
2023-02-18 11:34:06,0
2023-02-18 11:37:21,0
2023-02-18 11:40:36,0
2023-02-18 11:43:51,0
2023-02-18 11:47:05,0
2023-02-18 11:50:20,0
2023-02-18 11:53:35,0
2023-02-18 11:56:50,0
2023-02-18 12:00:06,0
2023-02-18 12:03:21,0
2023-02-18 12:06:36,0
2023-02-18 12:09:51,0
2023-02-18 12:13:06,0
2023-02-18 12:16:21,0
2023-02-18 12:19:37,0
2023-02-18 12:22:52,0
2023-02-18 12:26:07,0
2023-02-18 12:29:22,0
2023-02-18 12:32:38,0
2023-02-18 12:35:53,0
2023-02-18 12:39:08,0
2023-02-18 12:42:23,0
2023-02-18 12:45:38,0
2023-02-18 12:48:53,0
2023-02-18 12:52:08,0
2023-02-18 12:55:23,0
2023-02-18 12:58:38,0
2023-02-18 13:01:54,0
2023-02-18 13:05:09,0
2023-02-18 13:08:24,0
2023-02-18 13:11:39,0
2023-02-18 13:14:54,0
2023-02-18 13:18:09,0
2023-02-18 13:21:24,0
2023-02-18 13:24:39,0
2023-02-18 13:27:54,0
2023-02-18 13:31:09,0
2023-02-18 13:34:25,0
2023-02-18 13:37:40,0
2023-02-18 13:40:56,0
2023-02-18 13:44:12,0
2023-02-18 13:47:27,0
2023-02-18 13:50:42,0
2023-02-18 13:53:57,0
2023-02-18 13:57:12,0
2023-02-18 14:00:27,0
2023-02-18 14:03:42,0
2023-02-18 14:06:57,0
2023-02-18 14:10:12,1
2023-02-18 14:13:27,1
2023-02-18 14:16:42,1
2023-02-18 14:19:57,1
2023-02-18 14:23:12,1
2023-02-18 14:26:27,1
2023-02-18 14:29:43,1
2023-02-18 14:32:58,1
2023-02-18 14:36:13,1
2023-02-18 14:39:28,1
2023-02-18 14:42:43,1
2023-02-18 14:45:58,1
2023-02-18 14:49:13,1
2023-02-18 14:52:28,1
2023-02-18 14:55:44,1
2023-02-18 14:58:59,1
2023-02-18 15:02:14,1
2023-02-18 15:05:29,1
2023-02-18 15:08:44,1
2023-02-18 15:11:59,1
2023-02-18 15:15:14,1
2023-02-18 15:18:29,1
2023-02-18 15:21:45,1
2023-02-18 15:24:59,1
2023-02-18 15:28:15,1
2023-02-18 15:31:30,1
2023-02-18 15:34:46,1
2023-02-18 15:38:01,1
2023-02-18 15:41:16,1
2023-02-18 15:44:31,0
2023-02-18 15:47:46,0
2023-02-18 15:51:01,0
2023-02-18 15:54:16,0
2023-02-18 15:57:31,0
2023-02-18 16:00:46,0
2023-02-18 16:04:01,0
2023-02-18 16:07:16,0
2023-02-18 16:10:31,0
2023-02-18 16:13:46,0
2023-02-18 16:17:01,0
2023-02-18 16:20:16,0
2023-02-18 16:23:31,0
2023-02-18 16:26:46,0
2023-02-18 16:30:01,0
2023-02-18 16:33:16,0
2023-02-18 16:36:31,0
2023-02-18 16:39:46,0
2023-02-18 16:43:01,0
2023-02-18 16:46:16,0
2023-02-18 16:49:31,0
2023-02-18 16:52:46,0
2023-02-18 16:56:01,0
2023-02-18 16:59:16,0
2023-02-18 17:02:31,0
2023-02-18 17:05:46,0
2023-02-18 17:09:02,0
2023-02-18 17:12:17,0
2023-02-18 17:15:32,0
2023-02-18 17:18:47,0
2023-02-18 17:22:02,0
2023-02-18 17:25:18,0
2023-02-18 17:28:33,0
2023-02-18 17:31:48,0
2023-02-18 17:35:03,0
2023-02-18 17:38:18,0
2023-02-18 17:41:33,0
2023-02-18 17:44:48,0
2023-02-18 17:48:03,0
2023-02-18 17:51:18,0
2023-02-18 17:54:33,0
2023-02-18 17:57:50,0
2023-02-18 18:01:05,0
2023-02-18 18:04:20,0
2023-02-18 18:07:35,0
2023-02-18 18:10:50,0
2023-02-18 18:14:05,0
2023-02-18 18:17:21,0
2023-02-18 18:20:37,0
2023-02-18 18:23:51,0
2023-02-18 18:27:06,0
2023-02-18 18:30:21,0
2023-02-18 18:33:36,1
2023-02-18 18:36:51,1
2023-02-18 18:40:06,1
2023-02-18 18:43:21,1
2023-02-18 18:46:36,1
2023-02-18 18:49:51,1
2023-02-18 18:53:07,1
2023-02-18 18:56:22,1
2023-02-18 18:59:37,1
2023-02-18 19:02:52,1
2023-02-18 19:06:08,1
2023-02-18 19:09:23,1
2023-02-18 19:12:38,1
2023-02-18 19:15:53,0
2023-02-18 19:19:08,0
2023-02-18 19:22:23,0
2023-02-18 19:25:38,0
2023-02-18 19:28:53,0
2023-02-18 19:32:08,0
2023-02-18 19:35:23,0
2023-02-18 19:38:38,0
2023-02-18 19:41:53,0
2023-02-18 19:45:08,0
2023-02-18 19:48:23,0
2023-02-18 19:51:38,0
2023-02-18 19:54:52,0
2023-02-18 19:58:07,0
2023-02-18 20:01:23,0
2023-02-18 20:04:38,0
2023-02-18 20:07:53,0
2023-02-18 20:11:08,0
2023-02-18 20:14:23,0
2023-02-18 20:17:39,1
2023-02-18 20:20:54,1
2023-02-18 20:24:09,1
2023-02-18 20:27:24,1
2023-02-18 20:30:39,1
2023-02-18 20:33:54,1
2023-02-18 20:37:09,1
2023-02-18 20:40:25,1
2023-02-18 20:43:40,1
2023-02-18 20:46:55,1
2023-02-18 20:50:10,1
2023-02-18 20:53:25,1
2023-02-18 20:56:40,1
2023-02-18 20:59:55,1
2023-02-18 21:03:10,1
2023-02-18 21:06:25,1
2023-02-18 21:09:41,1
2023-02-18 21:12:56,1
2023-02-18 21:16:11,1
2023-02-18 21:19:26,1
2023-02-18 21:22:41,1
2023-02-18 21:25:56,1
2023-02-18 21:29:12,1
2023-02-18 21:32:26,1
2023-02-18 21:35:41,1
2023-02-18 21:38:57,1
2023-02-18 21:42:12,1
2023-02-18 21:45:27,1
2023-02-18 21:48:42,1
2023-02-18 21:51:58,1
2023-02-18 21:55:12,1
2023-02-18 21:58:27,1
2023-02-18 22:01:43,1
2023-02-18 22:04:57,1
2023-02-18 22:08:12,1
2023-02-18 22:11:27,1
2023-02-18 22:14:42,1
2023-02-18 22:17:58,1
2023-02-18 22:21:13,1
2023-02-18 22:24:28,1
2023-02-18 22:27:43,1
2023-02-18 22:30:58,1
2023-02-18 22:34:16,1
2023-02-18 22:37:32,1
2023-02-18 22:40:47,1
2023-02-18 22:44:02,1
2023-02-18 22:47:17,1
2023-02-18 22:50:32,1
2023-02-18 22:53:47,1
2023-02-18 22:57:03,1
2023-02-18 23:00:18,1
2023-02-18 23:03:33,1
2023-02-18 23:06:47,1
2023-02-18 23:10:02,1
2023-02-18 23:13:18,1
2023-02-18 23:16:33,1
2023-02-18 23:19:48,1
2023-02-18 23:23:03,1
2023-02-18 23:26:18,1
2023-02-18 23:29:33,1
2023-02-18 23:32:48,1
2023-02-18 23:36:03,1
2023-02-18 23:39:18,1
2023-02-18 23:42:33,1
2023-02-18 23:45:48,1
2023-02-18 23:49:03,1
2023-02-18 23:52:18,1
2023-02-18 23:55:33,1
2023-02-18 23:58:48,1
2023-02-19 00:02:03,1
2023-02-19 00:05:18,1
2023-02-19 00:08:33,1
2023-02-19 00:11:48,1
2023-02-19 00:15:03,1
2023-02-19 00:18:18,1
2023-02-19 00:21:33,1
2023-02-19 00:24:55,1
2023-02-19 00:28:11,1
2023-02-19 00:31:26,1
2023-02-19 00:34:41,1
2023-02-19 00:37:56,1
2023-02-19 00:41:11,1
2023-02-19 00:44:27,1
2023-02-19 00:47:42,1
2023-02-19 00:50:57,1
2023-02-19 00:54:12,1
2023-02-19 00:57:27,1
2023-02-19 01:00:42,1
2023-02-19 01:03:57,1
2023-02-19 01:07:13,1
2023-02-19 01:10:28,1
2023-02-19 01:13:43,1
2023-02-19 01:16:59,1
2023-02-19 01:20:14,1
2023-02-19 01:23:29,1
2023-02-19 01:26:44,1
2023-02-19 01:29:59,1
2023-02-19 01:33:14,1
2023-02-19 01:36:29,1
2023-02-19 01:39:44,1
2023-02-19 01:42:59,1
2023-02-19 01:46:14,1
2023-02-19 01:49:29,1
2023-02-19 01:52:44,1
2023-02-19 01:55:59,1
2023-02-19 01:59:14,1
2023-02-19 02:02:29,1
2023-02-19 02:05:46,1
2023-02-19 02:09:01,1
2023-02-19 02:12:16,1
2023-02-19 02:15:34,1
2023-02-19 02:18:52,1
2023-02-19 02:22:07,1
2023-02-19 02:25:22,1
2023-02-19 02:28:40,1
2023-02-19 02:31:55,1
2023-02-19 02:35:10,1
2023-02-19 02:38:25,1
2023-02-19 02:41:41,1
2023-02-19 02:44:56,1
2023-02-19 02:48:11,1
2023-02-19 02:51:26,1
2023-02-19 02:54:41,1
2023-02-19 02:57:56,1
2023-02-19 03:01:11,1
2023-02-19 03:04:26,1
2023-02-19 03:07:41,1
2023-02-19 03:11:00,1
2023-02-19 03:14:15,1
2023-02-19 03:17:31,1
2023-02-19 03:20:46,1
2023-02-19 03:24:01,1
2023-02-19 03:27:16,1
2023-02-19 03:30:31,1
2023-02-19 03:33:46,1
2023-02-19 03:37:01,1
2023-02-19 03:40:17,1
2023-02-19 03:43:32,1
2023-02-19 03:46:47,1
2023-02-19 03:50:03,1
2023-02-19 03:53:18,1
2023-02-19 03:56:33,1
2023-02-19 03:59:48,1
2023-02-19 04:03:03,1
2023-02-19 04:06:18,1
2023-02-19 04:09:33,1
2023-02-19 04:12:49,1
2023-02-19 04:16:05,1
2023-02-19 04:19:20,1
2023-02-19 04:22:36,1
2023-02-19 04:25:51,1
2023-02-19 04:29:06,1
2023-02-19 04:32:21,1
2023-02-19 04:35:36,1
2023-02-19 04:38:51,1
2023-02-19 04:42:06,1
2023-02-19 04:45:21,1
2023-02-19 04:48:36,1
2023-02-19 04:51:51,1
2023-02-19 04:55:06,1
2023-02-19 04:58:21,1
2023-02-19 05:01:36,1
2023-02-19 05:04:51,1
2023-02-19 05:08:06,1
2023-02-19 05:11:21,1
2023-02-19 05:14:36,1
2023-02-19 05:17:51,1
2023-02-19 05:21:06,1
2023-02-19 05:24:21,1
2023-02-19 05:27:36,1
2023-02-19 05:30:51,1
2023-02-19 05:34:06,1
2023-02-19 05:37:22,1
2023-02-19 05:40:37,1
2023-02-19 05:43:52,1
2023-02-19 05:47:07,1
2023-02-19 05:50:22,1
2023-02-19 05:53:37,1
2023-02-19 05:56:53,1
2023-02-19 06:00:08,1
2023-02-19 06:03:23,1
2023-02-19 06:06:38,1
2023-02-19 06:09:53,1
2023-02-19 06:13:07,1
2023-02-19 06:16:23,1
2023-02-19 06:19:38,1
2023-02-19 06:22:53,1
2023-02-19 06:26:08,1
2023-02-19 06:29:23,1
2023-02-19 06:32:38,1
2023-02-19 06:35:53,1
2023-02-19 06:39:08,1
2023-02-19 06:42:23,1
2023-02-19 06:45:38,1
2023-02-19 06:48:53,1
2023-02-19 06:52:08,1
2023-02-19 06:55:23,1
2023-02-19 06:58:39,1
2023-02-19 07:01:54,1
2023-02-19 07:05:08,1
2023-02-19 07:08:23,1
2023-02-19 07:11:38,1
2023-02-19 07:14:53,1
2023-02-19 07:18:08,1
2023-02-19 07:21:23,1
2023-02-19 07:24:38,1
2023-02-19 07:27:53,1
2023-02-19 07:31:08,1
2023-02-19 07:34:23,1
2023-02-19 07:37:38,1
2023-02-19 07:40:53,1
2023-02-19 07:44:08,1
2023-02-19 07:47:24,1
2023-02-19 07:50:39,1
2023-02-19 07:53:54,1
2023-02-19 07:57:09,1
2023-02-19 08:00:24,1
2023-02-19 08:03:39,1
2023-02-19 08:06:54,1
2023-02-19 08:10:09,1
2023-02-19 08:13:24,1
2023-02-19 08:16:39,1
2023-02-19 08:19:54,1
2023-02-19 08:23:09,1
2023-02-19 08:26:24,1
2023-02-19 08:29:40,1
2023-02-19 08:32:55,1
2023-02-19 08:36:09,1
2023-02-19 08:39:24,1
2023-02-19 08:42:39,1
2023-02-19 08:45:54,1
2023-02-19 08:49:10,1
2023-02-19 08:52:25,1
2023-02-19 08:55:39,1
2023-02-19 08:58:55,1
2023-02-19 09:02:09,1
2023-02-19 09:05:24,1
2023-02-19 09:08:40,1
2023-02-19 09:11:55,1
2023-02-19 09:15:10,1
2023-02-19 09:18:25,1
2023-02-19 09:21:40,1
2023-02-19 09:24:55,1
2023-02-19 09:28:10,1
2023-02-19 09:31:25,1
2023-02-19 09:34:40,1
2023-02-19 09:37:55,1
2023-02-19 09:41:10,0
2023-02-19 09:44:25,0
2023-02-19 09:47:40,0
2023-02-19 09:50:55,0
2023-02-19 09:54:10,0
2023-02-19 09:57:25,0
2023-02-19 10:00:40,0
2023-02-19 10:03:55,0
2023-02-19 10:07:11,0
2023-02-19 10:10:26,0
2023-02-19 10:13:40,0
2023-02-19 10:16:55,0
2023-02-19 10:20:10,0
2023-02-19 10:23:25,0
2023-02-19 10:26:40,0
2023-02-19 10:29:55,0
2023-02-19 10:33:10,0
2023-02-19 10:36:25,0
2023-02-19 10:39:40,0
2023-02-19 10:42:55,0
2023-02-19 10:46:10,0
2023-02-19 10:49:25,0
2023-02-19 10:52:40,0
2023-02-19 10:55:55,0
2023-02-19 10:59:10,0
2023-02-19 11:02:25,0
2023-02-19 11:05:40,0
2023-02-19 11:08:55,0
2023-02-19 11:12:10,0
2023-02-19 11:15:25,0
2023-02-19 11:18:40,0
2023-02-19 11:21:55,0
2023-02-19 11:25:10,0
2023-02-19 11:28:25,0
2023-02-19 11:31:40,0
2023-02-19 11:34:54,0
2023-02-19 11:38:09,0
2023-02-19 11:41:24,0
2023-02-19 11:44:39,0
2023-02-19 11:47:54,0
2023-02-19 11:51:08,0
2023-02-19 11:54:23,0
2023-02-19 11:57:38,0
2023-02-19 12:00:53,0
2023-02-19 12:04:07,0
2023-02-19 12:07:22,0
2023-02-19 12:10:37,0
2023-02-19 12:13:52,0
2023-02-19 12:17:07,0
2023-02-19 12:20:23,0
2023-02-19 12:23:38,0
2023-02-19 12:26:53,0
2023-02-19 12:30:07,0
2023-02-19 12:33:22,0
2023-02-19 12:36:38,0
2023-02-19 12:39:52,0
2023-02-19 12:43:07,0
2023-02-19 12:46:22,0
2023-02-19 12:49:37,0
2023-02-19 12:52:52,0
2023-02-19 12:56:07,0
2023-02-19 12:59:21,0
2023-02-19 13:02:37,0
2023-02-19 13:05:52,0
2023-02-19 13:09:07,0
2023-02-19 13:12:21,0
2023-02-19 13:15:37,0
2023-02-19 13:18:52,0
2023-02-19 13:22:07,0
2023-02-19 13:25:21,0
2023-02-19 13:28:36,0
2023-02-19 13:31:51,0
2023-02-19 13:35:07,0
2023-02-19 13:38:22,0
2023-02-19 13:41:37,0
2023-02-19 13:44:52,0
2023-02-19 13:48:07,0
2023-02-19 13:51:22,0
2023-02-19 13:54:37,0
2023-02-19 13:57:52,0
2023-02-19 14:01:07,0
2023-02-19 14:04:21,0
2023-02-19 14:07:36,0
2023-02-19 14:10:51,0
2023-02-19 14:14:06,0
2023-02-19 14:17:21,0
2023-02-19 14:20:37,0
2023-02-19 14:23:51,0
2023-02-19 14:27:07,0
2023-02-19 14:30:22,0
2023-02-19 14:33:37,0
2023-02-19 14:36:52,0
2023-02-19 14:40:07,0
2023-02-19 14:43:22,0
2023-02-19 14:46:37,0
2023-02-19 14:49:52,0
2023-02-19 14:53:07,0
2023-02-19 14:56:22,0
2023-02-19 14:59:37,0
2023-02-19 15:02:52,0
2023-02-19 15:06:07,0
2023-02-19 15:09:22,0
2023-02-19 15:12:37,0
2023-02-19 15:15:52,0
2023-02-19 15:19:07,0
2023-02-19 15:22:22,0
2023-02-19 15:25:37,1
2023-02-19 15:28:52,1
2023-02-19 15:32:08,1
2023-02-19 15:35:23,1
2023-02-19 15:38:38,1
2023-02-19 15:41:53,1
2023-02-19 15:45:08,1
2023-02-19 15:48:23,1
2023-02-19 15:51:38,1
2023-02-19 15:54:53,1
2023-02-19 15:58:08,1
2023-02-19 16:01:23,1
2023-02-19 16:04:38,1
2023-02-19 16:07:53,1
2023-02-19 16:11:14,1
2023-02-19 16:14:29,1
2023-02-19 16:17:44,1
2023-02-19 16:20:59,1
2023-02-19 16:24:14,1
2023-02-19 16:27:29,1
2023-02-19 16:30:44,1
2023-02-19 16:33:59,1
2023-02-19 16:37:14,1
2023-02-19 16:40:29,1
2023-02-19 16:43:44,1
2023-02-19 16:46:59,1
2023-02-19 16:50:14,1
2023-02-19 16:53:29,1
2023-02-19 16:56:44,1
2023-02-19 16:59:58,1
2023-02-19 17:03:13,1
2023-02-19 17:06:28,1
2023-02-19 17:09:43,1
2023-02-19 17:12:58,1
2023-02-19 17:16:13,1
2023-02-19 17:19:28,1
2023-02-19 17:22:43,1
2023-02-19 17:25:58,1
2023-02-19 17:29:13,1
2023-02-19 17:32:28,1
2023-02-19 17:35:43,1
2023-02-19 17:38:58,1
2023-02-19 17:42:13,1
2023-02-19 17:45:28,1
2023-02-19 17:48:43,1
2023-02-19 17:51:58,1
2023-02-19 17:55:13,1
2023-02-19 17:58:28,1
2023-02-19 18:01:43,1
2023-02-19 18:04:59,1
2023-02-19 18:08:14,1
2023-02-19 18:11:29,1
2023-02-19 18:14:44,1
2023-02-19 18:18:00,1
2023-02-19 18:21:15,1
2023-02-19 18:24:30,1
2023-02-19 18:27:45,1
2023-02-19 18:31:00,1
2023-02-19 18:34:16,1
2023-02-19 18:37:30,1
2023-02-19 18:40:46,1
2023-02-19 18:44:01,1
2023-02-19 18:47:15,1
2023-02-19 18:50:31,1
2023-02-19 18:53:46,1
2023-02-19 18:57:01,1
2023-02-19 19:00:16,1
2023-02-19 19:03:31,1
2023-02-19 19:06:45,0
2023-02-19 19:10:00,0
2023-02-19 19:13:15,0
2023-02-19 19:16:30,0
2023-02-19 19:19:44,0
2023-02-19 19:22:59,0
2023-02-19 19:26:14,0
2023-02-19 19:29:29,0
2023-02-19 19:32:44,0
2023-02-19 19:35:59,0
2023-02-19 19:39:14,0
2023-02-19 19:42:29,0
2023-02-19 19:45:44,0
2023-02-19 19:48:59,0
2023-02-19 19:52:14,0
2023-02-19 19:55:29,0
2023-02-19 19:58:44,0
2023-02-19 20:01:59,0
2023-02-19 20:05:14,0
2023-02-19 20:08:29,0
2023-02-19 20:11:44,0
2023-02-19 20:14:59,0
2023-02-19 20:18:14,0
2023-02-19 20:21:28,0
2023-02-19 20:24:43,0
2023-02-19 20:27:58,0
2023-02-19 20:31:13,0
2023-02-19 20:34:28,0
2023-02-19 20:37:43,0
2023-02-19 20:40:59,0
2023-02-19 20:44:13,0
2023-02-19 20:47:28,0
2023-02-19 20:50:43,0
2023-02-19 20:53:58,0
2023-02-19 20:57:13,0
2023-02-19 21:00:28,0
2023-02-19 21:03:42,0
2023-02-19 21:06:57,0
2023-02-19 21:10:12,0
2023-02-19 21:13:27,0
2023-02-19 21:16:42,0
2023-02-19 21:19:57,0
2023-02-19 21:23:12,0
2023-02-19 21:26:27,0
2023-02-19 21:29:42,0
2023-02-19 21:32:56,0
2023-02-19 21:36:11,0
2023-02-19 21:39:26,0
2023-02-19 21:42:42,0
2023-02-19 21:45:57,0
2023-02-19 21:49:12,0
2023-02-19 21:52:27,0
2023-02-19 21:55:42,0
2023-02-19 21:58:57,0
2023-02-19 22:02:12,0
2023-02-19 22:05:27,0
2023-02-19 22:08:42,0
2023-02-19 22:11:57,0
2023-02-19 22:15:12,0
2023-02-19 22:18:27,0
2023-02-19 22:21:43,0
2023-02-19 22:24:57,0
2023-02-19 22:28:12,0
2023-02-19 22:31:27,0
2023-02-19 22:34:42,0
2023-02-19 22:37:57,0
2023-02-19 22:41:12,0
2023-02-19 22:44:27,0
2023-02-19 22:47:42,0
2023-02-19 22:50:57,0
2023-02-19 22:54:12,0
2023-02-19 22:57:27,0
2023-02-19 23:00:42,0
2023-02-19 23:03:57,0
2023-02-19 23:07:12,0
2023-02-19 23:10:27,0
2023-02-19 23:13:42,0
2023-02-19 23:16:56,0
2023-02-19 23:20:11,0
2023-02-19 23:23:26,0
2023-02-19 23:26:41,0
2023-02-19 23:29:57,0
2023-02-19 23:33:12,0
2023-02-19 23:36:26,0
2023-02-19 23:39:42,0
2023-02-19 23:42:57,0
2023-02-19 23:46:12,0
2023-02-19 23:49:26,0
2023-02-19 23:52:41,0
2023-02-19 23:55:56,0
2023-02-19 23:59:12,0
2023-02-20 00:02:27,0
2023-02-20 00:05:45,0
2023-02-20 00:08:59,0
2023-02-20 00:12:14,0
2023-02-20 00:15:29,0
2023-02-20 00:18:44,0
2023-02-20 00:21:59,0
2023-02-20 00:25:14,1
2023-02-20 00:28:29,1
2023-02-20 00:31:44,1
2023-02-20 00:35:06,1
2023-02-20 00:38:21,1
2023-02-20 00:41:36,1
2023-02-20 00:44:51,1
2023-02-20 00:48:06,1
2023-02-20 00:51:21,1
2023-02-20 00:54:36,0
2023-02-20 00:57:50,0
2023-02-20 01:01:05,0
2023-02-20 01:04:21,1
2023-02-20 01:07:35,1
2023-02-20 01:10:57,1
2023-02-20 01:14:12,1
2023-02-20 01:17:27,1
2023-02-20 01:20:42,1
2023-02-20 01:23:57,1
2023-02-20 01:27:12,1
2023-02-20 01:30:27,1
2023-02-20 01:33:41,1
2023-02-20 01:36:56,1
2023-02-20 01:40:11,1
2023-02-20 01:43:26,1
2023-02-20 01:46:41,1
2023-02-20 01:49:56,1
2023-02-20 01:53:11,1
2023-02-20 01:56:26,1
2023-02-20 01:59:41,0
2023-02-20 02:02:56,0
2023-02-20 02:06:11,0
2023-02-20 02:09:26,0
2023-02-20 02:12:41,0
2023-02-20 02:15:56,0
2023-02-20 02:19:11,0
2023-02-20 02:22:26,0
2023-02-20 02:25:41,0
2023-02-20 02:29:00,1
2023-02-20 02:32:15,1
2023-02-20 02:35:30,1
2023-02-20 02:38:45,1
2023-02-20 02:42:00,1
2023-02-20 02:45:15,1
2023-02-20 02:48:30,1
2023-02-20 02:51:45,1
2023-02-20 02:55:00,1
2023-02-20 02:58:17,1
2023-02-20 03:01:32,1
2023-02-20 03:04:47,1
2023-02-20 03:08:02,1
2023-02-20 03:11:17,1
2023-02-20 03:14:32,1
2023-02-20 03:17:48,1
2023-02-20 03:21:02,1
2023-02-20 03:24:17,1
2023-02-20 03:27:33,1
2023-02-20 03:30:48,1
2023-02-20 03:34:03,1
2023-02-20 03:37:18,1
2023-02-20 03:40:33,1
2023-02-20 03:43:48,1
2023-02-20 03:47:03,1
2023-02-20 03:50:17,1
2023-02-20 03:53:37,1
2023-02-20 03:56:52,1
2023-02-20 04:00:08,1
2023-02-20 04:03:23,1
2023-02-20 04:06:38,1
2023-02-20 04:09:53,1
2023-02-20 04:13:08,1
2023-02-20 04:16:24,1
2023-02-20 04:19:45,1
2023-02-20 04:23:00,1
2023-02-20 04:26:15,1
2023-02-20 04:29:30,1
2023-02-20 04:32:45,1
2023-02-20 04:36:00,1
2023-02-20 04:39:15,1
2023-02-20 04:42:30,1
2023-02-20 04:45:46,1
2023-02-20 04:49:00,1
2023-02-20 04:52:15,1
2023-02-20 04:55:30,1
2023-02-20 04:58:45,1
2023-02-20 05:02:00,1
2023-02-20 05:05:15,1
2023-02-20 05:08:31,1
2023-02-20 05:11:46,1
2023-02-20 05:15:01,1
2023-02-20 05:18:16,1
2023-02-20 05:21:31,1
2023-02-20 05:24:45,1
2023-02-20 05:28:00,1
2023-02-20 05:31:15,1
2023-02-20 05:34:30,1
2023-02-20 05:37:45,1
2023-02-20 05:41:00,1
2023-02-20 05:44:15,1
2023-02-20 05:47:31,1
2023-02-20 05:50:46,1
2023-02-20 05:54:00,1
2023-02-20 05:57:15,1
2023-02-20 06:00:30,1
2023-02-20 06:03:45,1
2023-02-20 06:07:00,1
2023-02-20 06:10:15,1
2023-02-20 06:13:30,1
2023-02-20 06:16:45,1
2023-02-20 06:20:00,1
2023-02-20 06:23:16,1
2023-02-20 06:26:31,1
2023-02-20 06:29:46,1
2023-02-20 06:33:01,1
2023-02-20 06:36:16,1
2023-02-20 06:39:31,1
2023-02-20 06:42:46,1
2023-02-20 06:46:01,1
2023-02-20 06:49:17,1
2023-02-20 06:52:31,1
2023-02-20 06:55:47,1
2023-02-20 06:59:02,1
2023-02-20 07:02:17,1
2023-02-20 07:05:32,1
2023-02-20 07:08:47,1
2023-02-20 07:12:01,1
2023-02-20 07:15:16,1
2023-02-20 07:18:31,1
2023-02-20 07:21:46,1
2023-02-20 07:25:01,1
2023-02-20 07:28:16,1
2023-02-20 07:31:31,1
2023-02-20 07:34:47,1
2023-02-20 07:38:02,1
2023-02-20 07:41:16,1
2023-02-20 07:44:38,1
2023-02-20 07:47:53,1
2023-02-20 07:51:08,1
2023-02-20 07:54:23,1
2023-02-20 07:57:39,1
2023-02-20 08:00:54,1
2023-02-20 08:04:10,1
2023-02-20 08:07:25,1
2023-02-20 08:10:40,1
2023-02-20 08:13:55,1
2023-02-20 08:17:11,0
2023-02-20 08:20:26,0
2023-02-20 08:23:41,0
2023-02-20 08:26:56,0
2023-02-20 08:30:11,0
2023-02-20 08:33:26,0
2023-02-20 08:36:41,0
2023-02-20 08:39:56,0
2023-02-20 08:43:11,0
2023-02-20 08:46:26,0
2023-02-20 08:49:41,0
2023-02-20 08:52:55,0
2023-02-20 08:56:10,0
2023-02-20 08:59:25,0
2023-02-20 09:02:40,0
2023-02-20 09:05:56,0
2023-02-20 09:09:11,0
2023-02-20 09:12:26,0
2023-02-20 09:15:41,0
2023-02-20 09:18:56,0
2023-02-20 09:22:11,0
2023-02-20 09:25:26,0
2023-02-20 09:28:42,0
2023-02-20 09:31:57,0
2023-02-20 09:35:12,0
2023-02-20 09:38:27,0
2023-02-20 09:41:42,0
2023-02-20 09:44:58,0
2023-02-20 09:48:13,0
2023-02-20 09:51:27,0
2023-02-20 09:54:42,0
2023-02-20 09:57:57,0
2023-02-20 10:01:12,0
2023-02-20 10:04:27,0
2023-02-20 10:07:42,0
2023-02-20 10:10:57,0
2023-02-20 10:14:12,0
2023-02-20 10:17:28,0
2023-02-20 10:20:43,0
2023-02-20 10:23:58,0
2023-02-20 10:27:13,0
2023-02-20 10:30:28,0
2023-02-20 10:33:43,0
2023-02-20 10:36:58,0
2023-02-20 10:40:12,0
2023-02-20 10:43:28,0
2023-02-20 10:46:42,0
2023-02-20 10:49:57,0
2023-02-20 10:53:12,0
2023-02-20 10:56:27,0
2023-02-20 10:59:42,0
2023-02-20 11:02:57,0
2023-02-20 11:06:12,0
2023-02-20 11:09:27,0
2023-02-20 11:12:43,0
2023-02-20 11:15:58,0
2023-02-20 11:19:13,0
2023-02-20 11:22:28,0
2023-02-20 11:25:43,0
2023-02-20 11:28:58,0
2023-02-20 11:32:13,0
2023-02-20 11:35:28,0
2023-02-20 11:38:43,0
2023-02-20 11:41:58,0
2023-02-20 11:45:13,0
2023-02-20 11:48:28,0
2023-02-20 11:51:43,0
2023-02-20 11:54:58,0
2023-02-20 11:58:13,0
2023-02-20 12:01:28,0
2023-02-20 12:04:43,0
2023-02-20 12:07:59,0
2023-02-20 12:11:14,0
2023-02-20 12:14:29,0
2023-02-20 12:17:44,0
2023-02-20 12:20:59,0
2023-02-20 12:24:15,0
2023-02-20 12:27:30,0
2023-02-20 12:30:45,0
2023-02-20 12:34:00,0
2023-02-20 12:37:16,0
2023-02-20 12:40:31,0
2023-02-20 12:43:46,0
2023-02-20 12:47:02,0
2023-02-20 12:50:16,0
2023-02-20 12:53:32,0
2023-02-20 12:56:47,0
2023-02-20 13:00:02,0
2023-02-20 13:03:17,1
2023-02-20 13:06:32,1
2023-02-20 13:09:47,1
2023-02-20 13:13:03,0
2023-02-20 13:16:18,0
2023-02-20 13:19:34,0
2023-02-20 13:22:49,1
2023-02-20 13:26:04,1
2023-02-20 13:29:19,1
2023-02-20 13:32:34,0
2023-02-20 13:35:49,0
2023-02-20 13:39:04,0
2023-02-20 13:42:20,0
2023-02-20 13:45:35,0
2023-02-20 13:48:50,0
2023-02-20 13:52:05,0
2023-02-20 13:55:20,0
2023-02-20 13:58:36,0
2023-02-20 14:01:51,0
2023-02-20 14:05:06,0
2023-02-20 14:08:21,0
2023-02-20 14:11:37,0
2023-02-20 14:14:52,0
2023-02-20 14:18:07,0
2023-02-20 14:21:22,0
2023-02-20 14:24:38,1
2023-02-20 14:27:54,1
2023-02-20 14:31:09,1
2023-02-20 14:34:24,1
2023-02-20 14:37:40,0
2023-02-20 14:40:55,0
2023-02-20 14:44:10,0
2023-02-20 14:47:25,1
2023-02-20 14:50:41,1
2023-02-20 14:53:56,1
2023-02-20 14:57:11,1
2023-02-20 15:00:26,1
2023-02-20 15:03:42,1
2023-02-20 15:06:57,1
2023-02-20 15:10:12,1
2023-02-20 15:13:27,1
2023-02-20 15:16:43,1
2023-02-20 15:19:58,1
2023-02-20 15:23:14,1
2023-02-20 15:26:30,1
2023-02-20 15:29:45,1
2023-02-20 15:33:00,1
2023-02-20 15:36:16,1
2023-02-20 15:39:31,1
2023-02-20 15:42:47,1
2023-02-20 15:46:02,1
2023-02-20 15:49:17,1
2023-02-20 15:52:32,1
2023-02-20 15:55:48,1
2023-02-20 15:59:03,0
2023-02-20 16:02:18,0
2023-02-20 16:05:33,0
2023-02-20 16:08:48,0
2023-02-20 16:12:03,0
2023-02-20 16:15:18,0
2023-02-20 16:18:33,0
2023-02-20 16:21:48,0
2023-02-20 16:25:03,0
2023-02-20 16:28:19,0
2023-02-20 16:31:34,0
2023-02-20 16:34:49,0
2023-02-20 16:38:05,0
2023-02-20 16:41:20,0
2023-02-20 16:44:35,0
2023-02-20 16:47:52,0
2023-02-20 16:51:07,0
2023-02-20 16:54:22,0
2023-02-20 16:57:38,0
2023-02-20 17:00:53,0
2023-02-20 17:04:08,0
2023-02-20 17:07:23,0
2023-02-20 17:10:39,0
2023-02-20 17:13:53,0
2023-02-20 17:17:09,0
2023-02-20 17:20:24,0
2023-02-20 17:23:39,0
2023-02-20 17:26:54,0
2023-02-20 17:30:09,0
2023-02-20 17:33:25,0
2023-02-20 17:36:40,0
2023-02-20 17:39:55,0
2023-02-20 17:43:10,0
2023-02-20 17:46:26,0
2023-02-20 17:49:41,0
2023-02-20 17:52:56,0
2023-02-20 17:56:12,0
2023-02-20 17:59:27,0
2023-02-20 18:02:43,0
2023-02-20 18:05:58,0
2023-02-20 18:09:13,0
2023-02-20 18:12:28,0
2023-02-20 18:15:44,0
2023-02-20 18:18:59,0
2023-02-20 18:22:14,0
2023-02-20 18:25:30,0
2023-02-20 18:28:45,0
2023-02-20 18:32:00,0
2023-02-20 18:35:15,0
2023-02-20 18:38:31,0
2023-02-20 18:41:46,0
2023-02-20 18:45:01,0
2023-02-20 18:48:16,0
2023-02-20 18:51:31,0
2023-02-20 18:54:47,0
2023-02-20 18:58:02,0
2023-02-20 19:01:18,0
2023-02-20 19:04:33,0
2023-02-20 19:07:49,0
2023-02-20 19:11:04,0
2023-02-20 19:14:19,0
2023-02-20 19:17:35,0
2023-02-20 19:20:49,0
2023-02-20 19:24:05,0
2023-02-20 19:27:20,0
2023-02-20 19:30:35,0
2023-02-20 19:33:50,0
2023-02-20 19:37:05,0
2023-02-20 19:40:21,0
2023-02-20 19:43:36,0
2023-02-20 19:46:51,0
2023-02-20 19:50:06,0
2023-02-20 19:53:21,0
2023-02-20 19:56:36,0
2023-02-20 19:59:52,0
2023-02-20 20:03:07,0
2023-02-20 20:06:22,0
2023-02-20 20:09:37,0
2023-02-20 20:12:53,0
2023-02-20 20:16:08,0
2023-02-20 20:19:23,0
2023-02-20 20:22:39,0
2023-02-20 20:25:54,0
2023-02-20 20:29:09,0
2023-02-20 20:32:25,0
2023-02-20 20:35:40,0
2023-02-20 20:38:55,0
2023-02-20 20:42:10,0
2023-02-20 20:45:26,0
2023-02-20 20:48:41,0
2023-02-20 20:51:56,0
2023-02-20 20:55:11,0
2023-02-20 20:58:27,0
2023-02-20 21:01:42,0
2023-02-20 21:04:57,0
2023-02-20 21:08:13,0
2023-02-20 21:11:28,0
2023-02-20 21:14:43,0
2023-02-20 21:17:58,1
2023-02-20 21:21:14,1
2023-02-20 21:24:29,1
2023-02-20 21:27:45,1
2023-02-20 21:31:00,1
2023-02-20 21:34:15,1
2023-02-20 21:37:30,1
2023-02-20 21:40:45,1
2023-02-20 21:44:01,1
2023-02-20 21:47:16,1
2023-02-20 21:50:32,1
2023-02-20 21:53:47,1
2023-02-20 21:57:02,1
2023-02-20 22:00:18,1
2023-02-20 22:03:33,1
2023-02-20 22:06:49,1
2023-02-20 22:10:04,1
2023-02-20 22:13:19,1
2023-02-20 22:16:35,1
2023-02-20 22:19:50,1
2023-02-20 22:23:05,1
2023-02-20 22:26:21,1
2023-02-20 22:29:36,1
2023-02-20 22:32:51,1
2023-02-20 22:36:06,1
2023-02-20 22:39:21,1
2023-02-20 22:42:37,1
2023-02-20 22:45:52,1
2023-02-20 22:49:08,1
2023-02-20 22:52:23,1
2023-02-20 22:55:38,1
2023-02-20 22:58:54,1
2023-02-20 23:02:09,1
2023-02-20 23:05:24,1
2023-02-20 23:08:40,1
2023-02-20 23:11:55,1
2023-02-20 23:15:11,1
2023-02-20 23:18:26,1
2023-02-20 23:21:41,1
2023-02-20 23:24:56,1
2023-02-20 23:28:12,1
2023-02-20 23:31:27,1
2023-02-20 23:34:42,1
2023-02-20 23:37:57,1
2023-02-20 23:41:12,1
2023-02-20 23:44:27,1
2023-02-20 23:47:42,1
2023-02-20 23:50:58,1
2023-02-20 23:54:13,1
2023-02-20 23:57:28,1
2023-02-21 00:00:43,1
2023-02-21 00:03:58,1
2023-02-21 00:07:14,1
2023-02-21 00:10:29,1
2023-02-21 00:13:44,1
2023-02-21 00:16:59,1
2023-02-21 00:20:15,1
2023-02-21 00:23:30,1
2023-02-21 00:26:45,1
2023-02-21 00:30:00,1
2023-02-21 00:33:15,1
2023-02-21 00:36:30,1
2023-02-21 00:39:46,1
2023-02-21 00:43:01,1
2023-02-21 00:46:17,1
2023-02-21 00:49:32,1
2023-02-21 00:52:47,1
2023-02-21 00:56:02,1
2023-02-21 00:59:17,1
2023-02-21 01:02:33,1
2023-02-21 01:05:49,1
2023-02-21 01:09:04,1
2023-02-21 01:12:20,1
2023-02-21 01:15:35,1
2023-02-21 01:18:50,1
2023-02-21 01:22:06,1
2023-02-21 01:25:21,1
2023-02-21 01:28:36,1
2023-02-21 01:31:52,1
2023-02-21 01:35:07,1
2023-02-21 01:38:22,1
2023-02-21 01:41:38,1
2023-02-21 01:44:53,1
2023-02-21 01:48:09,1
2023-02-21 01:51:24,1
2023-02-21 01:54:39,1
2023-02-21 01:57:54,1
2023-02-21 02:01:10,1
2023-02-21 02:04:25,1
2023-02-21 02:07:41,1
2023-02-21 02:10:56,1
2023-02-21 02:14:11,1
2023-02-21 02:17:27,1
2023-02-21 02:20:42,1
2023-02-21 02:23:57,1
2023-02-21 02:27:13,1
2023-02-21 02:30:28,1
2023-02-21 02:33:44,1
2023-02-21 02:36:59,1
2023-02-21 02:40:14,1
2023-02-21 02:43:30,1
2023-02-21 02:46:45,1
2023-02-21 02:50:00,1
2023-02-21 02:53:16,1
2023-02-21 02:56:31,1
2023-02-21 02:59:46,1
2023-02-21 03:03:02,1
2023-02-21 03:06:17,1
2023-02-21 03:09:32,1
2023-02-21 03:12:48,1
2023-02-21 03:16:03,1
2023-02-21 03:19:19,1
2023-02-21 03:22:34,1
2023-02-21 03:25:49,1
2023-02-21 03:29:05,1
2023-02-21 03:32:21,1
2023-02-21 03:35:36,1
2023-02-21 03:38:51,1
2023-02-21 03:42:07,1
2023-02-21 03:45:22,1
2023-02-21 03:48:37,1
2023-02-21 03:51:53,1
2023-02-21 03:55:08,1
2023-02-21 03:58:23,1
2023-02-21 04:01:38,1
2023-02-21 04:04:54,1
2023-02-21 04:08:09,1
2023-02-21 04:11:24,1
2023-02-21 04:14:39,1
2023-02-21 04:17:55,1
2023-02-21 04:21:10,1
2023-02-21 04:24:25,1
2023-02-21 04:27:41,1
2023-02-21 04:30:56,1
2023-02-21 04:34:12,1
2023-02-21 04:37:27,1
2023-02-21 04:40:43,1
2023-02-21 04:43:58,1
2023-02-21 04:47:13,1
2023-02-21 04:50:28,1
2023-02-21 04:53:44,1
2023-02-21 04:56:59,1
2023-02-21 05:00:15,1
2023-02-21 05:03:30,1
2023-02-21 05:06:45,1
2023-02-21 05:10:00,1
2023-02-21 05:13:16,1
2023-02-21 05:16:31,1
2023-02-21 05:19:46,1
2023-02-21 05:23:02,1
2023-02-21 05:26:17,1
2023-02-21 05:29:32,1
2023-02-21 05:32:47,1
2023-02-21 05:36:02,1
2023-02-21 05:39:18,1
2023-02-21 05:42:33,1
2023-02-21 05:45:48,1
2023-02-21 05:49:04,1
2023-02-21 05:52:19,1
2023-02-21 05:55:35,1
2023-02-21 05:58:50,1
2023-02-21 06:02:05,1
2023-02-21 06:05:20,1
2023-02-21 06:08:35,1
2023-02-21 06:11:51,1
2023-02-21 06:15:06,1
2023-02-21 06:18:21,1
2023-02-21 06:21:36,1
2023-02-21 06:24:51,1
2023-02-21 06:28:07,1
2023-02-21 06:31:22,1
2023-02-21 06:34:37,1
2023-02-21 06:37:52,1
2023-02-21 06:41:07,1
2023-02-21 06:44:22,1
2023-02-21 06:47:38,1
2023-02-21 06:50:53,1
2023-02-21 06:54:09,1
2023-02-21 06:57:23,1
2023-02-21 07:00:39,1
2023-02-21 07:03:54,1
2023-02-21 07:07:09,1
2023-02-21 07:10:25,1
2023-02-21 07:13:40,1
2023-02-21 07:16:55,1
2023-02-21 07:20:10,1
2023-02-21 07:23:26,1
2023-02-21 07:26:41,1
2023-02-21 07:29:56,1
2023-02-21 07:33:11,1
2023-02-21 07:36:26,1
2023-02-21 07:39:41,1
2023-02-21 07:42:56,1
2023-02-21 07:46:11,1
2023-02-21 07:49:27,1
2023-02-21 07:52:42,1
2023-02-21 07:55:57,1
2023-02-21 07:59:12,1
2023-02-21 08:02:27,1
2023-02-21 08:05:43,1
2023-02-21 08:08:58,1
2023-02-21 08:12:13,1
2023-02-21 08:15:28,1
2023-02-21 08:18:44,1
2023-02-21 08:21:59,1
2023-02-21 08:25:14,1
2023-02-21 08:28:29,1
2023-02-21 08:31:44,1
2023-02-21 08:35:00,1
2023-02-21 08:38:15,1
2023-02-21 08:41:31,1
2023-02-21 08:44:46,1
2023-02-21 08:48:01,1
2023-02-21 08:51:16,1
2023-02-21 08:54:32,1
2023-02-21 08:57:47,1
2023-02-21 09:01:02,1
2023-02-21 09:04:17,1
2023-02-21 09:07:32,1
2023-02-21 09:10:48,1
2023-02-21 09:14:03,1
2023-02-21 09:17:18,1
2023-02-21 09:20:34,1
2023-02-21 09:23:49,1
2023-02-21 09:27:04,1
2023-02-21 09:30:19,1
2023-02-21 09:33:34,1
2023-02-21 09:36:49,1
2023-02-21 09:40:04,1
2023-02-21 09:43:20,1
2023-02-21 09:46:35,1
2023-02-21 09:49:50,1
2023-02-21 09:53:05,1
2023-02-21 09:56:20,1
2023-02-21 09:59:35,1
2023-02-21 10:02:50,1
2023-02-21 10:06:06,1
2023-02-21 10:09:21,1
2023-02-21 10:12:37,1
2023-02-21 10:15:52,1
2023-02-21 10:19:07,1
2023-02-21 10:22:22,1
2023-02-21 10:25:37,1
2023-02-21 10:28:52,1
2023-02-21 10:32:07,1
2023-02-21 10:35:23,1
2023-02-21 10:38:38,1
2023-02-21 10:41:53,1
2023-02-21 10:45:08,1
2023-02-21 10:48:23,1
2023-02-21 10:51:38,1
2023-02-21 10:54:53,1
2023-02-21 10:58:09,1
2023-02-21 11:01:24,1
2023-02-21 11:04:39,1
2023-02-21 11:07:54,1
2023-02-21 11:11:09,1
2023-02-21 11:14:24,1
2023-02-21 11:17:39,1
2023-02-21 11:20:54,1
2023-02-21 11:24:09,1
2023-02-21 11:27:24,1
2023-02-21 11:30:39,1
2023-02-21 11:34:07,1
2023-02-21 11:37:23,1
2023-02-21 11:40:38,1
2023-02-21 11:43:53,1
2023-02-21 11:47:08,1
2023-02-21 11:50:23,1
2023-02-21 11:53:38,1
2023-02-21 11:56:53,1
2023-02-21 12:00:08,1
2023-02-21 12:03:23,1
2023-02-21 12:06:38,1
2023-02-21 12:09:53,1
2023-02-21 12:13:08,1
2023-02-21 12:16:23,1
2023-02-21 12:19:38,1
2023-02-21 12:22:53,1
2023-02-21 12:26:08,1
2023-02-21 12:29:23,1
2023-02-21 12:32:38,1
2023-02-21 12:35:53,1
2023-02-21 12:39:09,1
2023-02-21 12:42:25,1
2023-02-21 12:45:39,1
2023-02-21 12:48:54,1
2023-02-21 12:52:09,1
2023-02-21 12:55:24,1
2023-02-21 12:58:39,1
2023-02-21 13:01:55,1
2023-02-21 13:05:10,1
2023-02-21 13:08:24,1
2023-02-21 13:11:40,1
2023-02-21 13:14:55,1
2023-02-21 13:18:10,1
2023-02-21 13:21:24,1
2023-02-21 13:24:39,1
2023-02-21 13:27:54,1
2023-02-21 13:31:09,1
2023-02-21 13:34:24,1
2023-02-21 13:37:39,1
2023-02-21 13:40:54,1
2023-02-21 13:44:10,1
2023-02-21 13:47:25,1
2023-02-21 13:50:41,1
2023-02-21 13:53:55,1
2023-02-21 13:57:11,1
2023-02-21 14:00:25,1
2023-02-21 14:03:41,1
2023-02-21 14:06:56,1
2023-02-21 14:10:11,1
2023-02-21 14:13:26,1
2023-02-21 14:16:41,1
2023-02-21 14:19:56,1
2023-02-21 14:23:11,1
2023-02-21 14:26:26,1
2023-02-21 14:29:41,1
2023-02-21 14:32:56,1
2023-02-21 14:36:12,1
2023-02-21 14:39:27,1
2023-02-21 14:42:42,1
2023-02-21 14:45:57,1
2023-02-21 14:49:12,1
2023-02-21 14:52:27,1
2023-02-21 14:55:42,1
2023-02-21 14:58:57,1
2023-02-21 15:02:13,1
2023-02-21 15:05:28,1
2023-02-21 15:08:43,1
2023-02-21 15:11:58,1
2023-02-21 15:15:13,1
2023-02-21 15:18:28,1
2023-02-21 15:21:44,1
2023-02-21 15:24:59,1
2023-02-21 15:28:14,1
2023-02-21 15:31:29,1
2023-02-21 15:34:44,1
2023-02-21 15:37:59,1
2023-02-21 15:41:14,1
2023-02-21 15:44:30,1
2023-02-21 15:47:44,1
2023-02-21 15:50:59,1
2023-02-21 15:54:15,1
2023-02-21 15:57:30,1
2023-02-21 16:00:45,1
2023-02-21 16:04:00,1
2023-02-21 16:07:15,1
2023-02-21 16:10:31,1
2023-02-21 16:13:46,1
2023-02-21 16:17:01,1
2023-02-21 16:20:17,1
2023-02-21 16:23:32,0
2023-02-21 16:26:47,0
2023-02-21 16:30:02,0
2023-02-21 16:33:17,0
2023-02-21 16:36:32,0
2023-02-21 16:39:47,0
2023-02-21 16:43:02,0
2023-02-21 16:46:17,0
2023-02-21 16:49:32,0
2023-02-21 16:52:47,0
2023-02-21 16:56:02,0
2023-02-21 16:59:17,0
2023-02-21 17:02:33,0
2023-02-21 17:05:49,0
2023-02-21 17:09:04,0
2023-02-21 17:12:19,0
2023-02-21 17:15:34,0
2023-02-21 17:18:49,0
2023-02-21 17:22:04,0
2023-02-21 17:25:19,0
2023-02-21 17:28:34,0
2023-02-21 17:31:50,0
2023-02-21 17:35:05,0
2023-02-21 17:38:19,0
2023-02-21 17:41:35,0
2023-02-21 17:44:50,0
2023-02-21 17:48:05,0
2023-02-21 17:51:20,0
2023-02-21 17:54:35,0
2023-02-21 17:57:50,0
2023-02-21 18:01:06,0
2023-02-21 18:04:20,0
2023-02-21 18:07:36,0
2023-02-21 18:10:51,0
2023-02-21 18:14:06,0
2023-02-21 18:17:22,0
2023-02-21 18:20:37,0
2023-02-21 18:23:52,0
2023-02-21 18:27:08,0
2023-02-21 18:30:23,0
2023-02-21 18:33:38,0
2023-02-21 18:36:53,0
2023-02-21 18:40:08,0
2023-02-21 18:43:23,0
2023-02-21 18:46:39,0
2023-02-21 18:49:54,0
2023-02-21 18:53:09,0
2023-02-21 18:56:24,0
2023-02-21 18:59:40,0
2023-02-21 19:02:55,0
2023-02-21 19:06:11,0
2023-02-21 19:09:26,0
2023-02-21 19:12:42,0
2023-02-21 19:15:57,0
2023-02-21 19:19:12,0
2023-02-21 19:22:28,0
2023-02-21 19:25:42,0
2023-02-21 19:28:58,0
2023-02-21 19:32:12,0
2023-02-21 19:35:27,0
2023-02-21 19:38:42,0
2023-02-21 19:41:57,0
2023-02-21 19:45:12,0
2023-02-21 19:48:27,0
2023-02-21 19:51:42,0
2023-02-21 19:54:57,0
2023-02-21 19:58:13,0
2023-02-21 20:01:28,0
2023-02-21 20:04:43,0
2023-02-21 20:07:58,0
2023-02-21 20:11:13,0
2023-02-21 20:14:28,1
2023-02-21 20:17:43,1
2023-02-21 20:20:58,1
2023-02-21 20:24:13,1
2023-02-21 20:27:29,1
2023-02-21 20:30:44,1
2023-02-21 20:33:59,1
2023-02-21 20:37:14,1
2023-02-21 20:40:29,1
2023-02-21 20:43:44,1
2023-02-21 20:46:59,1
2023-02-21 20:50:14,1
2023-02-21 20:53:29,1
2023-02-21 20:56:44,0
2023-02-21 20:59:59,0
2023-02-21 21:03:14,0
2023-02-21 21:06:29,0
2023-02-21 21:09:44,0
2023-02-21 21:12:59,0
2023-02-21 21:16:14,0
2023-02-21 21:19:29,0
2023-02-21 21:22:44,0
2023-02-21 21:25:59,0
2023-02-21 21:29:14,0
2023-02-21 21:32:29,0
2023-02-21 21:35:45,0
2023-02-21 21:39:00,1
2023-02-21 21:42:15,1
2023-02-21 21:45:30,1
2023-02-21 21:48:45,1
2023-02-21 21:52:00,1
2023-02-21 21:55:15,1
2023-02-21 21:58:30,1
2023-02-21 22:01:45,1
2023-02-21 22:05:00,1
2023-02-21 22:08:15,1
2023-02-21 22:11:30,1
2023-02-21 22:14:45,1
2023-02-21 22:18:00,1
2023-02-21 22:21:15,1
2023-02-21 22:24:30,1
2023-02-21 22:27:45,1
2023-02-21 22:31:00,1
2023-02-21 22:34:15,1
2023-02-21 22:37:31,1
2023-02-21 22:40:46,1
2023-02-21 22:44:01,1
2023-02-21 22:47:16,1
2023-02-21 22:50:31,1
2023-02-21 22:53:46,1
2023-02-21 22:57:01,1
2023-02-21 23:00:16,1
2023-02-21 23:03:31,1
2023-02-21 23:06:47,1
2023-02-21 23:10:02,1
2023-02-21 23:13:18,1
2023-02-21 23:16:33,1
2023-02-21 23:19:48,1
2023-02-21 23:23:03,1
2023-02-21 23:26:18,1
2023-02-21 23:29:33,1
2023-02-21 23:32:47,1
2023-02-21 23:36:02,1
2023-02-21 23:39:17,1
2023-02-21 23:42:32,1
2023-02-21 23:45:47,1
2023-02-21 23:49:02,1
2023-02-21 23:52:17,1
2023-02-21 23:55:32,1
2023-02-21 23:58:48,1
2023-02-22 00:02:02,1
2023-02-22 00:05:18,1
2023-02-22 00:08:33,1
2023-02-22 00:11:48,1
2023-02-22 00:15:02,1
2023-02-22 00:18:18,1
2023-02-22 00:21:33,1
2023-02-22 00:24:47,1
2023-02-22 00:28:02,1
2023-02-22 00:31:17,1
2023-02-22 00:34:32,1
2023-02-22 00:37:47,1
2023-02-22 00:41:03,1
2023-02-22 00:44:18,1
2023-02-22 00:47:33,1
2023-02-22 00:50:49,1
2023-02-22 00:54:03,1
2023-02-22 00:57:18,1
2023-02-22 01:00:34,1
2023-02-22 01:03:49,1
2023-02-22 01:07:04,1
2023-02-22 01:10:19,1
2023-02-22 01:13:34,1
2023-02-22 01:16:49,1
2023-02-22 01:20:04,1
2023-02-22 01:23:19,1
2023-02-22 01:26:43,1
2023-02-22 01:29:58,1
2023-02-22 01:33:13,1
2023-02-22 01:36:29,1
2023-02-22 01:39:44,1
2023-02-22 01:42:59,1
2023-02-22 01:46:14,1
2023-02-22 01:49:29,1
2023-02-22 01:52:44,1
2023-02-22 01:55:59,1
2023-02-22 01:59:14,1
2023-02-22 02:02:30,1
2023-02-22 02:05:45,1
2023-02-22 02:09:01,1
2023-02-22 02:12:16,1
2023-02-22 02:15:31,1
2023-02-22 02:18:46,1
2023-02-22 02:22:01,1
2023-02-22 02:25:16,1
2023-02-22 02:28:31,1
2023-02-22 02:31:46,1
2023-02-22 02:35:01,1
2023-02-22 02:38:17,1
2023-02-22 02:41:32,1
2023-02-22 02:44:46,1
2023-02-22 02:48:02,1
2023-02-22 02:51:17,1
2023-02-22 02:54:32,1
2023-02-22 02:57:47,1
2023-02-22 03:01:02,1
2023-02-22 03:04:16,1
2023-02-22 03:07:32,1
2023-02-22 03:10:47,1
2023-02-22 03:14:02,1
2023-02-22 03:17:17,1
2023-02-22 03:20:32,1
2023-02-22 03:23:47,1
2023-02-22 03:27:02,1
2023-02-22 03:30:18,1
2023-02-22 03:33:32,1
2023-02-22 03:36:47,1
2023-02-22 03:40:02,1
2023-02-22 03:43:17,1
2023-02-22 03:46:32,1
2023-02-22 03:49:47,1
2023-02-22 03:53:02,1
2023-02-22 03:56:17,1
2023-02-22 03:59:32,1
2023-02-22 04:02:47,1
2023-02-22 04:06:02,1
2023-02-22 04:09:17,1
2023-02-22 04:12:32,1
2023-02-22 04:15:47,1
2023-02-22 04:19:02,1
2023-02-22 04:22:17,1
2023-02-22 04:25:32,1
2023-02-22 04:28:47,1
2023-02-22 04:32:02,1
2023-02-22 04:35:17,1
2023-02-22 04:38:32,1
2023-02-22 04:41:47,1
2023-02-22 04:45:02,1
2023-02-22 04:48:17,1
2023-02-22 04:51:32,1
2023-02-22 04:54:46,1
2023-02-22 04:58:01,1
2023-02-22 05:01:16,1
2023-02-22 05:04:31,1
2023-02-22 05:07:46,1
2023-02-22 05:11:02,1
2023-02-22 05:14:18,1
2023-02-22 05:17:33,1
2023-02-22 05:20:48,1
2023-02-22 05:24:02,1
2023-02-22 05:27:17,1
2023-02-22 05:30:32,1
2023-02-22 05:33:47,1
2023-02-22 05:37:02,1
2023-02-22 05:40:17,1
2023-02-22 05:43:31,1
2023-02-22 05:46:46,1
2023-02-22 05:50:02,1
2023-02-22 05:53:17,1
2023-02-22 05:56:32,1
2023-02-22 05:59:46,1
2023-02-22 06:03:01,1
2023-02-22 06:06:16,1
2023-02-22 06:09:31,1
2023-02-22 06:12:46,1
2023-02-22 06:16:01,1
2023-02-22 06:19:16,1
2023-02-22 06:22:31,1
2023-02-22 06:25:46,1
2023-02-22 06:29:01,1
2023-02-22 06:32:16,1
2023-02-22 06:35:31,1
2023-02-22 06:38:46,1
2023-02-22 06:42:01,1
2023-02-22 06:45:16,1
2023-02-22 06:48:32,1
2023-02-22 06:51:46,1
2023-02-22 06:55:01,1
2023-02-22 06:58:16,1
2023-02-22 07:01:31,1
2023-02-22 07:04:46,1
2023-02-22 07:08:01,1
2023-02-22 07:11:16,1
2023-02-22 07:14:31,1
2023-02-22 07:17:46,1
2023-02-22 07:21:01,1
2023-02-22 07:24:16,1
2023-02-22 07:27:31,1
2023-02-22 07:30:47,1
2023-02-22 07:34:02,1
2023-02-22 07:37:17,1
2023-02-22 07:40:32,1
2023-02-22 07:43:47,1
2023-02-22 07:47:02,1
2023-02-22 07:50:17,1
2023-02-22 07:53:32,1
2023-02-22 07:56:47,1
2023-02-22 08:00:02,1
2023-02-22 08:03:17,1
2023-02-22 08:06:32,1
2023-02-22 08:09:46,1
2023-02-22 08:13:01,0
2023-02-22 08:16:16,0
2023-02-22 08:19:31,0
2023-02-22 08:22:47,1
2023-02-22 08:26:02,1
2023-02-22 08:29:17,1
2023-02-22 08:32:33,0
2023-02-22 08:35:47,0
2023-02-22 08:39:02,0
2023-02-22 08:42:17,0
2023-02-22 08:45:32,1
2023-02-22 08:48:48,1
2023-02-22 08:52:02,1
2023-02-22 08:55:17,1
2023-02-22 08:58:33,1
2023-02-22 09:01:48,1
2023-02-22 09:05:03,0
2023-02-22 09:08:18,0
2023-02-22 09:11:33,0
2023-02-22 09:14:48,1
2023-02-22 09:18:03,1
2023-02-22 09:21:18,1
2023-02-22 09:24:33,1
2023-02-22 09:27:48,1
2023-02-22 09:31:03,1
2023-02-22 09:34:18,1
2023-02-22 09:37:33,1
2023-02-22 09:40:48,1
2023-02-22 09:44:03,1
2023-02-22 09:47:17,0
2023-02-22 09:50:32,0
2023-02-22 09:53:48,0
2023-02-22 09:57:02,1
2023-02-22 10:00:17,1
2023-02-22 10:03:32,1
2023-02-22 10:06:47,0
2023-02-22 10:10:02,0
2023-02-22 10:13:17,0
2023-02-22 10:16:32,0
2023-02-22 10:19:47,0
2023-02-22 10:23:02,0
2023-02-22 10:26:17,0
2023-02-22 10:29:32,0
2023-02-22 10:32:46,0
2023-02-22 10:36:02,0
2023-02-22 10:39:17,0
2023-02-22 10:42:32,0
2023-02-22 10:45:47,0
2023-02-22 10:49:02,0
2023-02-22 10:52:18,0
2023-02-22 10:55:32,0
2023-02-22 10:58:47,0
2023-02-22 11:02:02,0
2023-02-22 11:05:17,0
2023-02-22 11:08:33,0
2023-02-22 11:11:47,0
2023-02-22 11:15:03,0
2023-02-22 11:18:18,0
2023-02-22 11:21:32,0
2023-02-22 11:24:47,0
2023-02-22 11:28:02,0
2023-02-22 11:31:17,0
2023-02-22 11:34:32,0
2023-02-22 11:37:47,0
2023-02-22 11:41:01,0
2023-02-22 11:44:16,0
2023-02-22 11:47:31,0
2023-02-22 11:50:46,0
2023-02-22 11:54:01,0
2023-02-22 11:57:16,0
2023-02-22 12:00:31,0
2023-02-22 12:03:46,0
2023-02-22 12:07:01,0
2023-02-22 12:10:16,0
2023-02-22 12:13:31,0
2023-02-22 12:16:47,0
2023-02-22 12:20:02,0
2023-02-22 12:23:17,0
2023-02-22 12:26:32,0
2023-02-22 12:29:48,0
2023-02-22 12:33:03,0
2023-02-22 12:36:18,0
2023-02-22 12:39:34,0
2023-02-22 12:42:49,0
2023-02-22 12:46:05,0
2023-02-22 12:49:20,0
2023-02-22 12:52:35,0
2023-02-22 12:55:50,0
2023-02-22 12:59:05,0
2023-02-22 13:02:21,0
2023-02-22 13:05:36,0
2023-02-22 13:08:51,0
2023-02-22 13:12:07,0
2023-02-22 13:15:22,0
2023-02-22 13:18:38,0
2023-02-22 13:21:53,0
2023-02-22 13:25:08,0
2023-02-22 13:28:23,0
2023-02-22 13:31:39,0
2023-02-22 13:34:54,0
2023-02-22 13:38:09,0
2023-02-22 13:41:24,0
2023-02-22 13:44:39,0
2023-02-22 13:47:54,0
2023-02-22 13:51:10,0
2023-02-22 13:54:25,0
2023-02-22 13:57:40,0
2023-02-22 14:00:55,0
2023-02-22 14:04:10,0
2023-02-22 14:07:25,0
2023-02-22 14:10:40,0
2023-02-22 14:13:56,0
2023-02-22 14:17:12,0
2023-02-22 14:20:27,0
2023-02-22 14:23:43,0
2023-02-22 14:26:59,0
2023-02-22 14:30:14,0
2023-02-22 14:33:29,0
2023-02-22 14:36:45,0
2023-02-22 14:40:00,0
2023-02-22 14:43:16,0
2023-02-22 14:46:31,0
2023-02-22 14:49:47,0
2023-02-22 14:53:02,0
2023-02-22 14:56:18,0
2023-02-22 14:59:34,0
2023-02-22 15:02:49,0
2023-02-22 15:06:04,0
2023-02-22 15:09:19,0
2023-02-22 15:12:35,0
2023-02-22 15:15:50,0
2023-02-22 15:19:05,0
2023-02-22 15:22:21,0
2023-02-22 15:25:36,0
2023-02-22 15:28:52,0
2023-02-22 15:32:07,0
2023-02-22 15:35:22,0
2023-02-22 15:38:38,0
2023-02-22 15:41:53,0
2023-02-22 15:45:08,0
2023-02-22 15:48:23,0
2023-02-22 15:51:38,0
2023-02-22 15:54:53,0
2023-02-22 15:58:08,0
2023-02-22 16:01:23,0
2023-02-22 16:04:38,0
2023-02-22 16:07:54,0
2023-02-22 16:11:09,0
2023-02-22 16:14:24,0
2023-02-22 16:17:39,0
2023-02-22 16:20:54,0
2023-02-22 16:24:09,0
2023-02-22 16:27:24,0
2023-02-22 16:30:39,0
2023-02-22 16:33:54,0
2023-02-22 16:37:09,0
2023-02-22 16:40:24,0
2023-02-22 16:43:39,0
2023-02-22 16:46:54,0
2023-02-22 16:50:09,0
2023-02-22 16:53:24,0
2023-02-22 16:56:40,0
2023-02-22 16:59:55,0
2023-02-22 17:03:10,0
2023-02-22 17:06:25,0
2023-02-22 17:09:40,0
2023-02-22 17:12:55,0
2023-02-22 17:16:10,0
2023-02-22 17:19:26,1
2023-02-22 17:22:41,1
2023-02-22 17:25:56,1
2023-02-22 17:29:11,1
2023-02-22 17:32:26,1
2023-02-22 17:35:42,1
2023-02-22 17:38:57,1
2023-02-22 17:42:12,1
2023-02-22 17:45:27,1
2023-02-22 17:48:43,1
2023-02-22 17:51:58,1
2023-02-22 17:55:13,1
2023-02-22 17:58:28,1
2023-02-22 18:01:43,1
2023-02-22 18:04:59,1
2023-02-22 18:08:14,1
2023-02-22 18:11:29,1
2023-02-22 18:14:44,1
2023-02-22 18:18:00,1
2023-02-22 18:21:15,1
2023-02-22 18:24:31,1
2023-02-22 18:27:46,1
2023-02-22 18:31:01,1
2023-02-22 18:34:17,1
2023-02-22 18:37:32,1
2023-02-22 18:40:47,1
2023-02-22 18:44:02,1
2023-02-22 18:47:17,1
2023-02-22 18:50:33,1
2023-02-22 18:53:48,1
2023-02-22 18:57:03,1
2023-02-22 19:00:18,1
2023-02-22 19:03:33,1
2023-02-22 19:06:48,1
2023-02-22 19:10:04,1
2023-02-22 19:13:18,1
2023-02-22 19:16:34,1
2023-02-22 19:19:49,1
2023-02-22 19:23:05,1
2023-02-22 19:26:19,1
2023-02-22 19:29:34,1
2023-02-22 19:32:50,1
2023-02-22 19:36:05,1
2023-02-22 19:39:20,1
2023-02-22 19:42:35,1
2023-02-22 19:45:50,1
2023-02-22 19:49:07,1
2023-02-22 19:52:23,1
2023-02-22 19:55:39,1
2023-02-22 19:58:54,1
2023-02-22 20:02:09,1
2023-02-22 20:05:25,1
2023-02-22 20:08:40,1
2023-02-22 20:11:55,1
2023-02-22 20:15:10,1
2023-02-22 20:18:25,1
2023-02-22 20:21:40,1
2023-02-22 20:24:55,1
2023-02-22 20:28:10,1
2023-02-22 20:31:25,1
2023-02-22 20:34:40,1
2023-02-22 20:37:56,1
2023-02-22 20:41:11,1
2023-02-22 20:44:26,1
2023-02-22 20:47:42,1
2023-02-22 20:50:57,0
2023-02-22 20:54:12,0
2023-02-22 20:57:27,0
2023-02-22 21:00:42,0
2023-02-22 21:03:57,0
2023-02-22 21:07:13,0
2023-02-22 21:10:28,1
2023-02-22 21:13:43,1
2023-02-22 21:16:58,1
2023-02-22 21:20:13,1
2023-02-22 21:23:29,1
2023-02-22 21:26:44,1
2023-02-22 21:29:59,1
2023-02-22 21:33:14,1
2023-02-22 21:36:30,1
2023-02-22 21:39:45,1
2023-02-22 21:43:00,1
2023-02-22 21:46:15,1
2023-02-22 21:49:31,1
2023-02-22 21:52:46,1
2023-02-22 21:56:01,1
2023-02-22 21:59:16,1
2023-02-22 22:02:32,1
2023-02-22 22:05:47,1
2023-02-22 22:09:02,1
2023-02-22 22:12:17,1
2023-02-22 22:15:31,1
2023-02-22 22:18:47,1
2023-02-22 22:22:02,1
2023-02-22 22:25:17,1
2023-02-22 22:28:32,1
2023-02-22 22:31:46,1
2023-02-22 22:35:01,1
2023-02-22 22:38:17,1
2023-02-22 22:41:32,1
2023-02-22 22:44:47,1
2023-02-22 22:48:01,1
2023-02-22 22:51:16,1
2023-02-22 22:54:31,1
2023-02-22 22:57:46,1
2023-02-22 23:01:01,1
2023-02-22 23:04:16,1
2023-02-22 23:07:31,1
2023-02-22 23:10:46,1
2023-02-22 23:14:01,1
2023-02-22 23:17:16,1
2023-02-22 23:20:31,1
2023-02-22 23:23:46,1
2023-02-22 23:27:01,1
2023-02-22 23:30:16,1
2023-02-22 23:33:31,1
2023-02-22 23:36:46,1
2023-02-22 23:40:01,1
2023-02-22 23:43:16,1
2023-02-22 23:46:33,1
2023-02-22 23:49:48,1
2023-02-22 23:53:03,1
2023-02-22 23:56:18,1
2023-02-22 23:59:33,1
2023-02-23 00:02:48,1
2023-02-23 00:06:04,1
2023-02-23 00:09:19,1
2023-02-23 00:12:34,1
2023-02-23 00:15:49,1
2023-02-23 00:19:04,1
2023-02-23 00:22:19,1
2023-02-23 00:25:34,1
2023-02-23 00:28:49,1
2023-02-23 00:32:04,1
2023-02-23 00:35:19,1
2023-02-23 00:38:34,1
2023-02-23 00:41:49,1
2023-02-23 00:45:04,1
2023-02-23 00:48:18,1
2023-02-23 00:51:33,1
2023-02-23 00:54:48,1
2023-02-23 00:58:03,1
2023-02-23 01:01:18,1
2023-02-23 01:04:33,1
2023-02-23 01:07:48,1
2023-02-23 01:11:03,1
2023-02-23 01:14:18,1
2023-02-23 01:17:33,1
2023-02-23 01:20:48,1
2023-02-23 01:24:03,1
2023-02-23 01:27:18,1
2023-02-23 01:30:38,1
2023-02-23 01:33:53,1
2023-02-23 01:37:08,1
2023-02-23 01:40:23,1
2023-02-23 01:43:38,1
2023-02-23 01:46:53,1
2023-02-23 01:50:08,1
2023-02-23 01:53:23,1
2023-02-23 01:56:38,1
2023-02-23 01:59:53,1
2023-02-23 02:03:21,1
2023-02-23 02:06:36,1
2023-02-23 02:09:51,1
2023-02-23 02:13:06,1
2023-02-23 02:16:21,1
2023-02-23 02:19:36,1
2023-02-23 02:22:51,1
2023-02-23 02:26:06,1
2023-02-23 02:29:21,1
2023-02-23 02:32:35,1
2023-02-23 02:35:50,1
2023-02-23 02:39:06,1
2023-02-23 02:42:20,1
2023-02-23 02:45:40,1
2023-02-23 02:48:57,1
2023-02-23 02:52:12,1
2023-02-23 02:55:27,1
2023-02-23 02:58:41,1
2023-02-23 03:01:56,1
2023-02-23 03:05:11,1
2023-02-23 03:08:26,1
2023-02-23 03:11:41,1
2023-02-23 03:14:56,1
2023-02-23 03:18:12,1
2023-02-23 03:21:27,1
2023-02-23 03:24:42,1
2023-02-23 03:27:57,1
2023-02-23 03:31:12,1
2023-02-23 03:34:26,1
2023-02-23 03:37:41,1
2023-02-23 03:40:56,1
2023-02-23 03:44:11,1
2023-02-23 03:47:27,1
2023-02-23 03:50:41,1
2023-02-23 03:53:56,1
2023-02-23 03:57:12,1
2023-02-23 04:00:27,1
2023-02-23 04:03:43,1
2023-02-23 04:06:58,1
2023-02-23 04:10:13,1
2023-02-23 04:13:29,1
2023-02-23 04:16:44,1
2023-02-23 04:20:00,1
2023-02-23 04:23:15,1
2023-02-23 04:26:31,1
2023-02-23 04:29:46,1
2023-02-23 04:33:01,1
2023-02-23 04:36:16,1
2023-02-23 04:39:31,1
2023-02-23 04:42:46,1
2023-02-23 04:46:01,1
2023-02-23 04:49:17,1
2023-02-23 04:52:32,1
2023-02-23 04:55:48,1
2023-02-23 04:59:03,1
2023-02-23 05:02:19,1
2023-02-23 05:05:34,1
2023-02-23 05:08:49,1
2023-02-23 05:12:05,1
2023-02-23 05:15:20,1
2023-02-23 05:18:36,1
2023-02-23 05:21:51,1
2023-02-23 05:25:07,1
2023-02-23 05:28:24,1
2023-02-23 05:31:40,1
2023-02-23 05:34:55,1
2023-02-23 05:38:11,1
2023-02-23 05:41:26,1
2023-02-23 05:44:41,1
2023-02-23 05:47:56,0
2023-02-23 05:51:11,0
2023-02-23 05:54:26,0
2023-02-23 05:57:41,0
2023-02-23 06:00:56,0
2023-02-23 06:04:11,0
2023-02-23 06:07:26,0
2023-02-23 06:10:40,0
2023-02-23 06:13:55,0
2023-02-23 06:17:10,0
2023-02-23 06:20:25,0
2023-02-23 06:23:40,0
2023-02-23 06:26:55,0
2023-02-23 06:30:10,0
2023-02-23 06:33:25,0
2023-02-23 06:36:42,0
2023-02-23 06:39:57,0
2023-02-23 06:43:12,0
2023-02-23 06:46:27,0
2023-02-23 06:49:42,0
2023-02-23 06:52:57,0
2023-02-23 06:56:12,0
2023-02-23 06:59:26,0
2023-02-23 07:02:42,0
2023-02-23 07:05:57,0
2023-02-23 07:09:12,0
2023-02-23 07:12:27,0
2023-02-23 07:15:42,0
2023-02-23 07:18:57,0
2023-02-23 07:22:12,0
2023-02-23 07:25:27,0
2023-02-23 07:28:42,0
2023-02-23 07:31:57,0
2023-02-23 07:35:12,0
2023-02-23 07:38:27,0
2023-02-23 07:41:42,0
2023-02-23 07:44:57,0
2023-02-23 07:48:12,0
2023-02-23 07:51:27,0
2023-02-23 07:54:42,0
2023-02-23 07:57:57,0
2023-02-23 08:01:12,0
2023-02-23 08:04:26,0
2023-02-23 08:07:41,0
2023-02-23 08:10:56,0
2023-02-23 08:14:11,0
2023-02-23 08:17:26,0
2023-02-23 08:20:41,0
2023-02-23 08:23:56,0
2023-02-23 08:27:10,0
2023-02-23 08:30:26,0
2023-02-23 08:33:41,0
2023-02-23 08:36:56,0
2023-02-23 08:40:10,0
2023-02-23 08:43:26,0
2023-02-23 08:46:41,0
2023-02-23 08:49:55,0
2023-02-23 08:53:10,0
2023-02-23 08:56:25,0
2023-02-23 08:59:40,0
2023-02-23 09:02:55,0
2023-02-23 09:06:10,0
2023-02-23 09:09:25,0
2023-02-23 09:12:40,0
2023-02-23 09:15:55,0
2023-02-23 09:19:10,0
2023-02-23 09:22:26,0
2023-02-23 09:25:40,0
2023-02-23 09:28:55,0
2023-02-23 09:32:10,0
2023-02-23 09:35:25,0
2023-02-23 09:38:40,0
2023-02-23 09:41:55,0
2023-02-23 09:45:10,0
2023-02-23 09:48:25,0
2023-02-23 09:51:39,0
2023-02-23 09:54:54,0
2023-02-23 09:58:09,0
2023-02-23 10:01:24,0
2023-02-23 10:04:39,0
2023-02-23 10:07:54,0
2023-02-23 10:11:09,0
2023-02-23 10:14:24,0
2023-02-23 10:17:39,0
2023-02-23 10:20:54,1
2023-02-23 10:24:09,1
2023-02-23 10:27:24,1
2023-02-23 10:30:39,1
2023-02-23 10:33:54,1
2023-02-23 10:37:09,1
2023-02-23 10:40:24,1
2023-02-23 10:43:39,1
2023-02-23 10:46:54,1
2023-02-23 10:50:09,1
2023-02-23 10:53:24,1
2023-02-23 10:56:39,1
2023-02-23 10:59:54,1
2023-02-23 11:03:08,1
2023-02-23 11:06:23,1
2023-02-23 11:09:38,1
2023-02-23 11:12:53,1
2023-02-23 11:16:08,1
2023-02-23 11:19:23,1
2023-02-23 11:22:37,1
2023-02-23 11:25:52,1
2023-02-23 11:29:07,1
2023-02-23 11:32:22,1
2023-02-23 11:35:36,1
2023-02-23 11:38:51,1
2023-02-23 11:42:06,1
2023-02-23 11:45:20,1
2023-02-23 11:48:35,1
2023-02-23 11:51:50,1
2023-02-23 11:55:05,1
2023-02-23 11:58:20,1
2023-02-23 12:01:35,1
2023-02-23 12:04:50,1
2023-02-23 12:08:05,1
2023-02-23 12:11:21,1
2023-02-23 12:14:36,1
2023-02-23 12:17:51,0
2023-02-23 12:21:07,0
2023-02-23 12:24:22,0
2023-02-23 12:27:37,0
2023-02-23 12:30:52,0
2023-02-23 12:34:08,0
2023-02-23 12:37:23,0
2023-02-23 12:40:39,0
2023-02-23 12:43:54,0
2023-02-23 12:47:09,0
2023-02-23 12:50:25,0
2023-02-23 12:53:40,0
2023-02-23 12:56:56,0
2023-02-23 13:00:11,0
2023-02-23 13:03:26,0
2023-02-23 13:06:43,0
2023-02-23 13:09:58,0
2023-02-23 13:13:13,0
2023-02-23 13:16:29,0
2023-02-23 13:19:45,0
2023-02-23 13:23:00,0
2023-02-23 13:26:15,0
2023-02-23 13:29:31,0
2023-02-23 13:32:47,0
2023-02-23 13:36:02,0
2023-02-23 13:39:18,0
2023-02-23 13:42:33,0
2023-02-23 13:45:48,0
2023-02-23 13:49:04,0
2023-02-23 13:52:19,0
2023-02-23 13:55:33,0
2023-02-23 13:58:48,0
2023-02-23 14:02:03,0
2023-02-23 14:05:17,0
2023-02-23 14:08:32,0
2023-02-23 14:11:47,0
2023-02-23 14:15:01,0
2023-02-23 14:18:16,0
2023-02-23 14:21:31,0
2023-02-23 14:24:45,0
2023-02-23 14:28:00,0
2023-02-23 14:31:14,0
2023-02-23 14:34:29,0
2023-02-23 14:37:44,0
2023-02-23 14:40:58,0
2023-02-23 14:44:13,0
2023-02-23 14:47:28,0
2023-02-23 14:50:42,0
2023-02-23 14:53:57,1
2023-02-23 14:57:12,1
2023-02-23 15:00:27,1
2023-02-23 15:03:42,1
2023-02-23 15:06:56,1
2023-02-23 15:10:11,1
2023-02-23 15:13:26,1
2023-02-23 15:16:41,1
2023-02-23 15:19:56,1
2023-02-23 15:23:11,1
2023-02-23 15:26:27,1
2023-02-23 15:29:42,1
2023-02-23 15:32:57,1
2023-02-23 15:36:13,0
2023-02-23 15:39:28,0
2023-02-23 15:42:42,0
2023-02-23 15:45:57,0
2023-02-23 15:49:12,0
2023-02-23 15:52:28,0
2023-02-23 15:55:43,0
2023-02-23 15:58:58,0
2023-02-23 16:02:13,0
2023-02-23 16:05:28,0
2023-02-23 16:08:43,0
2023-02-23 16:12:02,0
2023-02-23 16:15:17,0
2023-02-23 16:18:32,0
2023-02-23 16:21:47,0
2023-02-23 16:25:03,0
2023-02-23 16:28:18,0
2023-02-23 16:31:33,0
2023-02-23 16:34:48,0
2023-02-23 16:38:03,0
2023-02-23 16:41:18,0
2023-02-23 16:44:33,0
2023-02-23 16:47:48,0
2023-02-23 16:51:03,0
2023-02-23 16:54:19,0
2023-02-23 16:57:35,0
2023-02-23 17:00:50,0
2023-02-23 17:04:05,0
2023-02-23 17:07:21,0
2023-02-23 17:10:37,0
2023-02-23 17:13:51,0
2023-02-23 17:17:07,0
2023-02-23 17:20:22,0
2023-02-23 17:23:38,0
2023-02-23 17:26:53,0
2023-02-23 17:30:08,0
2023-02-23 17:33:23,0
2023-02-23 17:36:38,0
2023-02-23 17:39:53,0
2023-02-23 17:43:08,0
2023-02-23 17:46:23,0
2023-02-23 17:49:38,0
2023-02-23 17:52:53,0
2023-02-23 17:56:08,0
2023-02-23 17:59:24,0
2023-02-23 18:02:39,0
2023-02-23 18:05:54,0
2023-02-23 18:09:09,0
2023-02-23 18:12:24,0
2023-02-23 18:15:39,0
2023-02-23 18:18:54,0
2023-02-23 18:22:09,0
2023-02-23 18:25:24,0
2023-02-23 18:28:39,0
2023-02-23 18:31:54,0
2023-02-23 18:35:09,0
2023-02-23 18:38:24,0
2023-02-23 18:41:39,0
2023-02-23 18:44:54,0
2023-02-23 18:48:10,0
2023-02-23 18:51:25,0
2023-02-23 18:54:39,0
2023-02-23 18:57:54,0
2023-02-23 19:01:09,0
2023-02-23 19:04:23,0
2023-02-23 19:07:38,0
2023-02-23 19:10:53,0
2023-02-23 19:14:08,0
2023-02-23 19:17:24,0
2023-02-23 19:20:38,0
2023-02-23 19:23:54,0
2023-02-23 19:27:08,0
2023-02-23 19:30:23,0
2023-02-23 19:33:38,0
2023-02-23 19:36:53,0
2023-02-23 19:40:08,0
2023-02-23 19:43:23,0
2023-02-23 19:46:38,0
2023-02-23 19:49:53,0
2023-02-23 19:53:08,0
2023-02-23 19:56:23,0
2023-02-23 19:59:38,0
2023-02-23 20:02:52,0
2023-02-23 20:06:07,0
2023-02-23 20:09:22,0
2023-02-23 20:12:36,0
2023-02-23 20:15:51,0
2023-02-23 20:19:06,0
2023-02-23 20:22:21,0
2023-02-23 20:25:36,0
2023-02-23 20:28:50,0
2023-02-23 20:32:06,0
2023-02-23 20:35:21,0
2023-02-23 20:38:36,0
2023-02-23 20:41:50,0
2023-02-23 20:45:06,0
2023-02-23 20:48:21,0
2023-02-23 20:51:36,0
2023-02-23 20:54:50,0
2023-02-23 20:58:05,0
2023-02-23 21:01:21,0
2023-02-23 21:04:35,0
2023-02-23 21:07:50,0
2023-02-23 21:11:06,0
2023-02-23 21:14:20,0
2023-02-23 21:17:36,0
2023-02-23 21:20:54,0
2023-02-23 21:24:09,0
2023-02-23 21:27:24,0
2023-02-23 21:30:39,0
2023-02-23 21:33:54,0
2023-02-23 21:37:09,0
2023-02-23 21:40:23,0
2023-02-23 21:43:38,0
2023-02-23 21:46:53,0
2023-02-23 21:50:08,0
2023-02-23 21:53:23,0
2023-02-23 21:56:38,0
2023-02-23 21:59:53,0
2023-02-23 22:03:08,0
2023-02-23 22:06:23,0
2023-02-23 22:09:38,0
2023-02-23 22:12:53,0
2023-02-23 22:16:08,0
2023-02-23 22:19:23,0
2023-02-23 22:22:39,0
2023-02-23 22:25:53,0
2023-02-23 22:29:08,0
2023-02-23 22:32:23,0
2023-02-23 22:35:38,0
2023-02-23 22:38:53,0
2023-02-23 22:42:07,0
2023-02-23 22:45:22,0
2023-02-23 22:48:37,0
2023-02-23 22:51:52,0
2023-02-23 22:55:07,0
2023-02-23 22:58:22,0
2023-02-23 23:01:37,0
2023-02-23 23:04:52,0
2023-02-23 23:08:07,0
2023-02-23 23:11:22,0
2023-02-23 23:14:37,0
2023-02-23 23:17:51,0
2023-02-23 23:21:06,0
2023-02-23 23:24:21,0
2023-02-23 23:27:36,0
2023-02-23 23:30:51,1
2023-02-23 23:34:06,1
2023-02-23 23:37:21,1
2023-02-23 23:40:36,0
2023-02-23 23:43:51,0
2023-02-23 23:47:06,0
2023-02-23 23:50:21,0
2023-02-23 23:53:35,0
2023-02-23 23:56:50,0
2023-02-24 00:00:05,0
2023-02-24 00:03:19,0
2023-02-24 00:06:34,0
2023-02-24 00:09:49,0
2023-02-24 00:13:03,0
2023-02-24 00:16:18,0
2023-02-24 00:19:33,0
2023-02-24 00:22:48,0
2023-02-24 00:26:02,0
2023-02-24 00:29:17,0
2023-02-24 00:32:32,0
2023-02-24 00:35:47,0
2023-02-24 00:39:02,0
2023-02-24 00:42:16,0
2023-02-24 00:45:31,0
2023-02-24 00:48:45,0
2023-02-24 00:52:00,0
2023-02-24 00:55:14,0
2023-02-24 00:58:29,0
2023-02-24 01:01:44,0
2023-02-24 01:04:59,0
2023-02-24 01:08:13,0
2023-02-24 01:11:28,0
2023-02-24 01:14:42,0
2023-02-24 01:17:58,0
2023-02-24 01:21:13,0
2023-02-24 01:24:27,0
2023-02-24 01:27:42,0
2023-02-24 01:30:57,0
2023-02-24 01:34:11,0
2023-02-24 01:37:26,0
2023-02-24 01:40:40,0
2023-02-24 01:43:55,0
2023-02-24 01:47:10,0
2023-02-24 01:50:25,0
2023-02-24 01:53:50,0
2023-02-24 01:57:05,0
2023-02-24 02:00:30,0
2023-02-24 02:03:45,0
2023-02-24 02:07:00,0
2023-02-24 02:10:14,0
2023-02-24 02:13:29,0
2023-02-24 02:16:44,0
2023-02-24 02:19:59,0
2023-02-24 02:23:14,0
2023-02-24 02:26:28,0
2023-02-24 02:29:43,0
2023-02-24 02:32:58,0
2023-02-24 02:36:13,0
2023-02-24 02:39:27,0
2023-02-24 02:42:42,0
2023-02-24 02:45:56,0
2023-02-24 02:49:11,0
2023-02-24 02:52:32,0
2023-02-24 02:55:47,0
2023-02-24 02:59:01,0
2023-02-24 03:02:17,0
2023-02-24 03:05:31,0
2023-02-24 03:08:46,0
2023-02-24 03:12:01,0
2023-02-24 03:15:15,0
2023-02-24 03:18:30,0
2023-02-24 03:21:45,0
2023-02-24 03:24:59,0
2023-02-24 03:28:14,0
2023-02-24 03:31:29,0
2023-02-24 03:34:44,0
2023-02-24 03:37:59,0
2023-02-24 03:41:13,0
2023-02-24 03:44:28,0
2023-02-24 03:47:42,0
2023-02-24 03:50:57,0
2023-02-24 03:54:11,0
2023-02-24 03:57:26,0
2023-02-24 04:00:40,0
2023-02-24 04:03:55,0
2023-02-24 04:07:10,0
2023-02-24 04:10:25,0
2023-02-24 04:13:39,0
2023-02-24 04:16:54,0
2023-02-24 04:20:09,0
2023-02-24 04:23:24,0
2023-02-24 04:26:38,0
2023-02-24 04:29:53,0
2023-02-24 04:33:08,0
2023-02-24 04:36:23,0
2023-02-24 04:39:37,0
2023-02-24 04:42:52,0
2023-02-24 04:46:07,0
2023-02-24 04:49:22,0
2023-02-24 04:52:37,0
2023-02-24 04:55:52,0
2023-02-24 04:59:07,0
2023-02-24 05:02:22,0
2023-02-24 05:05:37,0
2023-02-24 05:08:52,0
2023-02-24 05:12:06,0
2023-02-24 05:15:21,0
2023-02-24 05:18:36,0
2023-02-24 05:21:51,0
2023-02-24 05:25:05,0
2023-02-24 05:28:20,0
2023-02-24 05:31:35,0
2023-02-24 05:34:50,0
2023-02-24 05:38:05,0
2023-02-24 05:41:19,0
2023-02-24 05:44:34,0
2023-02-24 05:47:49,0
2023-02-24 05:51:03,0
2023-02-24 05:54:18,0
2023-02-24 05:57:33,0
2023-02-24 06:00:48,1
2023-02-24 06:04:03,1
2023-02-24 06:07:18,1
2023-02-24 06:10:32,0
2023-02-24 06:13:47,0
2023-02-24 06:17:02,0
2023-02-24 06:20:17,0
2023-02-24 06:23:32,0
2023-02-24 06:26:47,0
2023-02-24 06:30:01,0
2023-02-24 06:33:15,0
2023-02-24 06:36:30,0
2023-02-24 06:39:45,0
2023-02-24 06:42:59,0
2023-02-24 06:46:15,0
2023-02-24 06:49:30,0
2023-02-24 06:52:44,0
2023-02-24 06:55:59,0
2023-02-24 06:59:14,0
2023-02-24 07:02:29,0
2023-02-24 07:05:44,0
2023-02-24 07:08:59,0
2023-02-24 07:12:14,0
2023-02-24 07:15:28,0
2023-02-24 07:18:43,0
2023-02-24 07:21:58,0
2023-02-24 07:25:12,0
2023-02-24 07:28:27,0
2023-02-24 07:31:42,0
2023-02-24 07:34:56,0
2023-02-24 07:38:11,0
2023-02-24 07:41:26,0
2023-02-24 07:44:40,0
2023-02-24 07:47:55,0
2023-02-24 07:51:10,0
2023-02-24 07:54:24,0
2023-02-24 07:57:39,0
2023-02-24 08:00:53,0
2023-02-24 08:04:08,0
2023-02-24 08:07:23,0
2023-02-24 08:10:38,0
2023-02-24 08:13:52,0
2023-02-24 08:17:07,0
2023-02-24 08:20:22,0
2023-02-24 08:23:37,0
2023-02-24 08:26:52,0
2023-02-24 08:30:07,0
2023-02-24 08:33:22,0
2023-02-24 08:36:37,0
2023-02-24 08:39:52,0
2023-02-24 08:43:06,0
2023-02-24 08:46:21,0
2023-02-24 08:49:35,0
2023-02-24 08:52:50,0
2023-02-24 08:56:04,0
2023-02-24 08:59:19,0
2023-02-24 09:02:34,0
2023-02-24 09:05:49,0
2023-02-24 09:09:03,0
2023-02-24 09:12:18,0
2023-02-24 09:15:33,0
2023-02-24 09:18:48,0
2023-02-24 09:22:03,0
2023-02-24 09:25:17,0
2023-02-24 09:28:32,0
2023-02-24 09:31:47,0
2023-02-24 09:35:01,0
2023-02-24 09:38:16,0
2023-02-24 09:41:30,0
2023-02-24 09:44:45,0
2023-02-24 09:47:59,0
2023-02-24 09:51:14,0
2023-02-24 09:54:29,0
2023-02-24 09:57:44,0
2023-02-24 10:00:59,0
2023-02-24 10:04:13,0
2023-02-24 10:07:28,0
2023-02-24 10:10:43,0
2023-02-24 10:13:58,0
2023-02-24 10:17:13,0
2023-02-24 10:20:28,0
2023-02-24 10:23:42,0
2023-02-24 10:26:57,0
2023-02-24 10:30:12,0
2023-02-24 10:33:27,0
2023-02-24 10:36:42,0
2023-02-24 10:39:57,0
2023-02-24 10:43:12,0
2023-02-24 10:46:26,0
2023-02-24 10:49:41,0
2023-02-24 10:52:56,0
2023-02-24 10:56:11,0
2023-02-24 10:59:26,0
2023-02-24 11:02:41,0
2023-02-24 11:05:56,0
2023-02-24 11:09:10,0
2023-02-24 11:12:26,0
2023-02-24 11:15:40,0
2023-02-24 11:18:55,0
2023-02-24 11:22:10,0
2023-02-24 11:25:25,0
2023-02-24 11:28:40,0
2023-02-24 11:31:54,0
2023-02-24 11:35:09,0
2023-02-24 11:38:24,0
2023-02-24 11:41:39,0
2023-02-24 11:44:54,0
2023-02-24 11:48:08,0
2023-02-24 11:51:23,0
2023-02-24 11:54:38,0
2023-02-24 11:57:53,0
2023-02-24 12:01:08,0
2023-02-24 12:04:23,0
2023-02-24 12:07:38,0
2023-02-24 12:10:53,0
2023-02-24 12:14:08,0
2023-02-24 12:17:24,0
2023-02-24 12:20:39,0
2023-02-24 12:23:54,0
2023-02-24 12:27:08,0
2023-02-24 12:30:23,1
2023-02-24 12:33:38,1
2023-02-24 12:36:53,1
2023-02-24 12:40:08,1
2023-02-24 12:43:23,1
2023-02-24 12:46:38,1
2023-02-24 12:49:52,0
2023-02-24 12:53:07,0
2023-02-24 12:56:22,0
2023-02-24 12:59:37,0
2023-02-24 13:02:52,0
2023-02-24 13:06:07,0
2023-02-24 13:09:21,0
2023-02-24 13:12:36,0
2023-02-24 13:15:52,0
2023-02-24 13:19:07,0
2023-02-24 13:22:22,1
2023-02-24 13:25:37,1
2023-02-24 13:28:53,1
2023-02-24 13:32:08,1
2023-02-24 13:35:23,1
2023-02-24 13:38:37,1
2023-02-24 13:41:52,1
2023-02-24 13:45:07,1
2023-02-24 13:48:22,1
2023-02-24 13:51:37,1
2023-02-24 13:54:51,0
2023-02-24 13:58:06,0
2023-02-24 14:01:21,0
2023-02-24 14:04:35,0
2023-02-24 14:07:50,0
2023-02-24 14:11:05,0
2023-02-24 14:14:20,0
2023-02-24 14:17:35,0
2023-02-24 14:20:50,0
2023-02-24 14:24:05,1
2023-02-24 14:27:20,1
2023-02-24 14:30:35,1
2023-02-24 14:33:50,1
2023-02-24 14:37:05,1
2023-02-24 14:40:20,1
2023-02-24 14:43:35,1
2023-02-24 14:46:50,1
2023-02-24 14:50:05,1
2023-02-24 14:53:20,1
2023-02-24 14:56:35,1
2023-02-24 14:59:49,1
2023-02-24 15:03:05,1
2023-02-24 15:06:20,1
2023-02-24 15:09:35,1
2023-02-24 15:12:50,1
2023-02-24 15:16:06,1
2023-02-24 15:19:21,1
2023-02-24 15:22:36,1
2023-02-24 15:25:51,1
2023-02-24 15:29:07,0
2023-02-24 15:32:22,0
2023-02-24 15:35:37,0
2023-02-24 15:38:51,0
2023-02-24 15:42:07,0
2023-02-24 15:45:21,0
2023-02-24 15:48:36,0
2023-02-24 15:51:52,0
2023-02-24 15:55:07,0
2023-02-24 15:58:22,0
2023-02-24 16:01:36,0
2023-02-24 16:04:51,0
2023-02-24 16:08:06,0
2023-02-24 16:11:21,0
2023-02-24 16:14:36,0
2023-02-24 16:17:51,0
2023-02-24 16:21:06,0
2023-02-24 16:24:21,0
2023-02-24 16:27:36,0
2023-02-24 16:30:51,0
2023-02-24 16:34:06,0
2023-02-24 16:37:21,0
2023-02-24 16:40:36,0
2023-02-24 16:43:51,0
2023-02-24 16:47:06,0
2023-02-24 16:50:21,0
2023-02-24 16:53:36,0
2023-02-24 16:56:51,0
2023-02-24 17:00:06,0
2023-02-24 17:03:20,0
2023-02-24 17:06:35,0
2023-02-24 17:09:49,0
2023-02-24 17:13:04,0
2023-02-24 17:16:19,0
2023-02-24 17:19:34,0
2023-02-24 17:22:48,0
2023-02-24 17:26:03,0
2023-02-24 17:29:18,0
2023-02-24 17:32:32,0
2023-02-24 17:35:47,0
2023-02-24 17:39:02,0
2023-02-24 17:42:18,0
2023-02-24 17:45:33,0
2023-02-24 17:48:48,0
2023-02-24 17:52:03,0
2023-02-24 17:55:17,0
2023-02-24 17:58:32,0
2023-02-24 18:01:47,0
2023-02-24 18:05:02,0
2023-02-24 18:08:17,0
2023-02-24 18:11:32,0
2023-02-24 18:14:47,0
2023-02-24 18:18:01,0
2023-02-24 18:21:16,0
2023-02-24 18:24:31,0
2023-02-24 18:27:46,0
2023-02-24 18:31:01,0
2023-02-24 18:34:16,0
2023-02-24 18:37:31,0
2023-02-24 18:40:46,0
2023-02-24 18:44:01,0
2023-02-24 18:47:16,0
2023-02-24 18:50:30,0
2023-02-24 18:53:45,0
2023-02-24 18:57:00,0
2023-02-24 19:00:14,0
2023-02-24 19:03:29,0
2023-02-24 19:06:44,0
2023-02-24 19:09:58,0
2023-02-24 19:13:13,0
2023-02-24 19:16:28,0
2023-02-24 19:19:43,0
2023-02-24 19:22:58,0
2023-02-24 19:26:13,0
2023-02-24 19:29:29,0
2023-02-24 19:32:44,0
2023-02-24 19:35:59,0
2023-02-24 19:39:14,0
2023-02-24 19:42:29,0
2023-02-24 19:45:44,0
2023-02-24 19:48:59,0
2023-02-24 19:52:16,0
2023-02-24 19:55:30,0
2023-02-24 19:58:45,0
2023-02-24 20:02:00,1
2023-02-24 20:05:15,1
2023-02-24 20:08:30,1
2023-02-24 20:11:45,1
2023-02-24 20:15:00,1
2023-02-24 20:18:15,1
2023-02-24 20:21:30,1
2023-02-24 20:24:45,1
2023-02-24 20:28:00,1
2023-02-24 20:31:15,1
2023-02-24 20:34:30,1
2023-02-24 20:37:45,1
2023-02-24 20:41:00,1
2023-02-24 20:44:14,1
2023-02-24 20:47:29,1
2023-02-24 20:50:44,1
2023-02-24 20:53:59,1
2023-02-24 20:57:14,1
2023-02-24 21:00:29,1
2023-02-24 21:03:44,0
2023-02-24 21:06:59,0
2023-02-24 21:10:14,0
2023-02-24 21:13:29,0
2023-02-24 21:16:43,1
2023-02-24 21:19:58,1
2023-02-24 21:23:13,1
2023-02-24 21:26:28,1
2023-02-24 21:29:43,1
2023-02-24 21:32:58,1
2023-02-24 21:36:13,1
2023-02-24 21:39:28,1
2023-02-24 21:42:43,1
2023-02-24 21:45:58,1
2023-02-24 21:49:13,1
2023-02-24 21:52:27,1
2023-02-24 21:55:42,1
2023-02-24 21:58:56,1
2023-02-24 22:02:11,1
2023-02-24 22:05:26,1
2023-02-24 22:08:42,1
2023-02-24 22:11:57,1
2023-02-24 22:15:11,1
2023-02-24 22:18:26,1
2023-02-24 22:21:42,1
2023-02-24 22:24:56,1
2023-02-24 22:28:11,1
2023-02-24 22:31:26,1
2023-02-24 22:34:41,1
2023-02-24 22:37:56,1
2023-02-24 22:41:11,1
2023-02-24 22:44:26,1
2023-02-24 22:47:41,1
2023-02-24 22:50:56,1
2023-02-24 22:54:10,1
2023-02-24 22:57:25,1
2023-02-24 23:00:40,1
2023-02-24 23:03:55,1
2023-02-24 23:07:09,1
2023-02-24 23:10:24,1
2023-02-24 23:13:39,1
2023-02-24 23:16:54,1
2023-02-24 23:20:09,1
2023-02-24 23:23:23,1
2023-02-24 23:26:39,1
2023-02-24 23:29:54,1
2023-02-24 23:33:08,1
2023-02-24 23:36:23,1
2023-02-24 23:39:38,1
2023-02-24 23:42:53,1
2023-02-24 23:46:08,1
2023-02-24 23:49:23,1
2023-02-24 23:52:37,1
2023-02-24 23:55:52,1
2023-02-24 23:59:07,1
2023-02-25 00:02:22,1
2023-02-25 00:05:37,1
2023-02-25 00:08:53,1
2023-02-25 00:12:07,1
2023-02-25 00:15:22,0
2023-02-25 00:18:37,0
2023-02-25 00:21:52,0
2023-02-25 00:25:07,0
2023-02-25 00:28:22,0
2023-02-25 00:31:37,0
2023-02-25 00:34:52,0
2023-02-25 00:38:06,0
2023-02-25 00:41:21,0
2023-02-25 00:44:36,0
2023-02-25 00:47:51,0
2023-02-25 00:51:06,0
2023-02-25 00:54:20,0
2023-02-25 00:57:35,0
2023-02-25 01:00:50,0
2023-02-25 01:04:05,0
2023-02-25 01:07:20,0
2023-02-25 01:10:35,0
2023-02-25 01:13:50,0
2023-02-25 01:17:05,0
2023-02-25 01:20:30,0
2023-02-25 01:23:45,0
2023-02-25 01:27:00,0
2023-02-25 01:30:15,0
2023-02-25 01:33:30,0
2023-02-25 01:36:44,0
2023-02-25 01:40:00,0
2023-02-25 01:43:15,0
2023-02-25 01:46:29,0
2023-02-25 01:49:44,0
2023-02-25 01:52:59,0
2023-02-25 01:56:14,0
2023-02-25 01:59:29,0
2023-02-25 02:02:44,0
2023-02-25 02:05:59,0
2023-02-25 02:09:14,0
2023-02-25 02:12:28,0
2023-02-25 02:15:43,0
2023-02-25 02:18:58,0
2023-02-25 02:22:13,0
2023-02-25 02:25:28,0
2023-02-25 02:28:43,0
2023-02-25 02:31:58,0
2023-02-25 02:35:13,0
2023-02-25 02:38:28,0
2023-02-25 02:41:43,0
2023-02-25 02:45:08,0
2023-02-25 02:48:23,0
2023-02-25 02:51:37,0
2023-02-25 02:54:52,0
2023-02-25 02:58:07,0
2023-02-25 03:01:22,0
2023-02-25 03:04:36,0
2023-02-25 03:07:51,0
2023-02-25 03:11:06,0
2023-02-25 03:14:21,0
2023-02-25 03:17:36,0
2023-02-25 03:20:50,0
2023-02-25 03:24:05,0
2023-02-25 03:27:20,0
2023-02-25 03:30:35,0
2023-02-25 03:33:50,0
2023-02-25 03:37:05,0
2023-02-25 03:40:30,0
2023-02-25 03:43:45,0
2023-02-25 03:47:00,0
2023-02-25 03:50:15,0
2023-02-25 03:53:30,0
2023-02-25 03:56:45,0
2023-02-25 04:00:00,0
2023-02-25 04:03:15,0
2023-02-25 04:06:29,0
2023-02-25 04:09:44,0
2023-02-25 04:12:59,0
2023-02-25 04:16:14,0
2023-02-25 04:19:29,0
2023-02-25 04:22:43,0
2023-02-25 04:25:58,0
2023-02-25 04:29:13,0
2023-02-25 04:32:28,0
2023-02-25 04:35:45,0
2023-02-25 04:39:00,0
2023-02-25 04:42:15,0
2023-02-25 04:45:30,0
2023-02-25 04:48:45,0
2023-02-25 04:51:59,0
2023-02-25 04:55:15,0
2023-02-25 04:58:29,0
2023-02-25 05:01:44,0
2023-02-25 05:04:59,0
2023-02-25 05:08:14,0
2023-02-25 05:11:29,0
2023-02-25 05:14:44,0
2023-02-25 05:17:58,0
2023-02-25 05:21:13,0
2023-02-25 05:24:28,0
2023-02-25 05:27:43,0
2023-02-25 05:30:57,0
2023-02-25 05:34:12,0
2023-02-25 05:37:26,0
2023-02-25 05:40:42,0
2023-02-25 05:43:58,0
2023-02-25 05:47:13,0
2023-02-25 05:50:27,1
2023-02-25 05:53:42,1
2023-02-25 05:56:56,1
2023-02-25 06:00:11,1
2023-02-25 06:03:26,1
2023-02-25 06:06:41,1
2023-02-25 06:09:56,1
2023-02-25 06:13:10,1
2023-02-25 06:16:25,1
2023-02-25 06:19:40,1
2023-02-25 06:22:55,1
2023-02-25 06:26:10,1
2023-02-25 06:29:25,1
2023-02-25 06:32:40,1
2023-02-25 06:35:55,1
2023-02-25 06:39:09,1
2023-02-25 06:42:24,1
2023-02-25 06:45:39,1
2023-02-25 06:48:54,1
2023-02-25 06:52:09,1
2023-02-25 06:55:24,1
2023-02-25 06:58:39,1
2023-02-25 07:01:54,1
2023-02-25 07:05:08,1
2023-02-25 07:08:23,1
2023-02-25 07:11:38,1
2023-02-25 07:14:53,1
2023-02-25 07:18:08,1
2023-02-25 07:21:23,1
2023-02-25 07:24:38,1
2023-02-25 07:27:52,1
2023-02-25 07:31:09,1
2023-02-25 07:34:23,1
2023-02-25 07:37:38,0
2023-02-25 07:40:52,0
2023-02-25 07:44:07,0
2023-02-25 07:47:22,0
2023-02-25 07:50:37,0
2023-02-25 07:53:52,0
2023-02-25 07:57:07,0
2023-02-25 08:00:21,0
2023-02-25 08:03:36,0
2023-02-25 08:06:51,0
2023-02-25 08:10:07,0
2023-02-25 08:13:22,0
2023-02-25 08:16:36,0
2023-02-25 08:19:51,0
2023-02-25 08:23:06,0
2023-02-25 08:26:21,0
2023-02-25 08:29:36,0
2023-02-25 08:32:51,0
2023-02-25 08:36:05,0
2023-02-25 08:39:20,0
2023-02-25 08:42:35,0
2023-02-25 08:45:49,0
2023-02-25 08:49:04,0
2023-02-25 08:52:19,0
2023-02-25 08:55:34,0
2023-02-25 08:58:48,0
2023-02-25 09:02:03,0
2023-02-25 09:05:18,0
2023-02-25 09:08:33,0
2023-02-25 09:11:48,0
2023-02-25 09:15:03,0
2023-02-25 09:18:18,0
2023-02-25 09:21:32,0
2023-02-25 09:24:47,0
2023-02-25 09:28:02,0
2023-02-25 09:31:17,0
2023-02-25 09:34:31,0
2023-02-25 09:37:46,0
2023-02-25 09:41:00,0
2023-02-25 09:44:15,0
2023-02-25 09:47:30,0
2023-02-25 09:50:45,0
2023-02-25 09:54:00,0
2023-02-25 09:57:15,0
2023-02-25 10:00:30,0
2023-02-25 10:03:45,0
2023-02-25 10:07:00,0
2023-02-25 10:10:15,0
2023-02-25 10:13:29,0
2023-02-25 10:16:44,0
2023-02-25 10:19:59,0
2023-02-25 10:23:14,0
2023-02-25 10:26:28,0
2023-02-25 10:29:43,0
2023-02-25 10:32:58,0
2023-02-25 10:36:13,0
2023-02-25 10:39:28,0
2023-02-25 10:42:43,0
2023-02-25 10:45:57,0
2023-02-25 10:49:12,0
2023-02-25 10:52:26,0
2023-02-25 10:55:41,0
2023-02-25 10:58:56,0
2023-02-25 11:02:11,0
2023-02-25 11:05:26,0
2023-02-25 11:08:41,0
2023-02-25 11:11:55,0
2023-02-25 11:15:10,0
2023-02-25 11:18:25,0
2023-02-25 11:21:40,0
2023-02-25 11:24:56,0
2023-02-25 11:28:11,1
2023-02-25 11:31:25,1
2023-02-25 11:34:40,1
2023-02-25 11:37:55,1
2023-02-25 11:41:10,1
2023-02-25 11:44:24,1
2023-02-25 11:47:39,1
2023-02-25 11:50:53,1
2023-02-25 11:54:08,1
2023-02-25 11:57:23,1
2023-02-25 12:00:38,1
2023-02-25 12:03:53,1
2023-02-25 12:07:08,1
2023-02-25 12:10:22,0
2023-02-25 12:13:37,0
2023-02-25 12:16:52,0
2023-02-25 12:20:07,0
2023-02-25 12:23:21,0
2023-02-25 12:26:36,0
2023-02-25 12:29:51,0
2023-02-25 12:33:06,0
2023-02-25 12:36:21,0
2023-02-25 12:39:36,0
2023-02-25 12:42:51,0
2023-02-25 12:46:05,0
2023-02-25 12:49:20,0
2023-02-25 12:52:35,0
2023-02-25 12:55:50,0
2023-02-25 12:59:05,0
2023-02-25 13:02:19,0
2023-02-25 13:05:34,0
2023-02-25 13:08:48,0
2023-02-25 13:12:03,0
2023-02-25 13:15:18,0
2023-02-25 13:18:32,0
2023-02-25 13:21:47,0
2023-02-25 13:25:01,0
2023-02-25 13:28:16,0
2023-02-25 13:31:31,0
2023-02-25 13:34:46,0
2023-02-25 13:38:01,0
2023-02-25 13:41:16,0
2023-02-25 13:44:30,0
2023-02-25 13:47:45,0
2023-02-25 13:51:00,0
2023-02-25 13:54:14,0
2023-02-25 13:57:29,0
2023-02-25 14:00:44,0
2023-02-25 14:03:59,0
2023-02-25 14:07:14,0
2023-02-25 14:10:29,0
2023-02-25 14:13:44,0
2023-02-25 14:16:59,0
2023-02-25 14:20:14,0
2023-02-25 14:23:29,0
2023-02-25 14:26:44,0
2023-02-25 14:29:59,0
2023-02-25 14:33:14,0
2023-02-25 14:36:30,0
2023-02-25 14:39:45,0
2023-02-25 14:43:00,0
2023-02-25 14:46:15,0
2023-02-25 14:49:30,0
2023-02-25 14:52:45,0
2023-02-25 14:56:00,0
2023-02-25 14:59:14,0
2023-02-25 15:02:30,0
2023-02-25 15:05:45,0
2023-02-25 15:09:00,0
2023-02-25 15:12:15,0
2023-02-25 15:15:30,0
2023-02-25 15:18:45,0
2023-02-25 15:22:00,0
2023-02-25 15:25:15,0
2023-02-25 15:28:30,0
2023-02-25 15:31:46,0
2023-02-25 15:35:00,0
2023-02-25 15:38:16,0
2023-02-25 15:41:31,0
2023-02-25 15:44:45,0
2023-02-25 15:48:00,0
2023-02-25 15:51:15,0
2023-02-25 15:54:30,0
2023-02-25 15:57:45,0
2023-02-25 16:01:00,0
2023-02-25 16:04:15,0
2023-02-25 16:07:30,0
2023-02-25 16:10:45,0
2023-02-25 16:13:59,0
2023-02-25 16:17:15,0
2023-02-25 16:20:29,0
2023-02-25 16:23:44,0
2023-02-25 16:26:59,0
2023-02-25 16:30:14,0
2023-02-25 16:33:28,0
2023-02-25 16:36:43,0
2023-02-25 16:39:58,0
2023-02-25 16:43:13,0
2023-02-25 16:46:28,0
2023-02-25 16:49:43,0
2023-02-25 16:52:58,0
2023-02-25 16:56:12,0
2023-02-25 16:59:27,0
2023-02-25 17:02:42,0
2023-02-25 17:05:56,0
2023-02-25 17:09:11,0
2023-02-25 17:12:26,0
2023-02-25 17:15:40,0
2023-02-25 17:18:55,0
2023-02-25 17:22:10,0
2023-02-25 17:25:25,0
2023-02-25 17:28:40,0
2023-02-25 17:31:55,0
2023-02-25 17:35:09,0
2023-02-25 17:38:24,0
2023-02-25 17:41:39,0
2023-02-25 17:44:53,0
2023-02-25 17:48:08,0
2023-02-25 17:51:23,0
2023-02-25 17:54:37,0
2023-02-25 17:57:53,0
2023-02-25 18:01:07,0
2023-02-25 18:04:22,0
2023-02-25 18:07:37,0
2023-02-25 18:10:52,0
2023-02-25 18:14:06,0
2023-02-25 18:17:21,0
2023-02-25 18:20:36,0
2023-02-25 18:23:51,0
2023-02-25 18:27:06,0
2023-02-25 18:30:21,0
2023-02-25 18:33:36,0
2023-02-25 18:36:50,0
2023-02-25 18:40:05,0
2023-02-25 18:43:20,0
2023-02-25 18:46:35,0
2023-02-25 18:49:51,0
2023-02-25 18:53:06,0
2023-02-25 18:56:21,0
2023-02-25 18:59:36,0
2023-02-25 19:02:51,0
2023-02-25 19:06:06,0
2023-02-25 19:09:21,0
2023-02-25 19:12:35,0
2023-02-25 19:15:50,0
2023-02-25 19:19:05,0
2023-02-25 19:22:19,0
2023-02-25 19:25:34,0
2023-02-25 19:28:49,0
2023-02-25 19:32:04,0
2023-02-25 19:35:19,0
2023-02-25 19:38:34,0
2023-02-25 19:41:48,0
2023-02-25 19:45:03,0
2023-02-25 19:48:18,0
2023-02-25 19:51:33,0
2023-02-25 19:54:47,0
2023-02-25 19:58:02,0
2023-02-25 20:01:16,0
2023-02-25 20:04:31,0
2023-02-25 20:07:46,0
2023-02-25 20:11:01,0
2023-02-25 20:14:16,0
2023-02-25 20:17:30,0
2023-02-25 20:20:45,0
2023-02-25 20:24:00,0
2023-02-25 20:27:15,0
2023-02-25 20:30:29,0
2023-02-25 20:33:44,0
2023-02-25 20:36:59,0
2023-02-25 20:40:14,0
2023-02-25 20:43:28,0
2023-02-25 20:46:43,0
2023-02-25 20:49:58,0
2023-02-25 20:53:14,0
2023-02-25 20:56:28,0
2023-02-25 20:59:43,0
2023-02-25 21:02:58,0
2023-02-25 21:06:13,0
2023-02-25 21:09:27,0
2023-02-25 21:12:42,0
2023-02-25 21:15:57,0
2023-02-25 21:19:12,0
2023-02-25 21:22:27,0
2023-02-25 21:25:41,0
2023-02-25 21:28:56,1
2023-02-25 21:32:11,1
2023-02-25 21:35:26,1
2023-02-25 21:38:41,1
2023-02-25 21:41:56,1
2023-02-25 21:45:11,1
2023-02-25 21:48:26,1
2023-02-25 21:51:40,1
2023-02-25 21:54:55,1
2023-02-25 21:58:10,1
2023-02-25 22:01:25,1
2023-02-25 22:04:39,1
2023-02-25 22:07:54,1
2023-02-25 22:11:09,1
2023-02-25 22:14:24,1
2023-02-25 22:17:39,1
2023-02-25 22:20:54,1
2023-02-25 22:24:09,1
2023-02-25 22:27:23,1
2023-02-25 22:30:38,1
2023-02-25 22:33:53,1
2023-02-25 22:37:09,1
2023-02-25 22:40:23,1
2023-02-25 22:43:38,1
2023-02-25 22:46:53,1
2023-02-25 22:50:08,1
2023-02-25 22:53:23,1
2023-02-25 22:56:37,1
2023-02-25 22:59:52,1
2023-02-25 23:03:07,1
2023-02-25 23:06:22,1
2023-02-25 23:09:37,1
2023-02-25 23:12:52,1
2023-02-25 23:16:07,1
2023-02-25 23:19:21,1
2023-02-25 23:22:36,1
2023-02-25 23:25:51,1
2023-02-25 23:29:06,1
2023-02-25 23:32:21,1
2023-02-25 23:35:36,1
2023-02-25 23:38:51,1
2023-02-25 23:42:06,1
2023-02-25 23:45:21,1
2023-02-25 23:48:36,1
2023-02-25 23:51:51,1
2023-02-25 23:55:06,1
2023-02-25 23:58:20,1
2023-02-26 00:01:35,1
2023-02-26 00:04:50,1
2023-02-26 00:08:05,1
2023-02-26 00:11:19,1
2023-02-26 00:14:34,1
2023-02-26 00:17:49,1
2023-02-26 00:21:05,1
2023-02-26 00:24:19,1
2023-02-26 00:27:34,1
2023-02-26 00:30:49,1
2023-02-26 00:34:04,1
2023-02-26 00:37:19,1
2023-02-26 00:40:34,1
2023-02-26 00:43:49,1
2023-02-26 00:47:04,1
2023-02-26 00:50:18,1
2023-02-26 00:53:33,1
2023-02-26 00:56:48,1
2023-02-26 01:00:03,1
2023-02-26 01:03:18,1
2023-02-26 01:06:33,1
2023-02-26 01:09:48,1
2023-02-26 01:13:03,1
2023-02-26 01:16:18,1
2023-02-26 01:19:33,1
2023-02-26 01:22:48,1
2023-02-26 01:26:03,1
2023-02-26 01:29:17,1
2023-02-26 01:32:32,1
2023-02-26 01:35:47,1
2023-02-26 01:39:02,1
2023-02-26 01:42:17,1
2023-02-26 01:45:31,1
2023-02-26 01:48:47,1
2023-02-26 01:52:02,1
2023-02-26 01:55:17,1
2023-02-26 01:58:43,1
2023-02-26 02:01:57,1
2023-02-26 02:05:20,1
2023-02-26 02:08:35,1
2023-02-26 02:11:49,1
2023-02-26 02:15:04,1
2023-02-26 02:18:20,1
2023-02-26 02:21:35,1
2023-02-26 02:24:49,1
2023-02-26 02:28:04,1
2023-02-26 02:31:19,1
2023-02-26 02:34:33,1
2023-02-26 02:37:49,1
2023-02-26 02:41:03,1
2023-02-26 02:44:29,1
2023-02-26 02:47:44,1
2023-02-26 02:50:58,1
2023-02-26 02:54:13,1
2023-02-26 02:57:28,1
2023-02-26 03:00:43,1
2023-02-26 03:03:58,1
2023-02-26 03:07:13,1
2023-02-26 03:10:27,1
2023-02-26 03:13:42,1
2023-02-26 03:16:59,1
2023-02-26 03:20:14,1
2023-02-26 03:23:28,1
2023-02-26 03:26:43,1
2023-02-26 03:29:58,1
2023-02-26 03:33:13,1
2023-02-26 03:36:28,1
2023-02-26 03:39:43,1
2023-02-26 03:42:57,1
2023-02-26 03:46:12,1
2023-02-26 03:49:27,1
2023-02-26 03:52:42,1
2023-02-26 03:55:57,1
2023-02-26 03:59:13,1
2023-02-26 04:02:28,1
2023-02-26 04:05:43,1
2023-02-26 04:08:58,1
2023-02-26 04:12:13,1
2023-02-26 04:15:28,1
2023-02-26 04:18:43,1
2023-02-26 04:21:58,1
2023-02-26 04:25:13,1
2023-02-26 04:28:28,1
2023-02-26 04:31:43,1
2023-02-26 04:34:58,1
2023-02-26 04:38:13,1
2023-02-26 04:41:28,1
2023-02-26 04:44:43,1
2023-02-26 04:47:58,1
2023-02-26 04:51:13,1
2023-02-26 04:54:28,1
2023-02-26 04:57:43,1
2023-02-26 05:00:57,1
2023-02-26 05:04:12,1
2023-02-26 05:07:27,1
2023-02-26 05:10:41,1
2023-02-26 05:13:56,1
2023-02-26 05:17:11,1
2023-02-26 05:20:26,1
2023-02-26 05:23:40,1
2023-02-26 05:26:55,1
2023-02-26 05:30:10,1
2023-02-26 05:33:25,1
2023-02-26 05:36:40,1
2023-02-26 05:39:55,1
2023-02-26 05:43:09,1
2023-02-26 05:46:24,1
2023-02-26 05:49:40,1
2023-02-26 05:52:54,0
2023-02-26 05:56:09,0
2023-02-26 05:59:25,0
2023-02-26 06:02:40,0
2023-02-26 06:05:55,0
2023-02-26 06:09:10,0
2023-02-26 06:12:25,0
2023-02-26 06:15:40,0
2023-02-26 06:18:54,0
2023-02-26 06:22:09,0
2023-02-26 06:25:24,0
2023-02-26 06:28:39,0
2023-02-26 06:31:54,0
2023-02-26 06:35:09,0
2023-02-26 06:38:24,0
2023-02-26 06:41:38,0
2023-02-26 06:44:53,0
2023-02-26 06:48:08,0
2023-02-26 06:51:23,0
2023-02-26 06:54:37,0
2023-02-26 06:57:52,1
2023-02-26 07:01:07,1
2023-02-26 07:04:22,1
2023-02-26 07:07:37,0
2023-02-26 07:10:52,0
2023-02-26 07:14:07,0
2023-02-26 07:17:21,1
2023-02-26 07:20:36,1
2023-02-26 07:23:51,1
2023-02-26 07:27:06,1
2023-02-26 07:30:21,1
2023-02-26 07:33:36,1
2023-02-26 07:36:51,1
2023-02-26 07:40:05,1
2023-02-26 07:43:21,1
2023-02-26 07:46:36,1
2023-02-26 07:49:51,1
2023-02-26 07:53:06,1
2023-02-26 07:56:21,1
2023-02-26 07:59:36,1
2023-02-26 08:03:21,1
2023-02-26 08:06:35,1
2023-02-26 08:09:50,0
2023-02-26 08:13:05,0
2023-02-26 08:16:20,0
2023-02-26 08:19:35,0
2023-02-26 08:22:49,0
2023-02-26 08:26:04,0
2023-02-26 08:29:19,0
2023-02-26 08:32:34,0
2023-02-26 08:35:49,0
2023-02-26 08:39:04,0
2023-02-26 08:42:18,0
2023-02-26 08:45:33,0
2023-02-26 08:48:47,0
2023-02-26 08:52:02,0
2023-02-26 08:55:16,0
2023-02-26 08:58:31,0
2023-02-26 09:01:46,0
2023-02-26 09:05:00,0
2023-02-26 09:08:15,0
2023-02-26 09:11:30,0
2023-02-26 09:14:45,0
2023-02-26 09:18:00,0
2023-02-26 09:21:15,0
2023-02-26 09:24:30,0
2023-02-26 09:27:44,0
2023-02-26 09:30:59,0
2023-02-26 09:34:14,0
2023-02-26 09:37:28,0
2023-02-26 09:40:43,0
2023-02-26 09:43:58,0
2023-02-26 09:47:13,0
2023-02-26 09:50:27,0
2023-02-26 09:53:42,0
2023-02-26 09:56:56,0
2023-02-26 10:00:11,0
2023-02-26 10:03:26,0
2023-02-26 10:06:40,0
2023-02-26 10:09:55,0
2023-02-26 10:13:10,0
2023-02-26 10:16:24,0
2023-02-26 10:19:39,0
2023-02-26 10:22:54,0
2023-02-26 10:26:09,0
2023-02-26 10:29:23,0
2023-02-26 10:32:38,0
2023-02-26 10:35:53,0
2023-02-26 10:39:07,0
2023-02-26 10:42:22,0
2023-02-26 10:45:37,0
2023-02-26 10:48:51,0
2023-02-26 10:52:06,0
2023-02-26 10:55:21,0
2023-02-26 10:58:36,0
2023-02-26 11:01:51,0
2023-02-26 11:05:05,0
2023-02-26 11:08:20,0
2023-02-26 11:11:35,0
2023-02-26 11:14:50,0
2023-02-26 11:18:04,0
2023-02-26 11:21:19,0
2023-02-26 11:24:34,0
2023-02-26 11:27:49,0
2023-02-26 11:31:04,0
2023-02-26 11:34:19,0
2023-02-26 11:37:34,0
2023-02-26 11:40:49,0
2023-02-26 11:44:04,0
2023-02-26 11:47:19,0
2023-02-26 11:50:34,0
2023-02-26 11:53:49,0
2023-02-26 11:57:04,0
2023-02-26 12:00:19,0
2023-02-26 12:03:34,0
2023-02-26 12:06:49,0
2023-02-26 12:10:04,0
2023-02-26 12:13:19,0
2023-02-26 12:16:34,0
2023-02-26 12:19:49,0
2023-02-26 12:23:04,0
2023-02-26 12:26:19,0
2023-02-26 12:29:34,0
2023-02-26 12:32:49,0
2023-02-26 12:36:05,0
2023-02-26 12:39:20,0
2023-02-26 12:42:35,0
2023-02-26 12:45:49,0
2023-02-26 12:49:05,0
2023-02-26 12:52:20,0
2023-02-26 12:55:35,0
2023-02-26 12:58:49,0
2023-02-26 13:02:05,0
2023-02-26 13:05:20,0
2023-02-26 13:08:34,0
2023-02-26 13:11:49,0
2023-02-26 13:15:04,0
2023-02-26 13:18:19,0
2023-02-26 13:21:33,0
2023-02-26 13:24:48,0
2023-02-26 13:28:03,0
2023-02-26 13:31:17,0
2023-02-26 13:34:32,0
2023-02-26 13:37:47,0
2023-02-26 13:41:03,0
2023-02-26 13:44:17,0
2023-02-26 13:47:32,0
2023-02-26 13:50:47,0
2023-02-26 13:54:02,0
2023-02-26 13:57:16,0
2023-02-26 14:00:31,0
2023-02-26 14:03:45,0
2023-02-26 14:07:01,0
2023-02-26 14:10:16,0
2023-02-26 14:13:31,0
2023-02-26 14:16:45,0
2023-02-26 14:20:00,0
2023-02-26 14:23:15,0
2023-02-26 14:26:29,0
2023-02-26 14:29:44,0
2023-02-26 14:32:59,0
2023-02-26 14:36:13,0
2023-02-26 14:39:28,0
2023-02-26 14:42:42,0
2023-02-26 14:45:57,0
2023-02-26 14:49:12,0
2023-02-26 14:52:26,0
2023-02-26 14:55:41,0
2023-02-26 14:58:56,0
2023-02-26 15:02:11,0
2023-02-26 15:05:26,0
2023-02-26 15:08:41,0
2023-02-26 15:11:56,0
2023-02-26 15:15:11,0
2023-02-26 15:18:26,0
2023-02-26 15:21:41,0
2023-02-26 15:24:55,0
2023-02-26 15:28:10,0
2023-02-26 15:31:24,0
2023-02-26 15:34:39,0
2023-02-26 15:37:54,0
2023-02-26 15:41:09,0
2023-02-26 15:44:23,0
2023-02-26 15:47:38,0
2023-02-26 15:50:53,0
2023-02-26 15:54:07,0
2023-02-26 15:57:22,0
2023-02-26 16:00:37,0
2023-02-26 16:03:52,0
2023-02-26 16:07:07,0
2023-02-26 16:10:22,0
2023-02-26 16:13:37,0
2023-02-26 16:16:52,0
2023-02-26 16:20:08,0
2023-02-26 16:23:23,0
2023-02-26 16:26:38,0
2023-02-26 16:29:53,0
2023-02-26 16:33:08,0
2023-02-26 16:36:23,0
2023-02-26 16:39:38,0
2023-02-26 16:42:53,0
2023-02-26 16:46:08,0
2023-02-26 16:49:23,0
2023-02-26 16:52:38,0
2023-02-26 16:55:53,0
2023-02-26 16:59:08,0
2023-02-26 17:02:23,0
2023-02-26 17:05:38,0
2023-02-26 17:08:53,0
2023-02-26 17:12:08,0
2023-02-26 17:15:23,0
2023-02-26 17:18:38,0
2023-02-26 17:21:52,0
2023-02-26 17:25:07,0
2023-02-26 17:28:22,0
2023-02-26 17:31:37,0
2023-02-26 17:34:57,0
2023-02-26 17:38:12,0
2023-02-26 17:41:27,0
2023-02-26 17:44:42,0
2023-02-26 17:47:56,0
2023-02-26 17:51:12,0
2023-02-26 17:54:27,0
2023-02-26 17:57:41,0
2023-02-26 18:00:56,0
2023-02-26 18:04:11,0
2023-02-26 18:07:26,0
2023-02-26 18:10:44,1
2023-02-26 18:13:59,1
2023-02-26 18:17:13,1
2023-02-26 18:20:28,1
2023-02-26 18:23:43,1
2023-02-26 18:26:58,1
2023-02-26 18:30:13,1
2023-02-26 18:33:29,1
2023-02-26 18:36:43,1
2023-02-26 18:39:59,1
2023-02-26 18:43:13,1
2023-02-26 18:46:28,1
2023-02-26 18:49:44,1
2023-02-26 18:52:58,1
2023-02-26 18:56:13,1
2023-02-26 18:59:28,1
2023-02-26 19:02:43,1
2023-02-26 19:05:58,1
2023-02-26 19:09:13,1
2023-02-26 19:12:28,0
2023-02-26 19:15:42,0
2023-02-26 19:18:57,0
2023-02-26 19:22:12,0
2023-02-26 19:25:27,0
2023-02-26 19:28:42,0
2023-02-26 19:31:57,0
2023-02-26 19:35:12,0
2023-02-26 19:38:27,0
2023-02-26 19:41:42,0
2023-02-26 19:44:57,0
2023-02-26 19:48:12,0
2023-02-26 19:51:28,0
2023-02-26 19:54:43,0
2023-02-26 19:57:58,0
2023-02-26 20:01:13,0
2023-02-26 20:04:28,0
2023-02-26 20:07:43,0
2023-02-26 20:10:58,0
2023-02-26 20:14:14,0
2023-02-26 20:17:29,0
2023-02-26 20:20:44,0
2023-02-26 20:23:59,0
2023-02-26 20:27:14,1
2023-02-26 20:30:28,1
2023-02-26 20:33:44,1
2023-02-26 20:36:59,1
2023-02-26 20:40:14,1
2023-02-26 20:43:28,1
2023-02-26 20:46:43,1
2023-02-26 20:49:58,0
2023-02-26 20:53:13,0
2023-02-26 20:56:28,0
2023-02-26 20:59:43,0
2023-02-26 21:02:58,0
2023-02-26 21:06:12,0
2023-02-26 21:09:28,0
2023-02-26 21:12:43,0
2023-02-26 21:15:58,0
2023-02-26 21:19:13,0
2023-02-26 21:22:27,1
2023-02-26 21:25:42,1
2023-02-26 21:28:57,1
2023-02-26 21:32:11,0
2023-02-26 21:35:26,0
2023-02-26 21:38:41,0
2023-02-26 21:41:56,1
2023-02-26 21:45:10,1
2023-02-26 21:48:26,1
2023-02-26 21:51:41,1
2023-02-26 21:54:56,1
2023-02-26 21:58:10,1
2023-02-26 22:01:25,1
2023-02-26 22:04:40,1
2023-02-26 22:07:54,1
2023-02-26 22:11:09,1
2023-02-26 22:14:23,0
2023-02-26 22:17:38,0
2023-02-26 22:20:53,0
2023-02-26 22:24:08,1
2023-02-26 22:27:22,1
2023-02-26 22:30:38,1
2023-02-26 22:33:52,1
2023-02-26 22:37:07,1
2023-02-26 22:40:22,1
2023-02-26 22:43:37,1
2023-02-26 22:46:52,1
2023-02-26 22:50:06,1
2023-02-26 22:53:21,1
2023-02-26 22:56:36,1
2023-02-26 22:59:51,1
2023-02-26 23:03:06,1
2023-02-26 23:06:20,1
2023-02-26 23:09:35,1
2023-02-26 23:12:50,1
2023-02-26 23:16:05,1
2023-02-26 23:19:19,1
2023-02-26 23:22:34,1
2023-02-26 23:25:49,1
2023-02-26 23:29:04,1
2023-02-26 23:32:18,1
2023-02-26 23:35:33,1
2023-02-26 23:38:48,1
2023-02-26 23:42:03,1
2023-02-26 23:45:18,1
2023-02-26 23:48:32,1
2023-02-26 23:51:47,1
2023-02-26 23:55:02,1
2023-02-26 23:58:17,1
2023-02-27 00:01:31,1
2023-02-27 00:04:46,1
2023-02-27 00:08:01,1
2023-02-27 00:11:16,1
2023-02-27 00:14:30,1
2023-02-27 00:17:45,1
2023-02-27 00:21:00,1
2023-02-27 00:24:15,1
2023-02-27 00:27:29,1
2023-02-27 00:30:44,1
2023-02-27 00:33:58,1
2023-02-27 00:37:14,1
2023-02-27 00:40:29,1
2023-02-27 00:43:44,1
2023-02-27 00:46:59,1
2023-02-27 00:50:14,1
2023-02-27 00:53:29,1
2023-02-27 00:56:43,1
2023-02-27 00:59:59,1
2023-02-27 01:03:14,1
2023-02-27 01:06:29,1
2023-02-27 01:09:44,1
2023-02-27 01:12:58,0
2023-02-27 01:16:13,0
2023-02-27 01:19:28,0
2023-02-27 01:22:43,1
2023-02-27 01:25:58,1
2023-02-27 01:29:13,1
2023-02-27 01:32:27,1
2023-02-27 01:35:42,1
2023-02-27 01:38:57,1
2023-02-27 01:42:12,1
2023-02-27 01:45:27,1
2023-02-27 01:48:42,1
2023-02-27 01:52:07,1
2023-02-27 01:55:22,1
2023-02-27 01:58:36,1
2023-02-27 02:01:51,1
2023-02-27 02:05:07,1
2023-02-27 02:08:22,1
2023-02-27 02:11:40,1
2023-02-27 02:14:54,0
2023-02-27 02:18:09,0
2023-02-27 02:21:24,0
2023-02-27 02:24:38,0
2023-02-27 02:27:53,1
2023-02-27 02:31:08,1
2023-02-27 02:34:23,1
2023-02-27 02:37:37,1
2023-02-27 02:40:52,1
2023-02-27 02:44:07,1
2023-02-27 02:47:21,1
2023-02-27 02:50:36,1
2023-02-27 02:53:51,1
2023-02-27 02:57:06,1
2023-02-27 03:00:20,1
2023-02-27 03:03:35,1
2023-02-27 03:06:50,0
2023-02-27 03:10:05,0
2023-02-27 03:13:19,0
2023-02-27 03:16:34,0
2023-02-27 03:19:49,1
2023-02-27 03:23:04,1
2023-02-27 03:26:18,1
2023-02-27 03:29:33,0
2023-02-27 03:32:48,0
2023-02-27 03:36:03,0
2023-02-27 03:39:18,0
2023-02-27 03:42:33,0
2023-02-27 03:45:47,0
2023-02-27 03:49:02,1
2023-02-27 03:52:17,1
2023-02-27 03:55:32,1
2023-02-27 03:58:46,1
2023-02-27 04:02:02,1
2023-02-27 04:05:17,1
2023-02-27 04:08:32,1
2023-02-27 04:11:46,1
2023-02-27 04:15:02,1
2023-02-27 04:18:16,1
2023-02-27 04:21:31,1
2023-02-27 04:24:46,1
2023-02-27 04:28:01,1
2023-02-27 04:31:16,1
2023-02-27 04:34:30,1
2023-02-27 04:37:45,1
2023-02-27 04:41:00,1
2023-02-27 04:44:15,1
2023-02-27 04:47:29,1
2023-02-27 04:50:44,1
2023-02-27 04:53:59,1
2023-02-27 04:57:14,1
2023-02-27 05:00:28,1
2023-02-27 05:03:43,1
2023-02-27 05:06:58,1
2023-02-27 05:10:13,1
2023-02-27 05:13:28,1
2023-02-27 05:16:43,1
2023-02-27 05:19:57,1
2023-02-27 05:23:12,1
2023-02-27 05:26:26,1
2023-02-27 05:29:41,1
2023-02-27 05:32:56,1
2023-02-27 05:36:11,1
2023-02-27 05:39:26,1
2023-02-27 05:42:41,1
2023-02-27 05:45:55,1
2023-02-27 05:49:10,1
2023-02-27 05:52:25,1
2023-02-27 05:55:40,1
2023-02-27 05:58:54,1
2023-02-27 06:02:09,1
2023-02-27 06:05:24,1
2023-02-27 06:08:39,1
2023-02-27 06:11:53,1
2023-02-27 06:15:08,1
2023-02-27 06:18:23,1
2023-02-27 06:21:37,1
2023-02-27 06:24:52,1
2023-02-27 06:28:07,1
2023-02-27 06:31:22,1
2023-02-27 06:34:37,1
2023-02-27 06:37:51,0
2023-02-27 06:41:06,0
2023-02-27 06:44:21,0
2023-02-27 06:47:35,0
2023-02-27 06:50:50,0
2023-02-27 06:54:05,0
2023-02-27 06:57:20,0
2023-02-27 07:00:34,0
2023-02-27 07:03:49,0
2023-02-27 07:07:04,0
2023-02-27 07:10:19,0
2023-02-27 07:13:33,0
2023-02-27 07:16:48,0
2023-02-27 07:20:03,1
2023-02-27 07:23:17,1
2023-02-27 07:26:32,1
2023-02-27 07:29:47,1
2023-02-27 07:33:02,1
2023-02-27 07:36:16,1
2023-02-27 07:39:31,1
2023-02-27 07:42:46,1
2023-02-27 07:46:01,1
2023-02-27 07:49:16,1
2023-02-27 07:52:31,1
2023-02-27 07:55:46,1
2023-02-27 07:59:01,1
2023-02-27 08:02:16,1
2023-02-27 08:05:30,1
2023-02-27 08:08:45,1
2023-02-27 08:12:00,1
2023-02-27 08:15:15,1
2023-02-27 08:18:30,1
2023-02-27 08:21:45,1
2023-02-27 08:24:59,0
2023-02-27 08:28:14,0
2023-02-27 08:31:29,0
2023-02-27 08:34:44,0
2023-02-27 08:37:59,0
2023-02-27 08:41:14,0
2023-02-27 08:44:28,0
2023-02-27 08:47:43,0
2023-02-27 08:50:58,0
2023-02-27 08:54:13,0
2023-02-27 08:57:28,0
2023-02-27 09:00:42,0
2023-02-27 09:03:57,0
2023-02-27 09:07:11,0
2023-02-27 09:10:26,0
2023-02-27 09:13:41,0
2023-02-27 09:16:56,0
2023-02-27 09:20:11,0
2023-02-27 09:23:26,0
2023-02-27 09:26:40,0
2023-02-27 09:29:55,0
2023-02-27 09:33:10,0
2023-02-27 09:36:25,0
2023-02-27 09:39:39,0
2023-02-27 09:42:54,0
2023-02-27 09:46:08,0
2023-02-27 09:49:23,0
2023-02-27 09:52:38,0
2023-02-27 09:55:52,0
2023-02-27 09:59:07,0
2023-02-27 10:02:22,0
2023-02-27 10:05:37,0
2023-02-27 10:08:52,0
2023-02-27 10:12:06,0
2023-02-27 10:15:21,0
2023-02-27 10:18:36,0
2023-02-27 10:21:50,0
2023-02-27 10:25:05,0
2023-02-27 10:28:21,0
2023-02-27 10:31:36,0
2023-02-27 10:34:50,0
2023-02-27 10:38:06,0
2023-02-27 10:41:21,0
2023-02-27 10:44:36,0
2023-02-27 10:47:50,0
2023-02-27 10:51:05,0
2023-02-27 10:54:19,0
2023-02-27 10:57:34,0
2023-02-27 11:00:49,0
2023-02-27 11:04:03,0
2023-02-27 11:07:19,0
2023-02-27 11:10:34,0
2023-02-27 11:13:49,0
2023-02-27 11:17:04,0
2023-02-27 11:20:19,0
2023-02-27 11:23:33,0
2023-02-27 11:26:48,0
2023-02-27 11:30:03,0
2023-02-27 11:33:17,0
2023-02-27 11:36:32,0
2023-02-27 11:39:47,0
2023-02-27 11:43:01,0
2023-02-27 11:46:17,0
2023-02-27 11:49:31,0
2023-02-27 11:52:46,0
2023-02-27 11:56:00,0
2023-02-27 11:59:16,0
2023-02-27 12:02:31,0
2023-02-27 12:05:45,0
2023-02-27 12:09:01,0
2023-02-27 12:12:15,0
2023-02-27 12:15:30,0
2023-02-27 12:18:45,0
2023-02-27 12:22:00,0
2023-02-27 12:25:15,0
2023-02-27 12:28:30,0
2023-02-27 12:31:45,0
2023-02-27 12:35:00,0
2023-02-27 12:38:15,0
2023-02-27 12:41:30,0
2023-02-27 12:44:45,0
2023-02-27 12:47:59,0
2023-02-27 12:51:14,0
2023-02-27 12:54:29,0
2023-02-27 12:57:44,0
2023-02-27 13:00:58,0
2023-02-27 13:04:14,0
2023-02-27 13:07:28,0
2023-02-27 13:10:43,0
2023-02-27 13:13:58,0
2023-02-27 13:17:13,0
2023-02-27 13:20:28,0
2023-02-27 13:23:43,0
2023-02-27 13:26:58,0
2023-02-27 13:30:13,0
2023-02-27 13:33:27,0
2023-02-27 13:36:42,0
2023-02-27 13:39:57,1
2023-02-27 13:43:12,1
2023-02-27 13:46:28,1
2023-02-27 13:49:43,1
2023-02-27 13:52:57,1
2023-02-27 13:56:12,1
2023-02-27 13:59:26,0
2023-02-27 14:02:41,0
2023-02-27 14:05:56,0
2023-02-27 14:09:11,0
2023-02-27 14:12:26,0
2023-02-27 14:15:40,0
2023-02-27 14:18:55,0
2023-02-27 14:22:10,0
2023-02-27 14:25:25,0
2023-02-27 14:28:40,0
2023-02-27 14:31:55,0
2023-02-27 14:35:09,0
2023-02-27 14:38:25,0
2023-02-27 14:41:39,0
2023-02-27 14:44:54,0
2023-02-27 14:48:09,0
2023-02-27 14:51:24,0
2023-02-27 14:54:39,0
2023-02-27 14:57:54,0
2023-02-27 15:01:09,0
2023-02-27 15:04:23,0
2023-02-27 15:07:38,0
2023-02-27 15:10:54,0
2023-02-27 15:14:09,0
2023-02-27 15:17:23,0
2023-02-27 15:20:38,0
2023-02-27 15:23:53,0
2023-02-27 15:27:07,0
2023-02-27 15:30:23,0
2023-02-27 15:33:37,0
2023-02-27 15:36:52,0
2023-02-27 15:40:07,0
2023-02-27 15:43:21,0
2023-02-27 15:46:36,0
2023-02-27 15:49:51,0
2023-02-27 15:53:06,0
2023-02-27 15:56:21,0
2023-02-27 15:59:36,0
2023-02-27 16:02:51,0
2023-02-27 16:06:06,0
2023-02-27 16:09:21,0
2023-02-27 16:12:36,0
2023-02-27 16:15:50,0
2023-02-27 16:19:05,0
2023-02-27 16:22:20,0
2023-02-27 16:25:35,0
2023-02-27 16:28:50,0
2023-02-27 16:32:05,0
2023-02-27 16:35:20,0
2023-02-27 16:38:35,0
2023-02-27 16:41:49,0
2023-02-27 16:45:04,0
2023-02-27 16:48:19,0
2023-02-27 16:51:34,0
2023-02-27 16:54:49,0
2023-02-27 16:58:03,0
2023-02-27 17:01:18,0
2023-02-27 17:04:33,0
2023-02-27 17:07:48,0
2023-02-27 17:11:02,0
2023-02-27 17:14:17,0
2023-02-27 17:17:32,0
2023-02-27 17:20:47,0
2023-02-27 17:24:02,0
2023-02-27 17:27:17,0
2023-02-27 17:30:32,1
2023-02-27 17:33:47,1
2023-02-27 17:37:02,1
2023-02-27 17:40:17,1
2023-02-27 17:43:32,1
2023-02-27 17:46:47,1
2023-02-27 17:50:02,1
2023-02-27 17:53:16,1
2023-02-27 17:56:31,1
2023-02-27 17:59:46,1
2023-02-27 18:03:01,0
2023-02-27 18:06:16,0
2023-02-27 18:09:31,0
2023-02-27 18:12:46,0
2023-02-27 18:16:00,0
2023-02-27 18:19:15,0
2023-02-27 18:22:30,1
2023-02-27 18:25:44,1
2023-02-27 18:29:00,1
2023-02-27 18:32:14,1
2023-02-27 18:35:29,1
2023-02-27 18:38:45,1
2023-02-27 18:42:00,1
2023-02-27 18:45:15,1
2023-02-27 18:48:30,1
2023-02-27 18:51:45,1
2023-02-27 18:55:00,1
2023-02-27 18:58:15,1
2023-02-27 19:01:30,1
2023-02-27 19:04:45,0
2023-02-27 19:08:00,0
2023-02-27 19:11:15,0
2023-02-27 19:14:30,0
2023-02-27 19:17:45,1
2023-02-27 19:21:00,1
2023-02-27 19:24:16,1
2023-02-27 19:27:31,0
2023-02-27 19:30:46,0
2023-02-27 19:34:02,0
2023-02-27 19:37:48,1
2023-02-27 19:41:03,1
2023-02-27 19:44:18,1
2023-02-27 19:47:33,0
2023-02-27 19:50:48,0
2023-02-27 19:54:03,0
2023-02-27 19:57:18,0
2023-02-27 20:00:33,1
2023-02-27 20:03:47,1
2023-02-27 20:07:03,1
2023-02-27 20:10:18,0
2023-02-27 20:13:32,0
2023-02-27 20:16:48,0
2023-02-27 20:20:03,0
2023-02-27 20:23:18,0
2023-02-27 20:26:33,0
2023-02-27 20:29:48,1
2023-02-27 20:33:03,1
2023-02-27 20:36:18,1
2023-02-27 20:39:33,1
2023-02-27 20:42:48,1
2023-02-27 20:46:03,1
2023-02-27 20:49:17,1
2023-02-27 20:52:32,0
2023-02-27 20:55:47,0
2023-02-27 20:59:02,0
2023-02-27 21:02:17,0
2023-02-27 21:05:32,0
2023-02-27 21:08:47,0
2023-02-27 21:12:02,0
2023-02-27 21:15:17,0
2023-02-27 21:18:32,0
2023-02-27 21:21:47,0
2023-02-27 21:25:01,0
2023-02-27 21:28:17,0
2023-02-27 21:31:32,0
2023-02-27 21:34:46,0
2023-02-27 21:38:02,0
2023-02-27 21:41:16,0
2023-02-27 21:44:31,0
2023-02-27 21:47:46,0
2023-02-27 21:51:01,0
2023-02-27 21:54:16,0
2023-02-27 21:57:30,0
2023-02-27 22:00:46,0
2023-02-27 22:04:01,0
2023-02-27 22:07:16,0
2023-02-27 22:10:31,0
2023-02-27 22:13:45,0
2023-02-27 22:17:00,0
2023-02-27 22:20:15,0
2023-02-27 22:23:30,0
2023-02-27 22:26:45,0
2023-02-27 22:30:00,0
2023-02-27 22:33:14,0
2023-02-27 22:36:29,0
2023-02-27 22:39:44,0
2023-02-27 22:42:59,0
2023-02-27 22:46:13,0
2023-02-27 22:49:28,0
2023-02-27 22:52:43,0
2023-02-27 22:55:58,0
2023-02-27 22:59:13,0
2023-02-27 23:02:27,0
2023-02-27 23:05:42,0
2023-02-27 23:08:57,0
2023-02-27 23:12:11,0
2023-02-27 23:15:26,0
2023-02-27 23:18:41,0
2023-02-27 23:21:56,0
2023-02-27 23:25:11,0
2023-02-27 23:28:26,0
2023-02-27 23:31:41,0
2023-02-27 23:34:55,0
2023-02-27 23:38:10,0
2023-02-27 23:41:24,0
2023-02-27 23:44:39,0
2023-02-27 23:47:54,0
2023-02-27 23:51:09,0
2023-02-27 23:54:23,0
2023-02-27 23:57:38,0
2023-02-28 00:00:54,0
2023-02-28 00:04:09,0
2023-02-28 00:07:24,0
2023-02-28 00:10:38,0
2023-02-28 00:13:53,0
2023-02-28 00:17:07,0
2023-02-28 00:20:22,0
2023-02-28 00:23:37,0
2023-02-28 00:26:53,0
2023-02-28 00:30:07,0
2023-02-28 00:33:22,0
2023-02-28 00:36:36,0
2023-02-28 00:39:51,0
2023-02-28 00:43:06,0
2023-02-28 00:46:21,0
2023-02-28 00:49:35,0
2023-02-28 00:52:50,0
2023-02-28 00:56:05,0
2023-02-28 00:59:20,0
2023-02-28 01:02:35,0
2023-02-28 01:05:49,0
2023-02-28 01:09:04,0
2023-02-28 01:12:18,0
2023-02-28 01:15:33,0
2023-02-28 01:18:48,0
2023-02-28 01:22:04,0
2023-02-28 01:25:19,0
2023-02-28 01:28:34,0
2023-02-28 01:31:49,0
2023-02-28 01:35:04,0
2023-02-28 01:38:18,0
2023-02-28 01:41:33,0
2023-02-28 01:44:48,0
2023-02-28 01:48:03,0
2023-02-28 01:51:18,0
2023-02-28 01:54:33,0
2023-02-28 01:57:52,0
2023-02-28 02:01:07,0
2023-02-28 02:04:22,0
2023-02-28 02:07:37,0
2023-02-28 02:10:52,0
2023-02-28 02:14:07,0
2023-02-28 02:17:21,0
2023-02-28 02:20:36,0
2023-02-28 02:23:51,0
2023-02-28 02:27:06,0
2023-02-28 02:30:20,0
2023-02-28 02:33:35,0
2023-02-28 02:36:50,0
2023-02-28 02:40:04,0
2023-02-28 02:43:19,0
2023-02-28 02:46:34,0
2023-02-28 02:49:49,0
2023-02-28 02:53:03,0
2023-02-28 02:56:18,0
2023-02-28 02:59:33,0
2023-02-28 03:02:47,0
2023-02-28 03:06:02,0
2023-02-28 03:09:17,1
2023-02-28 03:12:31,1
2023-02-28 03:15:46,1
2023-02-28 03:19:01,1
2023-02-28 03:22:16,0
2023-02-28 03:25:30,0
2023-02-28 03:28:45,0
2023-02-28 03:32:00,0
2023-02-28 03:35:14,0
2023-02-28 03:38:29,0
2023-02-28 03:41:44,0
2023-02-28 03:44:58,0
2023-02-28 03:48:13,0
2023-02-28 03:51:28,0
2023-02-28 03:54:42,1
2023-02-28 03:57:57,1
2023-02-28 04:01:12,1
2023-02-28 04:04:26,1
2023-02-28 04:07:41,1
2023-02-28 04:10:56,1
2023-02-28 04:14:11,1
2023-02-28 04:17:26,1
2023-02-28 04:20:40,1
2023-02-28 04:23:55,1
2023-02-28 04:27:09,1
2023-02-28 04:30:24,1
2023-02-28 04:33:45,1
2023-02-28 04:37:00,1
2023-02-28 04:40:15,1
2023-02-28 04:43:30,1
2023-02-28 04:46:45,1
2023-02-28 04:49:59,1
2023-02-28 04:53:14,1
2023-02-28 04:56:29,1
2023-02-28 04:59:44,1
2023-02-28 05:02:59,1
2023-02-28 05:06:14,1
2023-02-28 05:09:29,1
2023-02-28 05:12:44,1
2023-02-28 05:15:58,1
2023-02-28 05:19:13,1
2023-02-28 05:22:27,1
2023-02-28 05:25:42,1
2023-02-28 05:28:57,1
2023-02-28 05:32:12,1
2023-02-28 05:35:27,1
2023-02-28 05:38:41,1
2023-02-28 05:41:56,1
2023-02-28 05:45:11,1
2023-02-28 05:48:26,1
2023-02-28 05:51:40,1
2023-02-28 05:54:55,1
2023-02-28 05:58:10,1
2023-02-28 06:01:24,1
2023-02-28 06:04:39,1
2023-02-28 06:07:53,1
2023-02-28 06:11:08,0
2023-02-28 06:14:22,0
2023-02-28 06:17:37,0
2023-02-28 06:20:51,0
2023-02-28 06:24:06,0
2023-02-28 06:27:21,0
2023-02-28 06:30:36,0
2023-02-28 06:33:50,0
2023-02-28 06:37:06,0
2023-02-28 06:40:20,0
2023-02-28 06:43:35,0
2023-02-28 06:46:50,0
2023-02-28 06:50:05,0
2023-02-28 06:53:20,0
2023-02-28 06:56:34,0
2023-02-28 06:59:49,0
2023-02-28 07:03:03,0
2023-02-28 07:06:18,0
2023-02-28 07:09:33,0
2023-02-28 07:12:47,0
2023-02-28 07:16:02,0
2023-02-28 07:19:16,0
2023-02-28 07:22:31,0
2023-02-28 07:25:46,0
2023-02-28 07:29:00,0
2023-02-28 07:32:15,0
2023-02-28 07:35:30,0
2023-02-28 07:38:44,0
2023-02-28 07:41:59,0
2023-02-28 07:45:13,0
2023-02-28 07:48:28,0
2023-02-28 07:51:42,0
2023-02-28 07:54:57,0
2023-02-28 07:58:11,0
2023-02-28 08:01:26,0
2023-02-28 08:04:41,0
2023-02-28 08:07:55,0
2023-02-28 08:11:10,0
2023-02-28 08:14:25,0
2023-02-28 08:17:40,0
2023-02-28 08:20:54,0
2023-02-28 08:24:10,0
2023-02-28 08:27:24,0
2023-02-28 08:30:38,0
2023-02-28 08:33:53,0
2023-02-28 08:37:08,0
2023-02-28 08:40:23,0
2023-02-28 08:43:37,0
2023-02-28 08:46:52,0
2023-02-28 08:50:07,0
2023-02-28 08:53:22,0
2023-02-28 08:56:37,0
2023-02-28 08:59:52,0
2023-02-28 09:03:07,0
2023-02-28 09:06:21,0
2023-02-28 09:09:36,0
2023-02-28 09:12:50,0
2023-02-28 09:16:05,0
2023-02-28 09:19:19,0
2023-02-28 09:22:34,0
2023-02-28 09:25:48,0
2023-02-28 09:29:03,0
2023-02-28 09:32:18,0
2023-02-28 09:35:33,0
2023-02-28 09:38:47,0
2023-02-28 09:42:02,0
2023-02-28 09:45:16,0
2023-02-28 09:48:31,0
2023-02-28 09:51:45,0
2023-02-28 09:55:00,0
2023-02-28 09:58:14,0
2023-02-28 10:01:29,0
2023-02-28 10:04:43,0
2023-02-28 10:07:58,0
2023-02-28 10:11:13,0
2023-02-28 10:14:28,0
2023-02-28 10:17:42,0
2023-02-28 10:20:57,0
2023-02-28 10:24:12,0
2023-02-28 10:27:27,0
2023-02-28 10:30:42,0
2023-02-28 10:33:57,0
2023-02-28 10:37:12,0
2023-02-28 10:40:27,0
2023-02-28 10:43:41,0
2023-02-28 10:46:57,0
2023-02-28 10:50:11,0
2023-02-28 10:53:26,0
2023-02-28 10:56:40,0
2023-02-28 10:59:55,0
2023-02-28 11:03:10,0
2023-02-28 11:06:24,0
2023-02-28 11:09:39,0
2023-02-28 11:12:54,0
2023-02-28 11:16:08,0
2023-02-28 11:19:23,0
2023-02-28 11:22:38,0
2023-02-28 11:25:53,0
2023-02-28 11:29:07,0
2023-02-28 11:32:22,0
2023-02-28 11:35:36,0
2023-02-28 11:38:51,0
2023-02-28 11:42:06,0
2023-02-28 11:45:21,0
2023-02-28 11:48:35,0
2023-02-28 11:51:51,0
2023-02-28 11:55:06,0
2023-02-28 11:58:20,0
2023-02-28 12:01:35,0
2023-02-28 12:04:50,0
2023-02-28 12:08:04,0
2023-02-28 12:11:19,0
2023-02-28 12:14:34,0
2023-02-28 12:17:49,0
2023-02-28 12:21:03,0
2023-02-28 12:24:18,0
2023-02-28 12:27:33,0
2023-02-28 12:30:48,0
2023-02-28 12:34:03,0
2023-02-28 12:37:17,0
2023-02-28 12:40:32,0
2023-02-28 12:43:47,0
2023-02-28 12:47:02,0
2023-02-28 12:50:16,0
2023-02-28 12:53:31,0
2023-02-28 12:56:45,0
2023-02-28 13:00:00,0
2023-02-28 13:03:15,0
2023-02-28 13:06:31,0
2023-02-28 13:09:46,0
2023-02-28 13:13:00,0
2023-02-28 13:16:15,0
2023-02-28 13:19:29,0
2023-02-28 13:22:44,0
2023-02-28 13:25:59,0
2023-02-28 13:29:14,0
2023-02-28 13:32:29,0
2023-02-28 13:35:43,0
2023-02-28 13:38:58,0
2023-02-28 13:42:13,0
2023-02-28 13:45:27,0
2023-02-28 13:48:42,0
2023-02-28 13:51:57,0
2023-02-28 13:55:12,0
2023-02-28 13:58:27,0
2023-02-28 14:01:42,0
2023-02-28 14:04:57,0
2023-02-28 14:08:12,0
2023-02-28 14:11:27,0
2023-02-28 14:14:42,0
2023-02-28 14:17:56,0
2023-02-28 14:21:11,0
2023-02-28 14:24:26,0
2023-02-28 14:27:41,0
2023-02-28 14:30:56,0
2023-02-28 14:34:11,0
2023-02-28 14:37:25,0
2023-02-28 14:40:40,0
2023-02-28 14:43:55,0
2023-02-28 14:47:10,0
2023-02-28 14:50:25,0
2023-02-28 14:53:39,0
2023-02-28 14:56:54,0
2023-02-28 15:00:09,0
2023-02-28 15:03:24,0
2023-02-28 15:06:39,0
2023-02-28 15:09:55,0
2023-02-28 15:13:10,0
2023-02-28 15:16:24,0
2023-02-28 15:19:39,0
2023-02-28 15:22:53,0
2023-02-28 15:26:08,0
2023-02-28 15:29:23,0
2023-02-28 15:32:38,0
2023-02-28 15:35:52,0
2023-02-28 15:39:07,0
2023-02-28 15:42:22,0
2023-02-28 15:45:36,0
2023-02-28 15:48:51,0
2023-02-28 15:52:06,0
2023-02-28 15:55:20,0
2023-02-28 15:58:35,0
2023-02-28 16:01:50,0
2023-02-28 16:05:05,0
2023-02-28 16:08:20,0
2023-02-28 16:11:34,0
2023-02-28 16:14:50,0
2023-02-28 16:18:05,0
2023-02-28 16:21:19,0
2023-02-28 16:24:34,0
2023-02-28 16:27:48,0
2023-02-28 16:31:03,0
2023-02-28 16:34:18,0
2023-02-28 16:37:33,0
2023-02-28 16:40:48,0
2023-02-28 16:44:02,0
2023-02-28 16:47:18,0
2023-02-28 16:50:33,0
2023-02-28 16:53:48,0
2023-02-28 16:57:03,0
2023-02-28 17:00:17,0
2023-02-28 17:03:33,0
2023-02-28 17:06:49,0
2023-02-28 17:10:04,0
2023-02-28 17:13:18,0
2023-02-28 17:16:34,0
2023-02-28 17:19:49,0
2023-02-28 17:23:03,0
2023-02-28 17:26:18,0
2023-02-28 17:29:33,0
2023-02-28 17:32:48,0
2023-02-28 17:36:02,0
2023-02-28 17:39:17,0
2023-02-28 17:42:31,0
2023-02-28 17:45:47,0
2023-02-28 17:49:01,0
2023-02-28 17:52:16,0
2023-02-28 17:55:31,0
2023-02-28 17:58:46,0
2023-02-28 18:02:00,0
2023-02-28 18:05:15,0
2023-02-28 18:08:30,0
2023-02-28 18:11:44,0
2023-02-28 18:14:59,0
2023-02-28 18:18:14,0
2023-02-28 18:21:29,0
2023-02-28 18:24:44,0
2023-02-28 18:27:58,0
2023-02-28 18:31:13,0
2023-02-28 18:34:28,0
2023-02-28 18:37:43,0
2023-02-28 18:40:57,0
2023-02-28 18:44:12,0
2023-02-28 18:47:27,0
2023-02-28 18:50:42,0
2023-02-28 18:53:57,0
2023-02-28 18:57:11,0
2023-02-28 19:00:26,0
2023-02-28 19:03:40,0
2023-02-28 19:06:55,0
2023-02-28 19:10:10,0
2023-02-28 19:13:24,0
2023-02-28 19:16:39,0
2023-02-28 19:19:54,0
2023-02-28 19:23:10,0
2023-02-28 19:26:25,0
2023-02-28 19:29:39,0
2023-02-28 19:32:54,0
2023-02-28 19:36:09,0
2023-02-28 19:39:24,0
2023-02-28 19:42:39,0
2023-02-28 19:45:54,0
2023-02-28 19:49:08,0
2023-02-28 19:52:23,0
2023-02-28 19:55:37,0
2023-02-28 19:58:52,0
2023-02-28 20:02:07,0
2023-02-28 20:05:22,0
2023-02-28 20:08:37,0
2023-02-28 20:11:52,0
2023-02-28 20:15:07,0
2023-02-28 20:18:22,0
2023-02-28 20:21:37,0
2023-02-28 20:24:52,0
2023-02-28 20:28:07,0
2023-02-28 20:31:21,0
2023-02-28 20:34:36,0
2023-02-28 20:37:51,0
2023-02-28 20:41:05,0
2023-02-28 20:44:20,0
2023-02-28 20:47:34,0
2023-02-28 20:50:49,0
2023-02-28 20:54:04,0
2023-02-28 20:57:19,0
2023-02-28 21:00:34,0
2023-02-28 21:03:49,0
2023-02-28 21:07:03,0
2023-02-28 21:10:18,0
2023-02-28 21:13:33,0
2023-02-28 21:16:48,0
2023-02-28 21:20:03,0
2023-02-28 21:23:18,0
2023-02-28 21:26:33,0
2023-02-28 21:29:47,0
2023-02-28 21:33:02,0
2023-02-28 21:36:17,0
2023-02-28 21:39:32,0
2023-02-28 21:42:46,0
2023-02-28 21:46:01,0
2023-02-28 21:49:16,0
2023-02-28 21:52:30,0
2023-02-28 21:55:45,0
2023-02-28 21:59:00,0
2023-02-28 22:02:15,0
2023-02-28 22:05:29,0
2023-02-28 22:08:44,0
2023-02-28 22:11:59,0
2023-02-28 22:15:13,0
2023-02-28 22:18:28,0
2023-02-28 22:21:43,0
2023-02-28 22:24:58,0
2023-02-28 22:28:13,0
2023-02-28 22:31:28,0
2023-02-28 22:34:42,0
2023-02-28 22:37:58,0
2023-02-28 22:41:13,0
2023-02-28 22:44:27,0
2023-02-28 22:47:42,0
2023-02-28 22:50:57,0
2023-02-28 22:54:12,0
2023-02-28 22:57:26,0
2023-02-28 23:00:41,0
2023-02-28 23:03:55,0
2023-02-28 23:07:10,0
2023-02-28 23:10:25,0
2023-02-28 23:13:40,0
2023-02-28 23:16:55,0
2023-02-28 23:20:10,0
2023-02-28 23:23:24,0
2023-02-28 23:26:39,0
2023-02-28 23:29:54,0
2023-02-28 23:33:09,0
2023-02-28 23:36:24,0
2023-02-28 23:39:39,0
2023-02-28 23:42:53,0
2023-02-28 23:46:07,0
2023-02-28 23:49:22,0
2023-02-28 23:52:36,0
2023-02-28 23:55:51,0
2023-02-28 23:59:05,0
2023-03-01 00:02:20,0
2023-03-01 00:05:34,0
2023-03-01 00:08:49,0
2023-03-01 00:12:04,0
2023-03-01 00:15:19,0
2023-03-01 00:18:34,0
2023-03-01 00:21:49,0
2023-03-01 00:25:03,0
2023-03-01 00:28:18,0
2023-03-01 00:31:33,0
2023-03-01 00:34:48,0
2023-03-01 00:38:03,0
2023-03-01 00:41:17,0
2023-03-01 00:44:32,0
2023-03-01 00:47:47,0
2023-03-01 00:51:02,0
2023-03-01 00:54:16,0
2023-03-01 00:57:31,0
2023-03-01 01:00:46,0
2023-03-01 01:04:01,0
2023-03-01 01:07:15,0
2023-03-01 01:10:30,0
2023-03-01 01:13:45,0
2023-03-01 01:17:00,0
2023-03-01 01:20:14,0
2023-03-01 01:23:29,0
2023-03-01 01:26:44,0
2023-03-01 01:29:58,0
2023-03-01 01:33:13,0
2023-03-01 01:36:28,0
2023-03-01 01:39:43,0
2023-03-01 01:42:58,0
2023-03-01 01:46:12,0
2023-03-01 01:49:27,0
2023-03-01 01:52:42,0
2023-03-01 01:55:57,0
2023-03-01 01:59:11,0
2023-03-01 02:02:31,0
2023-03-01 02:05:46,0
2023-03-01 02:09:01,0
2023-03-01 02:12:16,0
2023-03-01 02:15:30,0
2023-03-01 02:18:45,0
2023-03-01 02:22:00,0
2023-03-01 02:25:14,0
2023-03-01 02:28:30,0
2023-03-01 02:31:44,0
2023-03-01 02:34:59,0
2023-03-01 02:38:14,0
2023-03-01 02:41:29,0
2023-03-01 02:44:43,0
2023-03-01 02:47:58,0
2023-03-01 02:51:13,0
2023-03-01 02:54:28,0
2023-03-01 02:57:43,0
2023-03-01 03:00:57,0
2023-03-01 03:04:12,0
2023-03-01 03:07:27,0
2023-03-01 03:10:49,0
2023-03-01 03:14:04,0
2023-03-01 03:17:18,0
2023-03-01 03:20:33,0
2023-03-01 03:23:47,0
2023-03-01 03:27:02,0
2023-03-01 03:30:17,0
2023-03-01 03:33:31,0
2023-03-01 03:36:47,0
2023-03-01 03:40:02,0
2023-03-01 03:43:16,0
2023-03-01 03:46:32,0
2023-03-01 03:49:47,0
2023-03-01 03:53:01,0
2023-03-01 03:56:16,0
2023-03-01 03:59:31,0
2023-03-01 04:02:45,0
2023-03-01 04:06:00,0
2023-03-01 04:09:15,0
2023-03-01 04:12:30,0
2023-03-01 04:15:46,0
2023-03-01 04:19:01,0
2023-03-01 04:22:15,0
2023-03-01 04:25:30,0
2023-03-01 04:28:45,0
2023-03-01 04:32:00,0
2023-03-01 04:35:14,0
2023-03-01 04:38:29,0
2023-03-01 04:41:45,0
2023-03-01 04:44:59,0
2023-03-01 04:48:14,0
2023-03-01 04:51:29,0
2023-03-01 04:54:44,0
2023-03-01 04:57:59,0
2023-03-01 05:01:13,0
2023-03-01 05:04:28,0
2023-03-01 05:07:43,0
2023-03-01 05:10:58,0
2023-03-01 05:14:13,0
2023-03-01 05:17:28,0
2023-03-01 05:20:43,0
2023-03-01 05:23:58,0
2023-03-01 05:27:13,0
2023-03-01 05:30:27,0
2023-03-01 05:33:42,0
2023-03-01 05:36:57,0
2023-03-01 05:40:11,0
2023-03-01 05:43:26,0
2023-03-01 05:46:41,0
2023-03-01 05:49:55,0
2023-03-01 05:53:10,0
2023-03-01 05:56:25,0
2023-03-01 05:59:40,0
2023-03-01 06:02:55,1
2023-03-01 06:06:10,1
2023-03-01 06:09:24,1
2023-03-01 06:12:39,0
2023-03-01 06:15:54,0
2023-03-01 06:19:09,0
2023-03-01 06:22:24,0
2023-03-01 06:25:38,0
2023-03-01 06:28:53,0
2023-03-01 06:32:08,1
2023-03-01 06:35:23,1
2023-03-01 06:38:38,1
2023-03-01 06:41:53,0
2023-03-01 06:45:07,0
2023-03-01 06:48:22,0
2023-03-01 06:51:37,0
2023-03-01 06:54:51,0
2023-03-01 06:58:06,0
2023-03-01 07:01:21,0
2023-03-01 07:04:36,1
2023-03-01 07:07:50,1
2023-03-01 07:11:05,1
2023-03-01 07:14:20,0
2023-03-01 07:17:35,0
2023-03-01 07:20:49,0
2023-03-01 07:24:04,0
2023-03-01 07:27:19,0
2023-03-01 07:30:34,0
2023-03-01 07:33:49,0
2023-03-01 07:37:03,0
2023-03-01 07:40:18,0
2023-03-01 07:43:33,0
2023-03-01 07:46:48,0
2023-03-01 07:50:03,0
2023-03-01 07:53:17,0
2023-03-01 07:56:32,0
2023-03-01 07:59:47,0
2023-03-01 08:03:02,0
2023-03-01 08:06:17,0
2023-03-01 08:09:31,0
2023-03-01 08:12:46,0
2023-03-01 08:16:02,0
2023-03-01 08:19:16,0
2023-03-01 08:22:31,0
2023-03-01 08:25:46,0
2023-03-01 08:29:01,0
2023-03-01 08:32:16,0
2023-03-01 08:35:31,0
2023-03-01 08:38:46,0
2023-03-01 08:42:00,0
2023-03-01 08:45:15,0
2023-03-01 08:48:30,0
2023-03-01 08:51:45,0
2023-03-01 08:55:00,0
2023-03-01 08:58:14,0
2023-03-01 09:01:29,0
2023-03-01 09:04:43,0
2023-03-01 09:07:57,0
2023-03-01 09:11:12,0
2023-03-01 09:14:27,0
2023-03-01 09:17:42,0
2023-03-01 09:20:56,0
2023-03-01 09:24:11,0
2023-03-01 09:27:26,0
2023-03-01 09:30:40,0
2023-03-01 09:33:55,0
2023-03-01 09:37:11,0
2023-03-01 09:40:26,0
2023-03-01 09:43:40,0
2023-03-01 09:46:55,0
2023-03-01 09:50:10,0
2023-03-01 09:53:24,0
2023-03-01 09:56:39,0
2023-03-01 09:59:54,0
2023-03-01 10:03:09,0
2023-03-01 10:06:23,0
2023-03-01 10:09:38,0
2023-03-01 10:12:53,0
2023-03-01 10:16:08,0
2023-03-01 10:19:23,0
2023-03-01 10:22:37,0
2023-03-01 10:25:52,0
2023-03-01 10:29:07,0
2023-03-01 10:32:22,0
2023-03-01 10:35:36,0
2023-03-01 10:38:52,0
2023-03-01 10:42:06,0
2023-03-01 10:45:21,0
2023-03-01 10:48:36,0
2023-03-01 10:51:51,0
2023-03-01 10:55:06,0
2023-03-01 10:58:21,0
2023-03-01 11:01:35,0
2023-03-01 11:04:50,0
2023-03-01 11:08:05,0
2023-03-01 11:11:20,0
2023-03-01 11:14:34,0
2023-03-01 11:17:49,0
2023-03-01 11:21:04,0
2023-03-01 11:24:18,0
2023-03-01 11:27:33,0
2023-03-01 11:30:48,0
2023-03-01 11:34:03,0
2023-03-01 11:37:18,1
2023-03-01 11:40:32,1
2023-03-01 11:43:47,1
2023-03-01 11:47:02,1
2023-03-01 11:50:16,0
2023-03-01 11:53:31,0
2023-03-01 11:56:46,0
2023-03-01 12:00:01,1
2023-03-01 12:03:16,1
2023-03-01 12:06:30,1
2023-03-01 12:09:46,0
2023-03-01 12:13:00,0
2023-03-01 12:16:15,0
2023-03-01 12:19:30,0
2023-03-01 12:22:45,0
2023-03-01 12:26:00,0
2023-03-01 12:29:14,0
2023-03-01 12:32:29,0
2023-03-01 12:35:44,0
2023-03-01 12:38:59,0
2023-03-01 12:42:14,0
2023-03-01 12:45:28,0
2023-03-01 12:48:43,0
2023-03-01 12:51:57,0
2023-03-01 12:55:12,0
2023-03-01 12:58:27,0
2023-03-01 13:01:42,0
2023-03-01 13:04:57,0
2023-03-01 13:08:12,0
2023-03-01 13:11:27,0
2023-03-01 13:14:42,0
2023-03-01 13:17:57,0
2023-03-01 13:21:12,0
2023-03-01 13:24:27,1
2023-03-01 13:27:43,1
2023-03-01 13:30:58,1
2023-03-01 13:34:13,0
2023-03-01 13:37:28,0
2023-03-01 13:40:43,0
2023-03-01 13:43:58,0
2023-03-01 13:47:13,0
2023-03-01 13:50:28,0
2023-03-01 13:53:43,0
2023-03-01 13:56:58,0
2023-03-01 14:00:13,0
2023-03-01 14:03:28,0
2023-03-01 14:06:43,0
2023-03-01 14:09:58,0
2023-03-01 14:13:13,0
2023-03-01 14:16:28,0
2023-03-01 14:19:43,0
2023-03-01 14:22:58,0
2023-03-01 14:26:12,0
2023-03-01 14:29:40,0
2023-03-01 14:32:55,0
2023-03-01 14:36:10,0
2023-03-01 14:39:24,0
2023-03-01 14:42:38,0
2023-03-01 14:45:53,0
2023-03-01 14:49:08,0
2023-03-01 14:52:23,0
2023-03-01 14:55:38,0
2023-03-01 14:58:54,0
2023-03-01 15:02:09,0
2023-03-01 15:05:24,0
2023-03-01 15:08:39,0
2023-03-01 15:11:55,0
2023-03-01 15:15:09,0
2023-03-01 15:18:24,0
2023-03-01 15:21:39,0
2023-03-01 15:24:54,0
2023-03-01 15:28:09,0
2023-03-01 15:31:25,0
2023-03-01 15:34:39,0
2023-03-01 15:37:55,0
2023-03-01 15:41:10,0
2023-03-01 15:44:24,0
2023-03-01 15:47:39,0
2023-03-01 15:50:54,0
2023-03-01 15:54:08,0
2023-03-01 15:57:24,0
2023-03-01 16:00:39,0
2023-03-01 16:03:53,0
2023-03-01 16:07:08,0
2023-03-01 16:10:23,0
2023-03-01 16:13:38,0
2023-03-01 16:16:53,0
2023-03-01 16:20:08,0
2023-03-01 16:23:23,0
2023-03-01 16:26:37,0
2023-03-01 16:29:52,0
2023-03-01 16:33:07,0
2023-03-01 16:36:22,0
2023-03-01 16:39:37,0
2023-03-01 16:42:52,0
2023-03-01 16:46:07,0
2023-03-01 16:49:22,0
2023-03-01 16:52:38,0
2023-03-01 16:55:52,0
2023-03-01 16:59:07,0
2023-03-01 17:02:22,0
2023-03-01 17:05:37,0
2023-03-01 17:08:52,0
2023-03-01 17:12:06,0
2023-03-01 17:15:21,0
2023-03-01 17:18:36,0
2023-03-01 17:21:51,0
2023-03-01 17:25:06,1
2023-03-01 17:28:21,1
2023-03-01 17:31:36,1
2023-03-01 17:34:51,1
2023-03-01 17:38:06,1
2023-03-01 17:41:21,1
2023-03-01 17:44:35,1
2023-03-01 17:47:50,0
2023-03-01 17:51:05,0
2023-03-01 17:54:20,0
2023-03-01 17:57:35,0
2023-03-01 18:00:50,0
2023-03-01 18:04:04,0
2023-03-01 18:07:19,0
2023-03-01 18:10:34,0
2023-03-01 18:13:49,0
2023-03-01 18:17:04,0
2023-03-01 18:20:19,0
2023-03-01 18:23:34,0
2023-03-01 18:26:49,0
2023-03-01 18:30:04,0
2023-03-01 18:33:18,0
2023-03-01 18:36:33,0
2023-03-01 18:39:48,0
2023-03-01 18:43:03,0
2023-03-01 18:46:18,0
2023-03-01 18:49:33,0
2023-03-01 18:52:48,0
2023-03-01 18:56:03,0
2023-03-01 18:59:17,0
2023-03-01 19:02:32,0
2023-03-01 19:05:47,0
2023-03-01 19:09:02,0
2023-03-01 19:12:16,0
2023-03-01 19:15:31,0
2023-03-01 19:18:46,0
2023-03-01 19:22:01,0
2023-03-01 19:25:16,0
2023-03-01 19:28:31,0
2023-03-01 19:31:47,0
2023-03-01 19:35:02,0
2023-03-01 19:38:17,0
2023-03-01 19:41:31,0
2023-03-01 19:44:46,0
2023-03-01 19:48:01,0
2023-03-01 19:51:17,0
2023-03-01 19:54:32,0
2023-03-01 19:57:47,0
2023-03-01 20:01:03,0
2023-03-01 20:04:18,0
2023-03-01 20:07:33,0
2023-03-01 20:10:48,0
2023-03-01 20:14:02,0
2023-03-01 20:17:17,0
2023-03-01 20:20:33,0
2023-03-01 20:23:47,0
2023-03-01 20:27:02,0
2023-03-01 20:30:18,0
2023-03-01 20:33:33,0
2023-03-01 20:36:48,0
2023-03-01 20:40:03,0
2023-03-01 20:43:17,0
2023-03-01 20:46:32,0
2023-03-01 20:49:47,0
2023-03-01 20:53:02,0
2023-03-01 20:56:17,0
2023-03-01 20:59:32,0
2023-03-01 21:02:47,0
2023-03-01 21:06:02,0
2023-03-01 21:09:17,0
2023-03-01 21:12:32,0
2023-03-01 21:15:47,0
2023-03-01 21:19:03,0
2023-03-01 21:22:18,0
2023-03-01 21:25:33,0
2023-03-01 21:28:48,0
2023-03-01 21:32:03,0
2023-03-01 21:35:18,0
2023-03-01 21:38:33,0
2023-03-01 21:41:49,0
2023-03-01 21:46:04,0
2023-03-01 21:49:20,0
2023-03-01 21:52:35,0
2023-03-01 21:55:49,0
2023-03-01 21:59:04,0
2023-03-01 22:02:20,0
2023-03-01 22:05:34,0
2023-03-01 22:08:49,0
2023-03-01 22:12:05,0
2023-03-01 22:15:20,0
2023-03-01 22:18:34,1
2023-03-01 22:21:49,1
2023-03-01 22:25:04,1
2023-03-01 22:28:19,1
2023-03-01 22:31:34,1
2023-03-01 22:34:49,1
2023-03-01 22:38:04,1
2023-03-01 22:41:19,1
2023-03-01 22:44:34,1
2023-03-01 22:47:49,1
2023-03-01 22:51:04,1
2023-03-01 22:54:20,1
2023-03-01 22:57:34,1
2023-03-01 23:00:49,1
2023-03-01 23:04:04,1
2023-03-01 23:07:19,1
2023-03-01 23:10:33,1
2023-03-01 23:13:48,1
2023-03-01 23:17:03,1
2023-03-01 23:20:18,1
2023-03-01 23:23:32,1
2023-03-01 23:26:48,1
2023-03-01 23:30:03,1
2023-03-01 23:33:17,1
2023-03-01 23:36:32,1
2023-03-01 23:39:48,1
2023-03-01 23:43:02,1
2023-03-01 23:46:17,1
2023-03-01 23:49:32,1
2023-03-01 23:52:47,1
2023-03-01 23:56:01,1
2023-03-01 23:59:16,1
2023-03-02 00:02:31,1
2023-03-02 00:05:45,0
2023-03-02 00:09:00,0
2023-03-02 00:12:15,0
2023-03-02 00:15:30,1
2023-03-02 00:18:45,1
2023-03-02 00:22:00,1
2023-03-02 00:25:15,1
2023-03-02 00:28:30,1
2023-03-02 00:31:45,1
2023-03-02 00:35:00,1
2023-03-02 00:38:16,1
2023-03-02 00:41:31,1
2023-03-02 00:44:46,1
2023-03-02 00:48:01,1
2023-03-02 00:51:16,1
2023-03-02 00:54:31,1
2023-03-02 00:57:46,1
2023-03-02 01:01:01,1
2023-03-02 01:04:16,1
2023-03-02 01:07:31,1
2023-03-02 01:10:46,1
2023-03-02 01:14:01,1
2023-03-02 01:17:17,1
2023-03-02 01:20:32,1
2023-03-02 01:23:47,1
2023-03-02 01:27:02,1
2023-03-02 01:30:17,1
2023-03-02 01:33:34,1
2023-03-02 01:36:49,1
2023-03-02 01:40:04,1
2023-03-02 01:43:20,1
2023-03-02 01:46:35,1
2023-03-02 01:49:50,1
2023-03-02 01:53:05,1
2023-03-02 01:56:21,1
2023-03-02 01:59:36,1
2023-03-02 02:02:51,0
2023-03-02 02:06:06,0
2023-03-02 02:09:26,0
2023-03-02 02:12:41,0
2023-03-02 02:15:56,0
2023-03-02 02:19:10,0
2023-03-02 02:22:25,0
2023-03-02 02:25:40,0
2023-03-02 02:28:55,0
2023-03-02 02:32:10,0
2023-03-02 02:35:24,0
2023-03-02 02:38:40,0
2023-03-02 02:41:55,0
2023-03-02 02:45:10,0
2023-03-02 02:48:25,0
2023-03-02 02:51:40,0
2023-03-02 02:54:55,0
2023-03-02 02:58:10,0
2023-03-02 03:01:25,0
2023-03-02 03:04:39,0
2023-03-02 03:07:54,0
2023-03-02 03:11:08,0
2023-03-02 03:14:23,0
2023-03-02 03:17:38,0
2023-03-02 03:20:52,0
2023-03-02 03:24:07,0
2023-03-02 03:27:23,0
2023-03-02 03:30:37,0
2023-03-02 03:33:52,0
2023-03-02 03:37:07,1
2023-03-02 03:40:22,1
2023-03-02 03:43:37,1
2023-03-02 03:46:52,0
2023-03-02 03:50:07,0
2023-03-02 03:53:22,0
2023-03-02 03:56:37,1
2023-03-02 03:59:52,1
2023-03-02 04:03:07,1
2023-03-02 04:06:22,1
2023-03-02 04:09:37,1
2023-03-02 04:12:51,1
2023-03-02 04:16:06,1
2023-03-02 04:19:21,0
2023-03-02 04:22:36,0
2023-03-02 04:25:51,0
2023-03-02 04:29:06,1
2023-03-02 04:32:20,1
2023-03-02 04:35:36,1
2023-03-02 04:38:51,1
2023-03-02 04:42:06,1
2023-03-02 04:45:21,1
2023-03-02 04:48:36,0
2023-03-02 04:51:51,0
2023-03-02 04:55:05,0
2023-03-02 04:58:20,0
2023-03-02 05:01:34,1
2023-03-02 05:04:49,1
2023-03-02 05:08:06,1
2023-03-02 05:11:21,0
2023-03-02 05:14:37,0
2023-03-02 05:17:52,0
2023-03-02 05:21:07,0
2023-03-02 05:24:21,0
2023-03-02 05:27:36,0
2023-03-02 05:30:54,0
2023-03-02 05:34:10,0
2023-03-02 05:37:25,0
2023-03-02 05:40:40,0
2023-03-02 05:43:55,0
2023-03-02 05:47:10,0
2023-03-02 05:50:25,0
2023-03-02 05:53:40,0
2023-03-02 05:56:55,0
2023-03-02 06:00:10,0
2023-03-02 06:03:25,0
2023-03-02 06:06:40,0
2023-03-02 06:09:55,0
2023-03-02 06:13:10,0
2023-03-02 06:16:25,0
2023-03-02 06:19:40,0
2023-03-02 06:22:54,0
2023-03-02 06:26:09,0
2023-03-02 06:29:24,0
2023-03-02 06:32:39,0
2023-03-02 06:35:54,0
2023-03-02 06:39:09,0
2023-03-02 06:42:23,0
2023-03-02 06:45:38,0
2023-03-02 06:48:53,0
2023-03-02 06:52:08,0
2023-03-02 06:55:22,0
2023-03-02 06:58:38,0
2023-03-02 07:01:53,0
2023-03-02 07:05:08,0
2023-03-02 07:08:30,0
2023-03-02 07:11:45,0
2023-03-02 07:15:00,0
2023-03-02 07:18:15,0
2023-03-02 07:21:30,0
2023-03-02 07:24:45,0
2023-03-02 07:28:00,0
2023-03-02 07:31:15,0
2023-03-02 07:34:35,0
2023-03-02 07:37:51,0
2023-03-02 07:41:05,0
2023-03-02 07:44:21,0
2023-03-02 07:47:36,0
2023-03-02 07:50:50,0
2023-03-02 07:54:05,0
2023-03-02 07:57:20,0
2023-03-02 08:00:35,0
2023-03-02 08:03:50,0
2023-03-02 08:07:04,0
2023-03-02 08:10:19,0
2023-03-02 08:13:34,0
2023-03-02 08:16:49,0
2023-03-02 08:20:04,0
2023-03-02 08:23:19,0
2023-03-02 08:26:34,0
2023-03-02 08:29:49,0
2023-03-02 08:33:04,0
2023-03-02 08:36:18,0
2023-03-02 08:39:33,0
2023-03-02 08:42:48,0
2023-03-02 08:46:02,0
2023-03-02 08:49:17,0
2023-03-02 08:52:32,0
2023-03-02 08:55:47,0
2023-03-02 08:59:02,0
2023-03-02 09:02:17,0
2023-03-02 09:05:32,0
2023-03-02 09:08:47,0
2023-03-02 09:12:02,0
2023-03-02 09:15:17,0
2023-03-02 09:18:31,0
2023-03-02 09:21:47,0
2023-03-02 09:25:02,0
2023-03-02 09:28:17,0
2023-03-02 09:31:32,0
2023-03-02 09:34:46,0
2023-03-02 09:38:01,0
2023-03-02 09:41:16,0
2023-03-02 09:44:31,0
2023-03-02 09:47:45,0
2023-03-02 09:51:00,0
2023-03-02 09:54:15,0
2023-03-02 09:57:30,0
2023-03-02 10:00:45,0
2023-03-02 10:03:59,0
2023-03-02 10:07:14,0
2023-03-02 10:10:29,0
2023-03-02 10:13:43,0
2023-03-02 10:16:58,0
2023-03-02 10:20:13,0
2023-03-02 10:23:28,0
2023-03-02 10:26:49,0
2023-03-02 10:30:04,0
2023-03-02 10:33:19,0
2023-03-02 10:36:34,0
2023-03-02 10:39:49,0
2023-03-02 10:43:04,0
2023-03-02 10:46:18,0
2023-03-02 10:49:33,0
2023-03-02 10:52:49,0
2023-03-02 10:56:03,0
2023-03-02 10:59:19,0
2023-03-02 11:02:33,0
2023-03-02 11:05:48,0
2023-03-02 11:09:03,0
2023-03-02 11:12:17,0
2023-03-02 11:15:32,0
2023-03-02 11:18:47,0
2023-03-02 11:22:02,0
2023-03-02 11:25:17,0
2023-03-02 11:28:32,0
2023-03-02 11:31:47,0
2023-03-02 11:35:02,0
2023-03-02 11:38:17,0
2023-03-02 11:41:32,0
2023-03-02 11:44:47,0
2023-03-02 11:48:02,0
2023-03-02 11:51:17,0
2023-03-02 11:54:31,0
2023-03-02 11:57:46,0
2023-03-02 12:01:00,0
2023-03-02 12:04:15,0
2023-03-02 12:07:31,0
2023-03-02 12:10:46,0
2023-03-02 12:14:01,0
2023-03-02 12:17:16,0
2023-03-02 12:20:31,0
2023-03-02 12:23:45,0
2023-03-02 12:27:00,0
2023-03-02 12:30:15,0
2023-03-02 12:33:30,0
2023-03-02 12:36:45,0
2023-03-02 12:40:00,0
2023-03-02 12:43:14,0
2023-03-02 12:46:29,0
2023-03-02 12:49:44,0
2023-03-02 12:53:03,0
2023-03-02 12:56:17,0
2023-03-02 12:59:32,0
2023-03-02 13:02:47,0
2023-03-02 13:06:02,0
2023-03-02 13:09:17,0
2023-03-02 13:12:32,0
2023-03-02 13:15:46,0
2023-03-02 13:19:01,0
2023-03-02 13:22:16,0
2023-03-02 13:25:31,0
2023-03-02 13:28:46,0
2023-03-02 13:32:01,0
2023-03-02 13:35:15,0
2023-03-02 13:38:31,0
2023-03-02 13:41:46,0
2023-03-02 13:45:00,0
2023-03-02 13:48:15,0
2023-03-02 13:51:30,0
2023-03-02 13:54:45,0
2023-03-02 13:57:59,0
2023-03-02 14:01:14,0
2023-03-02 14:04:29,0
2023-03-02 14:07:43,0
2023-03-02 14:10:58,0
2023-03-02 14:14:13,0
2023-03-02 14:17:28,0
2023-03-02 14:20:43,0
2023-03-02 14:23:57,0
2023-03-02 14:27:12,0
2023-03-02 14:30:27,0
2023-03-02 14:33:41,0
2023-03-02 14:36:56,0
2023-03-02 14:40:12,0
2023-03-02 14:43:27,0
2023-03-02 14:46:42,0
2023-03-02 14:49:57,0
2023-03-02 14:53:11,0
2023-03-02 14:56:26,0
2023-03-02 14:59:41,0
2023-03-02 15:02:56,0
2023-03-02 15:06:11,0
2023-03-02 15:09:26,0
2023-03-02 15:12:41,0
2023-03-02 15:15:56,0
2023-03-02 15:19:11,0
2023-03-02 15:22:26,0
2023-03-02 15:25:41,0
2023-03-02 15:28:57,0
2023-03-02 15:32:11,0
2023-03-02 15:35:26,0
2023-03-02 15:38:51,0
2023-03-02 15:42:06,0
2023-03-02 15:45:20,0
2023-03-02 15:48:35,0
2023-03-02 15:51:50,0
2023-03-02 15:55:05,0
2023-03-02 15:58:19,0
2023-03-02 16:01:34,0
2023-03-02 16:04:50,0
2023-03-02 16:08:05,0
2023-03-02 16:11:29,0
2023-03-02 16:14:44,0
2023-03-02 16:18:00,0
2023-03-02 16:21:15,0
2023-03-02 16:24:30,0
2023-03-02 16:27:45,0
2023-03-02 16:31:00,0
2023-03-02 16:34:14,0
2023-03-02 16:37:29,0
2023-03-02 16:40:44,0
2023-03-02 16:43:59,0
2023-03-02 16:47:13,0
2023-03-02 16:50:28,0
2023-03-02 16:53:43,0
2023-03-02 16:56:58,0
2023-03-02 17:00:13,0
2023-03-02 17:03:27,0
2023-03-02 17:06:43,0
2023-03-02 17:09:57,0
2023-03-02 17:13:12,0
2023-03-02 17:16:27,0
2023-03-02 17:19:42,0
2023-03-02 17:22:57,0
2023-03-02 17:26:12,0
2023-03-02 17:29:27,1
2023-03-02 17:32:42,1
2023-03-02 17:35:56,1
2023-03-02 17:39:11,1
2023-03-02 17:42:26,1
2023-03-02 17:45:42,1
2023-03-02 17:48:56,1
2023-03-02 17:52:11,1
2023-03-02 17:55:26,1
2023-03-02 17:58:41,1
2023-03-02 18:01:56,1
2023-03-02 18:05:14,1
2023-03-02 18:08:29,1
2023-03-02 18:11:44,0
2023-03-02 18:14:59,0
2023-03-02 18:18:15,0
2023-03-02 18:21:30,1
2023-03-02 18:24:45,1
2023-03-02 18:28:00,1
2023-03-02 18:31:15,1
2023-03-02 18:34:30,1
2023-03-02 18:37:44,1
2023-03-02 18:40:59,0
2023-03-02 18:44:14,0
2023-03-02 18:47:29,0
2023-03-02 18:50:44,0
2023-03-02 18:54:00,1
2023-03-02 18:57:14,1
2023-03-02 19:00:30,1
2023-03-02 19:03:45,1
2023-03-02 19:07:01,1
2023-03-02 19:10:16,1
2023-03-02 19:13:31,0
2023-03-02 19:16:46,0
2023-03-02 19:20:01,0
2023-03-02 19:23:16,1
2023-03-02 19:26:31,1
2023-03-02 19:29:47,1
2023-03-02 19:33:02,1
2023-03-02 19:36:17,0
2023-03-02 19:39:32,0
2023-03-02 19:42:47,0
2023-03-02 19:46:01,0
2023-03-02 19:49:17,0
2023-03-02 19:52:32,0
2023-03-02 19:55:46,1
2023-03-02 19:59:01,1
2023-03-02 20:02:16,1
2023-03-02 20:05:31,0
2023-03-02 20:08:46,0
2023-03-02 20:12:01,0
2023-03-02 20:15:16,0
2023-03-02 20:18:31,0
2023-03-02 20:21:46,0
2023-03-02 20:25:01,0
2023-03-02 20:28:16,0
2023-03-02 20:31:31,0
2023-03-02 20:34:46,0
2023-03-02 20:38:01,1
2023-03-02 20:41:15,1
2023-03-02 20:44:30,1
2023-03-02 20:47:45,0
2023-03-02 20:51:00,0
2023-03-02 20:54:15,0
2023-03-02 20:57:30,0
2023-03-02 21:00:44,0
2023-03-02 21:04:00,0
2023-03-02 21:07:14,0
2023-03-02 21:10:29,0
2023-03-02 21:13:54,0
2023-03-02 21:17:09,0
2023-03-02 21:20:23,0
2023-03-02 21:23:38,0
2023-03-02 21:26:53,0
2023-03-02 21:30:08,0
2023-03-02 21:33:24,0
2023-03-02 21:36:39,0
2023-03-02 21:39:54,0
2023-03-02 21:43:09,0
2023-03-02 21:46:24,0
2023-03-02 21:49:39,0
2023-03-02 21:52:53,0
2023-03-02 21:56:08,0
2023-03-02 21:59:24,0
2023-03-02 22:02:38,1
2023-03-02 22:05:53,1
2023-03-02 22:09:08,1
2023-03-02 22:12:23,1
2023-03-02 22:15:39,1
2023-03-02 22:18:54,1
2023-03-02 22:22:08,1
2023-03-02 22:25:23,1
2023-03-02 22:28:38,1
2023-03-02 22:31:53,0
2023-03-02 22:35:08,0
2023-03-02 22:38:23,0
2023-03-02 22:41:38,0
2023-03-02 22:44:53,1
2023-03-02 22:48:09,1
2023-03-02 22:51:23,1
2023-03-02 22:54:38,1
2023-03-02 22:57:53,1
2023-03-02 23:01:08,1
2023-03-02 23:04:23,1
2023-03-02 23:07:38,1
2023-03-02 23:10:52,1
2023-03-02 23:14:11,1
2023-03-02 23:17:26,1
2023-03-02 23:20:41,1
2023-03-02 23:23:55,1
2023-03-02 23:27:11,1
2023-03-02 23:30:25,1
2023-03-02 23:33:40,1
2023-03-02 23:36:55,1
2023-03-02 23:40:10,1
2023-03-02 23:43:25,1
2023-03-02 23:46:40,1
2023-03-02 23:49:56,1
2023-03-02 23:53:11,1
2023-03-02 23:56:26,1
2023-03-02 23:59:42,1
2023-03-03 00:02:58,1
2023-03-03 00:06:13,0
2023-03-03 00:09:28,0
2023-03-03 00:12:42,0
2023-03-03 00:15:57,0
2023-03-03 00:19:11,1
2023-03-03 00:22:26,1
2023-03-03 00:25:40,1
2023-03-03 00:28:54,1
2023-03-03 00:32:09,1
2023-03-03 00:35:23,1
2023-03-03 00:38:37,1
2023-03-03 00:41:52,1
2023-03-03 00:45:06,1
2023-03-03 00:48:21,1
2023-03-03 00:51:36,1
2023-03-03 00:54:51,1
2023-03-03 00:58:06,1
2023-03-03 01:01:20,1
2023-03-03 01:04:45,1
2023-03-03 01:08:00,1
2023-03-03 01:11:15,1
2023-03-03 01:14:29,1
2023-03-03 01:17:44,1
2023-03-03 01:20:59,1
2023-03-03 01:24:13,1
2023-03-03 01:27:28,1
2023-03-03 01:30:42,1
2023-03-03 01:33:57,1
2023-03-03 01:37:11,1
2023-03-03 01:40:26,1
2023-03-03 01:43:40,1
2023-03-03 01:46:55,1
2023-03-03 01:50:10,1
2023-03-03 01:53:24,1
2023-03-03 01:56:39,1
2023-03-03 01:59:53,1
2023-03-03 02:03:08,1
2023-03-03 02:06:22,1
2023-03-03 02:09:37,1
2023-03-03 02:13:00,1
2023-03-03 02:16:15,1
2023-03-03 02:19:29,1
2023-03-03 02:22:44,1
2023-03-03 02:25:59,1
2023-03-03 02:29:14,1
2023-03-03 02:32:28,1
2023-03-03 02:35:42,1
2023-03-03 02:39:00,1
2023-03-03 02:42:15,1
2023-03-03 02:45:29,1
2023-03-03 02:48:44,1
2023-03-03 02:51:59,1
2023-03-03 02:55:22,1
2023-03-03 02:58:37,1
2023-03-03 03:01:51,1
2023-03-03 03:05:06,1
2023-03-03 03:08:29,1
2023-03-03 03:11:43,1
2023-03-03 03:14:58,1
2023-03-03 03:18:12,1
2023-03-03 03:21:37,1
2023-03-03 03:24:52,1
2023-03-03 03:28:07,1
2023-03-03 03:31:22,1
2023-03-03 03:34:37,1
2023-03-03 03:37:52,1
2023-03-03 03:41:07,1
2023-03-03 03:44:21,1
2023-03-03 03:47:36,1
2023-03-03 03:50:51,1
2023-03-03 03:54:05,1
2023-03-03 03:57:20,1
2023-03-03 04:00:35,1
2023-03-03 04:03:49,1
2023-03-03 04:07:04,1
2023-03-03 04:10:18,0
2023-03-03 04:13:33,0
2023-03-03 04:16:47,0
2023-03-03 04:20:02,1
2023-03-03 04:23:17,1
2023-03-03 04:26:32,1
2023-03-03 04:29:52,1
2023-03-03 04:33:07,1
2023-03-03 04:36:22,1
2023-03-03 04:39:36,1
2023-03-03 04:42:51,1
2023-03-03 04:46:05,1
2023-03-03 04:49:19,1
2023-03-03 04:52:34,1
2023-03-03 04:55:48,1
2023-03-03 04:59:03,1
2023-03-03 05:02:18,1
2023-03-03 05:05:32,1
2023-03-03 05:08:47,1
2023-03-03 05:12:02,0
2023-03-03 05:15:16,0
2023-03-03 05:18:31,0
2023-03-03 05:21:46,0
2023-03-03 05:25:00,0
2023-03-03 05:28:14,0
2023-03-03 05:31:28,0
2023-03-03 05:34:43,0
2023-03-03 05:37:57,0
2023-03-03 05:41:12,0
2023-03-03 05:44:26,0
2023-03-03 05:47:41,0
2023-03-03 05:50:55,0
2023-03-03 05:54:10,0
2023-03-03 05:57:24,0
2023-03-03 06:00:39,0
2023-03-03 06:03:58,0
2023-03-03 06:07:13,0
2023-03-03 06:10:27,0
2023-03-03 06:13:42,0
2023-03-03 06:16:57,0
2023-03-03 06:20:12,0
2023-03-03 06:23:26,0
2023-03-03 06:26:41,0
2023-03-03 06:29:56,0
2023-03-03 06:33:11,0
2023-03-03 06:36:25,0
2023-03-03 06:39:40,0
2023-03-03 06:42:55,0
2023-03-03 06:46:09,0
2023-03-03 06:49:24,0
2023-03-03 06:52:39,0
2023-03-03 06:55:53,0
2023-03-03 06:59:08,0
2023-03-03 07:02:22,0
2023-03-03 07:05:37,0
2023-03-03 07:08:51,0
2023-03-03 07:12:06,0
2023-03-03 07:15:20,0
2023-03-03 07:18:35,0
2023-03-03 07:21:49,0
2023-03-03 07:25:04,0
2023-03-03 07:28:19,0
2023-03-03 07:31:34,0
2023-03-03 07:34:48,0
2023-03-03 07:38:03,0
2023-03-03 07:41:17,0
2023-03-03 07:44:32,0
2023-03-03 07:47:47,0
2023-03-03 07:51:02,0
2023-03-03 07:54:16,0
2023-03-03 07:57:31,0
2023-03-03 08:00:45,0
2023-03-03 08:04:00,0
2023-03-03 08:07:15,0
2023-03-03 08:10:29,0
2023-03-03 08:13:44,0
2023-03-03 08:16:58,0
2023-03-03 08:20:13,0
2023-03-03 08:23:27,0
2023-03-03 08:26:42,0
2023-03-03 08:29:56,0
2023-03-03 08:33:11,0
2023-03-03 08:36:25,0
2023-03-03 08:39:41,0
2023-03-03 08:42:55,0
2023-03-03 08:46:10,0
2023-03-03 08:49:24,0
2023-03-03 08:52:39,0
2023-03-03 08:55:53,0
2023-03-03 08:59:08,0
2023-03-03 09:02:22,0
2023-03-03 09:05:36,0
2023-03-03 09:08:51,0
2023-03-03 09:12:05,0
2023-03-03 09:15:20,0
2023-03-03 09:18:35,0
2023-03-03 09:21:50,0
2023-03-03 09:25:04,0
2023-03-03 09:28:18,0
2023-03-03 09:31:35,0
2023-03-03 09:34:49,0
2023-03-03 09:38:03,0
2023-03-03 09:41:18,0
2023-03-03 09:44:33,0
2023-03-03 09:47:47,0
2023-03-03 09:51:02,0
2023-03-03 09:54:16,0
2023-03-03 09:57:31,0
2023-03-03 10:00:46,0
2023-03-03 10:04:00,0
2023-03-03 10:07:14,0
2023-03-03 10:10:29,0
2023-03-03 10:13:44,0
2023-03-03 10:16:58,0
2023-03-03 10:20:13,0
2023-03-03 10:23:27,0
2023-03-03 10:26:42,0
2023-03-03 10:29:57,0
2023-03-03 10:33:11,0
2023-03-03 10:36:25,0
2023-03-03 10:39:40,0
2023-03-03 10:42:54,0
2023-03-03 10:46:09,0
2023-03-03 10:49:23,0
2023-03-03 10:52:37,0
2023-03-03 10:55:52,0
2023-03-03 10:59:07,0
2023-03-03 11:02:21,0
2023-03-03 11:05:36,0
2023-03-03 11:08:50,0
2023-03-03 11:12:05,0
2023-03-03 11:15:19,0
2023-03-03 11:18:34,0
2023-03-03 11:21:49,0
2023-03-03 11:25:03,0
2023-03-03 11:28:18,0
2023-03-03 11:31:33,0
2023-03-03 11:34:48,0
2023-03-03 11:38:02,0
2023-03-03 11:41:17,0
2023-03-03 11:44:31,0
2023-03-03 11:47:46,0
2023-03-03 11:51:00,0
2023-03-03 11:54:15,0
2023-03-03 11:57:29,0
2023-03-03 12:00:44,0
2023-03-03 12:03:58,0
2023-03-03 12:07:13,0
2023-03-03 12:10:28,0
2023-03-03 12:13:42,0
2023-03-03 12:16:57,0
2023-03-03 12:20:12,0
2023-03-03 12:23:27,0
2023-03-03 12:26:42,0
2023-03-03 12:29:56,0
2023-03-03 12:33:12,0
2023-03-03 12:36:26,0
2023-03-03 12:39:41,0
2023-03-03 12:42:56,0
2023-03-03 12:46:10,0
2023-03-03 12:49:25,0
2023-03-03 12:52:39,0
2023-03-03 12:55:54,0
2023-03-03 12:59:09,0
2023-03-03 13:02:23,0
2023-03-03 13:05:38,0
2023-03-03 13:08:52,0
2023-03-03 13:12:07,0
2023-03-03 13:15:23,0
2023-03-03 13:18:39,0
2023-03-03 13:21:53,0
2023-03-03 13:25:08,0
2023-03-03 13:28:23,0
2023-03-03 13:31:37,0
2023-03-03 13:34:52,0
2023-03-03 13:38:07,0
2023-03-03 13:41:21,0
2023-03-03 13:44:35,0
2023-03-03 13:47:50,0
2023-03-03 13:51:05,0
2023-03-03 13:54:20,0
2023-03-03 13:57:34,0
2023-03-03 14:00:49,0
2023-03-03 14:04:03,0
2023-03-03 14:07:28,0
2023-03-03 14:10:42,0
2023-03-03 14:13:57,0
2023-03-03 14:17:11,0
2023-03-03 14:20:26,0
2023-03-03 14:23:40,0
2023-03-03 14:26:55,0
2023-03-03 14:30:10,0
2023-03-03 14:33:35,0
2023-03-03 14:36:49,0
2023-03-03 14:40:04,0
2023-03-03 14:43:18,0
2023-03-03 14:46:33,0
2023-03-03 14:49:47,0
2023-03-03 14:53:02,0
2023-03-03 14:56:16,0
2023-03-03 14:59:31,0
2023-03-03 15:02:46,0
2023-03-03 15:06:00,0
2023-03-03 15:09:15,0
2023-03-03 15:12:29,0
2023-03-03 15:15:43,0
2023-03-03 15:18:58,0
2023-03-03 15:22:12,0
2023-03-03 15:25:26,0
2023-03-03 15:28:41,0
2023-03-03 15:31:56,0
2023-03-03 15:35:10,0
2023-03-03 15:38:25,0
2023-03-03 15:41:39,0
2023-03-03 15:44:54,0
2023-03-03 15:48:09,0
2023-03-03 15:51:24,0
2023-03-03 15:54:38,0
2023-03-03 15:57:52,0
2023-03-03 16:01:07,0
2023-03-03 16:04:22,0
2023-03-03 16:07:36,0
2023-03-03 16:10:51,0
2023-03-03 16:14:05,0
2023-03-03 16:17:20,0
2023-03-03 16:20:35,0
2023-03-03 16:23:50,0
2023-03-03 16:27:04,0
2023-03-03 16:30:19,0
2023-03-03 16:33:34,0
2023-03-03 16:36:48,0
2023-03-03 16:40:03,0
2023-03-03 16:43:18,0
2023-03-03 16:46:32,0
2023-03-03 16:49:47,0
2023-03-03 16:53:01,0
2023-03-03 16:56:16,0
2023-03-03 16:59:31,0
2023-03-03 17:02:45,0
2023-03-03 17:06:00,0
2023-03-03 17:09:15,0
2023-03-03 17:12:30,0
2023-03-03 17:15:44,0
2023-03-03 17:18:59,0
2023-03-03 17:22:13,0
2023-03-03 17:25:28,0
2023-03-03 17:28:43,0
2023-03-03 17:31:58,0
2023-03-03 17:35:13,0
2023-03-03 17:38:27,0
2023-03-03 17:41:42,0
2023-03-03 17:44:57,0
2023-03-03 17:48:11,0
2023-03-03 17:51:26,0
2023-03-03 17:54:40,0
2023-03-03 17:57:54,0
2023-03-03 18:01:09,0
2023-03-03 18:04:24,0
2023-03-03 18:07:39,0
2023-03-03 18:10:53,0
2023-03-03 18:14:09,0
2023-03-03 18:17:24,0
2023-03-03 18:20:39,0
2023-03-03 18:23:53,0
2023-03-03 18:27:08,0
2023-03-03 18:30:22,0
2023-03-03 18:33:37,0
2023-03-03 18:36:52,0
2023-03-03 18:40:07,0
2023-03-03 18:43:23,0
2023-03-03 18:46:37,0
2023-03-03 18:49:52,0
2023-03-03 18:53:07,0
2023-03-03 18:56:21,0
2023-03-03 18:59:37,0
2023-03-03 19:02:52,0
2023-03-03 19:06:07,0
2023-03-03 19:09:22,0
2023-03-03 19:12:37,0
2023-03-03 19:15:52,0
2023-03-03 19:19:07,0
2023-03-03 19:22:22,0
2023-03-03 19:25:37,0
2023-03-03 19:28:52,0
2023-03-03 19:32:07,0
2023-03-03 19:35:22,0
2023-03-03 19:38:36,0
2023-03-03 19:41:51,0
2023-03-03 19:45:06,0
2023-03-03 19:48:21,0
2023-03-03 19:51:36,0
2023-03-03 19:54:51,0
2023-03-03 19:58:07,0
2023-03-03 20:01:26,0
2023-03-03 20:04:41,0
2023-03-03 20:07:56,0
2023-03-03 20:11:11,0
2023-03-03 20:14:26,0
2023-03-03 20:17:41,0
2023-03-03 20:20:55,0
2023-03-03 20:24:11,0
2023-03-03 20:27:26,0
2023-03-03 20:30:41,0
2023-03-03 20:33:56,0
2023-03-03 20:37:11,0
2023-03-03 20:40:26,0
2023-03-03 20:43:41,0
2023-03-03 20:46:56,0
2023-03-03 20:50:11,0
2023-03-03 20:53:25,0
2023-03-03 20:56:40,0
2023-03-03 20:59:55,0
2023-03-03 21:03:10,0
2023-03-03 21:06:24,0
2023-03-03 21:09:40,0
2023-03-03 21:12:55,0
2023-03-03 21:16:10,0
2023-03-03 21:19:25,0
2023-03-03 21:22:39,0
2023-03-03 21:25:54,0
2023-03-03 21:29:09,0
2023-03-03 21:32:24,0
2023-03-03 21:35:39,0
2023-03-03 21:38:54,0
2023-03-03 21:42:09,0
2023-03-03 21:45:24,0
2023-03-03 21:48:39,0
2023-03-03 21:51:54,0
2023-03-03 21:55:09,0
2023-03-03 21:58:24,0
2023-03-03 22:01:39,0
2023-03-03 22:04:54,0
2023-03-03 22:08:09,0
2023-03-03 22:11:23,0
2023-03-03 22:14:38,0
2023-03-03 22:17:54,0
2023-03-03 22:21:09,0
2023-03-03 22:24:23,0
2023-03-03 22:27:39,0
2023-03-03 22:30:54,0
2023-03-03 22:34:09,0
2023-03-03 22:37:24,0
2023-03-03 22:40:39,0
2023-03-03 22:43:54,0
2023-03-03 22:47:08,0
2023-03-03 22:50:23,0
2023-03-03 22:53:38,0
2023-03-03 22:56:53,0
2023-03-03 23:00:08,0
2023-03-03 23:03:23,0
2023-03-03 23:06:38,0
2023-03-03 23:09:53,0
2023-03-03 23:13:08,0
2023-03-03 23:16:23,0
2023-03-03 23:19:38,0
2023-03-03 23:22:52,0
2023-03-03 23:26:07,0
2023-03-03 23:29:22,1
2023-03-03 23:32:37,1
2023-03-03 23:35:52,1
2023-03-03 23:39:07,1
2023-03-03 23:42:22,1
2023-03-03 23:45:46,1
2023-03-03 23:49:01,1
2023-03-03 23:52:16,1
2023-03-03 23:55:31,1
2023-03-03 23:58:46,1
2023-03-04 00:02:01,1
2023-03-04 00:05:16,1
2023-03-04 00:08:31,1
2023-03-04 00:11:46,0
2023-03-04 00:15:01,0
2023-03-04 00:18:17,0
2023-03-04 00:21:31,0
2023-03-04 00:24:46,0
2023-03-04 00:28:01,0
2023-03-04 00:31:16,0
2023-03-04 00:34:31,0
2023-03-04 00:37:46,0
2023-03-04 00:41:01,0
2023-03-04 00:44:15,0
2023-03-04 00:47:30,0
2023-03-04 00:50:45,0
2023-03-04 00:54:00,0
2023-03-04 00:57:15,0
2023-03-04 01:00:30,0
2023-03-04 01:03:47,0
2023-03-04 01:07:03,0
2023-03-04 01:10:23,0
2023-03-04 01:13:38,0
2023-03-04 01:16:53,0
2023-03-04 01:20:17,0
2023-03-04 01:23:32,1
2023-03-04 01:26:47,1
2023-03-04 01:30:02,1
2023-03-04 01:33:26,1
2023-03-04 01:36:40,1
2023-03-04 01:39:56,1
2023-03-04 01:43:10,1
2023-03-04 01:46:25,1
2023-03-04 01:49:40,1
2023-03-04 01:52:55,1
2023-03-04 01:56:10,1
2023-03-04 01:59:25,1
2023-03-04 02:02:40,1
2023-03-04 02:05:56,1
2023-03-04 02:09:11,1
2023-03-04 02:12:26,1
2023-03-04 02:15:41,1
2023-03-04 02:18:56,1
2023-03-04 02:22:18,1
2023-03-04 02:25:33,1
2023-03-04 02:28:48,1
2023-03-04 02:32:03,1
2023-03-04 02:35:18,1
2023-03-04 02:38:33,1
2023-03-04 02:41:48,1
2023-03-04 02:45:08,1
2023-03-04 02:48:23,1
2023-03-04 02:51:38,1
2023-03-04 02:54:53,1
2023-03-04 02:58:08,1
2023-03-04 03:01:23,1
2023-03-04 03:04:38,1
2023-03-04 03:07:53,1
2023-03-04 03:11:07,1
2023-03-04 03:14:22,1
2023-03-04 03:17:37,1
2023-03-04 03:20:52,1
2023-03-04 03:24:07,1
2023-03-04 03:27:22,1
2023-03-04 03:30:37,1
2023-03-04 03:33:52,1
2023-03-04 03:37:07,1
2023-03-04 03:40:22,1
2023-03-04 03:43:37,1
2023-03-04 03:46:52,1
2023-03-04 03:50:07,1
2023-03-04 03:53:22,1
2023-03-04 03:56:37,1
2023-03-04 03:59:52,1
2023-03-04 04:03:07,1
2023-03-04 04:06:22,1
2023-03-04 04:09:37,1
2023-03-04 04:12:52,1
2023-03-04 04:16:07,1
2023-03-04 04:19:23,1
2023-03-04 04:22:37,1
2023-03-04 04:25:52,1
2023-03-04 04:29:07,1
2023-03-04 04:32:22,1
2023-03-04 04:35:37,1
2023-03-04 04:38:52,1
2023-03-04 04:42:11,1
2023-03-04 04:45:26,1
2023-03-04 04:48:41,1
2023-03-04 04:51:56,1
2023-03-04 04:55:11,1
2023-03-04 04:58:25,1
2023-03-04 05:01:40,1
2023-03-04 05:04:55,1
2023-03-04 05:08:10,1
2023-03-04 05:11:25,1
2023-03-04 05:14:40,1
2023-03-04 05:17:55,0
2023-03-04 05:21:10,0
2023-03-04 05:24:25,0
2023-03-04 05:27:39,0
2023-03-04 05:30:54,0
2023-03-04 05:34:09,0
2023-03-04 05:37:24,0
2023-03-04 05:40:39,0
2023-03-04 05:43:53,0
2023-03-04 05:47:08,0
2023-03-04 05:50:23,0
2023-03-04 05:53:38,0
2023-03-04 05:56:52,0
2023-03-04 06:00:07,0
2023-03-04 06:03:22,0
2023-03-04 06:06:37,0
2023-03-04 06:09:52,0
2023-03-04 06:13:07,0
2023-03-04 06:16:21,0
2023-03-04 06:19:36,0
2023-03-04 06:22:51,0
2023-03-04 06:26:06,0
2023-03-04 06:29:21,0
2023-03-04 06:32:36,0
2023-03-04 06:35:51,0
2023-03-04 06:39:06,0
2023-03-04 06:42:20,0
2023-03-04 06:45:35,0
2023-03-04 06:48:50,0
2023-03-04 06:52:05,0
2023-03-04 06:55:19,0
2023-03-04 06:58:34,0
2023-03-04 07:01:49,0
2023-03-04 07:05:03,0
2023-03-04 07:08:18,0
2023-03-04 07:11:34,0
2023-03-04 07:14:49,0
2023-03-04 07:18:04,0
2023-03-04 07:21:20,0
2023-03-04 07:24:35,0
2023-03-04 07:27:50,0
2023-03-04 07:31:04,0
2023-03-04 07:34:19,0
2023-03-04 07:37:34,0
2023-03-04 07:40:49,0
2023-03-04 07:44:03,0
2023-03-04 07:47:19,0
2023-03-04 07:50:34,0
2023-03-04 07:53:49,0
2023-03-04 07:57:03,0
2023-03-04 08:00:18,0
2023-03-04 08:03:33,0
2023-03-04 08:06:48,0
2023-03-04 08:10:03,0
2023-03-04 08:13:18,0
2023-03-04 08:16:33,0
2023-03-04 08:19:48,0
2023-03-04 08:23:03,0
2023-03-04 08:26:18,0
2023-03-04 08:29:33,0
2023-03-04 08:32:48,0
2023-03-04 08:36:03,0
2023-03-04 08:39:18,0
2023-03-04 08:42:32,0
2023-03-04 08:45:47,0
2023-03-04 08:49:02,0
2023-03-04 08:52:17,0
2023-03-04 08:55:32,0
2023-03-04 08:58:47,0
2023-03-04 09:02:02,0
2023-03-04 09:05:17,0
2023-03-04 09:08:32,0
2023-03-04 09:11:46,0
2023-03-04 09:15:01,0
2023-03-04 09:18:16,0
2023-03-04 09:21:30,0
2023-03-04 09:24:45,0
2023-03-04 09:28:00,0
2023-03-04 09:31:15,0
2023-03-04 09:34:30,0
2023-03-04 09:37:45,0
2023-03-04 09:41:00,0
2023-03-04 09:44:15,0
2023-03-04 09:47:30,0
2023-03-04 09:50:45,0
2023-03-04 09:54:00,0
2023-03-04 09:57:15,0
2023-03-04 10:00:30,0
2023-03-04 10:03:45,0
2023-03-04 10:06:59,0
2023-03-04 10:10:14,0
2023-03-04 10:13:29,0
2023-03-04 10:16:44,0
2023-03-04 10:19:59,0
2023-03-04 10:23:13,0
2023-03-04 10:26:28,0
2023-03-04 10:29:43,0
2023-03-04 10:32:58,0
2023-03-04 10:36:13,0
2023-03-04 10:39:28,0
2023-03-04 10:42:42,0
2023-03-04 10:45:57,0
2023-03-04 10:49:12,0
2023-03-04 10:52:27,0
2023-03-04 10:55:42,0
2023-03-04 10:58:57,0
2023-03-04 11:02:13,0
2023-03-04 11:05:27,0
2023-03-04 11:08:42,0
2023-03-04 11:11:57,0
2023-03-04 11:15:12,0
2023-03-04 11:18:26,0
2023-03-04 11:21:41,0
2023-03-04 11:24:56,0
2023-03-04 11:28:11,0
2023-03-04 11:31:26,0
2023-03-04 11:34:41,0
2023-03-04 11:37:55,0
2023-03-04 11:41:11,0
2023-03-04 11:44:33,0
2023-03-04 11:47:47,0
2023-03-04 11:51:02,0
2023-03-04 11:54:17,0
2023-03-04 11:57:32,0
2023-03-04 12:00:47,0
2023-03-04 12:04:02,0
2023-03-04 12:07:17,0
2023-03-04 12:10:32,0
2023-03-04 12:13:47,0
2023-03-04 12:17:01,0
2023-03-04 12:20:17,0
2023-03-04 12:23:31,0
2023-03-04 12:26:46,0
2023-03-04 12:30:01,0
2023-03-04 12:33:16,0
2023-03-04 12:36:30,0
2023-03-04 12:39:45,0
2023-03-04 12:43:00,0
2023-03-04 12:46:15,0
2023-03-04 12:49:30,0
2023-03-04 12:52:45,0
2023-03-04 12:56:00,0
2023-03-04 12:59:15,0
2023-03-04 13:02:30,0
2023-03-04 13:05:45,0
2023-03-04 13:09:00,0
2023-03-04 13:12:23,0
2023-03-04 13:15:38,0
2023-03-04 13:18:53,0
2023-03-04 13:22:08,0
2023-03-04 13:25:23,0
2023-03-04 13:28:38,0
2023-03-04 13:31:53,0
2023-03-04 13:35:08,0
2023-03-04 13:38:23,0
2023-03-04 13:41:38,0
2023-03-04 13:44:53,0
2023-03-04 13:48:08,0
2023-03-04 13:51:23,0
2023-03-04 13:54:37,0
2023-03-04 13:57:53,0
2023-03-04 14:01:07,0
2023-03-04 14:04:22,0
2023-03-04 14:07:37,0
2023-03-04 14:10:52,0
2023-03-04 14:14:18,0
2023-03-04 14:17:33,0
2023-03-04 14:20:48,0
2023-03-04 14:24:03,0
2023-03-04 14:27:17,0
2023-03-04 14:30:32,0
2023-03-04 14:33:47,0
2023-03-04 14:37:02,0
2023-03-04 14:40:16,0
2023-03-04 14:43:31,0
2023-03-04 14:46:47,0
2023-03-04 14:50:12,0
2023-03-04 14:53:27,0
2023-03-04 14:56:42,0
2023-03-04 14:59:57,0
2023-03-04 15:03:12,0
2023-03-04 15:06:27,0
2023-03-04 15:09:42,0
2023-03-04 15:12:58,0
2023-03-04 15:16:17,0
2023-03-04 15:19:33,0
2023-03-04 15:22:48,0
2023-03-04 15:26:03,0
2023-03-04 15:29:18,0
2023-03-04 15:32:34,0
2023-03-04 15:35:49,0
2023-03-04 15:39:04,0
2023-03-04 15:42:19,0
2023-03-04 15:45:33,0
2023-03-04 15:48:48,0
2023-03-04 15:52:03,0
2023-03-04 15:55:18,0
2023-03-04 15:58:33,0
2023-03-04 16:01:48,0
2023-03-04 16:05:03,0
2023-03-04 16:08:18,0
2023-03-04 16:11:33,0
2023-03-04 16:14:48,0
2023-03-04 16:18:04,0
2023-03-04 16:21:18,0
2023-03-04 16:24:34,0
2023-03-04 16:27:49,0
2023-03-04 16:31:04,0
2023-03-04 16:34:19,0
2023-03-04 16:37:34,0
2023-03-04 16:40:49,1
2023-03-04 16:44:04,1
2023-03-04 16:47:19,1
2023-03-04 16:50:34,0
2023-03-04 16:53:48,0
2023-03-04 16:57:03,0
2023-03-04 17:00:18,1
2023-03-04 17:03:33,1
2023-03-04 17:06:48,1
2023-03-04 17:10:03,1
2023-03-04 17:13:18,0
2023-03-04 17:16:33,0
2023-03-04 17:19:48,0
2023-03-04 17:23:03,0
2023-03-04 17:26:18,0
2023-03-04 17:29:33,0
2023-03-04 17:32:48,0
2023-03-04 17:36:03,0
2023-03-04 17:39:19,0
2023-03-04 17:42:34,0
2023-03-04 17:45:48,0
2023-03-04 17:49:04,0
2023-03-04 17:52:19,0
2023-03-04 17:55:33,0
2023-03-04 17:58:51,0
2023-03-04 18:02:06,0
2023-03-04 18:05:21,0
2023-03-04 18:08:36,0
2023-03-04 18:11:51,0
2023-03-04 18:15:06,0
2023-03-04 18:18:21,0
2023-03-04 18:21:36,0
2023-03-04 18:24:51,0
2023-03-04 18:28:06,0
2023-03-04 18:31:21,0
2023-03-04 18:34:36,0
2023-03-04 18:37:51,0
2023-03-04 18:41:07,0
2023-03-04 18:44:21,0
2023-03-04 18:47:36,0
2023-03-04 18:50:51,0
2023-03-04 18:54:06,0
2023-03-04 18:57:22,0
2023-03-04 19:00:37,0
2023-03-04 19:03:52,0
2023-03-04 19:07:07,0
2023-03-04 19:10:23,0
2023-03-04 19:13:38,0
2023-03-04 19:16:53,0
2023-03-04 19:20:08,0
2023-03-04 19:23:23,0
2023-03-04 19:26:38,0
2023-03-04 19:29:53,0
2023-03-04 19:33:08,0
2023-03-04 19:36:23,0
2023-03-04 19:39:38,0
2023-03-04 19:42:53,0
2023-03-04 19:46:08,0
2023-03-04 19:49:23,0
2023-03-04 19:52:38,0
2023-03-04 19:55:53,0
2023-03-04 19:59:08,0
2023-03-04 20:02:23,0
2023-03-04 20:05:38,0
2023-03-04 20:08:54,0
2023-03-04 20:12:09,0
2023-03-04 20:15:24,0
2023-03-04 20:18:39,0
2023-03-04 20:21:54,0
2023-03-04 20:25:09,0
2023-03-04 20:28:24,0
2023-03-04 20:31:39,0
2023-03-04 20:34:54,0
2023-03-04 20:38:09,0
2023-03-04 20:41:24,0
2023-03-04 20:44:39,0
2023-03-04 20:47:55,0
2023-03-04 20:51:10,0
2023-03-04 20:54:24,0
2023-03-04 20:57:39,0
2023-03-04 21:00:54,0
2023-03-04 21:04:09,0
2023-03-04 21:07:24,0
2023-03-04 21:10:39,0
2023-03-04 21:13:54,0
2023-03-04 21:17:09,0
2023-03-04 21:20:24,0
2023-03-04 21:23:43,1
2023-03-04 21:26:58,1
2023-03-04 21:30:13,1
2023-03-04 21:33:28,1
2023-03-04 21:36:43,1
2023-03-04 21:39:57,1
2023-03-04 21:43:13,1
2023-03-04 21:46:28,1
2023-03-04 21:49:46,1
2023-03-04 21:53:00,1
2023-03-04 21:56:15,1
2023-03-04 21:59:30,1
2023-03-04 22:02:45,1
2023-03-04 22:06:00,1
2023-03-04 22:09:15,1
2023-03-04 22:12:29,1
2023-03-04 22:15:44,1
2023-03-04 22:18:59,1
2023-03-04 22:22:14,1
2023-03-04 22:25:29,1
2023-03-04 22:28:45,1
2023-03-04 22:32:00,1
2023-03-04 22:35:15,1
2023-03-04 22:38:30,1
2023-03-04 22:41:45,1
2023-03-04 22:45:00,1
2023-03-04 22:48:15,1
2023-03-04 22:51:30,1
2023-03-04 22:54:45,1
2023-03-04 22:58:01,1
2023-03-04 23:01:16,1
2023-03-04 23:04:30,1
2023-03-04 23:07:45,1
2023-03-04 23:11:00,1
2023-03-04 23:14:15,1
2023-03-04 23:17:30,1
2023-03-04 23:20:44,1
2023-03-04 23:23:59,1
2023-03-04 23:27:14,1
2023-03-04 23:30:29,1
2023-03-04 23:33:45,1
2023-03-04 23:37:10,1
2023-03-04 23:40:25,1
2023-03-04 23:43:40,1
2023-03-04 23:46:55,1
2023-03-04 23:50:10,1
2023-03-04 23:53:25,1
2023-03-04 23:56:40,1
2023-03-04 23:59:55,1
2023-03-05 00:03:10,1
2023-03-05 00:06:25,1
2023-03-05 00:09:40,1
2023-03-05 00:12:54,1
2023-03-05 00:16:10,1
2023-03-05 00:19:25,1
2023-03-05 00:22:40,1
2023-03-05 00:25:55,1
2023-03-05 00:29:09,1
2023-03-05 00:32:25,1
2023-03-05 00:35:40,1
2023-03-05 00:38:55,1
2023-03-05 00:42:10,1
2023-03-05 00:45:25,1
2023-03-05 00:48:40,1
2023-03-05 00:51:55,1
2023-03-05 00:55:10,1
2023-03-05 00:58:25,1
2023-03-05 01:01:40,1
2023-03-05 01:04:55,1
2023-03-05 01:08:10,1
2023-03-05 01:11:25,1
2023-03-05 01:14:40,1
2023-03-05 01:17:55,1
2023-03-05 01:21:16,1
2023-03-05 01:24:32,1
2023-03-05 01:27:47,1
2023-03-05 01:31:02,1
2023-03-05 01:34:16,1
2023-03-05 01:37:31,1
2023-03-05 01:40:46,1
2023-03-05 01:44:01,1
2023-03-05 01:47:16,1
2023-03-05 01:50:32,1
2023-03-05 01:53:46,1
2023-03-05 01:57:01,1
2023-03-05 02:00:16,1
2023-03-05 02:03:31,1
2023-03-05 02:06:46,1
2023-03-05 02:10:01,1
2023-03-05 02:13:16,1
2023-03-05 02:16:32,1
2023-03-05 02:19:47,1
2023-03-05 02:23:02,1
2023-03-05 02:26:17,1
2023-03-05 02:29:33,0
2023-03-05 02:32:47,0
2023-03-05 02:36:02,0
2023-03-05 02:39:17,0
2023-03-05 02:42:32,0
2023-03-05 02:45:46,0
2023-03-05 02:49:02,0
2023-03-05 02:52:22,0
2023-03-05 02:55:37,0
2023-03-05 02:58:59,0
2023-03-05 03:02:14,0
2023-03-05 03:05:30,0
2023-03-05 03:08:44,0
2023-03-05 03:11:59,0
2023-03-05 03:15:14,0
2023-03-05 03:18:29,0
2023-03-05 03:21:44,0
2023-03-05 03:24:59,0
2023-03-05 03:28:14,0
2023-03-05 03:31:29,0
2023-03-05 03:34:43,0
2023-03-05 03:37:58,0
2023-03-05 03:41:13,0
2023-03-05 03:44:27,0
2023-03-05 03:47:42,0
2023-03-05 03:50:57,0
2023-03-05 03:54:19,0
2023-03-05 03:57:34,0
2023-03-05 04:00:49,0
2023-03-05 04:04:04,0
2023-03-05 04:07:19,0
2023-03-05 04:10:34,0
2023-03-05 04:13:49,0
2023-03-05 04:17:04,0
2023-03-05 04:20:19,0
2023-03-05 04:23:34,0
2023-03-05 04:26:49,0
2023-03-05 04:30:04,0
2023-03-05 04:33:18,0
2023-03-05 04:36:33,0
2023-03-05 04:39:48,0
2023-03-05 04:43:03,0
2023-03-05 04:46:18,0
2023-03-05 04:49:35,0
2023-03-05 04:52:50,0
2023-03-05 04:56:05,0
2023-03-05 04:59:19,0
2023-03-05 05:02:34,0
2023-03-05 05:05:49,0
2023-03-05 05:09:04,0
2023-03-05 05:12:19,0
2023-03-05 05:15:34,0
2023-03-05 05:18:49,0
2023-03-05 05:22:03,0
2023-03-05 05:25:18,0
2023-03-05 05:28:33,0
2023-03-05 05:31:48,0
2023-03-05 05:35:03,0
2023-03-05 05:38:18,0
2023-03-05 05:41:33,0
2023-03-05 05:44:48,0
2023-03-05 05:48:04,0
2023-03-05 05:51:19,0
2023-03-05 05:54:34,0
2023-03-05 05:57:49,0
2023-03-05 06:01:04,0
2023-03-05 06:04:19,0
2023-03-05 06:07:34,0
2023-03-05 06:10:49,0
2023-03-05 06:14:03,0
2023-03-05 06:17:18,0
2023-03-05 06:20:33,0
2023-03-05 06:23:48,0
2023-03-05 06:27:03,0
2023-03-05 06:30:18,0
2023-03-05 06:33:33,0
2023-03-05 06:36:48,0
2023-03-05 06:40:02,0
2023-03-05 06:43:18,0
2023-03-05 06:46:33,0
2023-03-05 06:49:48,0
2023-03-05 06:53:02,0
2023-03-05 06:56:17,0
2023-03-05 06:59:32,0
2023-03-05 07:02:47,0
2023-03-05 07:06:02,0
2023-03-05 07:09:17,0
2023-03-05 07:12:32,0
2023-03-05 07:15:50,0
2023-03-05 07:19:05,0
2023-03-05 07:22:21,0
2023-03-05 07:25:36,0
2023-03-05 07:28:51,0
2023-03-05 07:32:06,0
2023-03-05 07:35:22,0
2023-03-05 07:38:37,0
2023-03-05 07:41:52,0
2023-03-05 07:45:07,0
2023-03-05 07:48:22,0
2023-03-05 07:51:47,0
2023-03-05 07:55:02,0
2023-03-05 07:58:17,0
2023-03-05 08:01:32,0
2023-03-05 08:04:48,0
2023-03-05 08:08:03,0
2023-03-05 08:11:18,0
2023-03-05 08:14:33,0
2023-03-05 08:17:48,0
2023-03-05 08:21:03,0
2023-03-05 08:24:17,0
2023-03-05 08:27:32,0
2023-03-05 08:30:47,0
2023-03-05 08:34:02,0
2023-03-05 08:37:17,0
2023-03-05 08:40:31,0
2023-03-05 08:43:46,0
2023-03-05 08:47:01,0
2023-03-05 08:50:16,0
2023-03-05 08:53:31,0
2023-03-05 08:56:46,0
2023-03-05 09:00:01,0
2023-03-05 09:03:16,0
2023-03-05 09:06:31,0
2023-03-05 09:09:45,0
2023-03-05 09:13:00,0
2023-03-05 09:16:16,0
2023-03-05 09:19:30,0
2023-03-05 09:22:45,0
2023-03-05 09:26:00,0
2023-03-05 09:29:14,0
2023-03-05 09:32:30,0
2023-03-05 09:35:44,0
2023-03-05 09:38:59,0
2023-03-05 09:42:14,0
2023-03-05 09:45:29,0
2023-03-05 09:48:43,0
2023-03-05 09:51:58,0
2023-03-05 09:55:12,0
2023-03-05 09:58:28,0
2023-03-05 10:01:42,0
2023-03-05 10:04:58,0
2023-03-05 10:08:12,0
2023-03-05 10:11:28,0
2023-03-05 10:14:42,0
2023-03-05 10:17:57,0
2023-03-05 10:21:12,0
2023-03-05 10:24:27,0
2023-03-05 10:27:42,0
2023-03-05 10:30:57,0
2023-03-05 10:34:12,0
2023-03-05 10:37:27,0
2023-03-05 10:40:42,0
2023-03-05 10:43:57,0
2023-03-05 10:47:12,0
2023-03-05 10:50:27,0
2023-03-05 10:53:42,0
2023-03-05 10:56:58,0
2023-03-05 11:00:12,0
2023-03-05 11:03:27,0
2023-03-05 11:06:42,0
2023-03-05 11:09:57,0
2023-03-05 11:13:12,0
2023-03-05 11:16:27,0
2023-03-05 11:19:42,0
2023-03-05 11:22:57,0
2023-03-05 11:26:12,0
2023-03-05 11:29:27,0
2023-03-05 11:32:42,0
2023-03-05 11:35:56,0
2023-03-05 11:39:11,0
2023-03-05 11:42:26,0
2023-03-05 11:45:41,0
2023-03-05 11:48:56,0
2023-03-05 11:52:11,0
2023-03-05 11:55:26,0
2023-03-05 11:58:40,0
2023-03-05 12:01:55,0
2023-03-05 12:05:10,0
2023-03-05 12:08:25,0
2023-03-05 12:11:40,0
2023-03-05 12:14:55,0
2023-03-05 12:18:10,0
2023-03-05 12:21:25,0
2023-03-05 12:24:39,0
2023-03-05 12:27:55,0
2023-03-05 12:31:10,0
2023-03-05 12:34:25,0
2023-03-05 12:37:40,0
2023-03-05 12:40:55,0
2023-03-05 12:44:09,0
2023-03-05 12:47:24,0
2023-03-05 12:50:39,0
2023-03-05 12:53:53,0
2023-03-05 12:57:08,0
2023-03-05 13:00:23,0
2023-03-05 13:03:37,0
2023-03-05 13:06:52,0
2023-03-05 13:10:07,0
2023-03-05 13:13:22,0
2023-03-05 13:16:37,0
2023-03-05 13:19:52,0
2023-03-05 13:23:07,0
2023-03-05 13:26:22,0
2023-03-05 13:29:37,0
2023-03-05 13:32:52,0
2023-03-05 13:36:07,0
2023-03-05 13:39:21,0
2023-03-05 13:42:36,1
2023-03-05 13:45:51,1
2023-03-05 13:49:06,1
2023-03-05 13:52:21,1
2023-03-05 13:55:36,1
2023-03-05 13:58:51,1
2023-03-05 14:02:06,1
2023-03-05 14:05:21,1
2023-03-05 14:08:36,1
2023-03-05 14:11:51,1
2023-03-05 14:15:05,0
2023-03-05 14:18:20,0
2023-03-05 14:21:35,0
2023-03-05 14:24:50,0
2023-03-05 14:28:04,0
2023-03-05 14:31:20,0
2023-03-05 14:34:35,0
2023-03-05 14:37:50,0
2023-03-05 14:41:05,0
2023-03-05 14:44:20,0
2023-03-05 14:47:35,0
2023-03-05 14:50:49,0
2023-03-05 14:54:04,0
2023-03-05 14:57:19,0
2023-03-05 15:00:34,0
2023-03-05 15:03:49,0
2023-03-05 15:07:04,0
2023-03-05 15:10:19,0
2023-03-05 15:13:34,0
2023-03-05 15:16:48,0
2023-03-05 15:20:05,0
2023-03-05 15:23:20,0
2023-03-05 15:26:35,0
2023-03-05 15:29:51,0
2023-03-05 15:33:06,0
2023-03-05 15:36:21,0
2023-03-05 15:39:36,0
2023-03-05 15:42:51,0
2023-03-05 15:46:06,0
2023-03-05 15:49:21,0
2023-03-05 15:52:35,0
2023-03-05 15:55:50,0
2023-03-05 15:59:05,0
2023-03-05 16:02:20,0
2023-03-05 16:05:38,0
2023-03-05 16:08:54,0
2023-03-05 16:12:09,0
2023-03-05 16:15:29,0
2023-03-05 16:18:44,0
2023-03-05 16:21:59,0
2023-03-05 16:25:14,0
2023-03-05 16:28:29,0
2023-03-05 16:31:44,0
2023-03-05 16:34:59,0
2023-03-05 16:38:14,0
2023-03-05 16:41:30,0
2023-03-05 16:44:44,0
2023-03-05 16:48:00,0
2023-03-05 16:51:15,0
2023-03-05 16:54:29,0
2023-03-05 16:57:44,0
2023-03-05 17:00:58,0
2023-03-05 17:04:13,1
2023-03-05 17:07:28,1
2023-03-05 17:10:43,1
2023-03-05 17:13:58,0
2023-03-05 17:17:13,0
2023-03-05 17:20:27,0
2023-03-05 17:23:42,1
2023-03-05 17:26:57,1
2023-03-05 17:30:12,1
2023-03-05 17:33:27,1
2023-03-05 17:36:42,1
2023-03-05 17:39:57,1
2023-03-05 17:43:12,1
2023-03-05 17:46:27,1
2023-03-05 17:49:42,1
2023-03-05 17:52:57,1
2023-03-05 17:56:12,1
2023-03-05 17:59:27,1
2023-03-05 18:02:42,1
2023-03-05 18:05:56,1
2023-03-05 18:09:12,1
2023-03-05 18:12:27,1
2023-03-05 18:15:41,1
2023-03-05 18:18:56,0
2023-03-05 18:22:20,0
2023-03-05 18:25:36,0
2023-03-05 18:28:51,0
2023-03-05 18:32:06,0
2023-03-05 18:35:21,0
2023-03-05 18:38:36,0
2023-03-05 18:41:51,0
2023-03-05 18:45:06,0
2023-03-05 18:48:21,0
2023-03-05 18:51:37,0
2023-03-05 18:54:52,0
2023-03-05 18:58:08,1
2023-03-05 19:01:23,1
2023-03-05 19:04:38,1
2023-03-05 19:07:53,1
2023-03-05 19:11:08,0
2023-03-05 19:14:23,0
2023-03-05 19:17:38,0
2023-03-05 19:20:52,0
2023-03-05 19:24:07,0
2023-03-05 19:27:23,0
2023-03-05 19:30:38,1
2023-03-05 19:33:53,1
2023-03-05 19:37:08,1
2023-03-05 19:40:23,1
2023-03-05 19:43:37,1
2023-03-05 19:46:52,1
2023-03-05 19:50:07,1
2023-03-05 19:53:21,1
2023-03-05 19:56:36,1
2023-03-05 19:59:51,1
2023-03-05 20:03:06,1
2023-03-05 20:06:21,1
2023-03-05 20:09:37,1
2023-03-05 20:12:51,0
2023-03-05 20:16:05,0
2023-03-05 20:19:20,0
2023-03-05 20:22:35,0
2023-03-05 20:25:50,0
2023-03-05 20:29:04,0
2023-03-05 20:32:19,0
2023-03-05 20:35:34,0
2023-03-05 20:38:50,0
2023-03-05 20:42:05,0
2023-03-05 20:45:19,0
2023-03-05 20:48:34,0
2023-03-05 20:51:49,0
2023-03-05 20:55:04,0
2023-03-05 20:58:19,0
2023-03-05 21:01:34,0
2023-03-05 21:04:49,0
2023-03-05 21:08:04,0
2023-03-05 21:11:19,0
2023-03-05 21:14:34,0
2023-03-05 21:17:50,0
2023-03-05 21:21:04,0
2023-03-05 21:24:20,0
2023-03-05 21:27:34,1
2023-03-05 21:30:49,1
2023-03-05 21:34:04,1
2023-03-05 21:37:19,1
2023-03-05 21:40:34,1
2023-03-05 21:43:49,1
2023-03-05 21:47:04,1
2023-03-05 21:50:19,1
2023-03-05 21:53:34,1
2023-03-05 21:56:48,1
2023-03-05 22:00:03,1
2023-03-05 22:03:18,1
2023-03-05 22:06:33,1
2023-03-05 22:09:48,1
2023-03-05 22:13:03,1
2023-03-05 22:16:18,1
2023-03-05 22:19:33,1
2023-03-05 22:22:48,1
2023-03-05 22:26:08,1
2023-03-05 22:29:24,1
2023-03-05 22:32:39,1
2023-03-05 22:35:54,1
2023-03-05 22:39:08,1
2023-03-05 22:42:23,1
2023-03-05 22:45:38,1
2023-03-05 22:48:53,1
2023-03-05 22:52:10,1
2023-03-05 22:55:25,1
2023-03-05 22:58:40,1
2023-03-05 23:01:54,1
2023-03-05 23:05:09,1
2023-03-05 23:08:24,1
2023-03-05 23:11:39,1
2023-03-05 23:14:54,1
2023-03-05 23:18:08,1
2023-03-05 23:21:23,1
2023-03-05 23:24:38,1
2023-03-05 23:27:53,1
2023-03-05 23:31:08,1
2023-03-05 23:34:23,1
2023-03-05 23:37:37,1
2023-03-05 23:40:53,1
2023-03-05 23:44:07,1
2023-03-05 23:47:26,1
2023-03-05 23:50:41,1
2023-03-05 23:53:55,1
2023-03-05 23:57:10,1
2023-03-06 00:00:25,1
2023-03-06 00:03:40,1
2023-03-06 00:06:56,1
2023-03-06 00:10:11,1
2023-03-06 00:13:27,1
2023-03-06 00:16:41,1
2023-03-06 00:19:56,1
2023-03-06 00:23:11,1
2023-03-06 00:26:26,1
2023-03-06 00:29:40,1
2023-03-06 00:32:55,1
2023-03-06 00:36:10,1
2023-03-06 00:39:25,1
2023-03-06 00:42:40,1
2023-03-06 00:45:55,1
2023-03-06 00:49:11,1
2023-03-06 00:52:26,1
2023-03-06 00:55:41,1
2023-03-06 00:58:56,1
2023-03-06 01:02:11,1
2023-03-06 01:05:26,1
2023-03-06 01:08:41,1
2023-03-06 01:11:56,1
2023-03-06 01:15:12,1
2023-03-06 01:18:27,1
2023-03-06 01:21:42,1
2023-03-06 01:24:57,1
2023-03-06 01:28:13,1
2023-03-06 01:31:28,1
2023-03-06 01:34:43,1
2023-03-06 01:37:58,1
2023-03-06 01:41:13,1
2023-03-06 01:44:28,1
2023-03-06 01:47:43,1
2023-03-06 01:50:59,1
2023-03-06 01:54:25,1
2023-03-06 01:57:40,1
2023-03-06 02:00:55,1
2023-03-06 02:04:10,1
2023-03-06 02:07:25,1
2023-03-06 02:10:42,1
2023-03-06 02:13:56,1
2023-03-06 02:17:11,1
2023-03-06 02:20:26,1
2023-03-06 02:23:41,1
2023-03-06 02:26:56,1
2023-03-06 02:30:11,1
2023-03-06 02:33:27,1
2023-03-06 02:36:42,1
2023-03-06 02:39:58,1
2023-03-06 02:43:12,1
2023-03-06 02:46:28,1
2023-03-06 02:49:46,1
2023-03-06 02:53:01,1
2023-03-06 02:56:16,1
2023-03-06 02:59:31,1
2023-03-06 03:02:46,1
2023-03-06 03:06:01,1
2023-03-06 03:09:16,1
2023-03-06 03:12:31,1
2023-03-06 03:15:47,1
2023-03-06 03:19:02,1
2023-03-06 03:22:17,1
2023-03-06 03:25:32,1
2023-03-06 03:28:47,1
2023-03-06 03:32:02,1
2023-03-06 03:35:17,1
2023-03-06 03:38:32,1
2023-03-06 03:41:47,1
2023-03-06 03:45:02,1
2023-03-06 03:48:17,1
2023-03-06 03:51:32,1
2023-03-06 03:54:47,1
2023-03-06 03:58:02,1
2023-03-06 04:01:17,1
2023-03-06 04:04:32,1
2023-03-06 04:07:47,1
2023-03-06 04:11:09,1
2023-03-06 04:14:24,1
2023-03-06 04:17:39,1
2023-03-06 04:20:54,1
2023-03-06 04:24:08,1
2023-03-06 04:27:23,1
2023-03-06 04:30:39,1
2023-03-06 04:33:54,1
2023-03-06 04:37:20,1
2023-03-06 04:40:36,1
2023-03-06 04:43:51,1
2023-03-06 04:47:05,1
2023-03-06 04:50:21,1
2023-03-06 04:53:35,1
2023-03-06 04:56:50,1
2023-03-06 05:00:05,1
2023-03-06 05:03:20,1
2023-03-06 05:06:35,1
2023-03-06 05:09:51,1
2023-03-06 05:13:16,1
2023-03-06 05:16:31,1
2023-03-06 05:19:46,1
2023-03-06 05:23:00,1
2023-03-06 05:26:15,1
2023-03-06 05:29:31,1
2023-03-06 05:32:46,1
2023-03-06 05:36:00,1
2023-03-06 05:39:16,1
2023-03-06 05:42:31,1
2023-03-06 05:45:46,1
2023-03-06 05:49:01,1
2023-03-06 05:52:16,1
2023-03-06 05:55:31,1
2023-03-06 05:58:46,1
2023-03-06 06:02:01,0
2023-03-06 06:05:15,0
2023-03-06 06:08:30,0
2023-03-06 06:11:45,0
2023-03-06 06:15:00,0
2023-03-06 06:18:15,0
2023-03-06 06:21:30,0
2023-03-06 06:24:44,0
2023-03-06 06:27:59,0
2023-03-06 06:31:14,0
2023-03-06 06:34:29,0
2023-03-06 06:37:44,0
2023-03-06 06:40:59,0
2023-03-06 06:44:14,1
2023-03-06 06:47:29,1
2023-03-06 06:50:45,1
2023-03-06 06:53:59,1
2023-03-06 06:57:15,1
2023-03-06 07:00:30,1
2023-03-06 07:03:45,1
2023-03-06 07:07:00,0
2023-03-06 07:10:15,0
2023-03-06 07:13:30,0
2023-03-06 07:16:45,0
2023-03-06 07:20:00,0
2023-03-06 07:23:15,0
2023-03-06 07:26:30,0
2023-03-06 07:29:45,0
2023-03-06 07:33:00,0
2023-03-06 07:36:26,0
2023-03-06 07:39:41,0
2023-03-06 07:42:56,0
2023-03-06 07:46:12,0
2023-03-06 07:49:27,0
2023-03-06 07:52:42,0
2023-03-06 07:55:56,0
2023-03-06 07:59:11,0
2023-03-06 08:02:26,0
2023-03-06 08:05:41,0
2023-03-06 08:08:55,0
2023-03-06 08:12:10,0
2023-03-06 08:15:25,0
2023-03-06 08:18:39,0
2023-03-06 08:21:54,0
2023-03-06 08:25:08,0
2023-03-06 08:28:23,0
2023-03-06 08:31:38,1
2023-03-06 08:34:53,1
2023-03-06 08:38:08,1
2023-03-06 08:41:23,0
2023-03-06 08:44:38,0
2023-03-06 08:48:03,0
2023-03-06 08:51:18,0
2023-03-06 08:54:32,0
2023-03-06 08:57:48,0
2023-03-06 09:01:04,1
2023-03-06 09:04:18,1
2023-03-06 09:07:33,1
2023-03-06 09:10:48,1
2023-03-06 09:14:13,1
2023-03-06 09:17:28,1
2023-03-06 09:20:43,1
2023-03-06 09:23:58,1
2023-03-06 09:27:13,1
2023-03-06 09:30:28,1
2023-03-06 09:33:43,1
2023-03-06 09:36:58,1
2023-03-06 09:40:13,1
2023-03-06 09:43:28,0
2023-03-06 09:46:43,0
2023-03-06 09:49:58,0
2023-03-06 09:53:13,1
2023-03-06 09:56:28,1
2023-03-06 09:59:43,1
2023-03-06 10:02:57,1
2023-03-06 10:06:12,0
2023-03-06 10:09:27,0
2023-03-06 10:12:42,0
2023-03-06 10:15:57,0
2023-03-06 10:19:12,0
2023-03-06 10:22:27,0
2023-03-06 10:25:41,0
2023-03-06 10:28:56,0
2023-03-06 10:32:11,0
2023-03-06 10:35:25,0
2023-03-06 10:38:40,0
2023-03-06 10:41:55,0
2023-03-06 10:45:10,0
2023-03-06 10:48:25,1
2023-03-06 10:51:40,1
2023-03-06 10:54:54,1
2023-03-06 10:58:10,1
2023-03-06 11:01:25,1
2023-03-06 11:04:40,1
2023-03-06 11:07:54,1
2023-03-06 11:11:10,1
2023-03-06 11:14:24,1
2023-03-06 11:17:40,1
2023-03-06 11:20:55,1
2023-03-06 11:24:10,1
2023-03-06 11:27:25,1
2023-03-06 11:30:40,1
2023-03-06 11:33:55,1
2023-03-06 11:37:10,1
2023-03-06 11:40:25,1
2023-03-06 11:43:40,1
2023-03-06 11:46:54,1
2023-03-06 11:50:09,1
2023-03-06 11:53:24,1
2023-03-06 11:56:38,1
2023-03-06 11:59:54,1
2023-03-06 12:03:09,1
2023-03-06 12:06:24,1
2023-03-06 12:09:40,1
2023-03-06 12:12:55,1
2023-03-06 12:16:10,1
2023-03-06 12:19:25,1
2023-03-06 12:22:40,1
2023-03-06 12:25:55,1
2023-03-06 12:29:10,1
2023-03-06 12:32:25,1
2023-03-06 12:35:40,1
2023-03-06 12:38:55,1
2023-03-06 12:42:10,1
2023-03-06 12:45:25,1
2023-03-06 12:48:49,1
2023-03-06 12:52:04,1
2023-03-06 12:55:19,1
2023-03-06 12:58:34,1
2023-03-06 13:01:49,1
2023-03-06 13:05:06,0
2023-03-06 13:08:20,0
2023-03-06 13:11:36,0
2023-03-06 13:14:51,1
2023-03-06 13:18:06,1
2023-03-06 13:21:21,1
2023-03-06 13:24:36,1
2023-03-06 13:27:52,1
2023-03-06 13:31:07,1
2023-03-06 13:34:21,1
2023-03-06 13:37:37,1
2023-03-06 13:40:52,1
2023-03-06 13:44:07,1
2023-03-06 13:47:22,1
2023-03-06 13:50:37,1
2023-03-06 13:53:52,1
2023-03-06 13:57:07,1
2023-03-06 14:00:22,1
2023-03-06 14:03:36,1
2023-03-06 14:06:51,1
2023-03-06 14:10:07,1
2023-03-06 14:13:22,1
2023-03-06 14:16:37,1
2023-03-06 14:19:52,1
2023-03-06 14:23:07,1
2023-03-06 14:26:22,1
2023-03-06 14:29:38,1
2023-03-06 14:32:53,1
2023-03-06 14:36:08,1
2023-03-06 14:39:24,1
2023-03-06 14:42:39,1
2023-03-06 14:45:54,1
2023-03-06 14:49:09,1
2023-03-06 14:52:23,1
2023-03-06 14:55:38,1
2023-03-06 14:58:53,1
2023-03-06 15:02:08,1
2023-03-06 15:05:23,1
2023-03-06 15:08:38,0
2023-03-06 15:11:53,0
2023-03-06 15:15:08,0
2023-03-06 15:18:23,0
2023-03-06 15:21:38,0
2023-03-06 15:24:53,0
2023-03-06 15:28:08,0
2023-03-06 15:31:23,0
2023-03-06 15:34:39,0
2023-03-06 15:37:54,0
2023-03-06 15:41:09,0
2023-03-06 15:44:24,0
2023-03-06 15:47:39,0
2023-03-06 15:50:54,0
2023-03-06 15:54:09,0
2023-03-06 15:57:25,0
2023-03-06 16:00:40,0
2023-03-06 16:03:54,0
2023-03-06 16:07:17,0
2023-03-06 16:10:33,0
2023-03-06 16:13:47,1
2023-03-06 16:17:02,1
2023-03-06 16:20:17,1
2023-03-06 16:23:32,1
2023-03-06 16:26:48,1
2023-03-06 16:30:03,1
2023-03-06 16:33:18,1
2023-03-06 16:36:33,1
2023-03-06 16:39:48,1
2023-03-06 16:43:03,1
2023-03-06 16:46:19,1
2023-03-06 16:49:34,1
2023-03-06 16:52:49,1
2023-03-06 16:56:04,1
2023-03-06 16:59:19,1
2023-03-06 17:02:34,1
2023-03-06 17:05:49,1
2023-03-06 17:09:04,1
2023-03-06 17:12:19,1
2023-03-06 17:15:34,1
2023-03-06 17:18:49,1
2023-03-06 17:22:04,1
2023-03-06 17:25:19,1
2023-03-06 17:28:34,1
2023-03-06 17:31:49,1
2023-03-06 17:35:04,1
2023-03-06 17:38:19,1
2023-03-06 17:41:34,1
2023-03-06 17:44:49,1
2023-03-06 17:48:04,1
2023-03-06 17:51:19,1
2023-03-06 17:54:34,1
2023-03-06 17:57:49,1
2023-03-06 18:01:04,1
2023-03-06 18:04:19,1
2023-03-06 18:07:34,1
2023-03-06 18:10:49,1
2023-03-06 18:14:05,1
2023-03-06 18:17:24,1
2023-03-06 18:20:39,1
2023-03-06 18:23:54,1
2023-03-06 18:27:09,1
2023-03-06 18:30:26,1
2023-03-06 18:33:41,1
2023-03-06 18:36:56,1
2023-03-06 18:40:11,0
2023-03-06 18:43:26,0
2023-03-06 18:46:41,0
2023-03-06 18:49:56,0
2023-03-06 18:53:11,0
2023-03-06 18:56:26,0
2023-03-06 18:59:41,0
2023-03-06 19:02:56,0
2023-03-06 19:06:11,0
2023-03-06 19:09:26,0
2023-03-06 19:12:41,1
2023-03-06 19:15:56,1
2023-03-06 19:19:11,1
2023-03-06 19:22:26,1
2023-03-06 19:25:41,1
2023-03-06 19:28:56,1
2023-03-06 19:32:11,1
2023-03-06 19:35:26,1
2023-03-06 19:38:41,1
2023-03-06 19:41:57,1
2023-03-06 19:45:12,1
2023-03-06 19:48:27,1
2023-03-06 19:51:42,1
2023-03-06 19:54:57,1
2023-03-06 19:58:11,1
2023-03-06 20:01:26,1
2023-03-06 20:04:41,0
2023-03-06 20:07:56,0
2023-03-06 20:11:12,0
2023-03-06 20:14:27,0
2023-03-06 20:17:42,0
2023-03-06 20:20:56,0
2023-03-06 20:24:11,0
2023-03-06 20:27:27,0
2023-03-06 20:30:43,0
2023-03-06 20:33:58,0
2023-03-06 20:37:12,0
2023-03-06 20:40:27,0
2023-03-06 20:43:42,0
2023-03-06 20:46:57,0
2023-03-06 20:50:13,0
2023-03-06 20:53:28,0
2023-03-06 20:56:43,0
2023-03-06 20:59:58,0
2023-03-06 21:03:13,0
2023-03-06 21:06:28,0
2023-03-06 21:09:43,0
2023-03-06 21:12:59,0
2023-03-06 21:16:14,0
2023-03-06 21:19:29,0
2023-03-06 21:22:44,0
2023-03-06 21:25:59,0
2023-03-06 21:29:15,0
2023-03-06 21:32:30,0
2023-03-06 21:35:46,0
2023-03-06 21:39:01,1
2023-03-06 21:42:16,1
2023-03-06 21:45:31,1
2023-03-06 21:48:46,1
2023-03-06 21:52:01,0
2023-03-06 21:55:16,0
2023-03-06 21:58:31,0
2023-03-06 22:01:47,1
2023-03-06 22:05:02,1
2023-03-06 22:08:17,1
2023-03-06 22:11:32,1
2023-03-06 22:14:47,1
2023-03-06 22:18:02,1
2023-03-06 22:21:18,1
2023-03-06 22:24:34,1
2023-03-06 22:27:49,1
2023-03-06 22:31:05,1
2023-03-06 22:34:20,1
2023-03-06 22:37:35,1
2023-03-06 22:40:50,1
2023-03-06 22:44:05,1
2023-03-06 22:47:20,1
2023-03-06 22:50:35,1
2023-03-06 22:53:49,1
2023-03-06 22:57:04,1
2023-03-06 23:00:20,1
2023-03-06 23:03:35,1
2023-03-06 23:06:51,1
2023-03-06 23:10:06,1
2023-03-06 23:13:21,1
2023-03-06 23:16:36,1
2023-03-06 23:19:51,1
2023-03-06 23:23:06,1
2023-03-06 23:26:22,1
2023-03-06 23:29:37,1
2023-03-06 23:32:52,1
2023-03-06 23:36:07,1
2023-03-06 23:39:22,1
2023-03-06 23:42:37,1
2023-03-06 23:45:52,1
2023-03-06 23:49:07,1
2023-03-06 23:52:22,1
2023-03-06 23:55:37,1
2023-03-06 23:58:52,1
2023-03-07 00:02:06,1
2023-03-07 00:05:22,1
2023-03-07 00:08:37,1
2023-03-07 00:11:52,1
2023-03-07 00:15:07,1
2023-03-07 00:18:22,1
2023-03-07 00:21:36,1
2023-03-07 00:24:51,1
2023-03-07 00:28:06,1
2023-03-07 00:31:22,1
2023-03-07 00:34:36,1
2023-03-07 00:37:52,1
2023-03-07 00:41:07,1
2023-03-07 00:44:22,1
2023-03-07 00:47:36,1
2023-03-07 00:50:52,1
2023-03-07 00:54:06,1
2023-03-07 00:57:22,1
2023-03-07 01:00:37,1
2023-03-07 01:03:51,1
2023-03-07 01:07:06,1
2023-03-07 01:10:21,0
2023-03-07 01:13:46,0
2023-03-07 01:17:00,0
2023-03-07 01:20:16,0
2023-03-07 01:23:32,0
2023-03-07 01:26:47,0
2023-03-07 01:30:02,1
2023-03-07 01:33:17,1
2023-03-07 01:36:32,1
2023-03-07 01:39:47,1
2023-03-07 01:43:02,1
2023-03-07 01:46:16,1
2023-03-07 01:49:32,1
2023-03-07 01:52:46,1
2023-03-07 01:56:02,1
2023-03-07 01:59:17,1
2023-03-07 02:02:32,1
2023-03-07 02:05:47,1
2023-03-07 02:09:02,1
2023-03-07 02:12:17,0
2023-03-07 02:15:32,0
2023-03-07 02:18:47,0
2023-03-07 02:22:02,0
2023-03-07 02:25:18,1
2023-03-07 02:28:32,1
2023-03-07 02:31:47,1
2023-03-07 02:35:02,1
2023-03-07 02:38:17,1
2023-03-07 02:41:32,1
2023-03-07 02:44:47,1
2023-03-07 02:48:02,1
2023-03-07 02:51:17,1
2023-03-07 02:54:32,1
2023-03-07 02:57:47,1
2023-03-07 03:01:02,1
2023-03-07 03:04:17,1
2023-03-07 03:07:33,1
2023-03-07 03:10:48,1
2023-03-07 03:14:03,1
2023-03-07 03:17:18,1
2023-03-07 03:20:32,1
2023-03-07 03:23:48,1
2023-03-07 03:27:02,1
2023-03-07 03:30:17,1
2023-03-07 03:33:31,1
2023-03-07 03:36:47,1
2023-03-07 03:40:02,1
2023-03-07 03:43:21,1
2023-03-07 03:46:36,1
2023-03-07 03:49:51,1
2023-03-07 03:53:07,1
2023-03-07 03:56:21,1
2023-03-07 03:59:36,1
2023-03-07 04:02:52,1
2023-03-07 04:06:07,1
2023-03-07 04:09:22,1
2023-03-07 04:12:36,1
2023-03-07 04:15:51,1
2023-03-07 04:19:06,1
2023-03-07 04:22:21,1
2023-03-07 04:25:36,1
2023-03-07 04:28:51,1
2023-03-07 04:32:06,1
2023-03-07 04:35:22,1
2023-03-07 04:38:37,1
2023-03-07 04:41:52,1
2023-03-07 04:45:07,1
2023-03-07 04:48:22,1
2023-03-07 04:51:37,1
2023-03-07 04:54:51,1
2023-03-07 04:58:06,1
2023-03-07 05:01:21,1
2023-03-07 05:04:37,1
2023-03-07 05:07:52,1
2023-03-07 05:11:07,1
2023-03-07 05:14:22,1
2023-03-07 05:17:37,1
2023-03-07 05:20:52,1
2023-03-07 05:24:06,1
2023-03-07 05:27:22,1
2023-03-07 05:30:36,1
2023-03-07 05:33:52,1
2023-03-07 05:37:06,1
2023-03-07 05:40:22,1
2023-03-07 05:43:37,1
2023-03-07 05:46:52,1
2023-03-07 05:50:07,1
2023-03-07 05:53:21,1
2023-03-07 05:56:36,1
2023-03-07 05:59:51,1
2023-03-07 06:03:06,1
2023-03-07 06:06:21,1
2023-03-07 06:09:36,1
2023-03-07 06:12:51,1
2023-03-07 06:16:05,1
2023-03-07 06:19:21,1
2023-03-07 06:22:35,1
2023-03-07 06:25:50,1
2023-03-07 06:29:05,1
2023-03-07 06:32:19,1
2023-03-07 06:35:34,1
2023-03-07 06:38:49,1
2023-03-07 06:42:04,1
2023-03-07 06:45:19,1
2023-03-07 06:48:36,1
2023-03-07 06:51:51,1
2023-03-07 06:55:05,1
2023-03-07 06:58:21,1
2023-03-07 07:01:35,1
2023-03-07 07:04:50,1
2023-03-07 07:08:05,1
2023-03-07 07:11:21,1
2023-03-07 07:14:36,1
2023-03-07 07:17:52,1
2023-03-07 07:21:07,1
2023-03-07 07:24:22,1
2023-03-07 07:27:37,1
2023-03-07 07:30:52,1
2023-03-07 07:34:07,1
2023-03-07 07:37:22,1
2023-03-07 07:40:37,1
2023-03-07 07:43:52,1
2023-03-07 07:47:07,1
2023-03-07 07:50:22,1
2023-03-07 07:53:37,1
2023-03-07 07:56:52,1
2023-03-07 08:00:07,1
2023-03-07 08:03:21,1
2023-03-07 08:06:36,1
2023-03-07 08:09:51,1
2023-03-07 08:13:06,1
2023-03-07 08:16:21,1
2023-03-07 08:19:36,1
2023-03-07 08:22:51,1
2023-03-07 08:26:06,1
2023-03-07 08:29:21,1
2023-03-07 08:32:36,1
2023-03-07 08:35:51,1
2023-03-07 08:39:06,1
2023-03-07 08:42:21,1
2023-03-07 08:45:36,1
2023-03-07 08:48:50,1
2023-03-07 08:52:06,1
2023-03-07 08:55:20,1
2023-03-07 08:58:36,1
2023-03-07 09:01:51,1
2023-03-07 09:05:07,1
2023-03-07 09:08:21,1
2023-03-07 09:11:36,1
2023-03-07 09:14:51,0
2023-03-07 09:18:06,0
2023-03-07 09:21:21,0
2023-03-07 09:24:36,1
2023-03-07 09:27:51,1
2023-03-07 09:31:06,1
2023-03-07 09:34:21,1
2023-03-07 09:37:37,1
2023-03-07 09:40:52,1
2023-03-07 09:44:07,1
2023-03-07 09:47:22,1
2023-03-07 09:50:37,1
2023-03-07 09:53:52,1
2023-03-07 09:57:07,0
2023-03-07 10:00:21,0
2023-03-07 10:03:36,0
2023-03-07 10:06:51,0
2023-03-07 10:10:06,0
2023-03-07 10:13:21,0
2023-03-07 10:16:36,0
2023-03-07 10:19:51,0
2023-03-07 10:23:06,0
2023-03-07 10:26:21,0
2023-03-07 10:29:35,1
2023-03-07 10:32:51,1
2023-03-07 10:36:05,1
2023-03-07 10:39:20,1
2023-03-07 10:42:36,1
2023-03-07 10:45:50,1
2023-03-07 10:49:06,1
2023-03-07 10:52:21,1
2023-03-07 10:55:36,1
2023-03-07 10:58:51,1
2023-03-07 11:02:06,1
2023-03-07 11:05:22,1
2023-03-07 11:08:37,1
2023-03-07 11:11:52,1
2023-03-07 11:15:07,1
2023-03-07 11:18:22,1
2023-03-07 11:21:37,1
2023-03-07 11:24:52,1
2023-03-07 11:28:07,1
2023-03-07 11:31:23,1
2023-03-07 11:34:38,1
2023-03-07 11:37:52,1
2023-03-07 11:41:08,1
2023-03-07 11:44:23,1
2023-03-07 11:47:38,1
2023-03-07 11:50:53,1
2023-03-07 11:54:08,1
2023-03-07 11:57:23,1
2023-03-07 12:00:38,1
2023-03-07 12:03:54,1
2023-03-07 12:07:08,1
2023-03-07 12:10:24,1
2023-03-07 12:13:39,1
2023-03-07 12:16:54,1
2023-03-07 12:20:09,1
2023-03-07 12:23:24,1
2023-03-07 12:26:39,1
2023-03-07 12:29:54,1
2023-03-07 12:33:09,1
2023-03-07 12:36:24,1
2023-03-07 12:39:39,1
2023-03-07 12:42:54,1
2023-03-07 12:46:09,1
2023-03-07 12:49:24,1
2023-03-07 12:52:39,1
2023-03-07 12:55:53,1
2023-03-07 12:59:09,1
2023-03-07 13:02:24,1
2023-03-07 13:05:39,1
2023-03-07 13:08:54,1
2023-03-07 13:12:09,1
2023-03-07 13:15:25,1
2023-03-07 13:18:40,1
2023-03-07 13:21:55,1
2023-03-07 13:25:11,1
2023-03-07 13:28:26,1
2023-03-07 13:31:41,1
2023-03-07 13:34:56,1
2023-03-07 13:38:10,1
2023-03-07 13:41:26,1
2023-03-07 13:44:41,1
2023-03-07 13:47:56,1
2023-03-07 13:51:11,1
2023-03-07 13:54:26,1
2023-03-07 13:57:41,1
2023-03-07 14:00:56,1
2023-03-07 14:04:12,1
2023-03-07 14:07:27,1
2023-03-07 14:10:43,1
2023-03-07 14:13:57,1
2023-03-07 14:17:12,1
2023-03-07 14:20:27,1
2023-03-07 14:23:42,1
2023-03-07 14:26:57,1
2023-03-07 14:30:12,1
2023-03-07 14:33:27,1
2023-03-07 14:36:42,1
2023-03-07 14:39:57,1
2023-03-07 14:43:12,1
2023-03-07 14:46:27,1
2023-03-07 14:49:42,1
2023-03-07 14:52:57,1
2023-03-07 14:56:12,1
2023-03-07 14:59:28,1
2023-03-07 15:02:43,1
2023-03-07 15:05:58,1
2023-03-07 15:09:13,1
2023-03-07 15:12:28,0
2023-03-07 15:15:43,0
2023-03-07 15:18:58,0
2023-03-07 15:22:13,0
2023-03-07 15:25:28,0
2023-03-07 15:28:44,0
2023-03-07 15:31:59,0
2023-03-07 15:35:14,0
2023-03-07 15:38:29,0
2023-03-07 15:41:44,0
2023-03-07 15:44:59,0
2023-03-07 15:48:15,0
2023-03-07 15:51:30,0
2023-03-07 15:54:45,0
2023-03-07 15:58:01,0
2023-03-07 16:01:17,0
2023-03-07 16:04:33,0
2023-03-07 16:07:47,0
2023-03-07 16:11:03,0
2023-03-07 16:14:18,0
2023-03-07 16:17:33,0
2023-03-07 16:20:48,0
2023-03-07 16:24:03,0
2023-03-07 16:27:19,0
2023-03-07 16:30:34,0
2023-03-07 16:33:50,0
2023-03-07 16:37:05,1
2023-03-07 16:40:21,1
2023-03-07 16:43:37,1
2023-03-07 16:46:52,1
2023-03-07 16:50:08,1
2023-03-07 16:53:24,1
2023-03-07 16:56:39,1
2023-03-07 16:59:55,0
2023-03-07 17:03:11,0
2023-03-07 17:06:27,0
2023-03-07 17:09:43,0
2023-03-07 17:12:58,0
2023-03-07 17:16:13,0
2023-03-07 17:19:29,1
2023-03-07 17:22:45,1
2023-03-07 17:26:01,1
2023-03-07 17:29:16,1
2023-03-07 17:32:32,1
2023-03-07 17:35:47,1
2023-03-07 17:39:02,0
2023-03-07 17:42:17,0
2023-03-07 17:45:33,0
2023-03-07 17:48:48,0
2023-03-07 17:52:03,1
2023-03-07 17:55:18,1
2023-03-07 17:58:33,1
2023-03-07 18:01:49,1
2023-03-07 18:05:04,1
2023-03-07 18:08:19,1
2023-03-07 18:11:35,1
2023-03-07 18:14:50,1
2023-03-07 18:18:06,1
2023-03-07 18:21:21,1
2023-03-07 18:24:36,1
2023-03-07 18:27:51,1
2023-03-07 18:31:07,1
2023-03-07 18:34:22,1
2023-03-07 18:37:38,1
2023-03-07 18:40:53,1
2023-03-07 18:44:08,1
2023-03-07 18:47:23,1
2023-03-07 18:50:38,1
2023-03-07 18:53:53,1
2023-03-07 18:57:08,1
2023-03-07 19:00:23,1
2023-03-07 19:03:38,0
2023-03-07 19:06:52,0
2023-03-07 19:10:07,0
2023-03-07 19:13:23,0
2023-03-07 19:16:38,1
2023-03-07 19:19:53,1
2023-03-07 19:23:08,1
2023-03-07 19:26:23,1
2023-03-07 19:29:38,1
2023-03-07 19:32:53,1
2023-03-07 19:36:08,1
2023-03-07 19:39:23,1
2023-03-07 19:42:38,1
2023-03-07 19:45:53,1
2023-03-07 19:49:08,1
2023-03-07 19:52:23,1
2023-03-07 19:55:39,1
2023-03-07 19:58:53,0
2023-03-07 20:02:08,0
2023-03-07 20:05:24,0
2023-03-07 20:08:39,0
2023-03-07 20:11:54,0
2023-03-07 20:15:09,0
2023-03-07 20:18:24,0
2023-03-07 20:21:39,0
2023-03-07 20:24:54,0
2023-03-07 20:28:09,0
2023-03-07 20:31:24,0
2023-03-07 20:34:39,0
2023-03-07 20:37:54,0
2023-03-07 20:41:09,0
2023-03-07 20:44:24,0
2023-03-07 20:47:39,0
2023-03-07 20:50:55,0
2023-03-07 20:54:10,0
2023-03-07 20:57:24,0
2023-03-07 21:00:40,0
2023-03-07 21:03:54,0
2023-03-07 21:07:09,0
2023-03-07 21:10:24,0
2023-03-07 21:13:39,0
2023-03-07 21:16:54,0
2023-03-07 21:20:09,0
2023-03-07 21:23:24,0
2023-03-07 21:26:39,0
2023-03-07 21:29:54,0
2023-03-07 21:33:08,0
2023-03-07 21:36:23,0
2023-03-07 21:39:38,0
2023-03-07 21:42:53,0
2023-03-07 21:46:08,0
2023-03-07 21:49:24,0
2023-03-07 21:52:39,0
2023-03-07 21:55:54,0
2023-03-07 21:59:09,0
2023-03-07 22:02:24,0
2023-03-07 22:05:39,0
2023-03-07 22:08:55,0
2023-03-07 22:12:09,0
2023-03-07 22:15:24,0
2023-03-07 22:18:39,0
2023-03-07 22:21:55,0
2023-03-07 22:25:10,1
2023-03-07 22:28:25,1
2023-03-07 22:31:40,1
2023-03-07 22:34:55,0
2023-03-07 22:38:10,0
2023-03-07 22:41:24,0
2023-03-07 22:44:40,1
2023-03-07 22:47:54,1
2023-03-07 22:51:10,1
2023-03-07 22:54:25,1
2023-03-07 22:57:39,1
2023-03-07 23:00:54,1
2023-03-07 23:04:10,1
2023-03-07 23:07:25,1
2023-03-07 23:10:40,1
2023-03-07 23:13:55,1
2023-03-07 23:17:10,1
2023-03-07 23:20:26,1
2023-03-07 23:23:41,1
2023-03-07 23:26:56,1
2023-03-07 23:30:10,1
2023-03-07 23:33:25,1
2023-03-07 23:36:40,1
2023-03-07 23:39:55,1
2023-03-07 23:43:11,1
2023-03-07 23:46:26,1
2023-03-07 23:49:41,1
2023-03-07 23:52:56,1
2023-03-07 23:56:11,1
2023-03-07 23:59:25,1
2023-03-08 00:02:40,1
2023-03-08 00:05:55,1
2023-03-08 00:09:10,0
2023-03-08 00:12:24,0
2023-03-08 00:15:39,0
2023-03-08 00:18:54,0
2023-03-08 00:22:09,1
2023-03-08 00:25:24,1
2023-03-08 00:28:39,1
2023-03-08 00:31:54,1
2023-03-08 00:35:09,1
2023-03-08 00:38:24,1
2023-03-08 00:41:40,1
2023-03-08 00:44:55,1
2023-03-08 00:48:11,1
2023-03-08 00:51:26,1
2023-03-08 00:54:40,1
2023-03-08 00:57:56,1
2023-03-08 01:01:11,1
2023-03-08 01:04:27,1
2023-03-08 01:07:42,1
2023-03-08 01:10:57,1
2023-03-08 01:14:13,1
2023-03-08 01:17:28,1
2023-03-08 01:20:43,1
2023-03-08 01:23:57,1
2023-03-08 01:27:13,1
2023-03-08 01:30:28,1
2023-03-08 01:33:43,1
2023-03-08 01:36:58,1
2023-03-08 01:40:13,1
2023-03-08 01:43:28,1
2023-03-08 01:46:43,1
2023-03-08 01:49:59,1
2023-03-08 01:53:14,1
2023-03-08 01:56:29,1
2023-03-08 01:59:44,1
2023-03-08 02:02:59,1
2023-03-08 02:06:15,0
2023-03-08 02:09:30,0
2023-03-08 02:12:45,0
2023-03-08 02:16:00,0
2023-03-08 02:19:15,0
2023-03-08 02:22:30,0
2023-03-08 02:25:44,0
2023-03-08 02:28:59,0
2023-03-08 02:32:14,0
2023-03-08 02:35:29,0
2023-03-08 02:38:45,0
2023-03-08 02:41:59,0
2023-03-08 02:45:15,0
2023-03-08 02:48:30,0
2023-03-08 02:51:45,0
2023-03-08 02:55:00,0
2023-03-08 02:58:14,0
2023-03-08 03:01:29,0
2023-03-08 03:04:44,0
2023-03-08 03:07:59,0
2023-03-08 03:11:14,0
2023-03-08 03:14:38,0
2023-03-08 03:17:53,0
2023-03-08 03:21:08,1
2023-03-08 03:24:23,1
2023-03-08 03:27:38,1
2023-03-08 03:30:53,1
2023-03-08 03:34:08,1
2023-03-08 03:37:23,1
2023-03-08 03:40:38,0
2023-03-08 03:43:53,0
2023-03-08 03:47:08,0
2023-03-08 03:50:22,0
2023-03-08 03:53:37,0
2023-03-08 03:56:52,0
2023-03-08 04:00:07,0
2023-03-08 04:03:21,0
2023-03-08 04:06:36,0
2023-03-08 04:09:51,0
2023-03-08 04:13:06,0
2023-03-08 04:16:21,0
2023-03-08 04:19:36,0
2023-03-08 04:22:51,1
2023-03-08 04:26:07,1
2023-03-08 04:29:23,1
2023-03-08 04:32:38,0
2023-03-08 04:35:52,0
2023-03-08 04:39:08,0
2023-03-08 04:42:23,0
2023-03-08 04:45:37,1
2023-03-08 04:48:53,1
2023-03-08 04:52:07,1
2023-03-08 04:55:22,1
2023-03-08 04:58:38,1
2023-03-08 05:01:53,1
2023-03-08 05:05:07,1
2023-03-08 05:08:22,1
2023-03-08 05:11:37,1
2023-03-08 05:14:52,1
2023-03-08 05:18:07,1
2023-03-08 05:21:22,1
2023-03-08 05:24:37,1
2023-03-08 05:27:51,1
2023-03-08 05:31:07,1
2023-03-08 05:34:21,1
2023-03-08 05:37:36,1
2023-03-08 05:40:51,1
2023-03-08 05:44:06,1
2023-03-08 05:47:21,1
2023-03-08 05:50:35,1
2023-03-08 05:53:50,1
2023-03-08 05:57:05,0
2023-03-08 06:00:20,0
2023-03-08 06:03:35,0
2023-03-08 06:06:50,0
2023-03-08 06:10:04,0
2023-03-08 06:13:20,0
2023-03-08 06:16:35,0
2023-03-08 06:19:49,0
2023-03-08 06:23:04,0
2023-03-08 06:26:19,0
2023-03-08 06:29:34,0
2023-03-08 06:32:49,0
2023-03-08 06:36:04,0
2023-03-08 06:39:18,0
2023-03-08 06:42:33,0
2023-03-08 06:45:48,0
2023-03-08 06:49:03,0
2023-03-08 06:52:17,0
2023-03-08 06:55:32,0
2023-03-08 06:58:47,0
2023-03-08 07:02:02,0
2023-03-08 07:05:17,0
2023-03-08 07:08:31,0
2023-03-08 07:11:47,0
2023-03-08 07:15:01,0
2023-03-08 07:18:16,0
2023-03-08 07:21:31,0
2023-03-08 07:24:46,0
2023-03-08 07:28:02,0
2023-03-08 07:31:17,0
2023-03-08 07:34:32,0
2023-03-08 07:37:47,0
2023-03-08 07:41:02,0
2023-03-08 07:44:17,0
2023-03-08 07:47:32,0
2023-03-08 07:50:47,0
2023-03-08 07:54:01,0
2023-03-08 07:57:16,0
2023-03-08 08:00:31,0
2023-03-08 08:03:46,0
2023-03-08 08:07:01,0
2023-03-08 08:10:16,0
2023-03-08 08:13:30,0
2023-03-08 08:16:45,0
2023-03-08 08:20:00,0
2023-03-08 08:23:14,0
2023-03-08 08:26:29,0
2023-03-08 08:29:44,0
2023-03-08 08:32:58,0
2023-03-08 08:36:13,1
2023-03-08 08:39:28,1
2023-03-08 08:42:43,1
2023-03-08 08:45:58,0
2023-03-08 08:49:13,0
2023-03-08 08:52:27,0
2023-03-08 08:55:42,0
2023-03-08 08:58:57,0
2023-03-08 09:02:12,0
2023-03-08 09:05:26,0
2023-03-08 09:08:41,1
2023-03-08 09:11:56,1
2023-03-08 09:15:11,1
2023-03-08 09:18:25,1
2023-03-08 09:21:40,1
2023-03-08 09:24:56,1
2023-03-08 09:28:10,1
2023-03-08 09:31:25,1
2023-03-08 09:34:40,1
2023-03-08 09:37:55,1
2023-03-08 09:41:10,1
2023-03-08 09:44:25,1
2023-03-08 09:47:40,1
2023-03-08 09:50:55,1
2023-03-08 09:54:10,1
2023-03-08 09:57:25,1
2023-03-08 10:00:39,1
2023-03-08 10:03:54,1
2023-03-08 10:07:09,1
2023-03-08 10:10:24,1
2023-03-08 10:13:39,1
2023-03-08 10:16:54,1
2023-03-08 10:20:09,1
2023-03-08 10:23:23,1
2023-03-08 10:26:38,1
2023-03-08 10:29:54,1
2023-03-08 10:33:08,1
2023-03-08 10:36:23,1
2023-03-08 10:39:38,1
2023-03-08 10:42:53,1
2023-03-08 10:46:08,1
2023-03-08 10:49:23,1
2023-03-08 10:52:38,1
2023-03-08 10:55:53,1
2023-03-08 10:59:08,1
2023-03-08 11:02:22,1
2023-03-08 11:05:37,1
2023-03-08 11:08:52,1
2023-03-08 11:12:07,1
2023-03-08 11:15:22,1
2023-03-08 11:18:36,1
2023-03-08 11:21:51,1
2023-03-08 11:25:06,1
2023-03-08 11:28:20,1
2023-03-08 11:31:35,1
2023-03-08 11:34:50,1
2023-03-08 11:38:05,1
2023-03-08 11:41:20,1
2023-03-08 11:44:35,1
2023-03-08 11:47:50,1
2023-03-08 11:51:06,1
2023-03-08 11:54:21,1
2023-03-08 11:57:36,1
2023-03-08 12:00:51,1
2023-03-08 12:04:06,1
2023-03-08 12:07:21,0
2023-03-08 12:10:36,0
2023-03-08 12:13:51,0
2023-03-08 12:17:06,1
2023-03-08 12:20:21,1
2023-03-08 12:23:36,1
2023-03-08 12:26:51,1
2023-03-08 12:30:07,1
2023-03-08 12:33:22,1
2023-03-08 12:36:36,1
2023-03-08 12:39:52,1
2023-03-08 12:43:07,1
2023-03-08 12:46:22,1
2023-03-08 12:49:37,1
2023-03-08 12:52:52,1
2023-03-08 12:56:08,1
2023-03-08 12:59:23,1
2023-03-08 13:02:37,1
2023-03-08 13:05:52,1
2023-03-08 13:09:07,1
2023-03-08 13:12:23,1
2023-03-08 13:15:38,1
2023-03-08 13:18:53,1
2023-03-08 13:22:08,1
2023-03-08 13:25:23,1
2023-03-08 13:28:37,1
2023-03-08 13:31:52,1
2023-03-08 13:35:07,1
2023-03-08 13:38:22,1
2023-03-08 13:41:37,1
2023-03-08 13:44:52,1
2023-03-08 13:48:06,1
2023-03-08 13:51:21,1
2023-03-08 13:54:36,1
2023-03-08 13:57:51,1
2023-03-08 14:01:07,1
2023-03-08 14:04:22,1
2023-03-08 14:07:37,1
2023-03-08 14:10:52,1
2023-03-08 14:14:06,1
2023-03-08 14:17:21,1
2023-03-08 14:20:36,1
2023-03-08 14:23:51,1
2023-03-08 14:27:07,1
2023-03-08 14:30:22,1
2023-03-08 14:33:36,1
2023-03-08 14:36:51,1
2023-03-08 14:40:06,1
2023-03-08 14:43:22,1
2023-03-08 14:46:36,1
2023-03-08 14:49:51,1
2023-03-08 14:53:06,1
2023-03-08 14:56:21,1
2023-03-08 14:59:37,1
2023-03-08 15:02:52,1
2023-03-08 15:06:07,0
2023-03-08 15:09:22,0
2023-03-08 15:12:37,0
2023-03-08 15:15:51,0
2023-03-08 15:19:07,0
2023-03-08 15:22:21,0
2023-03-08 15:25:36,0
2023-03-08 15:28:51,0
2023-03-08 15:32:06,0
2023-03-08 15:35:21,0
2023-03-08 15:38:36,0
2023-03-08 15:41:51,0
2023-03-08 15:45:06,0
2023-03-08 15:48:21,0
2023-03-08 15:51:36,0
2023-03-08 15:54:51,0
2023-03-08 15:58:05,0
2023-03-08 16:01:21,0
2023-03-08 16:04:37,0
2023-03-08 16:07:52,0
2023-03-08 16:11:07,0
2023-03-08 16:14:22,0
2023-03-08 16:17:37,0
2023-03-08 16:20:53,0
2023-03-08 16:24:08,0
2023-03-08 16:27:23,0
2023-03-08 16:30:38,0
2023-03-08 16:33:53,0
2023-03-08 16:37:09,0
2023-03-08 16:40:24,0
2023-03-08 16:43:39,0
2023-03-08 16:46:54,0
2023-03-08 16:50:09,0
2023-03-08 16:53:24,0
2023-03-08 16:56:39,0
2023-03-08 16:59:53,0
2023-03-08 17:03:09,0
2023-03-08 17:06:24,0
2023-03-08 17:09:39,0
2023-03-08 17:12:54,0
2023-03-08 17:16:10,0
2023-03-08 17:19:25,0
2023-03-08 17:22:39,0
2023-03-08 17:25:54,0
2023-03-08 17:29:09,0
2023-03-08 17:32:24,0
2023-03-08 17:35:39,0
2023-03-08 17:38:54,0
2023-03-08 17:42:10,0
2023-03-08 17:45:25,0
2023-03-08 17:48:40,0
2023-03-08 17:51:56,0
2023-03-08 17:55:10,0
2023-03-08 17:58:26,0
2023-03-08 18:01:41,0
2023-03-08 18:04:56,0
2023-03-08 18:08:11,0
2023-03-08 18:11:26,0
2023-03-08 18:14:41,0
2023-03-08 18:17:57,0
2023-03-08 18:21:12,0
2023-03-08 18:24:26,1
2023-03-08 18:27:42,1
2023-03-08 18:30:57,1
2023-03-08 18:34:12,1
2023-03-08 18:37:27,0
2023-03-08 18:40:43,0
2023-03-08 18:43:58,0
2023-03-08 18:47:13,1
2023-03-08 18:50:28,1
2023-03-08 18:53:43,1
2023-03-08 18:56:59,0
2023-03-08 19:00:14,0
2023-03-08 19:03:28,0
2023-03-08 19:06:43,0
2023-03-08 19:09:58,0
2023-03-08 19:13:14,0
2023-03-08 19:16:30,0
2023-03-08 19:19:45,0
2023-03-08 19:23:01,0
2023-03-08 19:26:17,0
2023-03-08 19:29:34,0
2023-03-08 19:32:49,0
2023-03-08 19:36:04,0
2023-03-08 19:39:19,0
2023-03-08 19:42:35,0
2023-03-08 19:45:50,0
2023-03-08 19:49:05,1
2023-03-08 19:52:21,1
2023-03-08 19:55:36,1
2023-03-08 19:58:51,0
2023-03-08 20:02:06,0
2023-03-08 20:05:21,0
2023-03-08 20:08:36,0
2023-03-08 20:11:51,0
2023-03-08 20:15:05,0
2023-03-08 20:18:21,0
2023-03-08 20:21:36,0
2023-03-08 20:24:51,0
2023-03-08 20:28:06,0
2023-03-08 20:31:21,0
2023-03-08 20:34:36,0
2023-03-08 20:37:51,0
2023-03-08 20:41:06,0
2023-03-08 20:44:21,0
2023-03-08 20:47:36,0
2023-03-08 20:50:51,0
2023-03-08 20:54:06,0
2023-03-08 20:57:21,0
2023-03-08 21:00:36,0
2023-03-08 21:03:51,0
2023-03-08 21:07:06,0
2023-03-08 21:10:22,0
2023-03-08 21:13:37,0
2023-03-08 21:16:52,0
2023-03-08 21:20:07,0
2023-03-08 21:23:22,1
2023-03-08 21:26:36,1
2023-03-08 21:29:51,1
2023-03-08 21:33:07,1
2023-03-08 21:36:22,1
2023-03-08 21:39:37,1
2023-03-08 21:42:52,1
2023-03-08 21:46:07,1
2023-03-08 21:49:23,1
2023-03-08 21:52:38,1
2023-03-08 21:55:53,1
2023-03-08 21:59:08,1
2023-03-08 22:02:23,1
2023-03-08 22:05:38,1
2023-03-08 22:08:53,1
2023-03-08 22:12:08,1
2023-03-08 22:15:23,1
2023-03-08 22:18:38,1
2023-03-08 22:21:53,1
2023-03-08 22:25:09,1
2023-03-08 22:28:24,1
2023-03-08 22:31:39,1
2023-03-08 22:34:54,1
2023-03-08 22:38:09,1
2023-03-08 22:41:24,1
2023-03-08 22:44:39,1
2023-03-08 22:47:54,1
2023-03-08 22:51:09,1
2023-03-08 22:54:25,1
2023-03-08 22:57:40,1
2023-03-08 23:00:55,1
2023-03-08 23:04:10,1
2023-03-08 23:07:25,1
2023-03-08 23:10:40,1
2023-03-08 23:13:55,1
2023-03-08 23:17:10,1
2023-03-08 23:20:25,1
2023-03-08 23:23:40,1
2023-03-08 23:26:56,1
2023-03-08 23:30:13,1
2023-03-08 23:33:28,1
2023-03-08 23:36:43,1
2023-03-08 23:39:59,1
2023-03-08 23:43:13,1
2023-03-08 23:46:28,1
2023-03-08 23:49:44,1
2023-03-08 23:52:59,1
2023-03-08 23:56:14,1
2023-03-08 23:59:30,1
2023-03-09 00:02:45,1
2023-03-09 00:06:00,1
2023-03-09 00:09:16,1
2023-03-09 00:12:30,1
2023-03-09 00:16:01,1
2023-03-09 00:19:17,1
2023-03-09 00:22:32,1
2023-03-09 00:25:47,1
2023-03-09 00:29:02,1
2023-03-09 00:32:18,1
2023-03-09 00:35:33,1
2023-03-09 00:38:49,1
2023-03-09 00:42:03,1
2023-03-09 00:45:18,1
2023-03-09 00:48:33,1
2023-03-09 00:51:48,1
2023-03-09 00:55:03,1
2023-03-09 00:58:19,1
2023-03-09 01:01:34,1
2023-03-09 01:04:50,1
2023-03-09 01:08:05,1
2023-03-09 01:11:20,1
2023-03-09 01:14:35,1
2023-03-09 01:17:50,1
2023-03-09 01:21:06,1
2023-03-09 01:24:21,1
2023-03-09 01:27:36,1
2023-03-09 01:30:51,1
2023-03-09 01:34:06,1
2023-03-09 01:37:21,1
2023-03-09 01:40:36,1
2023-03-09 01:43:51,1
2023-03-09 01:47:07,1
2023-03-09 01:50:22,1
2023-03-09 01:53:47,1
2023-03-09 01:57:03,1
2023-03-09 02:00:18,1
2023-03-09 02:03:33,1
2023-03-09 02:06:48,1
2023-03-09 02:10:04,1
2023-03-09 02:13:19,1
2023-03-09 02:16:35,1
2023-03-09 02:19:51,1
2023-03-09 02:23:06,1
2023-03-09 02:26:21,1
2023-03-09 02:29:36,1
2023-03-09 02:32:51,1
2023-03-09 02:36:07,1
2023-03-09 02:39:22,1
2023-03-09 02:42:37,1
2023-03-09 02:45:52,1
2023-03-09 02:49:07,1
2023-03-09 02:52:22,1
2023-03-09 02:55:37,1
2023-03-09 02:58:53,1
2023-03-09 03:02:08,1
2023-03-09 03:05:23,1
2023-03-09 03:08:38,1
2023-03-09 03:11:53,1
2023-03-09 03:15:08,1
2023-03-09 03:18:24,1
2023-03-09 03:21:39,1
2023-03-09 03:24:57,1
2023-03-09 03:28:12,1
2023-03-09 03:31:28,1
2023-03-09 03:34:43,1
2023-03-09 03:37:58,1
2023-03-09 03:41:13,1
2023-03-09 03:44:28,1
2023-03-09 03:47:43,1
2023-03-09 03:50:59,1
2023-03-09 03:54:14,1
2023-03-09 03:57:29,1
2023-03-09 04:00:44,1
2023-03-09 04:04:00,1
2023-03-09 04:07:15,1
2023-03-09 04:10:29,1
2023-03-09 04:13:44,1
2023-03-09 04:17:00,1
2023-03-09 04:20:15,1
2023-03-09 04:23:30,1
2023-03-09 04:26:45,1
2023-03-09 04:30:00,1
2023-03-09 04:33:15,1
2023-03-09 04:36:30,1
2023-03-09 04:39:45,1
2023-03-09 04:43:00,1
2023-03-09 04:46:16,1
2023-03-09 04:49:31,1
2023-03-09 04:52:46,1
2023-03-09 04:56:06,1
2023-03-09 04:59:22,1
2023-03-09 05:02:37,1
2023-03-09 05:05:52,1
2023-03-09 05:09:07,1
2023-03-09 05:12:22,1
2023-03-09 05:15:37,1
2023-03-09 05:18:52,1
2023-03-09 05:22:07,1
2023-03-09 05:25:22,1
2023-03-09 05:28:37,1
2023-03-09 05:31:52,1
2023-03-09 05:35:07,1
2023-03-09 05:38:27,1
2023-03-09 05:41:42,1
2023-03-09 05:44:57,1
2023-03-09 05:48:12,1
2023-03-09 05:51:27,1
2023-03-09 05:54:46,1
2023-03-09 05:58:02,1
2023-03-09 06:01:17,1
2023-03-09 06:04:32,1
2023-03-09 06:07:47,1
2023-03-09 06:11:03,1
2023-03-09 06:14:18,1
2023-03-09 06:17:33,1
2023-03-09 06:20:48,1
2023-03-09 06:24:03,1
2023-03-09 06:27:18,1
2023-03-09 06:30:33,1
2023-03-09 06:33:48,1
2023-03-09 06:37:03,1
2023-03-09 06:40:18,1
2023-03-09 06:43:33,1
2023-03-09 06:46:49,1
2023-03-09 06:50:04,1
2023-03-09 06:53:19,1
2023-03-09 06:56:34,1
2023-03-09 06:59:49,1
2023-03-09 07:03:04,1
2023-03-09 07:06:19,1
2023-03-09 07:09:33,1
2023-03-09 07:12:48,1
2023-03-09 07:16:03,1
2023-03-09 07:19:18,1
2023-03-09 07:22:33,1
2023-03-09 07:25:48,1
2023-03-09 07:29:04,1
2023-03-09 07:32:19,1
2023-03-09 07:35:34,1
2023-03-09 07:38:49,1
2023-03-09 07:42:04,1
2023-03-09 07:45:20,1
2023-03-09 07:48:35,1
2023-03-09 07:51:50,1
2023-03-09 07:55:05,1
2023-03-09 07:58:20,1
2023-03-09 08:01:34,1
2023-03-09 08:04:49,1
2023-03-09 08:08:15,1
2023-03-09 08:11:30,1
2023-03-09 08:14:45,1
2023-03-09 08:18:00,1
2023-03-09 08:21:16,1
2023-03-09 08:24:36,1
2023-03-09 08:27:51,1
2023-03-09 08:31:07,1
2023-03-09 08:34:22,1
2023-03-09 08:37:37,1
2023-03-09 08:40:52,1
2023-03-09 08:44:07,1
2023-03-09 08:47:22,1
2023-03-09 08:50:38,1
2023-03-09 08:53:52,1
2023-03-09 08:57:18,1
2023-03-09 09:00:33,1
2023-03-09 09:03:48,1
2023-03-09 09:07:04,1
2023-03-09 09:10:19,1
2023-03-09 09:13:35,1
2023-03-09 09:16:49,1
2023-03-09 09:20:05,1
2023-03-09 09:23:19,1
2023-03-09 09:26:35,1
2023-03-09 09:29:50,1
2023-03-09 09:33:06,1
2023-03-09 09:36:20,1
2023-03-09 09:39:35,1
2023-03-09 09:42:50,1
2023-03-09 09:46:05,1
2023-03-09 09:49:20,1
2023-03-09 09:52:35,1
2023-03-09 09:55:50,1
2023-03-09 09:59:05,1
2023-03-09 10:02:20,1
2023-03-09 10:05:36,1
2023-03-09 10:08:51,1
2023-03-09 10:12:06,0
2023-03-09 10:15:21,0
2023-03-09 10:18:36,0
2023-03-09 10:21:52,0
2023-03-09 10:25:07,0
2023-03-09 10:28:30,0
2023-03-09 10:31:45,0
2023-03-09 10:34:59,0
2023-03-09 10:38:15,0
2023-03-09 10:41:30,0
2023-03-09 10:44:45,0
2023-03-09 10:48:00,0
2023-03-09 10:51:15,0
2023-03-09 10:54:30,1
2023-03-09 10:57:45,1
2023-03-09 11:01:01,1
2023-03-09 11:04:16,1
2023-03-09 11:07:31,0
2023-03-09 11:10:46,0
2023-03-09 11:14:02,0
2023-03-09 11:17:17,0
2023-03-09 11:20:31,0
2023-03-09 11:23:46,0
2023-03-09 11:27:02,1
2023-03-09 11:30:17,1
2023-03-09 11:33:32,1
2023-03-09 11:36:47,1
2023-03-09 11:40:02,1
2023-03-09 11:43:17,1
2023-03-09 11:46:32,1
2023-03-09 11:49:47,1
2023-03-09 11:53:02,1
2023-03-09 11:56:18,1
2023-03-09 11:59:32,1
2023-03-09 12:02:47,1
2023-03-09 12:06:02,1
2023-03-09 12:09:17,0
2023-03-09 12:12:32,0
2023-03-09 12:15:48,0
2023-03-09 12:19:03,0
2023-03-09 12:22:18,0
2023-03-09 12:25:33,0
2023-03-09 12:28:49,0
2023-03-09 12:32:04,0
2023-03-09 12:35:19,0
2023-03-09 12:38:35,0
2023-03-09 12:41:50,0
2023-03-09 12:45:05,0
2023-03-09 12:48:27,0
2023-03-09 12:51:42,0
2023-03-09 12:54:57,0
2023-03-09 12:58:12,0
2023-03-09 13:01:27,0
2023-03-09 13:04:43,0
2023-03-09 13:07:58,0
2023-03-09 13:11:13,0
2023-03-09 13:14:28,0
2023-03-09 13:17:44,0
2023-03-09 13:20:59,0
2023-03-09 13:24:14,0
2023-03-09 13:27:29,0
2023-03-09 13:30:44,0
2023-03-09 13:33:59,0
2023-03-09 13:37:14,0
2023-03-09 13:40:30,0
2023-03-09 13:43:44,0
2023-03-09 13:46:59,0
2023-03-09 13:50:14,0
2023-03-09 13:53:29,1
2023-03-09 13:56:45,1
2023-03-09 14:00:00,1
2023-03-09 14:03:15,1
2023-03-09 14:06:30,0
2023-03-09 14:09:45,0
2023-03-09 14:13:00,0
2023-03-09 14:16:15,0
2023-03-09 14:19:30,0
2023-03-09 14:22:45,0
2023-03-09 14:26:01,0
2023-03-09 14:29:16,0
2023-03-09 14:32:31,0
2023-03-09 14:35:46,0
2023-03-09 14:39:02,0
2023-03-09 14:42:17,0
2023-03-09 14:45:32,0
2023-03-09 14:48:48,0
2023-03-09 14:52:03,0
2023-03-09 14:55:18,0
2023-03-09 14:58:34,0
2023-03-09 15:01:49,0
2023-03-09 15:05:04,0
2023-03-09 15:08:19,0
2023-03-09 15:11:34,0
2023-03-09 15:14:49,0
2023-03-09 15:18:05,0
2023-03-09 15:21:20,0
2023-03-09 15:24:35,0
2023-03-09 15:27:50,0
2023-03-09 15:31:05,0
2023-03-09 15:34:25,0
2023-03-09 15:37:39,0
2023-03-09 15:40:55,0
2023-03-09 15:44:10,0
2023-03-09 15:47:26,0
2023-03-09 15:50:41,0
2023-03-09 15:53:56,0
2023-03-09 15:57:11,0
2023-03-09 16:00:26,0
2023-03-09 16:03:41,0
2023-03-09 16:06:55,0
2023-03-09 16:10:11,0
2023-03-09 16:13:25,0
2023-03-09 16:16:40,0
2023-03-09 16:19:56,0
2023-03-09 16:23:11,0
2023-03-09 16:26:26,0
2023-03-09 16:29:41,0
2023-03-09 16:32:59,0
2023-03-09 16:36:14,0
2023-03-09 16:39:29,0
2023-03-09 16:42:44,0
2023-03-09 16:46:00,0
2023-03-09 16:49:15,0
2023-03-09 16:52:30,0
2023-03-09 16:55:45,0
2023-03-09 16:59:00,0
2023-03-09 17:02:15,0
2023-03-09 17:05:31,0
2023-03-09 17:08:45,0
2023-03-09 17:12:01,0
2023-03-09 17:15:15,0
2023-03-09 17:18:31,0
2023-03-09 17:21:46,0
2023-03-09 17:25:01,0
2023-03-09 17:28:16,0
2023-03-09 17:31:31,0
2023-03-09 17:34:46,0
2023-03-09 17:38:01,0
2023-03-09 17:41:16,0
2023-03-09 17:44:31,0
2023-03-09 17:47:46,0
2023-03-09 17:51:01,0
2023-03-09 17:54:16,0
2023-03-09 17:57:31,0
2023-03-09 18:00:46,0
2023-03-09 18:04:01,0
2023-03-09 18:07:16,0
2023-03-09 18:10:32,0
2023-03-09 18:13:47,0
2023-03-09 18:17:02,0
2023-03-09 18:20:17,0
2023-03-09 18:23:32,0
2023-03-09 18:26:47,0
2023-03-09 18:30:02,0
2023-03-09 18:33:17,0
2023-03-09 18:36:32,0
2023-03-09 18:39:47,0
2023-03-09 18:43:03,0
2023-03-09 18:46:18,0
2023-03-09 18:49:32,0
2023-03-09 18:52:47,0
2023-03-09 18:56:02,0
2023-03-09 18:59:17,0
2023-03-09 19:02:33,0
2023-03-09 19:05:48,0
2023-03-09 19:09:03,0
2023-03-09 19:12:18,0
2023-03-09 19:15:33,0
2023-03-09 19:18:48,0
2023-03-09 19:22:03,0
2023-03-09 19:25:17,0
2023-03-09 19:28:33,0
2023-03-09 19:31:47,1
2023-03-09 19:35:02,1
2023-03-09 19:38:18,1
2023-03-09 19:41:33,1
2023-03-09 19:44:48,1
2023-03-09 19:48:03,1
2023-03-09 19:51:18,0
2023-03-09 19:54:33,0
2023-03-09 19:57:48,0
2023-03-09 20:01:03,0
2023-03-09 20:04:19,0
2023-03-09 20:07:34,0
2023-03-09 20:10:49,0
2023-03-09 20:14:04,0
2023-03-09 20:17:20,0
2023-03-09 20:20:35,0
2023-03-09 20:23:50,0
2023-03-09 20:27:05,0
2023-03-09 20:30:20,0
2023-03-09 20:33:35,1
2023-03-09 20:36:50,1
2023-03-09 20:40:05,1
2023-03-09 20:43:20,0
2023-03-09 20:46:35,0
2023-03-09 20:49:50,0
2023-03-09 20:53:05,0
2023-03-09 20:56:20,0
2023-03-09 20:59:35,0
2023-03-09 21:02:50,0
2023-03-09 21:06:05,0
2023-03-09 21:09:20,0
2023-03-09 21:12:35,0
2023-03-09 21:15:50,0
2023-03-09 21:19:05,0
2023-03-09 21:22:20,0
2023-03-09 21:25:35,0
2023-03-09 21:28:50,0
2023-03-09 21:32:05,0
2023-03-09 21:35:31,0
2023-03-09 21:38:46,0
2023-03-09 21:42:01,0
2023-03-09 21:45:17,0
2023-03-09 21:48:32,0
2023-03-09 21:51:47,0
2023-03-09 21:55:02,0
2023-03-09 21:58:17,1
2023-03-09 22:01:33,1
2023-03-09 22:04:48,1
2023-03-09 22:08:03,0
2023-03-09 22:11:17,0
2023-03-09 22:14:32,0
2023-03-09 22:17:47,1
2023-03-09 22:21:04,1
2023-03-09 22:24:18,1
2023-03-09 22:27:33,1
2023-03-09 22:30:48,0
2023-03-09 22:34:03,0
2023-03-09 22:37:17,0
2023-03-09 22:40:33,1
2023-03-09 22:43:48,1
2023-03-09 22:47:03,1
2023-03-09 22:50:18,1
2023-03-09 22:53:32,1
2023-03-09 22:56:48,1
2023-03-09 23:00:03,1
2023-03-09 23:03:18,1
2023-03-09 23:06:33,1
2023-03-09 23:09:48,1
2023-03-09 23:13:03,1
2023-03-09 23:16:18,1
2023-03-09 23:19:33,1
2023-03-09 23:22:48,1
2023-03-09 23:26:03,1
2023-03-09 23:29:18,1
2023-03-09 23:32:33,1
2023-03-09 23:35:48,1
2023-03-09 23:39:03,1
2023-03-09 23:42:18,1
2023-03-09 23:45:34,1
2023-03-09 23:48:49,1
2023-03-09 23:52:04,1
2023-03-09 23:55:19,1
2023-03-09 23:58:34,1
2023-03-10 00:01:49,1
2023-03-10 00:05:04,1
2023-03-10 00:08:20,1
2023-03-10 00:11:35,1
2023-03-10 00:14:50,1
2023-03-10 00:18:05,1
2023-03-10 00:21:20,1
2023-03-10 00:24:35,1
2023-03-10 00:27:50,1
2023-03-10 00:31:06,1
2023-03-10 00:34:20,1
2023-03-10 00:37:35,1
2023-03-10 00:40:51,1
2023-03-10 00:44:06,1
2023-03-10 00:47:21,1
2023-03-10 00:50:36,1
2023-03-10 00:53:51,1
2023-03-10 00:57:06,1
2023-03-10 01:00:21,1
2023-03-10 01:03:36,1
2023-03-10 01:06:51,1
2023-03-10 01:10:06,1
2023-03-10 01:13:21,1
2023-03-10 01:16:47,1
2023-03-10 01:20:02,1
2023-03-10 01:23:17,1
2023-03-10 01:26:31,1
2023-03-10 01:29:47,1
2023-03-10 01:33:01,1
2023-03-10 01:36:17,1
2023-03-10 01:39:31,1
2023-03-10 01:42:46,1
2023-03-10 01:46:01,1
2023-03-10 01:49:16,1
2023-03-10 01:52:31,1
2023-03-10 01:55:46,1
2023-03-10 01:59:01,1
2023-03-10 02:02:16,1
2023-03-10 02:05:31,1
2023-03-10 02:08:47,1
2023-03-10 02:12:10,0
2023-03-10 02:15:25,0
2023-03-10 02:18:42,0
2023-03-10 02:21:58,1
2023-03-10 02:25:13,1
2023-03-10 02:28:28,1
2023-03-10 02:31:44,1
2023-03-10 02:34:58,1
2023-03-10 02:38:14,1
2023-03-10 02:41:29,1
2023-03-10 02:44:43,1
2023-03-10 02:47:59,1
2023-03-10 02:51:14,1
2023-03-10 02:54:29,1
2023-03-10 02:57:44,1
2023-03-10 03:01:00,1
2023-03-10 03:04:15,1
2023-03-10 03:07:30,1
2023-03-10 03:10:45,1
2023-03-10 03:14:00,1
2023-03-10 03:17:15,1
2023-03-10 03:20:30,1
2023-03-10 03:23:45,1
2023-03-10 03:27:00,1
2023-03-10 03:30:15,1
2023-03-10 03:33:30,1
2023-03-10 03:36:45,1
2023-03-10 03:40:00,1
2023-03-10 03:43:15,1
2023-03-10 03:46:30,1
2023-03-10 03:49:45,1
2023-03-10 03:53:00,1
2023-03-10 03:56:15,1
2023-03-10 03:59:30,1
2023-03-10 04:02:45,1
2023-03-10 04:06:00,1
2023-03-10 04:09:16,1
2023-03-10 04:12:31,1
2023-03-10 04:15:46,1
2023-03-10 04:19:01,1
2023-03-10 04:22:16,1
2023-03-10 04:25:31,1
2023-03-10 04:28:46,1
2023-03-10 04:32:02,1
2023-03-10 04:35:17,1
2023-03-10 04:38:32,1
2023-03-10 04:41:47,1
2023-03-10 04:45:03,1
2023-03-10 04:48:18,1
2023-03-10 04:51:33,1
2023-03-10 04:54:48,1
2023-03-10 04:58:04,1
2023-03-10 05:01:19,1
2023-03-10 05:04:34,1
2023-03-10 05:07:49,1
2023-03-10 05:11:04,1
2023-03-10 05:14:20,1
2023-03-10 05:17:35,1
2023-03-10 05:20:51,1
2023-03-10 05:24:07,1
2023-03-10 05:27:21,1
2023-03-10 05:30:37,1
2023-03-10 05:33:52,1
2023-03-10 05:37:07,1
2023-03-10 05:40:23,1
2023-03-10 05:43:38,1
2023-03-10 05:46:53,1
2023-03-10 05:50:08,1
2023-03-10 05:53:24,1
2023-03-10 05:56:39,1
2023-03-10 05:59:54,1
2023-03-10 06:03:09,1
2023-03-10 06:06:25,1
2023-03-10 06:09:40,1
2023-03-10 06:12:55,1
2023-03-10 06:16:10,1
2023-03-10 06:19:25,1
2023-03-10 06:22:40,1
2023-03-10 06:25:56,1
2023-03-10 06:29:11,1
2023-03-10 06:32:26,1
2023-03-10 06:35:41,1
2023-03-10 06:38:56,1
2023-03-10 06:42:11,1
2023-03-10 06:45:27,1
2023-03-10 06:48:42,1
2023-03-10 06:51:57,1
2023-03-10 06:55:12,1
2023-03-10 06:58:27,1
2023-03-10 07:01:42,1
2023-03-10 07:04:58,0
2023-03-10 07:08:13,0
2023-03-10 07:11:28,0
2023-03-10 07:14:44,0
2023-03-10 07:17:59,0
2023-03-10 07:21:14,0
2023-03-10 07:24:30,0
2023-03-10 07:27:45,1
2023-03-10 07:31:00,1
2023-03-10 07:34:16,1
2023-03-10 07:37:31,1
2023-03-10 07:40:46,1
2023-03-10 07:44:01,1
2023-03-10 07:47:17,1
2023-03-10 07:50:32,1
2023-03-10 07:53:47,1
2023-03-10 07:57:02,0
2023-03-10 08:00:18,0
2023-03-10 08:03:33,0
2023-03-10 08:06:48,0
2023-03-10 08:10:03,1
2023-03-10 08:13:19,1
2023-03-10 08:16:34,1
2023-03-10 08:19:50,1
2023-03-10 08:23:05,1
2023-03-10 08:26:20,1
2023-03-10 08:29:35,1
2023-03-10 08:32:50,1
2023-03-10 08:36:05,1
2023-03-10 08:39:20,1
2023-03-10 08:42:35,1
2023-03-10 08:45:51,1
2023-03-10 08:49:06,1
2023-03-10 08:52:21,1
2023-03-10 08:55:36,1
2023-03-10 08:58:51,1
2023-03-10 09:02:06,1
2023-03-10 09:05:21,1
2023-03-10 09:08:36,1
2023-03-10 09:11:51,1
2023-03-10 09:15:07,1
2023-03-10 09:18:22,1
2023-03-10 09:21:37,1
2023-03-10 09:24:53,1
2023-03-10 09:28:07,1
2023-03-10 09:31:23,1
2023-03-10 09:34:38,1
2023-03-10 09:37:53,1
2023-03-10 09:41:09,1
2023-03-10 09:44:24,1
2023-03-10 09:47:39,1
2023-03-10 09:50:54,1
2023-03-10 09:54:10,1
2023-03-10 09:57:25,1
2023-03-10 10:00:40,1
2023-03-10 10:03:55,1
2023-03-10 10:07:11,1
2023-03-10 10:10:26,1
2023-03-10 10:13:41,1
2023-03-10 10:16:56,1
2023-03-10 10:20:12,1
2023-03-10 10:23:27,1
2023-03-10 10:26:42,1
2023-03-10 10:29:58,1
2023-03-10 10:33:13,1
2023-03-10 10:36:28,1
2023-03-10 10:39:43,1
2023-03-10 10:42:58,1
2023-03-10 10:46:13,1
2023-03-10 10:49:29,1
2023-03-10 10:52:44,1
2023-03-10 10:55:59,1
2023-03-10 10:59:14,1
2023-03-10 11:02:30,1
2023-03-10 11:05:45,1
2023-03-10 11:09:00,1
2023-03-10 11:12:16,1
2023-03-10 11:15:31,1
2023-03-10 11:18:46,1
2023-03-10 11:22:02,1
2023-03-10 11:25:17,1
2023-03-10 11:28:32,1
2023-03-10 11:31:48,1
2023-03-10 11:35:04,1
2023-03-10 11:38:19,1
2023-03-10 11:41:34,1
2023-03-10 11:44:49,1
2023-03-10 11:48:04,1
2023-03-10 11:51:18,1
2023-03-10 11:54:33,1
2023-03-10 11:57:48,1
2023-03-10 12:01:04,1
2023-03-10 12:04:19,1
2023-03-10 12:07:35,1
2023-03-10 12:10:50,1
2023-03-10 12:14:06,1
2023-03-10 12:17:21,1
2023-03-10 12:20:37,1
2023-03-10 12:23:51,1
2023-03-10 12:27:06,1
2023-03-10 12:30:21,1
2023-03-10 12:33:37,1
2023-03-10 12:36:52,1
2023-03-10 12:40:08,1
2023-03-10 12:43:22,1
2023-03-10 12:46:38,1
2023-03-10 12:49:53,1
2023-03-10 12:53:08,1
2023-03-10 12:56:24,1
2023-03-10 12:59:39,1
2023-03-10 13:02:54,1
2023-03-10 13:06:09,1
2023-03-10 13:09:24,1
2023-03-10 13:12:39,1
2023-03-10 13:15:55,1
2023-03-10 13:19:10,1
2023-03-10 13:22:25,1
2023-03-10 13:25:40,1
2023-03-10 13:28:56,1
2023-03-10 13:32:11,1
2023-03-10 13:35:26,1
2023-03-10 13:38:42,1
2023-03-10 13:41:57,1
2023-03-10 13:45:12,1
2023-03-10 13:48:27,1
2023-03-10 13:51:42,1
2023-03-10 13:54:58,1
2023-03-10 13:58:13,1
2023-03-10 14:01:29,1
2023-03-10 14:04:44,1
2023-03-10 14:08:00,1
2023-03-10 14:11:15,1
2023-03-10 14:14:30,1
2023-03-10 14:17:45,1
2023-03-10 14:21:00,1
2023-03-10 14:24:16,1
2023-03-10 14:27:31,1
2023-03-10 14:30:46,1
2023-03-10 14:34:02,1
2023-03-10 14:37:16,1
2023-03-10 14:40:32,1
2023-03-10 14:43:47,1
2023-03-10 14:47:03,1
2023-03-10 14:50:18,1
2023-03-10 14:53:33,1
2023-03-10 14:56:48,1
2023-03-10 15:00:04,1
2023-03-10 15:03:19,1
2023-03-10 15:06:34,1
2023-03-10 15:09:50,1
2023-03-10 15:13:06,1
2023-03-10 15:16:21,1
2023-03-10 15:19:37,1
2023-03-10 15:22:52,1
2023-03-10 15:26:07,1
2023-03-10 15:29:23,1
2023-03-10 15:32:38,1
2023-03-10 15:35:54,1
2023-03-10 15:39:09,1
2023-03-10 15:42:24,1
2023-03-10 15:45:39,1
2023-03-10 15:48:55,1
2023-03-10 15:52:10,1
2023-03-10 15:55:25,1
2023-03-10 15:58:41,1
2023-03-10 16:01:56,1
2023-03-10 16:05:12,1
2023-03-10 16:08:28,1
2023-03-10 16:11:43,1
2023-03-10 16:14:57,1
2023-03-10 16:18:13,1
2023-03-10 16:21:28,1
2023-03-10 16:24:43,1
2023-03-10 16:27:59,1
2023-03-10 16:31:14,1
2023-03-10 16:34:29,1
2023-03-10 16:37:45,1
2023-03-10 16:41:00,1
2023-03-10 16:44:16,1
2023-03-10 16:47:31,1
2023-03-10 16:50:46,1
2023-03-10 16:54:02,1
2023-03-10 16:57:17,1
2023-03-10 17:00:33,1
2023-03-10 17:03:48,1
2023-03-10 17:07:04,1
2023-03-10 17:10:19,1
2023-03-10 17:13:34,1
2023-03-10 17:16:49,1
2023-03-10 17:20:05,1
2023-03-10 17:23:20,1
2023-03-10 17:26:36,1
2023-03-10 17:29:51,1
2023-03-10 17:33:07,1
2023-03-10 17:36:22,1
2023-03-10 17:39:38,1
2023-03-10 17:42:53,1
2023-03-10 17:46:08,1
2023-03-10 17:49:24,1
2023-03-10 17:52:39,1
2023-03-10 17:55:54,1
2023-03-10 17:59:10,1
2023-03-10 18:02:25,1
2023-03-10 18:05:39,1
2023-03-10 18:08:55,1
2023-03-10 18:12:10,1
2023-03-10 18:15:25,1
2023-03-10 18:18:40,1
2023-03-10 18:21:55,1
2023-03-10 18:25:11,1
2023-03-10 18:28:26,1
2023-03-10 18:31:42,1
2023-03-10 18:34:57,1
2023-03-10 18:38:13,1
2023-03-10 18:41:29,1
2023-03-10 18:44:44,1
2023-03-10 18:47:59,1
2023-03-10 18:51:14,1
2023-03-10 18:54:29,1
2023-03-10 18:57:45,1
2023-03-10 19:01:00,1
2023-03-10 19:04:15,1
2023-03-10 19:07:30,1
2023-03-10 19:10:46,1
2023-03-10 19:14:01,1
2023-03-10 19:17:16,1
2023-03-10 19:20:31,1
2023-03-10 19:23:47,1
2023-03-10 19:27:02,1
2023-03-10 19:30:17,1
2023-03-10 19:33:32,1
2023-03-10 19:36:48,1
2023-03-10 19:40:03,1
2023-03-10 19:43:18,1
2023-03-10 19:46:34,1
2023-03-10 19:49:49,1
2023-03-10 19:53:04,1
2023-03-10 19:56:19,1
2023-03-10 19:59:35,1
2023-03-10 20:02:50,1
2023-03-10 20:06:05,1
2023-03-10 20:09:21,1
2023-03-10 20:12:36,1
2023-03-10 20:15:52,1
2023-03-10 20:19:07,1
2023-03-10 20:22:22,1
2023-03-10 20:25:38,1
2023-03-10 20:28:54,1
2023-03-10 20:32:09,1
2023-03-10 20:35:24,1
2023-03-10 20:38:40,1
2023-03-10 20:41:55,1
2023-03-10 20:45:10,1
2023-03-10 20:48:25,1
2023-03-10 20:51:40,1
2023-03-10 20:54:56,1
2023-03-10 20:58:11,1
2023-03-10 21:01:27,1
2023-03-10 21:04:42,1
2023-03-10 21:07:57,1
2023-03-10 21:11:12,1
2023-03-10 21:14:28,1
2023-03-10 21:17:44,0
2023-03-10 21:20:59,0
2023-03-10 21:24:15,0
2023-03-10 21:27:30,0
2023-03-10 21:30:46,0
2023-03-10 21:34:01,0
2023-03-10 21:37:16,0
2023-03-10 21:40:31,0
2023-03-10 21:43:46,0
2023-03-10 21:47:02,0
2023-03-10 21:50:17,0
2023-03-10 21:53:32,0
2023-03-10 21:56:48,0
2023-03-10 22:00:03,0
2023-03-10 22:03:19,0
2023-03-10 22:06:34,0
2023-03-10 22:09:49,1
2023-03-10 22:13:05,1
2023-03-10 22:16:20,1
2023-03-10 22:19:35,1
2023-03-10 22:22:50,1
2023-03-10 22:26:05,1
2023-03-10 22:29:21,1
2023-03-10 22:32:36,1
2023-03-10 22:35:51,1
2023-03-10 22:39:06,1
2023-03-10 22:42:22,1
2023-03-10 22:45:37,1
2023-03-10 22:48:52,1
2023-03-10 22:52:07,1
2023-03-10 22:55:22,1
2023-03-10 22:58:37,1
2023-03-10 23:01:53,1
2023-03-10 23:05:08,1
2023-03-10 23:08:24,1
2023-03-10 23:11:40,1
2023-03-10 23:14:55,1
2023-03-10 23:18:10,1
2023-03-10 23:21:25,1
2023-03-10 23:24:40,1
2023-03-10 23:27:55,1
2023-03-10 23:31:11,1
2023-03-10 23:34:26,1
2023-03-10 23:37:41,1
2023-03-10 23:40:56,1
2023-03-10 23:44:11,1
2023-03-10 23:47:25,1
2023-03-10 23:50:40,1
2023-03-10 23:53:55,1
2023-03-10 23:57:10,1
2023-03-11 00:00:25,1
2023-03-11 00:03:40,1
2023-03-11 00:06:55,1
2023-03-11 00:10:10,1
2023-03-11 00:13:25,1
2023-03-11 00:16:40,1
2023-03-11 00:19:55,1
2023-03-11 00:23:10,1
2023-03-11 00:26:26,1
2023-03-11 00:29:42,1
2023-03-11 00:32:57,1
2023-03-11 00:36:12,1
2023-03-11 00:39:27,1
2023-03-11 00:42:42,1
2023-03-11 00:45:58,1
2023-03-11 00:49:13,1
2023-03-11 00:52:28,1
2023-03-11 00:55:43,1
2023-03-11 00:58:58,1
2023-03-11 01:02:13,1
2023-03-11 01:05:29,1
2023-03-11 01:08:44,1
2023-03-11 01:12:00,1
2023-03-11 01:15:15,1
2023-03-11 01:18:30,1
2023-03-11 01:21:47,1
2023-03-11 01:25:02,1
2023-03-11 01:28:17,1
2023-03-11 01:31:32,1
2023-03-11 01:34:47,1
2023-03-11 01:38:01,1
2023-03-11 01:41:17,1
2023-03-11 01:44:39,1
2023-03-11 01:47:54,1
2023-03-11 01:51:09,1
2023-03-11 01:54:24,1
2023-03-11 01:57:39,1
2023-03-11 02:00:55,1
2023-03-11 02:04:10,1
2023-03-11 02:07:25,1
2023-03-11 02:10:41,1
2023-03-11 02:13:56,1
2023-03-11 02:17:11,1
2023-03-11 02:20:26,1
2023-03-11 02:23:41,1
2023-03-11 02:26:56,1
2023-03-11 02:30:12,1
2023-03-11 02:33:27,1
2023-03-11 02:36:43,1
2023-03-11 02:39:58,1
2023-03-11 02:43:14,1
2023-03-11 02:46:29,1
2023-03-11 02:49:44,1
2023-03-11 02:52:59,1
2023-03-11 02:56:14,1
2023-03-11 02:59:29,1
2023-03-11 03:02:44,1
2023-03-11 03:05:59,1
2023-03-11 03:09:15,1
2023-03-11 03:12:30,1
2023-03-11 03:15:45,1
2023-03-11 03:19:00,1
2023-03-11 03:22:21,1
2023-03-11 03:25:35,1
2023-03-11 03:28:51,1
2023-03-11 03:32:06,1
2023-03-11 03:35:21,1
2023-03-11 03:38:36,1
2023-03-11 03:41:52,1
2023-03-11 03:45:07,1
2023-03-11 03:48:22,1
2023-03-11 03:51:37,1
2023-03-11 03:54:52,1
2023-03-11 03:58:07,1
2023-03-11 04:01:23,1
2023-03-11 04:04:38,1
2023-03-11 04:07:53,1
2023-03-11 04:11:07,1
2023-03-11 04:14:23,1
2023-03-11 04:17:38,1
2023-03-11 04:20:52,1
2023-03-11 04:24:07,1
2023-03-11 04:27:22,1
2023-03-11 04:30:37,1
2023-03-11 04:33:52,1
2023-03-11 04:37:07,1
2023-03-11 04:40:22,1
2023-03-11 04:43:37,1
2023-03-11 04:46:52,1
2023-03-11 04:50:07,1
2023-03-11 04:53:22,1
2023-03-11 04:56:37,1
2023-03-11 04:59:52,1
2023-03-11 05:03:07,1
2023-03-11 05:06:22,1
2023-03-11 05:09:38,1
2023-03-11 05:12:53,1
2023-03-11 05:16:08,1
2023-03-11 05:19:24,1
2023-03-11 05:22:39,1
2023-03-11 05:25:54,1
2023-03-11 05:29:10,1
2023-03-11 05:32:25,1
2023-03-11 05:35:40,1
2023-03-11 05:38:55,1
2023-03-11 05:42:10,1
2023-03-11 05:45:25,1
2023-03-11 05:48:40,1
2023-03-11 05:51:55,1
2023-03-11 05:55:11,1
2023-03-11 05:58:26,1
2023-03-11 06:01:41,1
2023-03-11 06:04:57,1
2023-03-11 06:08:12,1
2023-03-11 06:11:27,1
2023-03-11 06:14:41,1
2023-03-11 06:17:57,1
2023-03-11 06:21:12,1
2023-03-11 06:24:27,1
2023-03-11 06:27:42,1
2023-03-11 06:30:57,1
2023-03-11 06:34:12,1
2023-03-11 06:37:27,1
2023-03-11 06:40:42,1
2023-03-11 06:43:57,1
2023-03-11 06:47:12,1
2023-03-11 06:50:27,1
2023-03-11 06:53:42,1
2023-03-11 06:56:57,1
2023-03-11 07:00:12,1
2023-03-11 07:03:28,1
2023-03-11 07:06:43,1
2023-03-11 07:10:00,1
2023-03-11 07:13:15,1
2023-03-11 07:16:30,1
2023-03-11 07:19:45,1
2023-03-11 07:23:00,1
2023-03-11 07:26:15,1
2023-03-11 07:29:30,1
2023-03-11 07:32:46,1
2023-03-11 07:36:01,1
2023-03-11 07:39:17,1
2023-03-11 07:42:32,1
2023-03-11 07:45:47,1
2023-03-11 07:49:03,1
2023-03-11 07:52:18,1
2023-03-11 07:55:33,1
2023-03-11 07:58:49,1
2023-03-11 08:02:04,1
2023-03-11 08:05:19,1
2023-03-11 08:08:35,1
2023-03-11 08:11:50,1
2023-03-11 08:15:06,1
2023-03-11 08:18:21,1
2023-03-11 08:21:36,1
2023-03-11 08:24:51,1
2023-03-11 08:28:07,1
2023-03-11 08:31:22,1
2023-03-11 08:34:37,1
2023-03-11 08:37:53,1
2023-03-11 08:41:08,1
2023-03-11 08:44:23,1
2023-03-11 08:47:38,1
2023-03-11 08:50:54,1
2023-03-11 08:54:09,1
2023-03-11 08:57:24,1
2023-03-11 09:00:39,1
2023-03-11 09:03:55,1
2023-03-11 09:07:10,1
2023-03-11 09:10:26,1
2023-03-11 09:13:41,1
2023-03-11 09:16:56,1
2023-03-11 09:20:11,1
2023-03-11 09:23:26,1
2023-03-11 09:26:40,1
2023-03-11 09:29:55,1
2023-03-11 09:33:10,1
2023-03-11 09:36:26,1
2023-03-11 09:39:41,1
2023-03-11 09:42:56,1
2023-03-11 09:46:11,1
2023-03-11 09:49:26,1
2023-03-11 09:52:41,1
2023-03-11 09:55:56,1
2023-03-11 09:59:11,1
2023-03-11 10:02:27,1
2023-03-11 10:05:42,1
2023-03-11 10:08:57,1
2023-03-11 10:12:13,1
2023-03-11 10:15:28,1
2023-03-11 10:18:43,1
2023-03-11 10:21:58,1
2023-03-11 10:25:14,1
2023-03-11 10:28:29,1
2023-03-11 10:31:44,1
2023-03-11 10:34:59,1
2023-03-11 10:38:15,1
2023-03-11 10:41:30,1
2023-03-11 10:44:45,1
2023-03-11 10:48:01,1
2023-03-11 10:51:16,1
2023-03-11 10:54:31,1
2023-03-11 10:57:46,1
2023-03-11 11:01:01,1
2023-03-11 11:04:16,1
2023-03-11 11:07:32,1
2023-03-11 11:10:47,1
2023-03-11 11:14:02,1
2023-03-11 11:17:17,1
2023-03-11 11:20:32,1
2023-03-11 11:23:48,1
2023-03-11 11:27:03,1
2023-03-11 11:30:18,1
2023-03-11 11:33:33,1
2023-03-11 11:36:48,1
2023-03-11 11:40:03,1
2023-03-11 11:43:18,1
2023-03-11 11:46:34,1
2023-03-11 11:49:49,1
2023-03-11 11:53:04,1
2023-03-11 11:56:19,1
2023-03-11 11:59:35,1
2023-03-11 12:02:50,1
2023-03-11 12:06:05,1
2023-03-11 12:09:20,1
2023-03-11 12:12:35,1
2023-03-11 12:15:51,1
2023-03-11 12:19:05,1
2023-03-11 12:22:20,1
2023-03-11 12:25:36,1
2023-03-11 12:28:51,1
2023-03-11 12:32:06,1
2023-03-11 12:35:20,1
2023-03-11 12:38:35,1
2023-03-11 12:41:51,1
2023-03-11 12:45:06,1
2023-03-11 12:48:21,1
2023-03-11 12:51:36,1
2023-03-11 12:54:51,1
2023-03-11 12:58:07,1
2023-03-11 13:01:22,1
2023-03-11 13:04:37,1
2023-03-11 13:07:52,1
2023-03-11 13:11:08,1
2023-03-11 13:14:22,1
2023-03-11 13:17:37,1
2023-03-11 13:20:52,1
2023-03-11 13:24:07,1
2023-03-11 13:27:22,1
2023-03-11 13:30:36,1
2023-03-11 13:33:51,1
2023-03-11 13:37:06,1
2023-03-11 13:40:20,1
2023-03-11 13:43:35,1
2023-03-11 13:46:50,1
2023-03-11 13:50:04,1
2023-03-11 13:53:19,1
2023-03-11 13:56:33,1
2023-03-11 13:59:48,1
2023-03-11 14:03:03,1
2023-03-11 14:06:18,1
2023-03-11 14:09:33,1
2023-03-11 14:12:48,1
2023-03-11 14:16:03,1
2023-03-11 14:19:18,1
2023-03-11 14:22:34,1
2023-03-11 14:25:49,1
2023-03-11 14:29:05,1
2023-03-11 14:32:21,1
2023-03-11 14:35:36,1
2023-03-11 14:38:52,1
2023-03-11 14:42:08,1
2023-03-11 14:45:25,1
2023-03-11 14:48:41,1
2023-03-11 14:51:56,1
2023-03-11 14:55:12,1
2023-03-11 14:58:28,1
2023-03-11 15:01:43,1
2023-03-11 15:04:58,1
2023-03-11 15:08:14,1
2023-03-11 15:11:29,1
2023-03-11 15:14:45,1
2023-03-11 15:18:00,1
2023-03-11 15:21:15,1
2023-03-11 15:24:30,1
2023-03-11 15:27:45,1
2023-03-11 15:31:02,1
2023-03-11 15:34:17,1
2023-03-11 15:37:33,1
2023-03-11 15:40:49,1
2023-03-11 15:44:04,1
2023-03-11 15:47:20,1
2023-03-11 15:50:35,1
2023-03-11 15:53:51,1
2023-03-11 15:57:06,1
2023-03-11 16:00:22,1
2023-03-11 16:03:37,1
2023-03-11 16:06:53,1
2023-03-11 16:10:08,1
2023-03-11 16:13:24,1
2023-03-11 16:16:40,1
2023-03-11 16:19:55,1
2023-03-11 16:23:11,1
2023-03-11 16:26:26,1
2023-03-11 16:29:40,1
2023-03-11 16:32:55,1
2023-03-11 16:36:10,1
2023-03-11 16:39:25,1
2023-03-11 16:42:40,1
2023-03-11 16:45:54,1
2023-03-11 16:49:09,1
2023-03-11 16:52:24,1
2023-03-11 16:55:38,1
2023-03-11 16:58:53,1
2023-03-11 17:02:08,1
2023-03-11 17:05:25,1
2023-03-11 17:08:40,1
2023-03-11 17:11:55,1
2023-03-11 17:15:10,1
2023-03-11 17:18:25,1
2023-03-11 17:21:41,1
2023-03-11 17:24:56,1
2023-03-11 17:28:11,1
2023-03-11 17:31:26,1
2023-03-11 17:34:41,1
2023-03-11 17:37:56,1
2023-03-11 17:41:11,1
2023-03-11 17:44:25,1
2023-03-11 17:47:41,1
2023-03-11 17:50:56,1
2023-03-11 17:54:11,1
2023-03-11 17:57:26,1
2023-03-11 18:00:42,1
2023-03-11 18:03:57,1
2023-03-11 18:07:12,1
2023-03-11 18:10:26,1
2023-03-11 18:13:42,1
2023-03-11 18:16:57,1
2023-03-11 18:20:13,1
2023-03-11 18:23:28,1
2023-03-11 18:26:44,1
2023-03-11 18:29:58,1
2023-03-11 18:33:14,1
2023-03-11 18:36:29,1
2023-03-11 18:39:44,1
2023-03-11 18:42:59,1
2023-03-11 18:46:15,1
2023-03-11 18:49:29,1
2023-03-11 18:52:44,1
2023-03-11 18:55:59,1
2023-03-11 18:59:14,1
2023-03-11 19:02:30,1
2023-03-11 19:05:45,1
2023-03-11 19:09:00,1
2023-03-11 19:12:15,1
2023-03-11 19:15:30,1
2023-03-11 19:18:46,1
2023-03-11 19:22:01,1
2023-03-11 19:25:16,1
2023-03-11 19:28:31,1
2023-03-11 19:31:46,1
2023-03-11 19:35:01,1
2023-03-11 19:38:17,1
2023-03-11 19:41:32,1
2023-03-11 19:44:47,1
2023-03-11 19:48:03,1
2023-03-11 19:51:18,1
2023-03-11 19:54:32,1
2023-03-11 19:57:49,1
2023-03-11 20:01:04,1
2023-03-11 20:04:18,1
2023-03-11 20:07:33,1
2023-03-11 20:10:49,1
2023-03-11 20:14:04,1
2023-03-11 20:17:19,1
2023-03-11 20:20:34,1
2023-03-11 20:23:49,1
2023-03-11 20:27:04,1
2023-03-11 20:30:19,1
2023-03-11 20:33:34,1
2023-03-11 20:36:49,1
2023-03-11 20:40:04,1
2023-03-11 20:43:19,1
2023-03-11 20:46:33,1
2023-03-11 20:49:48,1
2023-03-11 20:53:04,1
2023-03-11 20:56:18,1
2023-03-11 20:59:33,1
2023-03-11 21:02:48,1
2023-03-11 21:06:03,1
2023-03-11 21:09:18,1
2023-03-11 21:12:33,1
2023-03-11 21:15:48,1
2023-03-11 21:19:03,1
2023-03-11 21:22:19,1
2023-03-11 21:25:34,1
2023-03-11 21:28:49,1
2023-03-11 21:32:04,1
2023-03-11 21:35:19,1
2023-03-11 21:38:34,1
2023-03-11 21:41:50,1
2023-03-11 21:45:05,1
2023-03-11 21:48:20,1
2023-03-11 21:51:35,1
2023-03-11 21:54:50,1
2023-03-11 21:58:05,1
2023-03-11 22:01:20,1
2023-03-11 22:04:35,1
2023-03-11 22:07:50,1
2023-03-11 22:11:06,1
2023-03-11 22:14:21,1
2023-03-11 22:17:36,1
2023-03-11 22:20:51,1
2023-03-11 22:24:06,1
2023-03-11 22:27:21,1
2023-03-11 22:30:36,1
2023-03-11 22:33:51,1
2023-03-11 22:37:07,1
2023-03-11 22:40:22,1
2023-03-11 22:43:37,1
2023-03-11 22:46:52,1
2023-03-11 22:50:08,1
2023-03-11 22:53:23,1
2023-03-11 22:56:38,1
2023-03-11 22:59:54,1
2023-03-11 23:03:08,1
2023-03-11 23:06:23,1
2023-03-11 23:09:38,1
2023-03-11 23:12:53,1
2023-03-11 23:16:08,1
2023-03-11 23:19:23,1
2023-03-11 23:22:38,1
2023-03-11 23:25:52,1
2023-03-11 23:29:08,1
2023-03-11 23:32:23,1
2023-03-11 23:35:39,1
2023-03-11 23:38:55,1
2023-03-11 23:42:10,1
2023-03-11 23:45:25,1
2023-03-11 23:48:40,1
2023-03-11 23:51:55,1
2023-03-11 23:55:11,1
2023-03-11 23:58:26,1
2023-03-12 00:01:41,1
2023-03-12 00:04:56,1
2023-03-12 00:08:11,1
2023-03-12 00:11:26,1
2023-03-12 00:14:41,1
2023-03-12 00:17:57,1
2023-03-12 00:21:11,1
2023-03-12 00:24:27,1
2023-03-12 00:27:43,1
2023-03-12 00:30:57,1
2023-03-12 00:34:13,1
2023-03-12 00:37:27,1
2023-03-12 00:40:43,1
2023-03-12 00:43:58,1
2023-03-12 00:47:13,1
2023-03-12 00:50:28,1
2023-03-12 00:53:44,1
2023-03-12 00:56:59,1
2023-03-12 01:00:14,1
2023-03-12 01:03:30,1
2023-03-12 01:06:44,1
2023-03-12 01:09:59,1
2023-03-12 01:13:20,1
2023-03-12 01:16:36,1
2023-03-12 01:19:51,1
2023-03-12 01:23:06,1
2023-03-12 01:26:30,1
2023-03-12 01:29:45,1
2023-03-12 01:33:01,1
2023-03-12 01:36:16,1
2023-03-12 01:39:42,1
2023-03-12 01:42:57,1
2023-03-12 01:46:12,1
2023-03-12 01:49:28,1
2023-03-12 01:52:43,1
2023-03-12 01:55:57,1
2023-03-12 01:59:13,1
2023-03-12 02:02:28,1
2023-03-12 02:05:43,1
2023-03-12 02:08:58,1
2023-03-12 02:12:13,1
2023-03-12 02:15:28,1
2023-03-12 02:18:43,1
2023-03-12 02:21:58,1
2023-03-12 02:25:13,1
2023-03-12 02:28:28,1
2023-03-12 02:31:43,1
2023-03-12 02:34:58,1
2023-03-12 02:38:14,1
2023-03-12 02:41:29,1
2023-03-12 02:44:45,1
2023-03-12 02:48:00,1
2023-03-12 02:51:15,1
2023-03-12 02:54:29,1
2023-03-12 02:57:45,1
2023-03-12 03:00:59,1
2023-03-12 03:04:14,1
2023-03-12 03:07:29,1
2023-03-12 03:10:44,1
2023-03-12 03:13:59,1
2023-03-12 03:17:22,1
2023-03-12 03:20:38,1
2023-03-12 03:23:54,1
2023-03-12 03:27:09,1
2023-03-12 03:30:24,1
2023-03-12 03:33:39,1
2023-03-12 03:36:55,1
2023-03-12 03:40:10,1
2023-03-12 03:43:25,1
2023-03-12 03:46:40,1
2023-03-12 03:49:56,1
2023-03-12 03:53:11,1
2023-03-12 03:56:26,1
2023-03-12 03:59:42,1
2023-03-12 04:02:57,1
2023-03-12 04:06:12,1
2023-03-12 04:09:27,1
2023-03-12 04:12:42,1
2023-03-12 04:15:57,1
2023-03-12 04:19:12,1
2023-03-12 04:22:27,1
2023-03-12 04:25:43,1
2023-03-12 04:28:58,1
2023-03-12 04:32:13,1
2023-03-12 04:35:28,1
2023-03-12 04:38:44,1
2023-03-12 04:41:58,1
2023-03-12 04:45:13,1
2023-03-12 04:48:29,1
2023-03-12 04:51:44,1
2023-03-12 04:54:58,1
2023-03-12 04:58:14,1
2023-03-12 05:01:28,1
2023-03-12 05:04:43,1
2023-03-12 05:07:58,1
2023-03-12 05:11:13,1
2023-03-12 05:14:28,1
2023-03-12 05:17:43,1
2023-03-12 05:20:58,1
2023-03-12 05:24:13,1
2023-03-12 05:27:28,1
2023-03-12 05:30:43,1
2023-03-12 05:33:58,1
2023-03-12 05:37:13,1
2023-03-12 05:40:28,1
2023-03-12 05:43:43,1
2023-03-12 05:46:58,1
2023-03-12 05:50:14,1
2023-03-12 05:53:29,1
2023-03-12 05:56:43,1
2023-03-12 05:59:59,1
2023-03-12 06:03:14,1
2023-03-12 06:06:29,1
2023-03-12 06:09:44,1
2023-03-12 06:12:59,1
2023-03-12 06:16:14,1
2023-03-12 06:19:29,1
2023-03-12 06:22:44,1
2023-03-12 06:25:59,1
2023-03-12 06:29:14,1
2023-03-12 06:32:29,1
2023-03-12 06:35:45,1
2023-03-12 06:39:00,1
2023-03-12 06:42:15,1
2023-03-12 06:45:30,1
2023-03-12 06:48:45,1
2023-03-12 06:52:00,1
2023-03-12 06:55:15,1
2023-03-12 06:58:30,1
2023-03-12 07:01:45,1
2023-03-12 07:05:00,1
2023-03-12 07:08:15,1
2023-03-12 07:11:31,1
2023-03-12 07:14:45,1
2023-03-12 07:18:00,1
2023-03-12 07:21:15,1
2023-03-12 07:24:31,1
2023-03-12 07:27:46,1
2023-03-12 07:31:02,1
2023-03-12 07:34:17,1
2023-03-12 07:37:32,1
2023-03-12 07:40:47,1
2023-03-12 07:44:02,1
2023-03-12 07:47:17,1
2023-03-12 07:50:33,1
2023-03-12 07:53:48,1
2023-03-12 07:57:03,1
2023-03-12 08:00:18,1
2023-03-12 08:03:33,1
2023-03-12 08:06:48,1
2023-03-12 08:10:03,1
2023-03-12 08:13:18,1
2023-03-12 08:16:33,1
2023-03-12 08:19:48,1
2023-03-12 08:23:03,1
2023-03-12 08:26:18,1
2023-03-12 08:29:34,1
2023-03-12 08:32:49,1
2023-03-12 08:36:04,1
2023-03-12 08:39:19,1
2023-03-12 08:42:34,1
2023-03-12 08:45:49,1
2023-03-12 08:49:03,1
2023-03-12 08:52:19,1
2023-03-12 08:55:34,1
2023-03-12 08:58:49,1
2023-03-12 09:02:05,1
2023-03-12 09:05:20,1
2023-03-12 09:08:35,0
2023-03-12 09:11:51,0
2023-03-12 09:15:06,0
2023-03-12 09:18:21,0
2023-03-12 09:21:35,0
2023-03-12 09:24:50,0
2023-03-12 09:28:05,0
2023-03-12 09:31:19,0
2023-03-12 09:34:34,0
2023-03-12 09:37:48,1
2023-03-12 09:41:03,1
2023-03-12 09:44:18,1
2023-03-12 09:47:33,1
2023-03-12 09:50:48,1
2023-03-12 09:54:03,1
2023-03-12 09:57:18,1
2023-03-12 10:00:33,1
2023-03-12 10:03:48,1
2023-03-12 10:07:03,1
2023-03-12 10:10:18,1
2023-03-12 10:13:32,1
2023-03-12 10:16:47,1
2023-03-12 10:20:02,1
2023-03-12 10:23:16,1
2023-03-12 10:26:30,1
2023-03-12 10:29:45,1
2023-03-12 10:32:59,1
2023-03-12 10:36:14,1
2023-03-12 10:39:29,1
2023-03-12 10:42:43,1
2023-03-12 10:45:58,1
2023-03-12 10:49:13,1
2023-03-12 10:52:29,1
2023-03-12 10:55:43,1
2023-03-12 10:58:58,1
2023-03-12 11:02:12,1
2023-03-12 11:05:27,1
2023-03-12 11:08:42,1
2023-03-12 11:11:57,1
2023-03-12 11:15:13,1
2023-03-12 11:18:28,1
2023-03-12 11:21:42,1
2023-03-12 11:24:57,1
2023-03-12 11:28:12,1
2023-03-12 11:31:27,1
2023-03-12 11:34:42,1
2023-03-12 11:37:56,1
2023-03-12 11:41:11,1
2023-03-12 11:44:26,1
2023-03-12 11:47:42,1
2023-03-12 11:50:57,1
2023-03-12 11:54:13,1
2023-03-12 11:57:28,1
2023-03-12 12:00:44,1
2023-03-12 12:03:59,1
2023-03-12 12:07:14,1
2023-03-12 12:10:30,1
2023-03-12 12:13:45,1
2023-03-12 12:17:00,1
2023-03-12 12:20:15,1
2023-03-12 12:23:30,1
2023-03-12 12:26:45,1
2023-03-12 12:30:00,1
2023-03-12 12:33:14,1
2023-03-12 12:36:29,1
2023-03-12 12:39:44,1
2023-03-12 12:42:59,1
2023-03-12 12:46:13,1
2023-03-12 12:49:28,1
2023-03-12 12:52:43,1
2023-03-12 12:55:57,1
2023-03-12 12:59:12,1
2023-03-12 13:02:26,1
2023-03-12 13:05:42,1
2023-03-12 13:08:57,1
2023-03-12 13:12:11,1
2023-03-12 13:15:26,1
2023-03-12 13:18:41,1
2023-03-12 13:21:56,1
2023-03-12 13:25:11,1
2023-03-12 13:28:26,1
2023-03-12 13:31:41,1
2023-03-12 13:34:55,1
2023-03-12 13:38:11,1
2023-03-12 13:41:25,1
2023-03-12 13:44:40,1
2023-03-12 13:47:55,1
2023-03-12 13:51:09,1
2023-03-12 13:54:24,1
2023-03-12 13:57:39,1
2023-03-12 14:00:53,1
2023-03-12 14:04:08,1
2023-03-12 14:07:23,1
2023-03-12 14:10:38,1
2023-03-12 14:13:53,1
2023-03-12 14:17:08,1
2023-03-12 14:20:23,1
2023-03-12 14:23:38,1
2023-03-12 14:26:53,1
2023-03-12 14:30:09,1
2023-03-12 14:33:23,1
2023-03-12 14:36:38,1
2023-03-12 14:39:53,1
2023-03-12 14:43:08,1
2023-03-12 14:46:23,1
2023-03-12 14:49:39,1
2023-03-12 14:52:54,1
2023-03-12 14:56:09,1
2023-03-12 14:59:24,1
2023-03-12 15:02:39,1
2023-03-12 15:05:55,1
2023-03-12 15:09:10,1
2023-03-12 15:12:25,1
2023-03-12 15:15:40,1
2023-03-12 15:18:56,1
2023-03-12 15:22:11,1
2023-03-12 15:25:26,1
2023-03-12 15:28:42,1
2023-03-12 15:31:57,1
2023-03-12 15:35:12,1
2023-03-12 15:38:27,1
2023-03-12 15:41:42,1
2023-03-12 15:44:58,1
2023-03-12 15:48:13,1
2023-03-12 15:51:27,1
2023-03-12 15:54:43,1
2023-03-12 15:57:58,1
2023-03-12 16:01:13,1
2023-03-12 16:04:28,1
2023-03-12 16:07:44,1
2023-03-12 16:10:58,1
2023-03-12 16:14:14,1
2023-03-12 16:17:29,1
2023-03-12 16:20:44,1
2023-03-12 16:23:59,1
2023-03-12 16:27:14,1
2023-03-12 16:30:30,1
2023-03-12 16:33:45,1
2023-03-12 16:37:00,1
2023-03-12 16:40:15,1
2023-03-12 16:43:31,1
2023-03-12 16:46:46,1
2023-03-12 16:50:01,1
2023-03-12 16:53:15,1
2023-03-12 16:56:30,1
2023-03-12 16:59:46,1
2023-03-12 17:03:01,1
2023-03-12 17:06:16,1
2023-03-12 17:09:31,1
2023-03-12 17:12:46,1
2023-03-12 17:16:01,1
2023-03-12 17:19:16,1
2023-03-12 17:22:32,1
2023-03-12 17:25:47,1
2023-03-12 17:29:02,1
2023-03-12 17:32:17,1
2023-03-12 17:35:31,1
2023-03-12 17:38:47,1
2023-03-12 17:42:02,1
2023-03-12 17:45:18,1
2023-03-12 17:48:33,1
2023-03-12 17:51:48,1
2023-03-12 17:55:03,1
2023-03-12 17:58:18,1
2023-03-12 18:01:33,1
2023-03-12 18:04:48,1
2023-03-12 18:08:03,1
2023-03-12 18:11:18,1
2023-03-12 18:14:33,1
2023-03-12 18:17:48,1
2023-03-12 18:21:03,1
2023-03-12 18:24:18,1
2023-03-12 18:27:33,1
2023-03-12 18:30:48,1
2023-03-12 18:34:03,1
2023-03-12 18:37:18,1
2023-03-12 18:40:33,1
2023-03-12 18:43:48,1
2023-03-12 18:47:03,1
2023-03-12 18:50:18,1
2023-03-12 18:53:33,1
2023-03-12 18:56:48,1
2023-03-12 19:00:03,1
2023-03-12 19:03:18,1
2023-03-12 19:06:33,1
2023-03-12 19:09:48,1
2023-03-12 19:13:03,1
2023-03-12 19:16:18,1
2023-03-12 19:19:33,1
2023-03-12 19:22:48,1
2023-03-12 19:26:03,1
2023-03-12 19:29:18,1
2023-03-12 19:32:32,1
2023-03-12 19:35:47,1
2023-03-12 19:39:03,1
2023-03-12 19:42:18,1
2023-03-12 19:45:32,1
2023-03-12 19:48:48,1
2023-03-12 19:52:02,1
2023-03-12 19:55:18,1
2023-03-12 19:58:33,1
2023-03-12 20:01:49,1
2023-03-12 20:05:03,1
2023-03-12 20:08:18,1
2023-03-12 20:11:33,1
2023-03-12 20:14:48,1
2023-03-12 20:18:04,1
2023-03-12 20:21:19,1
2023-03-12 20:24:33,1
2023-03-12 20:27:49,1
2023-03-12 20:31:04,1
2023-03-12 20:34:19,1
2023-03-12 20:37:34,1
2023-03-12 20:40:48,1
2023-03-12 20:44:03,1
2023-03-12 20:47:18,1
2023-03-12 20:50:33,1
2023-03-12 20:53:48,1
2023-03-12 20:57:03,1
2023-03-12 21:00:18,1
2023-03-12 21:03:33,1
2023-03-12 21:06:49,1
2023-03-12 21:10:04,1
2023-03-12 21:13:19,1
2023-03-12 21:16:34,1
2023-03-12 21:19:49,1
2023-03-12 21:23:04,1
2023-03-12 21:26:19,1
2023-03-12 21:29:35,1
2023-03-12 21:32:50,1
2023-03-12 21:36:05,1
2023-03-12 21:39:20,1
2023-03-12 21:42:35,1
2023-03-12 21:45:51,1
2023-03-12 21:49:06,1
2023-03-12 21:52:21,1
2023-03-12 21:55:37,1
2023-03-12 21:58:52,1
2023-03-12 22:02:07,1
2023-03-12 22:05:22,1
2023-03-12 22:08:37,1
2023-03-12 22:11:52,1
2023-03-12 22:15:07,1
2023-03-12 22:18:22,1
2023-03-12 22:21:38,1
2023-03-12 22:24:53,1
2023-03-12 22:28:08,1
2023-03-12 22:31:24,1
2023-03-12 22:34:39,1
2023-03-12 22:37:53,1
2023-03-12 22:41:08,1
2023-03-12 22:44:23,1
2023-03-12 22:47:38,1
2023-03-12 22:50:53,1
2023-03-12 22:54:08,1
2023-03-12 22:57:23,1
2023-03-12 23:00:38,1
2023-03-12 23:03:53,1
2023-03-12 23:07:08,1
2023-03-12 23:10:23,1
2023-03-12 23:13:38,1
2023-03-12 23:16:54,1
2023-03-12 23:20:08,1
2023-03-12 23:23:23,1
2023-03-12 23:26:38,1
2023-03-12 23:29:54,1
2023-03-12 23:33:08,1
2023-03-12 23:36:23,1
2023-03-12 23:39:38,1
2023-03-12 23:42:53,1
2023-03-12 23:46:08,1
2023-03-12 23:49:23,1
2023-03-12 23:52:38,1
2023-03-12 23:55:53,1
2023-03-12 23:59:08,1
2023-03-13 00:02:23,1
2023-03-13 00:05:38,1
2023-03-13 00:08:53,1
2023-03-13 00:12:08,1
2023-03-13 00:15:23,1
2023-03-13 00:18:38,1
2023-03-13 00:21:53,1
2023-03-13 00:25:09,1
2023-03-13 00:28:23,1
2023-03-13 00:31:39,1
2023-03-13 00:34:54,1
2023-03-13 00:38:09,1
2023-03-13 00:41:24,1
2023-03-13 00:44:39,1
2023-03-13 00:47:54,1
2023-03-13 00:51:09,1
2023-03-13 00:54:23,1
2023-03-13 00:57:39,1
2023-03-13 01:00:54,1
2023-03-13 01:04:10,1
2023-03-13 01:07:25,1
2023-03-13 01:10:40,1
2023-03-13 01:13:55,1
2023-03-13 01:17:10,1
2023-03-13 01:20:25,1
2023-03-13 01:23:41,1
2023-03-13 01:26:56,1
2023-03-13 01:30:11,1
2023-03-13 01:33:26,1
2023-03-13 01:36:41,1
2023-03-13 01:39:56,1
2023-03-13 01:43:14,1
2023-03-13 01:46:29,1
2023-03-13 01:49:44,1
2023-03-13 01:52:59,1
2023-03-13 01:56:14,1
2023-03-13 01:59:29,1
2023-03-13 02:02:44,1
2023-03-13 02:05:59,1
2023-03-13 02:09:14,1
2023-03-13 02:12:29,1
2023-03-13 02:15:44,1
2023-03-13 02:18:59,1
2023-03-13 02:22:14,1
2023-03-13 02:25:29,1
2023-03-13 02:28:44,1
2023-03-13 02:31:59,1
2023-03-13 02:35:14,1
2023-03-13 02:38:29,1
2023-03-13 02:41:44,1
2023-03-13 02:44:59,1
2023-03-13 02:48:14,1
2023-03-13 02:51:39,1
2023-03-13 02:54:54,1
2023-03-13 02:58:09,1
2023-03-13 03:01:24,1
2023-03-13 03:04:39,1
2023-03-13 03:07:54,1
2023-03-13 03:11:10,1
2023-03-13 03:14:24,1
2023-03-13 03:17:39,1
2023-03-13 03:20:55,1
2023-03-13 03:24:09,1
2023-03-13 03:27:25,1
2023-03-13 03:30:41,1
2023-03-13 03:33:55,1
2023-03-13 03:37:10,1
2023-03-13 03:40:25,1
2023-03-13 03:43:39,1
2023-03-13 03:46:54,1
2023-03-13 03:50:09,1
2023-03-13 03:53:24,1
2023-03-13 03:56:48,1
2023-03-13 04:00:03,1
2023-03-13 04:03:18,1
2023-03-13 04:06:33,1
2023-03-13 04:09:48,1
2023-03-13 04:13:03,1
2023-03-13 04:16:18,1
2023-03-13 04:19:34,1
2023-03-13 04:22:48,1
2023-03-13 04:26:03,1
2023-03-13 04:29:18,1
2023-03-13 04:32:33,1
2023-03-13 04:35:48,1
2023-03-13 04:39:03,1
2023-03-13 04:42:18,1
2023-03-13 04:45:33,1
2023-03-13 04:48:48,1
2023-03-13 04:52:03,1
2023-03-13 04:55:19,1
2023-03-13 04:58:33,1
2023-03-13 05:01:48,1
2023-03-13 05:05:04,1
2023-03-13 05:08:19,1
2023-03-13 05:11:33,1
2023-03-13 05:14:48,1
2023-03-13 05:18:03,1
2023-03-13 05:21:18,1
2023-03-13 05:24:33,1
2023-03-13 05:27:48,1
2023-03-13 05:31:02,1
2023-03-13 05:34:17,1
2023-03-13 05:37:32,1
2023-03-13 05:40:47,1
2023-03-13 05:44:02,1
2023-03-13 05:47:17,1
2023-03-13 05:50:31,1
2023-03-13 05:53:46,1
2023-03-13 05:57:01,1
2023-03-13 06:00:16,1
2023-03-13 06:03:31,1
2023-03-13 06:06:46,1
2023-03-13 06:10:00,1
2023-03-13 06:13:15,1
2023-03-13 06:16:30,1
2023-03-13 06:19:46,1
2023-03-13 06:23:00,1
2023-03-13 06:26:15,1
2023-03-13 06:29:30,1
2023-03-13 06:32:45,1
2023-03-13 06:36:00,1
2023-03-13 06:39:15,1
2023-03-13 06:42:30,1
2023-03-13 06:45:45,1
2023-03-13 06:49:00,1
2023-03-13 06:52:15,1
2023-03-13 06:55:30,1
2023-03-13 06:58:45,1
2023-03-13 07:02:00,1
2023-03-13 07:05:16,1
2023-03-13 07:08:31,1
2023-03-13 07:11:46,1
2023-03-13 07:15:01,1
2023-03-13 07:18:16,1
2023-03-13 07:21:31,1
2023-03-13 07:24:46,1
2023-03-13 07:28:01,1
2023-03-13 07:31:16,1
2023-03-13 07:34:31,1
2023-03-13 07:37:46,1
2023-03-13 07:41:01,1
2023-03-13 07:44:17,1
2023-03-13 07:47:32,1
2023-03-13 07:50:47,1
2023-03-13 07:54:02,1
2023-03-13 07:57:16,1
2023-03-13 08:00:32,1
2023-03-13 08:03:47,1
2023-03-13 08:07:02,0
2023-03-13 08:10:17,0
2023-03-13 08:13:32,0
2023-03-13 08:16:48,0
2023-03-13 08:20:03,0
2023-03-13 08:23:19,0
2023-03-13 08:26:34,0
2023-03-13 08:29:49,0
2023-03-13 08:33:04,0
2023-03-13 08:36:19,0
2023-03-13 08:39:35,0
2023-03-13 08:42:50,0
2023-03-13 08:46:05,0
2023-03-13 08:49:20,0
2023-03-13 08:52:37,0
2023-03-13 08:55:52,0
2023-03-13 08:59:07,0
2023-03-13 09:02:23,0
2023-03-13 09:05:37,0
2023-03-13 09:08:53,0
2023-03-13 09:12:08,0
2023-03-13 09:15:24,0
2023-03-13 09:18:39,0
2023-03-13 09:21:54,1
2023-03-13 09:25:09,1
2023-03-13 09:28:24,1
2023-03-13 09:31:40,1
2023-03-13 09:34:55,1
2023-03-13 09:38:10,1
2023-03-13 09:41:25,1
2023-03-13 09:44:40,1
2023-03-13 09:47:56,1
2023-03-13 09:51:10,1
2023-03-13 09:54:25,1
2023-03-13 09:57:41,1
2023-03-13 10:00:55,1
2023-03-13 10:04:11,1
2023-03-13 10:07:26,1
2023-03-13 10:10:41,1
2023-03-13 10:13:57,1
2023-03-13 10:17:12,1
2023-03-13 10:20:27,1
2023-03-13 10:23:41,1
2023-03-13 10:26:56,1
2023-03-13 10:30:11,1
2023-03-13 10:33:26,1
2023-03-13 10:36:41,1
2023-03-13 10:39:56,1
2023-03-13 10:43:11,1
2023-03-13 10:46:25,1
2023-03-13 10:49:41,1
2023-03-13 10:52:56,1
2023-03-13 10:56:11,1
2023-03-13 10:59:26,1
2023-03-13 11:02:41,1
2023-03-13 11:05:56,1
2023-03-13 11:09:11,1
2023-03-13 11:12:26,1
2023-03-13 11:15:42,1
2023-03-13 11:18:57,1
2023-03-13 11:22:11,1
2023-03-13 11:25:27,1
2023-03-13 11:28:42,1
2023-03-13 11:31:57,1
2023-03-13 11:35:13,1
2023-03-13 11:38:28,1
2023-03-13 11:41:43,1
2023-03-13 11:44:58,1
2023-03-13 11:48:13,1
2023-03-13 11:51:28,1
2023-03-13 11:54:43,1
2023-03-13 11:57:58,1
2023-03-13 12:01:13,1
2023-03-13 12:04:27,1
2023-03-13 12:07:42,1
2023-03-13 12:10:57,1
2023-03-13 12:14:12,1
2023-03-13 12:17:27,1
2023-03-13 12:20:43,1
2023-03-13 12:23:58,1
2023-03-13 12:27:12,1
2023-03-13 12:30:28,1
2023-03-13 12:33:43,1
2023-03-13 12:36:58,1
2023-03-13 12:40:13,1
2023-03-13 12:43:28,1
2023-03-13 12:46:43,1
2023-03-13 12:49:58,1
2023-03-13 12:53:13,1
2023-03-13 12:56:28,1
2023-03-13 12:59:44,1
2023-03-13 13:02:59,1
2023-03-13 13:06:14,1
2023-03-13 13:09:29,1
2023-03-13 13:12:44,1
2023-03-13 13:15:59,1
2023-03-13 13:19:14,1
2023-03-13 13:22:29,0
2023-03-13 13:25:44,0
2023-03-13 13:29:00,0
2023-03-13 13:32:15,1
2023-03-13 13:35:31,1
2023-03-13 13:38:46,1
2023-03-13 13:42:01,1
2023-03-13 13:45:16,1
2023-03-13 13:48:32,1
2023-03-13 13:51:47,1
2023-03-13 13:55:02,1
2023-03-13 13:58:17,1
2023-03-13 14:01:32,1
2023-03-13 14:04:47,1
2023-03-13 14:08:02,1
2023-03-13 14:11:17,1
2023-03-13 14:14:32,1
2023-03-13 14:17:47,1
2023-03-13 14:21:02,1
2023-03-13 14:24:18,1
2023-03-13 14:27:33,1
2023-03-13 14:30:48,1
2023-03-13 14:34:03,1
2023-03-13 14:37:19,1
2023-03-13 14:40:35,1
2023-03-13 14:43:50,1
2023-03-13 14:47:05,1
2023-03-13 14:50:20,1
2023-03-13 14:53:35,1
2023-03-13 14:56:51,1
2023-03-13 15:00:06,1
2023-03-13 15:03:22,1
2023-03-13 15:06:38,1
2023-03-13 15:09:53,1
2023-03-13 15:13:08,1
2023-03-13 15:16:23,1
2023-03-13 15:19:38,1
2023-03-13 15:22:54,1
2023-03-13 15:26:09,1
2023-03-13 15:29:24,0
2023-03-13 15:32:39,0
2023-03-13 15:35:54,0
2023-03-13 15:39:09,0
2023-03-13 15:42:24,0
2023-03-13 15:45:40,0
2023-03-13 15:48:55,0
2023-03-13 15:52:10,0
2023-03-13 15:55:25,0
2023-03-13 15:58:40,0
2023-03-13 16:01:56,1
2023-03-13 16:05:11,1
2023-03-13 16:08:26,1
2023-03-13 16:11:42,0
2023-03-13 16:14:57,0
2023-03-13 16:18:12,0
2023-03-13 16:21:27,0
2023-03-13 16:24:42,0
2023-03-13 16:27:58,0
2023-03-13 16:31:12,0
2023-03-13 16:34:27,0
2023-03-13 16:37:42,0
2023-03-13 16:40:58,0
2023-03-13 16:44:13,0
2023-03-13 16:47:28,0
2023-03-13 16:50:43,0
2023-03-13 16:53:58,0
2023-03-13 16:57:13,0
2023-03-13 17:00:29,0
2023-03-13 17:03:44,0
2023-03-13 17:06:59,0
2023-03-13 17:10:15,0
2023-03-13 17:13:30,0
2023-03-13 17:16:45,0
2023-03-13 17:20:00,0
2023-03-13 17:23:15,0
2023-03-13 17:26:30,0
2023-03-13 17:29:46,0
2023-03-13 17:33:00,0
2023-03-13 17:36:16,1
2023-03-13 17:39:31,1
2023-03-13 17:42:46,1
2023-03-13 17:46:01,1
2023-03-13 17:49:16,1
2023-03-13 17:52:31,1
2023-03-13 17:55:46,1
2023-03-13 17:59:01,1
2023-03-13 18:02:16,1
2023-03-13 18:05:32,1
2023-03-13 18:08:48,1
2023-03-13 18:12:03,1
2023-03-13 18:15:18,1
2023-03-13 18:18:34,1
2023-03-13 18:21:49,1
2023-03-13 18:25:04,1
2023-03-13 18:28:19,0
2023-03-13 18:31:35,0
2023-03-13 18:34:50,0
2023-03-13 18:38:05,0
2023-03-13 18:41:20,0
2023-03-13 18:44:35,0
2023-03-13 18:47:51,0
2023-03-13 18:51:06,0
2023-03-13 18:54:21,0
2023-03-13 18:57:36,0
2023-03-13 19:00:51,0
2023-03-13 19:04:06,0
2023-03-13 19:07:22,0
2023-03-13 19:10:37,0
2023-03-13 19:13:52,0
2023-03-13 19:17:08,0
2023-03-13 19:20:23,0
2023-03-13 19:23:39,0
2023-03-13 19:26:54,0
2023-03-13 19:30:10,0
2023-03-13 19:33:25,0
2023-03-13 19:36:41,0
2023-03-13 19:39:56,0
2023-03-13 19:43:11,1
2023-03-13 19:46:26,1
2023-03-13 19:49:42,1
2023-03-13 19:52:57,1
2023-03-13 19:56:12,1
2023-03-13 19:59:27,1
2023-03-13 20:02:46,1
2023-03-13 20:06:01,1
2023-03-13 20:09:16,1
2023-03-13 20:12:31,1
2023-03-13 20:15:47,1
2023-03-13 20:19:02,1
2023-03-13 20:22:17,0
2023-03-13 20:25:40,0
2023-03-13 20:28:55,0
2023-03-13 20:32:11,0
2023-03-13 20:35:26,0
2023-03-13 20:38:41,0
2023-03-13 20:41:56,0
2023-03-13 20:45:11,0
2023-03-13 20:48:26,0
2023-03-13 20:51:40,0
2023-03-13 20:54:55,0
2023-03-13 20:58:11,0
2023-03-13 21:01:26,0
2023-03-13 21:04:41,0
2023-03-13 21:07:57,0
2023-03-13 21:11:12,0
2023-03-13 21:14:27,0
2023-03-13 21:17:42,1
2023-03-13 21:20:57,1
2023-03-13 21:24:12,1
2023-03-13 21:27:27,1
2023-03-13 21:30:42,1
2023-03-13 21:33:57,1
2023-03-13 21:37:12,1
2023-03-13 21:40:27,1
2023-03-13 21:43:41,1
2023-03-13 21:46:56,1
2023-03-13 21:50:10,0
2023-03-13 21:53:25,0
2023-03-13 21:56:40,0
2023-03-13 21:59:55,1
2023-03-13 22:03:10,1
2023-03-13 22:06:25,1
2023-03-13 22:09:40,0
2023-03-13 22:12:55,0
2023-03-13 22:16:10,0
2023-03-13 22:19:25,0
2023-03-13 22:22:40,0
2023-03-13 22:25:54,0
2023-03-13 22:29:10,0
2023-03-13 22:32:25,0
2023-03-13 22:35:40,0
2023-03-13 22:38:55,0
2023-03-13 22:42:10,0
2023-03-13 22:45:25,0
2023-03-13 22:48:41,0
2023-03-13 22:51:56,0
2023-03-13 22:55:11,0
2023-03-13 22:58:26,0
2023-03-13 23:01:41,0
2023-03-13 23:04:56,0
2023-03-13 23:08:11,0
2023-03-13 23:11:25,0
2023-03-13 23:14:40,0
2023-03-13 23:17:56,0
2023-03-13 23:21:10,0
2023-03-13 23:24:25,0
2023-03-13 23:27:40,0
2023-03-13 23:30:55,0
2023-03-13 23:34:10,1
2023-03-13 23:37:25,1
2023-03-13 23:40:40,1
2023-03-13 23:43:55,1
2023-03-13 23:47:10,1
2023-03-13 23:50:25,1
2023-03-13 23:53:40,1
2023-03-13 23:56:56,1
2023-03-14 00:00:11,1
2023-03-14 00:03:27,1
2023-03-14 00:06:42,1
2023-03-14 00:09:58,1
2023-03-14 00:13:13,1
2023-03-14 00:16:28,1
2023-03-14 00:19:43,1
2023-03-14 00:22:58,1
2023-03-14 00:26:13,0
2023-03-14 00:29:29,0
2023-03-14 00:32:44,0
2023-03-14 00:35:59,1
2023-03-14 00:39:14,1
2023-03-14 00:42:29,1
2023-03-14 00:45:44,1
2023-03-14 00:48:59,1
2023-03-14 00:52:14,1
2023-03-14 00:55:29,1
2023-03-14 00:58:44,1
2023-03-14 01:01:59,1
2023-03-14 01:05:15,1
2023-03-14 01:08:30,1
2023-03-14 01:11:46,1
2023-03-14 01:15:00,1
2023-03-14 01:18:16,1
2023-03-14 01:21:31,1
2023-03-14 01:24:46,1
2023-03-14 01:28:01,1
2023-03-14 01:31:17,1
2023-03-14 01:34:32,1
2023-03-14 01:37:47,1
2023-03-14 01:41:02,1
2023-03-14 01:44:17,1
2023-03-14 01:47:32,1
2023-03-14 01:50:47,1
2023-03-14 01:54:02,1
2023-03-14 01:57:17,1
2023-03-14 02:00:32,1
2023-03-14 02:03:46,1
2023-03-14 02:07:01,1
2023-03-14 02:10:16,1
2023-03-14 02:13:31,1
2023-03-14 02:16:47,1
2023-03-14 02:20:02,1
2023-03-14 02:23:17,1
2023-03-14 02:26:32,1
2023-03-14 02:29:48,1
2023-03-14 02:33:03,1
2023-03-14 02:36:18,1
2023-03-14 02:39:34,1
2023-03-14 02:42:59,1
2023-03-14 02:46:13,1
2023-03-14 02:49:28,1
2023-03-14 02:52:43,1
2023-03-14 02:55:58,1
2023-03-14 02:59:14,1
2023-03-14 03:02:29,1
2023-03-14 03:05:43,1
2023-03-14 03:08:59,1
2023-03-14 03:12:14,1
2023-03-14 03:15:29,1
2023-03-14 03:18:44,1
2023-03-14 03:21:59,1
2023-03-14 03:25:14,1
2023-03-14 03:28:29,1
2023-03-14 03:31:45,1
2023-03-14 03:35:00,1
2023-03-14 03:38:15,1
2023-03-14 03:41:30,1
2023-03-14 03:44:45,1
2023-03-14 03:48:01,1
2023-03-14 03:51:15,1
2023-03-14 03:54:30,1
2023-03-14 03:57:45,1
2023-03-14 04:01:00,1
2023-03-14 04:04:15,1
2023-03-14 04:07:31,1
2023-03-14 04:10:47,1
2023-03-14 04:14:02,1
2023-03-14 04:17:18,1
2023-03-14 04:20:33,1
2023-03-14 04:23:48,1
2023-03-14 04:27:03,1
2023-03-14 04:30:18,1
2023-03-14 04:33:33,1
2023-03-14 04:36:48,1
2023-03-14 04:40:04,1
2023-03-14 04:43:20,1
2023-03-14 04:46:35,1
2023-03-14 04:49:50,1
2023-03-14 04:53:05,1
2023-03-14 04:56:20,1
2023-03-14 04:59:35,1
2023-03-14 05:02:51,1
2023-03-14 05:06:06,1
2023-03-14 05:09:20,1
2023-03-14 05:12:36,1
2023-03-14 05:15:50,1
2023-03-14 05:19:06,1
2023-03-14 05:22:21,1
2023-03-14 05:25:36,1
2023-03-14 05:28:52,1
2023-03-14 05:32:07,1
2023-03-14 05:35:22,1
2023-03-14 05:38:38,1
2023-03-14 05:41:53,1
2023-03-14 05:45:08,1
2023-03-14 05:48:23,1
2023-03-14 05:51:39,1
2023-03-14 05:54:54,1
2023-03-14 05:58:09,1
2023-03-14 06:01:25,1
2023-03-14 06:04:40,1
2023-03-14 06:07:55,1
2023-03-14 06:11:11,1
2023-03-14 06:14:26,1
2023-03-14 06:17:42,1
2023-03-14 06:20:57,1
2023-03-14 06:24:12,1
2023-03-14 06:27:27,1
2023-03-14 06:30:42,1
2023-03-14 06:33:58,1
2023-03-14 06:37:13,1
2023-03-14 06:40:29,1
2023-03-14 06:43:44,1
2023-03-14 06:46:59,1
2023-03-14 06:50:15,1
2023-03-14 06:53:30,1
2023-03-14 06:56:45,1
2023-03-14 07:00:00,1
2023-03-14 07:03:16,1
2023-03-14 07:06:31,1
2023-03-14 07:09:47,1
2023-03-14 07:13:02,1
2023-03-14 07:16:17,1
2023-03-14 07:19:33,1
2023-03-14 07:22:48,1
2023-03-14 07:26:03,1
2023-03-14 07:29:19,1
2023-03-14 07:32:34,1
2023-03-14 07:35:49,1
2023-03-14 07:39:04,1
2023-03-14 07:42:19,1
2023-03-14 07:45:35,1
2023-03-14 07:48:50,1
2023-03-14 07:52:06,1
2023-03-14 07:55:21,1
2023-03-14 07:58:36,1
2023-03-14 08:01:52,1
2023-03-14 08:05:07,1
2023-03-14 08:08:23,1
2023-03-14 08:11:38,1
2023-03-14 08:14:54,1
2023-03-14 08:18:10,1
2023-03-14 08:21:25,1
2023-03-14 08:24:41,1
2023-03-14 08:27:56,1
2023-03-14 08:31:11,1
2023-03-14 08:34:26,1
2023-03-14 08:37:41,1
2023-03-14 08:40:56,1
2023-03-14 08:44:11,1
2023-03-14 08:47:27,1
2023-03-14 08:50:42,1
2023-03-14 08:53:58,1
2023-03-14 08:57:13,1
2023-03-14 09:00:29,1
2023-03-14 09:03:44,1
2023-03-14 09:07:00,1
2023-03-14 09:10:15,1
2023-03-14 09:13:30,1
2023-03-14 09:16:46,1
2023-03-14 09:20:01,1
2023-03-14 09:23:16,1
2023-03-14 09:26:32,1
2023-03-14 09:29:47,1
2023-03-14 09:33:03,1
2023-03-14 09:36:17,1
2023-03-14 09:39:33,1
2023-03-14 09:42:48,1
2023-03-14 09:46:03,1
2023-03-14 09:49:19,1
2023-03-14 09:52:34,1
2023-03-14 09:55:49,1
2023-03-14 09:59:05,1
2023-03-14 10:02:20,1
2023-03-14 10:05:36,1
2023-03-14 10:08:52,1
2023-03-14 10:12:07,1
2023-03-14 10:15:23,1
2023-03-14 10:18:38,1
2023-03-14 10:21:53,1
2023-03-14 10:25:09,0
2023-03-14 10:28:24,0
2023-03-14 10:31:39,0
2023-03-14 10:34:54,0
2023-03-14 10:38:09,1
2023-03-14 10:41:25,1
2023-03-14 10:44:40,1
2023-03-14 10:47:56,1
2023-03-14 10:51:11,1
2023-03-14 10:54:26,1
2023-03-14 10:57:41,1
2023-03-14 11:00:56,1
2023-03-14 11:04:11,1
2023-03-14 11:07:26,1
2023-03-14 11:10:42,1
2023-03-14 11:13:58,1
2023-03-14 11:17:14,1
2023-03-14 11:20:30,1
2023-03-14 11:23:45,1
2023-03-14 11:27:01,1
2023-03-14 11:30:16,1
2023-03-14 11:33:31,1
2023-03-14 11:36:47,1
2023-03-14 11:40:02,1
2023-03-14 11:43:17,1
2023-03-14 11:46:32,1
2023-03-14 11:49:48,1
2023-03-14 11:53:03,1
2023-03-14 11:56:18,1
2023-03-14 11:59:33,1
2023-03-14 12:02:49,1
2023-03-14 12:06:04,1
2023-03-14 12:09:20,1
2023-03-14 12:12:35,1
2023-03-14 12:15:50,1
2023-03-14 12:19:06,1
2023-03-14 12:22:21,1
2023-03-14 12:25:36,1
2023-03-14 12:28:51,1
2023-03-14 12:32:06,1
2023-03-14 12:35:21,1
2023-03-14 12:38:36,1
2023-03-14 12:41:50,1
2023-03-14 12:45:06,1
2023-03-14 12:48:21,1
2023-03-14 12:51:37,1
2023-03-14 12:54:52,1
2023-03-14 12:58:06,1
2023-03-14 13:01:22,1
2023-03-14 13:04:37,1
2023-03-14 13:07:51,1
2023-03-14 13:11:06,1
2023-03-14 13:14:22,1
2023-03-14 13:17:37,1
2023-03-14 13:20:52,1
2023-03-14 13:24:07,1
2023-03-14 13:27:22,1
2023-03-14 13:30:37,1
2023-03-14 13:33:52,1
2023-03-14 13:37:07,1
2023-03-14 13:40:23,1
2023-03-14 13:43:38,1
2023-03-14 13:46:53,1
2023-03-14 13:50:08,1
2023-03-14 13:53:23,1
2023-03-14 13:56:38,1
2023-03-14 13:59:53,1
2023-03-14 14:03:08,1
2023-03-14 14:06:22,1
2023-03-14 14:09:38,1
2023-03-14 14:12:53,1
2023-03-14 14:16:09,1
2023-03-14 14:19:24,1
2023-03-14 14:22:39,1
2023-03-14 14:25:54,1
2023-03-14 14:29:10,1
2023-03-14 14:32:25,1
2023-03-14 14:35:40,1
2023-03-14 14:38:55,1
2023-03-14 14:42:11,1
2023-03-14 14:45:26,1
2023-03-14 14:48:42,1
2023-03-14 14:51:57,1
2023-03-14 14:55:13,1
2023-03-14 14:58:28,1
2023-03-14 15:01:43,1
2023-03-14 15:04:58,1
2023-03-14 15:08:14,1
2023-03-14 15:11:29,0
2023-03-14 15:14:44,0
2023-03-14 15:18:00,0
2023-03-14 15:21:15,1
2023-03-14 15:24:31,1
2023-03-14 15:27:46,1
2023-03-14 15:31:01,1
2023-03-14 15:34:16,1
2023-03-14 15:37:32,1
2023-03-14 15:40:47,1
2023-03-14 15:44:02,1
2023-03-14 15:47:18,1
2023-03-14 15:50:34,1
2023-03-14 15:53:50,1
2023-03-14 15:57:05,1
2023-03-14 16:00:21,1
2023-03-14 16:03:36,1
2023-03-14 16:06:51,1
2023-03-14 16:10:07,1
2023-03-14 16:13:22,0
2023-03-14 16:16:37,0
2023-03-14 16:19:52,0
2023-03-14 16:23:08,1
2023-03-14 16:26:23,1
2023-03-14 16:29:39,1
2023-03-14 16:32:54,0
2023-03-14 16:36:10,0
2023-03-14 16:39:25,0
2023-03-14 16:42:40,0
2023-03-14 16:45:55,1
2023-03-14 16:49:10,1
2023-03-14 16:52:25,1
2023-03-14 16:55:41,0
2023-03-14 16:58:55,0
2023-03-14 17:02:11,0
2023-03-14 17:05:26,0
2023-03-14 17:08:41,0
2023-03-14 17:11:57,0
2023-03-14 17:15:12,1
2023-03-14 17:18:28,1
2023-03-14 17:21:43,1
2023-03-14 17:24:58,1
2023-03-14 17:28:13,1
2023-03-14 17:31:29,1
2023-03-14 17:34:44,1
2023-03-14 17:37:59,1
2023-03-14 17:41:14,1
2023-03-14 17:44:29,1
2023-03-14 17:47:45,1
2023-03-14 17:51:00,1
2023-03-14 17:54:15,1
2023-03-14 17:57:30,1
2023-03-14 18:00:46,1
2023-03-14 18:04:01,1
2023-03-14 18:07:16,1
2023-03-14 18:10:32,0
2023-03-14 18:13:47,0
2023-03-14 18:17:05,0
2023-03-14 18:20:20,1
2023-03-14 18:23:35,1
2023-03-14 18:26:50,1
2023-03-14 18:30:05,1
2023-03-14 18:33:20,1
2023-03-14 18:36:35,1
2023-03-14 18:39:51,1
2023-03-14 18:43:06,1
2023-03-14 18:46:21,1
2023-03-14 18:49:36,1
2023-03-14 18:52:51,0
2023-03-14 18:56:07,0
2023-03-14 18:59:23,0
2023-03-14 19:02:38,1
2023-03-14 19:05:53,1
2023-03-14 19:09:08,1
2023-03-14 19:12:23,0
2023-03-14 19:15:38,0
2023-03-14 19:18:53,0
2023-03-14 19:22:09,1
2023-03-14 19:25:24,1
2023-03-14 19:28:40,1
2023-03-14 19:31:55,1
2023-03-14 19:35:10,0
2023-03-14 19:38:25,0
2023-03-14 19:41:40,0
2023-03-14 19:44:56,1
2023-03-14 19:48:10,1
2023-03-14 19:51:26,1
2023-03-14 19:54:41,1
2023-03-14 19:57:56,1
2023-03-14 20:01:12,1
2023-03-14 20:04:27,0
2023-03-14 20:07:42,0
2023-03-14 20:10:57,0
2023-03-14 20:14:13,0
2023-03-14 20:17:29,0
2023-03-14 20:20:44,0
2023-03-14 20:23:59,0
2023-03-14 20:27:17,0
2023-03-14 20:30:32,0
2023-03-14 20:33:47,0
2023-03-14 20:37:02,0
2023-03-14 20:40:17,0
2023-03-14 20:43:33,0
2023-03-14 20:46:48,1
2023-03-14 20:50:04,1
2023-03-14 20:53:19,1
2023-03-14 20:56:35,1
2023-03-14 20:59:50,0
2023-03-14 21:03:05,0
2023-03-14 21:06:21,0
2023-03-14 21:09:36,0
2023-03-14 21:12:51,0
2023-03-14 21:16:07,0
2023-03-14 21:19:22,0
2023-03-14 21:22:37,0
2023-03-14 21:25:52,0
2023-03-14 21:29:08,0
2023-03-14 21:32:24,0
2023-03-14 21:35:39,0
2023-03-14 21:38:55,0
2023-03-14 21:42:10,0
2023-03-14 21:45:25,0
2023-03-14 21:48:48,0
2023-03-14 21:52:03,0
2023-03-14 21:55:19,0
2023-03-14 21:58:34,0
2023-03-14 22:01:50,0
2023-03-14 22:05:05,0
2023-03-14 22:08:20,0
2023-03-14 22:11:35,0
2023-03-14 22:14:50,0
2023-03-14 22:18:04,0
2023-03-14 22:21:20,1
2023-03-14 22:24:35,1
2023-03-14 22:27:50,1
2023-03-14 22:31:05,1
2023-03-14 22:34:20,1
2023-03-14 22:37:36,1
2023-03-14 22:40:51,1
2023-03-14 22:44:06,1
2023-03-14 22:47:21,1
2023-03-14 22:50:36,1
2023-03-14 22:54:03,1
2023-03-14 22:57:18,1
2023-03-14 23:00:33,1
2023-03-14 23:03:49,1
2023-03-14 23:07:04,1
2023-03-14 23:10:19,1
2023-03-14 23:13:34,1
2023-03-14 23:16:49,1
2023-03-14 23:20:04,1
2023-03-14 23:23:19,1
2023-03-14 23:26:35,1
2023-03-14 23:29:50,1
2023-03-14 23:33:05,1
2023-03-14 23:36:20,1
2023-03-14 23:39:36,1
2023-03-14 23:42:51,1
2023-03-14 23:46:06,1
2023-03-14 23:49:22,1
2023-03-14 23:52:37,1
2023-03-14 23:55:52,1
2023-03-14 23:59:08,1
2023-03-15 00:02:23,1
2023-03-15 00:05:38,1
2023-03-15 00:08:53,1
2023-03-15 00:12:09,1
2023-03-15 00:15:24,1
2023-03-15 00:18:39,1
2023-03-15 00:21:54,1
2023-03-15 00:25:10,1
2023-03-15 00:28:25,1
2023-03-15 00:31:40,1
2023-03-15 00:34:55,1
2023-03-15 00:38:11,1
2023-03-15 00:41:26,1
2023-03-15 00:44:40,1
2023-03-15 00:47:56,1
2023-03-15 00:51:11,1
2023-03-15 00:54:26,1
2023-03-15 00:57:42,1
2023-03-15 01:00:57,1
2023-03-15 01:04:12,1
2023-03-15 01:07:27,1
2023-03-15 01:10:43,1
2023-03-15 01:13:58,1
2023-03-15 01:17:13,1
2023-03-15 01:20:28,1
2023-03-15 01:23:44,1
2023-03-15 01:26:59,1
2023-03-15 01:30:14,1
2023-03-15 01:33:29,1
2023-03-15 01:36:45,1
2023-03-15 01:40:04,1
2023-03-15 01:43:21,1
2023-03-15 01:46:36,1
2023-03-15 01:49:52,1
2023-03-15 01:53:07,1
2023-03-15 01:56:22,1
2023-03-15 01:59:37,1
2023-03-15 02:02:52,1
2023-03-15 02:06:07,1
2023-03-15 02:09:23,1
2023-03-15 02:12:38,1
2023-03-15 02:15:53,1
2023-03-15 02:19:17,1
2023-03-15 02:22:32,1
2023-03-15 02:25:47,1
2023-03-15 02:29:02,1
2023-03-15 02:32:17,1
2023-03-15 02:35:32,1
2023-03-15 02:38:47,1
2023-03-15 02:42:02,1
2023-03-15 02:45:17,1
2023-03-15 02:48:33,1
2023-03-15 02:51:48,1
2023-03-15 02:55:02,1
2023-03-15 02:58:17,1
2023-03-15 03:01:33,1
2023-03-15 03:04:48,1
2023-03-15 03:08:03,1
2023-03-15 03:11:18,1
2023-03-15 03:14:34,1
2023-03-15 03:17:49,1
2023-03-15 03:21:04,1
2023-03-15 03:24:19,1
2023-03-15 03:27:34,1
2023-03-15 03:30:49,1
2023-03-15 03:34:04,1
2023-03-15 03:37:19,1
2023-03-15 03:40:34,1
2023-03-15 03:43:49,1
2023-03-15 03:47:04,1
2023-03-15 03:50:19,1
2023-03-15 03:53:35,1
2023-03-15 03:56:51,1
2023-03-15 04:00:06,1
2023-03-15 04:03:21,1
2023-03-15 04:06:36,1
2023-03-15 04:09:52,1
2023-03-15 04:13:07,1
2023-03-15 04:16:22,1
2023-03-15 04:19:37,1
2023-03-15 04:22:53,1
2023-03-15 04:26:08,1
2023-03-15 04:29:23,1
2023-03-15 04:32:38,1
2023-03-15 04:35:54,1
2023-03-15 04:39:10,1
2023-03-15 04:42:25,1
2023-03-15 04:45:40,1
2023-03-15 04:49:03,1
2023-03-15 04:52:18,1
2023-03-15 04:55:33,1
2023-03-15 04:58:48,1
2023-03-15 05:02:03,1
2023-03-15 05:05:20,1
2023-03-15 05:08:35,1
2023-03-15 05:11:51,1
2023-03-15 05:15:06,1
2023-03-15 05:18:21,1
2023-03-15 05:21:37,1
2023-03-15 05:24:52,1
2023-03-15 05:28:08,1
2023-03-15 05:31:23,1
2023-03-15 05:34:38,1
2023-03-15 05:37:53,1
2023-03-15 05:41:08,1
2023-03-15 05:44:23,1
2023-03-15 05:47:40,1
2023-03-15 05:50:55,1
2023-03-15 05:54:11,1
2023-03-15 05:57:26,1
2023-03-15 06:00:41,1
2023-03-15 06:03:56,1
2023-03-15 06:07:11,0
2023-03-15 06:10:26,0
2023-03-15 06:13:42,0
2023-03-15 06:16:57,1
2023-03-15 06:20:12,1
2023-03-15 06:23:27,1
2023-03-15 06:26:43,1
2023-03-15 06:29:57,1
2023-03-15 06:33:12,1
2023-03-15 06:36:28,1
2023-03-15 06:39:43,1
2023-03-15 06:42:58,1
2023-03-15 06:46:13,1
2023-03-15 06:49:29,1
2023-03-15 06:52:44,1
2023-03-15 06:55:59,1
2023-03-15 06:59:15,1
2023-03-15 07:02:29,1
2023-03-15 07:05:45,1
2023-03-15 07:09:01,1
2023-03-15 07:12:15,1
2023-03-15 07:15:31,1
2023-03-15 07:18:46,1
2023-03-15 07:22:01,1
2023-03-15 07:25:16,1
2023-03-15 07:28:32,1
2023-03-15 07:31:47,1
2023-03-15 07:35:02,1
2023-03-15 07:38:17,1
2023-03-15 07:41:32,1
2023-03-15 07:44:47,1
2023-03-15 07:48:02,1
2023-03-15 07:51:17,1
2023-03-15 07:54:32,1
2023-03-15 07:57:47,1
2023-03-15 08:01:03,1
2023-03-15 08:04:18,1
2023-03-15 08:07:33,1
2023-03-15 08:10:48,1
2023-03-15 08:14:04,1
2023-03-15 08:17:19,1
2023-03-15 08:20:34,1
2023-03-15 08:23:49,1
2023-03-15 08:27:05,1
2023-03-15 08:30:20,1
2023-03-15 08:33:35,1
2023-03-15 08:36:50,1
2023-03-15 08:40:05,1
2023-03-15 08:43:20,1
2023-03-15 08:46:35,1
2023-03-15 08:49:51,1
2023-03-15 08:53:06,1
2023-03-15 08:56:21,1
2023-03-15 08:59:36,1
2023-03-15 09:02:51,1
2023-03-15 09:06:07,1
2023-03-15 09:09:22,1
2023-03-15 09:12:37,1
2023-03-15 09:15:52,1
2023-03-15 09:19:08,1
2023-03-15 09:22:23,1
2023-03-15 09:25:38,1
2023-03-15 09:28:53,1
2023-03-15 09:32:08,1
2023-03-15 09:35:23,1
2023-03-15 09:38:39,1
2023-03-15 09:41:54,1
2023-03-15 09:45:09,1
2023-03-15 09:48:24,1
2023-03-15 09:51:40,1
2023-03-15 09:54:55,1
2023-03-15 09:58:10,1
2023-03-15 10:01:25,1
2023-03-15 10:04:40,1
2023-03-15 10:07:55,1
2023-03-15 10:11:10,1
2023-03-15 10:14:25,1
2023-03-15 10:17:40,1
2023-03-15 10:20:55,1
2023-03-15 10:24:10,1
2023-03-15 10:27:25,1
2023-03-15 10:30:40,1
2023-03-15 10:33:55,1
2023-03-15 10:37:10,1
2023-03-15 10:40:25,1
2023-03-15 10:43:41,1
2023-03-15 10:46:55,1
2023-03-15 10:50:10,1
2023-03-15 10:53:26,1
2023-03-15 10:56:41,1
2023-03-15 10:59:56,1
2023-03-15 11:03:11,1
2023-03-15 11:06:26,1
2023-03-15 11:09:41,0
2023-03-15 11:12:55,0
2023-03-15 11:16:10,0
2023-03-15 11:19:25,0
2023-03-15 11:22:40,1
2023-03-15 11:25:55,1
2023-03-15 11:29:10,1
2023-03-15 11:32:25,1
2023-03-15 11:35:39,1
2023-03-15 11:38:54,1
2023-03-15 11:42:09,1
2023-03-15 11:45:25,1
2023-03-15 11:48:40,1
2023-03-15 11:51:55,1
2023-03-15 11:55:10,1
2023-03-15 11:58:25,1
2023-03-15 12:01:41,1
2023-03-15 12:04:56,0
2023-03-15 12:08:13,0
2023-03-15 12:11:28,0
2023-03-15 12:14:43,1
2023-03-15 12:17:58,1
2023-03-15 12:21:14,1
2023-03-15 12:24:28,1
2023-03-15 12:27:44,1
2023-03-15 12:30:59,1
2023-03-15 12:34:15,1
2023-03-15 12:37:30,1
2023-03-15 12:40:45,1
2023-03-15 12:44:00,1
2023-03-15 12:47:16,1
2023-03-15 12:50:30,1
2023-03-15 12:53:46,1
2023-03-15 12:57:02,1
2023-03-15 13:00:18,1
2023-03-15 13:03:33,1
2023-03-15 13:06:48,1
2023-03-15 13:10:04,1
2023-03-15 13:13:19,1
2023-03-15 13:16:34,1
2023-03-15 13:19:49,1
2023-03-15 13:23:05,1
2023-03-15 13:26:20,1
2023-03-15 13:29:36,1
2023-03-15 13:32:51,1
2023-03-15 13:36:07,1
2023-03-15 13:39:23,1
2023-03-15 13:42:37,1
2023-03-15 13:45:53,1
2023-03-15 13:49:08,1
2023-03-15 13:52:23,1
2023-03-15 13:55:38,1
2023-03-15 13:58:54,1
2023-03-15 14:02:08,1
2023-03-15 14:05:23,1
2023-03-15 14:08:40,0
2023-03-15 14:11:55,0
2023-03-15 14:15:10,0
2023-03-15 14:18:25,0
2023-03-15 14:21:40,0
2023-03-15 14:24:55,0
2023-03-15 14:28:10,0
2023-03-15 14:31:26,1
2023-03-15 14:34:41,1
2023-03-15 14:37:56,1
2023-03-15 14:41:11,1
2023-03-15 14:44:27,1
2023-03-15 14:47:41,1
2023-03-15 14:50:56,1
2023-03-15 14:54:11,1
2023-03-15 14:57:26,1
2023-03-15 15:00:41,1
2023-03-15 15:03:56,1
2023-03-15 15:07:12,1
2023-03-15 15:10:27,1
2023-03-15 15:13:43,1
2023-03-15 15:16:58,1
2023-03-15 15:20:13,1
2023-03-15 15:23:27,1
2023-03-15 15:26:43,1
2023-03-15 15:30:58,1
2023-03-15 15:34:13,0
2023-03-15 15:37:29,0
2023-03-15 15:40:43,0
2023-03-15 15:43:58,0
2023-03-15 15:47:13,0
2023-03-15 15:50:28,0
2023-03-15 15:53:43,0
2023-03-15 15:56:58,1
2023-03-15 16:00:14,1
2023-03-15 16:03:29,1
2023-03-15 16:06:45,0
2023-03-15 16:10:00,0
2023-03-15 16:13:15,0
2023-03-15 16:16:31,0
2023-03-15 16:19:46,0
2023-03-15 16:23:01,0
2023-03-15 16:26:16,0
2023-03-15 16:29:31,0
2023-03-15 16:32:46,0
2023-03-15 16:36:01,0
2023-03-15 16:39:16,0
2023-03-15 16:42:31,0
2023-03-15 16:45:46,0
2023-03-15 16:49:02,0
2023-03-15 16:52:17,0
2023-03-15 16:55:32,0
2023-03-15 16:58:48,0
2023-03-15 17:02:03,0
2023-03-15 17:05:19,0
2023-03-15 17:08:34,0
2023-03-15 17:11:49,0
2023-03-15 17:15:04,0
2023-03-15 17:18:19,1
2023-03-15 17:21:34,1
2023-03-15 17:24:49,1
2023-03-15 17:28:04,1
2023-03-15 17:31:20,1
2023-03-15 17:34:35,1
2023-03-15 17:37:50,1
2023-03-15 17:41:05,1
2023-03-15 17:44:20,1
2023-03-15 17:47:35,1
2023-03-15 17:50:50,1
2023-03-15 17:54:05,1
2023-03-15 17:57:21,1
2023-03-15 18:00:36,1
2023-03-15 18:03:51,1
2023-03-15 18:07:06,1
2023-03-15 18:10:22,1
2023-03-15 18:13:37,0
2023-03-15 18:16:52,0
2023-03-15 18:20:07,0
2023-03-15 18:23:22,0
2023-03-15 18:26:37,0
2023-03-15 18:29:52,0
2023-03-15 18:33:07,0
2023-03-15 18:36:22,0
2023-03-15 18:39:37,0
2023-03-15 18:42:52,0
2023-03-15 18:46:07,0
2023-03-15 18:49:23,0
2023-03-15 18:52:37,0
2023-03-15 18:55:53,0
2023-03-15 18:59:08,0
2023-03-15 19:02:24,0
2023-03-15 19:05:39,0
2023-03-15 19:08:54,0
2023-03-15 19:12:09,0
2023-03-15 19:15:25,0
2023-03-15 19:18:40,0
2023-03-15 19:21:55,0
2023-03-15 19:25:10,0
2023-03-15 19:28:24,0
2023-03-15 19:31:40,0
2023-03-15 19:34:55,0
2023-03-15 19:38:11,0
2023-03-15 19:41:26,0
2023-03-15 19:44:41,0
2023-03-15 19:47:56,0
2023-03-15 19:51:11,0
2023-03-15 19:54:26,0
2023-03-15 19:57:42,0
2023-03-15 20:00:57,0
2023-03-15 20:05:13,0
2023-03-15 20:08:28,0
2023-03-15 20:11:43,0
2023-03-15 20:14:58,0
2023-03-15 20:18:13,0
2023-03-15 20:21:28,0
2023-03-15 20:24:43,0
2023-03-15 20:27:58,0
2023-03-15 20:31:13,0
2023-03-15 20:34:28,0
2023-03-15 20:37:42,0
2023-03-15 20:40:58,0
2023-03-15 20:44:13,0
2023-03-15 20:47:28,0
2023-03-15 20:50:43,0
2023-03-15 20:53:58,0
2023-03-15 20:57:14,0
2023-03-15 21:00:29,0
2023-03-15 21:03:44,0
2023-03-15 21:06:59,0
2023-03-15 21:10:15,0
2023-03-15 21:13:30,0
2023-03-15 21:16:45,0
2023-03-15 21:20:00,0
2023-03-15 21:23:15,0
2023-03-15 21:26:31,0
2023-03-15 21:29:46,0
2023-03-15 21:33:00,0
2023-03-15 21:36:16,0
2023-03-15 21:39:31,0
2023-03-15 21:42:47,0
2023-03-15 21:46:02,0
2023-03-15 21:49:17,0
2023-03-15 21:52:32,0
2023-03-15 21:55:47,0
2023-03-15 21:59:03,0
2023-03-15 22:02:18,0
2023-03-15 22:05:33,0
2023-03-15 22:08:49,0
2023-03-15 22:12:04,0
2023-03-15 22:15:19,0
2023-03-15 22:18:34,0
2023-03-15 22:21:50,0
2023-03-15 22:25:05,0
2023-03-15 22:28:20,0
2023-03-15 22:31:36,0
2023-03-15 22:34:51,0
2023-03-15 22:38:06,0
2023-03-15 22:41:21,0
2023-03-15 22:44:36,0
2023-03-15 22:47:51,0
2023-03-15 22:51:06,0
2023-03-15 22:54:22,0
2023-03-15 22:57:36,0
2023-03-15 23:00:51,0
2023-03-15 23:04:06,0
2023-03-15 23:07:22,1
2023-03-15 23:10:38,1
2023-03-15 23:13:53,1
2023-03-15 23:17:07,0
2023-03-15 23:20:22,0
2023-03-15 23:23:37,0
2023-03-15 23:26:52,1
2023-03-15 23:30:07,1
2023-03-15 23:33:22,1
2023-03-15 23:36:38,1
2023-03-15 23:39:53,1
2023-03-15 23:43:08,1
2023-03-15 23:46:24,1
2023-03-15 23:49:39,1
2023-03-15 23:52:54,1
2023-03-15 23:56:09,1
2023-03-15 23:59:24,1
2023-03-16 00:02:39,1
2023-03-16 00:05:54,1
2023-03-16 00:09:20,1
2023-03-16 00:12:35,1
2023-03-16 00:15:49,1
2023-03-16 00:19:05,1
2023-03-16 00:22:25,1
2023-03-16 00:25:40,1
2023-03-16 00:28:55,1
2023-03-16 00:32:11,1
2023-03-16 00:35:29,1
2023-03-16 00:38:44,1
2023-03-16 00:42:00,1
2023-03-16 00:45:14,1
2023-03-16 00:48:30,1
2023-03-16 00:51:46,1
2023-03-16 00:55:10,1
2023-03-16 00:58:26,1
2023-03-16 01:01:41,1
2023-03-16 01:04:57,1
2023-03-16 01:08:12,1
2023-03-16 01:11:27,1
2023-03-16 01:14:43,1
2023-03-16 01:17:57,1
2023-03-16 01:21:13,1
2023-03-16 01:24:27,1
2023-03-16 01:27:42,1
2023-03-16 01:30:57,1
2023-03-16 01:34:12,1
2023-03-16 01:37:27,1
2023-03-16 01:40:42,1
2023-03-16 01:43:57,1
2023-03-16 01:47:12,1
2023-03-16 01:50:31,1
2023-03-16 01:53:46,1
2023-03-16 01:57:01,1
2023-03-16 02:00:16,1
2023-03-16 02:03:31,1
2023-03-16 02:06:46,1
2023-03-16 02:10:01,1
2023-03-16 02:13:16,1
2023-03-16 02:16:31,1
2023-03-16 02:19:46,1
2023-03-16 02:23:06,1
2023-03-16 02:26:21,1
2023-03-16 02:29:35,1
2023-03-16 02:32:50,1
2023-03-16 02:36:06,1
2023-03-16 02:39:21,1
2023-03-16 02:42:36,1
2023-03-16 02:45:53,1
2023-03-16 02:49:07,1
2023-03-16 02:52:23,1
2023-03-16 02:55:37,1
2023-03-16 02:58:53,1
2023-03-16 03:02:08,1
2023-03-16 03:05:23,1
2023-03-16 03:08:39,1
2023-03-16 03:11:54,1
2023-03-16 03:15:09,1
2023-03-16 03:18:24,0
2023-03-16 03:21:39,0
2023-03-16 03:24:54,0
2023-03-16 03:28:09,0
2023-03-16 03:31:24,1
2023-03-16 03:34:39,1
2023-03-16 03:37:53,1
2023-03-16 03:41:08,1
2023-03-16 03:44:23,1
2023-03-16 03:47:39,1
2023-03-16 03:50:54,1
2023-03-16 03:54:09,1
2023-03-16 03:57:24,1
2023-03-16 04:00:39,1
2023-03-16 04:03:55,1
2023-03-16 04:07:10,1
2023-03-16 04:10:25,1
2023-03-16 04:13:40,1
2023-03-16 04:16:55,1
2023-03-16 04:20:10,1
2023-03-16 04:23:24,1
2023-03-16 04:26:40,1
2023-03-16 04:29:54,1
2023-03-16 04:33:09,1
2023-03-16 04:36:28,1
2023-03-16 04:39:43,1
2023-03-16 04:42:58,1
2023-03-16 04:46:13,1
2023-03-16 04:49:29,1
2023-03-16 04:52:44,1
2023-03-16 04:56:00,1
2023-03-16 04:59:15,1
2023-03-16 05:02:30,1
2023-03-16 05:05:45,1
2023-03-16 05:09:00,1
2023-03-16 05:12:15,1
2023-03-16 05:15:30,1
2023-03-16 05:18:48,1
2023-03-16 05:22:03,1
2023-03-16 05:25:18,1
2023-03-16 05:28:33,1
2023-03-16 05:31:49,1
2023-03-16 05:35:14,1
2023-03-16 05:38:29,1
2023-03-16 05:41:44,1
2023-03-16 05:44:59,1
2023-03-16 05:48:14,1
2023-03-16 05:51:29,1
2023-03-16 05:54:44,1
2023-03-16 05:57:59,1
2023-03-16 06:01:15,1
2023-03-16 06:04:30,1
2023-03-16 06:07:45,1
2023-03-16 06:11:01,1
2023-03-16 06:14:16,1
2023-03-16 06:17:32,1
2023-03-16 06:20:47,1
2023-03-16 06:24:02,1
2023-03-16 06:27:17,1
2023-03-16 06:30:32,1
2023-03-16 06:33:47,1
2023-03-16 06:37:02,1
2023-03-16 06:40:18,1
2023-03-16 06:43:33,1
2023-03-16 06:46:49,1
2023-03-16 06:50:14,1
2023-03-16 06:53:29,1
2023-03-16 06:56:44,1
2023-03-16 06:59:58,1
2023-03-16 07:03:13,1
2023-03-16 07:06:29,1
2023-03-16 07:09:44,1
2023-03-16 07:12:59,1
2023-03-16 07:16:14,1
2023-03-16 07:19:29,1
2023-03-16 07:22:44,1
2023-03-16 07:25:59,1
2023-03-16 07:29:15,1
2023-03-16 07:32:30,1
2023-03-16 07:35:45,1
2023-03-16 07:39:00,1
2023-03-16 07:42:15,1
2023-03-16 07:45:30,1
2023-03-16 07:48:46,1
2023-03-16 07:52:01,1
2023-03-16 07:55:16,1
2023-03-16 07:58:32,1
2023-03-16 08:01:47,1
2023-03-16 08:05:02,1
2023-03-16 08:08:18,1
2023-03-16 08:11:32,1
2023-03-16 08:14:48,1
2023-03-16 08:18:03,1
2023-03-16 08:21:18,1
2023-03-16 08:24:33,1
2023-03-16 08:27:49,1
2023-03-16 08:31:04,1
2023-03-16 08:34:19,1
2023-03-16 08:37:37,1
2023-03-16 08:40:53,1
2023-03-16 08:44:08,1
2023-03-16 08:47:23,1
2023-03-16 08:50:38,1
2023-03-16 08:53:53,1
2023-03-16 08:57:08,1
2023-03-16 09:00:23,1
2023-03-16 09:03:38,1
2023-03-16 09:06:53,1
2023-03-16 09:10:08,1
2023-03-16 09:13:23,1
2023-03-16 09:16:38,1
2023-03-16 09:19:53,1
2023-03-16 09:23:08,1
2023-03-16 09:26:24,1
2023-03-16 09:29:39,1
2023-03-16 09:32:54,1
2023-03-16 09:36:10,1
2023-03-16 09:39:25,1
2023-03-16 09:42:40,1
2023-03-16 09:45:55,1
2023-03-16 09:49:11,1
2023-03-16 09:52:26,1
2023-03-16 09:55:41,1
2023-03-16 09:58:56,1
2023-03-16 10:02:12,1
2023-03-16 10:05:28,1
2023-03-16 10:08:43,1
2023-03-16 10:11:59,1
2023-03-16 10:15:14,1
2023-03-16 10:18:29,1
2023-03-16 10:21:44,1
2023-03-16 10:25:00,1
2023-03-16 10:28:15,1
2023-03-16 10:31:31,1
2023-03-16 10:34:47,1
2023-03-16 10:38:02,1
2023-03-16 10:41:17,0
2023-03-16 10:44:33,0
2023-03-16 10:47:48,0
2023-03-16 10:51:03,1
2023-03-16 10:54:18,1
2023-03-16 10:57:33,1
2023-03-16 11:00:48,1
2023-03-16 11:04:03,1
2023-03-16 11:07:19,1
2023-03-16 11:10:34,1
2023-03-16 11:13:49,1
2023-03-16 11:17:04,1
2023-03-16 11:20:20,1
2023-03-16 11:23:35,1
2023-03-16 11:26:50,1
2023-03-16 11:30:05,1
2023-03-16 11:33:20,1
2023-03-16 11:36:36,1
2023-03-16 11:39:51,1
2023-03-16 11:43:06,1
2023-03-16 11:46:22,1
2023-03-16 11:49:37,1
2023-03-16 11:52:53,1
2023-03-16 11:56:08,1
2023-03-16 11:59:23,1
2023-03-16 12:02:38,1
2023-03-16 12:05:53,1
2023-03-16 12:09:09,1
2023-03-16 12:12:24,1
2023-03-16 12:15:39,1
2023-03-16 12:18:54,1
2023-03-16 12:22:10,1
2023-03-16 12:25:25,1
2023-03-16 12:28:41,1
2023-03-16 12:31:56,1
2023-03-16 12:35:12,1
2023-03-16 12:38:27,1
2023-03-16 12:41:42,1
2023-03-16 12:44:57,1
2023-03-16 12:48:13,1
2023-03-16 12:51:28,1
2023-03-16 12:54:44,1
2023-03-16 12:57:58,1
2023-03-16 13:01:14,1
2023-03-16 13:04:29,1
2023-03-16 13:07:44,1
2023-03-16 13:11:00,1
2023-03-16 13:14:16,1
2023-03-16 13:17:31,1
2023-03-16 13:20:46,1
2023-03-16 13:24:01,1
2023-03-16 13:27:16,1
2023-03-16 13:30:32,1
2023-03-16 13:33:47,1
2023-03-16 13:37:02,1
2023-03-16 13:40:18,1
2023-03-16 13:43:33,1
2023-03-16 13:46:49,1
2023-03-16 13:50:04,1
2023-03-16 13:53:20,1
2023-03-16 13:56:35,1
2023-03-16 13:59:50,1
2023-03-16 14:03:06,1
2023-03-16 14:06:21,1
2023-03-16 14:09:35,1
2023-03-16 14:12:51,1
2023-03-16 14:16:06,1
2023-03-16 14:19:22,1
2023-03-16 14:22:36,1
2023-03-16 14:25:52,1
2023-03-16 14:29:07,1
2023-03-16 14:32:23,1
2023-03-16 14:35:38,1
2023-03-16 14:38:53,1
2023-03-16 14:42:09,1
2023-03-16 14:45:24,1
2023-03-16 14:48:39,1
2023-03-16 14:51:54,1
2023-03-16 14:55:10,1
2023-03-16 14:58:26,1
2023-03-16 15:01:41,1
2023-03-16 15:04:58,1
2023-03-16 15:08:14,1
2023-03-16 15:11:29,1
2023-03-16 15:14:44,1
2023-03-16 15:18:00,1
2023-03-16 15:21:15,1
2023-03-16 15:24:31,1
2023-03-16 15:27:46,1
2023-03-16 15:31:02,1
2023-03-16 15:34:17,1
2023-03-16 15:37:33,1
2023-03-16 15:40:48,1
2023-03-16 15:44:03,1
2023-03-16 15:47:19,1
2023-03-16 15:50:34,1
2023-03-16 15:53:49,1
2023-03-16 15:57:04,1
2023-03-16 16:00:20,1
2023-03-16 16:03:35,1
2023-03-16 16:06:51,1
2023-03-16 16:10:06,0
2023-03-16 16:13:21,0
2023-03-16 16:16:37,0
2023-03-16 16:19:52,0
2023-03-16 16:23:07,0
2023-03-16 16:26:23,0
2023-03-16 16:29:38,1
2023-03-16 16:32:53,1
2023-03-16 16:36:09,1
2023-03-16 16:39:25,0
2023-03-16 16:42:40,0
2023-03-16 16:45:56,0
2023-03-16 16:49:12,0
2023-03-16 16:52:26,0
2023-03-16 16:55:42,0
2023-03-16 16:58:57,0
2023-03-16 17:02:12,0
2023-03-16 17:05:27,0
2023-03-16 17:08:44,0
2023-03-16 17:12:00,1
2023-03-16 17:15:15,1
2023-03-16 17:18:31,1
2023-03-16 17:21:46,1
2023-03-16 17:25:02,1
2023-03-16 17:28:17,1
2023-03-16 17:31:32,0
2023-03-16 17:34:47,0
2023-03-16 17:38:02,0
2023-03-16 17:41:18,0
2023-03-16 17:44:33,1
2023-03-16 17:47:48,1
2023-03-16 17:51:03,1
2023-03-16 17:54:18,0
2023-03-16 17:57:34,0
2023-03-16 18:00:49,0
2023-03-16 18:04:04,0
2023-03-16 18:07:19,0
2023-03-16 18:10:34,0
2023-03-16 18:13:50,0
2023-03-16 18:17:05,0
2023-03-16 18:20:20,0
2023-03-16 18:23:36,0
2023-03-16 18:26:51,0
2023-03-16 18:30:06,0
2023-03-16 18:33:21,0
2023-03-16 18:36:37,0
2023-03-16 18:39:52,0
2023-03-16 18:43:07,0
2023-03-16 18:46:23,0
2023-03-16 18:49:38,0
2023-03-16 18:52:53,0
2023-03-16 18:56:08,0
2023-03-16 18:59:23,0
2023-03-16 19:02:38,0
2023-03-16 19:05:53,0
2023-03-16 19:09:09,0
2023-03-16 19:12:25,0
2023-03-16 19:15:40,0
2023-03-16 19:18:56,0
2023-03-16 19:22:11,0
2023-03-16 19:25:26,0
2023-03-16 19:28:41,0
2023-03-16 19:31:56,0
2023-03-16 19:35:12,0
2023-03-16 19:38:27,0
2023-03-16 19:41:42,0
2023-03-16 19:44:57,0
2023-03-16 19:48:13,0
2023-03-16 19:51:28,0
2023-03-16 19:54:43,0
2023-03-16 19:57:59,0
2023-03-16 20:01:13,0
2023-03-16 20:04:29,0
2023-03-16 20:07:44,0
2023-03-16 20:10:59,0
2023-03-16 20:14:15,0
2023-03-16 20:17:30,0
2023-03-16 20:20:45,0
2023-03-16 20:24:00,0
2023-03-16 20:27:16,0
2023-03-16 20:30:31,0
2023-03-16 20:33:46,0
2023-03-16 20:37:01,0
2023-03-16 20:40:16,0
2023-03-16 20:43:32,0
2023-03-16 20:46:47,0
2023-03-16 20:50:03,0
2023-03-16 20:53:18,0
2023-03-16 20:56:33,0
2023-03-16 20:59:49,0
2023-03-16 21:03:04,0
2023-03-16 21:06:19,0
2023-03-16 21:09:34,0
2023-03-16 21:12:49,0
2023-03-16 21:16:04,0
2023-03-16 21:19:20,0
2023-03-16 21:22:35,0
2023-03-16 21:25:50,0
2023-03-16 21:29:05,0
2023-03-16 21:32:21,0
2023-03-16 21:35:36,0
2023-03-16 21:38:51,0
2023-03-16 21:42:07,0
2023-03-16 21:45:22,0
2023-03-16 21:48:38,0
2023-03-16 21:51:53,0
2023-03-16 21:55:08,0
2023-03-16 21:58:24,0
2023-03-16 22:01:39,0
2023-03-16 22:04:54,0
2023-03-16 22:08:09,0
2023-03-16 22:11:24,0
2023-03-16 22:14:40,0
2023-03-16 22:17:55,0
2023-03-16 22:21:11,0
2023-03-16 22:24:26,0
2023-03-16 22:27:41,0
2023-03-16 22:30:56,0
2023-03-16 22:34:12,0
2023-03-16 22:37:27,0
2023-03-16 22:40:42,0
2023-03-16 22:43:57,0
2023-03-16 22:47:12,0
2023-03-16 22:50:27,0
2023-03-16 22:53:43,0
2023-03-16 22:56:58,0
2023-03-16 23:00:13,0
2023-03-16 23:03:28,0
2023-03-16 23:06:43,0
2023-03-16 23:09:59,0
2023-03-16 23:13:14,0
2023-03-16 23:16:29,0
2023-03-16 23:19:44,1
2023-03-16 23:22:59,1
2023-03-16 23:26:14,1
2023-03-16 23:29:29,0
2023-03-16 23:32:43,0
2023-03-16 23:35:59,0
2023-03-16 23:39:14,0
2023-03-16 23:42:29,0
2023-03-16 23:45:44,0
2023-03-16 23:48:59,0
2023-03-16 23:52:15,1
2023-03-16 23:55:30,1
2023-03-16 23:58:45,1
2023-03-17 00:02:01,1
2023-03-17 00:05:27,1
2023-03-17 00:08:43,1
2023-03-17 00:11:58,1
2023-03-17 00:15:13,1
2023-03-17 00:18:28,1
2023-03-17 00:21:44,1
2023-03-17 00:24:59,1
2023-03-17 00:28:15,1
2023-03-17 00:31:30,1
2023-03-17 00:34:46,1
2023-03-17 00:38:01,1
2023-03-17 00:41:16,1
2023-03-17 00:44:31,1
2023-03-17 00:47:47,1
2023-03-17 00:51:02,1
2023-03-17 00:54:17,1
2023-03-17 00:57:31,1
2023-03-17 01:00:47,1
2023-03-17 01:04:01,1
2023-03-17 01:07:17,1
2023-03-17 01:10:32,1
2023-03-17 01:13:47,1
2023-03-17 01:17:02,1
2023-03-17 01:20:18,1
2023-03-17 01:23:33,1
2023-03-17 01:26:48,1
2023-03-17 01:30:03,1
2023-03-17 01:33:19,1
2023-03-17 01:36:33,1
2023-03-17 01:39:48,1
2023-03-17 01:43:03,1
2023-03-17 01:46:19,1
2023-03-17 01:49:34,1
2023-03-17 01:52:49,1
2023-03-17 01:56:04,1
2023-03-17 01:59:19,1
2023-03-17 02:02:35,1
2023-03-17 02:05:50,1
2023-03-17 02:09:05,1
2023-03-17 02:12:20,1
2023-03-17 02:15:36,1
2023-03-17 02:18:51,1
2023-03-17 02:22:06,1
2023-03-17 02:25:21,1
2023-03-17 02:28:36,1
2023-03-17 02:31:51,1
2023-03-17 02:35:06,1
2023-03-17 02:38:21,1
2023-03-17 02:41:37,1
2023-03-17 02:44:57,1
2023-03-17 02:48:12,1
2023-03-17 02:51:28,1
2023-03-17 02:54:43,1
2023-03-17 02:57:58,1
2023-03-17 03:01:13,1
2023-03-17 03:04:28,1
2023-03-17 03:07:43,1
2023-03-17 03:10:58,1
2023-03-17 03:14:13,1
2023-03-17 03:17:28,1
2023-03-17 03:20:44,1
2023-03-17 03:24:00,1
2023-03-17 03:27:15,1
2023-03-17 03:30:29,1
2023-03-17 03:33:45,0
2023-03-17 03:36:59,0
2023-03-17 03:40:14,0
2023-03-17 03:43:30,0
2023-03-17 03:46:45,0
2023-03-17 03:50:00,0
2023-03-17 03:53:15,0
2023-03-17 03:56:30,0
2023-03-17 03:59:45,0
2023-03-17 04:03:00,0
2023-03-17 04:06:15,0
2023-03-17 04:09:31,0
2023-03-17 04:12:46,0
2023-03-17 04:16:11,1
2023-03-17 04:19:26,1
2023-03-17 04:22:41,1
2023-03-17 04:25:56,1
2023-03-17 04:29:11,1
2023-03-17 04:32:26,1
2023-03-17 04:35:41,1
2023-03-17 04:38:56,1
2023-03-17 04:42:11,1
2023-03-17 04:45:26,1
2023-03-17 04:48:42,1
2023-03-17 04:51:57,1
2023-03-17 04:55:12,1
2023-03-17 04:58:27,1
2023-03-17 05:01:42,1
2023-03-17 05:04:57,1
2023-03-17 05:08:12,0
2023-03-17 05:11:27,0
2023-03-17 05:14:42,0
2023-03-17 05:17:57,1
2023-03-17 05:21:12,1
2023-03-17 05:24:28,1
2023-03-17 05:27:44,1
2023-03-17 05:30:58,1
2023-03-17 05:34:14,1
2023-03-17 05:37:29,1
2023-03-17 05:40:44,1
2023-03-17 05:43:59,1
2023-03-17 05:47:14,1
2023-03-17 05:50:29,1
2023-03-17 05:53:44,1
2023-03-17 05:56:59,1
2023-03-17 06:00:14,1
2023-03-17 06:03:29,1
2023-03-17 06:06:45,1
2023-03-17 06:10:00,0
2023-03-17 06:13:15,0
2023-03-17 06:16:31,0
2023-03-17 06:19:46,1
2023-03-17 06:23:01,1
2023-03-17 06:26:16,1
2023-03-17 06:29:32,1
2023-03-17 06:32:47,1
2023-03-17 06:36:02,1
2023-03-17 06:39:18,1
2023-03-17 06:42:32,1
2023-03-17 06:45:47,1
2023-03-17 06:49:03,1
2023-03-17 06:52:17,1
2023-03-17 06:55:32,1
2023-03-17 06:58:47,1
2023-03-17 07:02:03,1
2023-03-17 07:05:18,0
2023-03-17 07:08:33,0
2023-03-17 07:11:49,0
2023-03-17 07:15:04,0
2023-03-17 07:18:19,0
2023-03-17 07:21:34,0
2023-03-17 07:24:51,1
2023-03-17 07:28:07,1
2023-03-17 07:31:22,1
2023-03-17 07:34:38,1
2023-03-17 07:37:53,1
2023-03-17 07:41:08,1
2023-03-17 07:44:24,1
2023-03-17 07:47:39,1
2023-03-17 07:50:54,1
2023-03-17 07:54:09,1
2023-03-17 07:57:24,1
2023-03-17 08:00:39,1
2023-03-17 08:03:55,1
2023-03-17 08:07:10,1
2023-03-17 08:10:25,1
2023-03-17 08:13:40,1
2023-03-17 08:16:55,1
2023-03-17 08:20:11,1
2023-03-17 08:23:26,1
2023-03-17 08:26:41,1
2023-03-17 08:29:56,1
2023-03-17 08:33:11,1
2023-03-17 08:36:26,1
2023-03-17 08:39:42,1
2023-03-17 08:42:57,1
2023-03-17 08:46:13,1
2023-03-17 08:49:28,1
2023-03-17 08:52:44,1
2023-03-17 08:55:59,1
2023-03-17 08:59:14,1
2023-03-17 09:02:30,1
2023-03-17 09:05:45,1
2023-03-17 09:09:00,1
2023-03-17 09:12:15,1
2023-03-17 09:15:30,1
2023-03-17 09:18:45,1
2023-03-17 09:22:00,1
2023-03-17 09:25:14,1
2023-03-17 09:28:30,1
2023-03-17 09:31:45,1
2023-03-17 09:35:01,1
2023-03-17 09:38:16,1
2023-03-17 09:41:31,1
2023-03-17 09:44:46,1
2023-03-17 09:48:01,1
2023-03-17 09:51:16,1
2023-03-17 09:54:31,1
2023-03-17 09:57:46,1
2023-03-17 10:01:01,1
2023-03-17 10:04:16,1
2023-03-17 10:07:31,1
2023-03-17 10:10:46,1
2023-03-17 10:14:02,1
2023-03-17 10:17:17,1
2023-03-17 10:20:33,1
2023-03-17 10:23:48,1
2023-03-17 10:27:03,1
2023-03-17 10:30:18,1
2023-03-17 10:33:33,1
2023-03-17 10:36:48,1
2023-03-17 10:40:03,1
2023-03-17 10:43:18,1
2023-03-17 10:46:33,1
2023-03-17 10:49:49,1
2023-03-17 10:53:04,1
2023-03-17 10:56:19,1
2023-03-17 10:59:34,1
2023-03-17 11:02:49,1
2023-03-17 11:06:04,1
2023-03-17 11:09:19,1
2023-03-17 11:12:35,1
2023-03-17 11:15:50,1
2023-03-17 11:19:08,1
2023-03-17 11:22:23,1
2023-03-17 11:25:38,1
2023-03-17 11:28:53,1
2023-03-17 11:32:08,1
2023-03-17 11:35:23,1
2023-03-17 11:38:38,1
2023-03-17 11:41:53,1
2023-03-17 11:45:08,1
2023-03-17 11:48:23,1
2023-03-17 11:51:39,1
2023-03-17 11:54:54,1
2023-03-17 11:58:09,1
2023-03-17 12:01:24,1
2023-03-17 12:04:40,1
2023-03-17 12:07:55,1
2023-03-17 12:11:10,1
2023-03-17 12:14:25,1
2023-03-17 12:17:41,1
2023-03-17 12:20:56,1
2023-03-17 12:24:11,1
2023-03-17 12:27:26,1
2023-03-17 12:30:42,1
2023-03-17 12:33:57,1
2023-03-17 12:37:12,1
2023-03-17 12:40:27,1
2023-03-17 12:43:42,1
2023-03-17 12:46:57,1
2023-03-17 12:50:12,1
2023-03-17 12:53:27,1
2023-03-17 12:56:43,1
2023-03-17 12:59:58,1
2023-03-17 13:03:13,1
2023-03-17 13:06:28,1
2023-03-17 13:09:43,1
2023-03-17 13:12:58,1
2023-03-17 13:16:13,1
2023-03-17 13:19:29,1
2023-03-17 13:22:44,1
2023-03-17 13:25:58,1
2023-03-17 13:29:14,1
2023-03-17 13:32:29,0
2023-03-17 13:35:44,0
2023-03-17 13:39:00,0
2023-03-17 13:42:15,1
2023-03-17 13:45:30,1
2023-03-17 13:48:46,1
2023-03-17 13:52:01,1
2023-03-17 13:55:16,1
2023-03-17 13:58:32,1
2023-03-17 14:01:48,1
2023-03-17 14:05:03,1
2023-03-17 14:08:18,1
2023-03-17 14:11:34,1
2023-03-17 14:14:49,1
2023-03-17 14:18:04,1
2023-03-17 14:21:19,1
2023-03-17 14:24:34,1
2023-03-17 14:27:49,1
2023-03-17 14:31:05,1
2023-03-17 14:34:20,1
2023-03-17 14:37:35,1
2023-03-17 14:40:51,1
2023-03-17 14:44:06,1
2023-03-17 14:47:21,1
2023-03-17 14:50:37,1
2023-03-17 14:53:51,1
2023-03-17 14:57:07,1
2023-03-17 15:00:22,1
2023-03-17 15:03:38,1
2023-03-17 15:06:54,1
2023-03-17 15:10:09,1
2023-03-17 15:13:24,1
2023-03-17 15:16:40,1
2023-03-17 15:19:55,1
2023-03-17 15:23:10,1
2023-03-17 15:26:25,1
2023-03-17 15:29:41,1
2023-03-17 15:32:56,1
2023-03-17 15:36:12,1
2023-03-17 15:39:27,1
2023-03-17 15:42:42,1
2023-03-17 15:45:58,1
2023-03-17 15:49:13,0
2023-03-17 15:52:28,0
2023-03-17 15:55:44,0
2023-03-17 15:59:00,1
2023-03-17 16:02:15,1
2023-03-17 16:05:31,1
2023-03-17 16:08:46,1
2023-03-17 16:12:01,0
2023-03-17 16:15:15,0
2023-03-17 16:18:31,0
2023-03-17 16:21:46,1
2023-03-17 16:25:01,1
2023-03-17 16:28:17,1
2023-03-17 16:31:33,0
2023-03-17 16:34:48,0
2023-03-17 16:38:03,0
2023-03-17 16:41:19,1
2023-03-17 16:44:34,1
2023-03-17 16:47:49,1
2023-03-17 16:51:05,1
2023-03-17 16:54:20,1
2023-03-17 16:57:35,1
2023-03-17 17:00:51,1
2023-03-17 17:04:06,1
2023-03-17 17:07:21,1
2023-03-17 17:10:37,1
2023-03-17 17:13:52,1
2023-03-17 17:17:07,1
2023-03-17 17:20:22,1
2023-03-17 17:23:37,1
2023-03-17 17:26:52,1
2023-03-17 17:30:07,1
2023-03-17 17:33:22,1
2023-03-17 17:36:37,1
2023-03-17 17:39:54,1
2023-03-17 17:43:09,1
2023-03-17 17:46:25,1
2023-03-17 17:49:40,1
2023-03-17 17:52:55,1
2023-03-17 17:56:11,1
2023-03-17 17:59:26,1
2023-03-17 18:02:42,1
2023-03-17 18:06:03,1
2023-03-17 18:09:18,1
2023-03-17 18:12:33,1
2023-03-17 18:15:48,1
2023-03-17 18:19:03,1
2023-03-17 18:22:19,1
2023-03-17 18:25:33,1
2023-03-17 18:28:48,1
2023-03-17 18:32:04,1
2023-03-17 18:35:19,1
2023-03-17 18:38:35,0
2023-03-17 18:41:49,0
2023-03-17 18:45:05,0
2023-03-17 18:48:19,0
2023-03-17 18:51:35,0
2023-03-17 18:54:50,0
2023-03-17 18:58:05,0
2023-03-17 19:01:20,0
2023-03-17 19:04:35,0
2023-03-17 19:07:51,0
2023-03-17 19:11:06,1
2023-03-17 19:14:22,1
2023-03-17 19:17:37,1
2023-03-17 19:20:52,1
2023-03-17 19:24:07,1
2023-03-17 19:27:23,1
2023-03-17 19:30:38,1
2023-03-17 19:33:53,1
2023-03-17 19:37:08,1
2023-03-17 19:40:24,1
2023-03-17 19:43:39,1
2023-03-17 19:46:54,1
2023-03-17 19:50:09,1
2023-03-17 19:53:24,1
2023-03-17 19:56:39,1
2023-03-17 19:59:54,1
2023-03-17 20:03:11,1
2023-03-17 20:06:26,1
2023-03-17 20:09:42,1
2023-03-17 20:12:57,1
2023-03-17 20:16:12,1
2023-03-17 20:19:28,1
2023-03-17 20:22:44,1
2023-03-17 20:25:59,1
2023-03-17 20:29:15,1
2023-03-17 20:32:30,1
2023-03-17 20:35:45,1
2023-03-17 20:39:01,1
2023-03-17 20:42:16,1
2023-03-17 20:45:31,1
2023-03-17 20:48:46,1
2023-03-17 20:52:02,1
2023-03-17 20:55:17,1
2023-03-17 20:58:32,1
2023-03-17 21:01:47,1
2023-03-17 21:05:02,1
2023-03-17 21:08:18,1
2023-03-17 21:11:34,1
2023-03-17 21:14:49,1
2023-03-17 21:18:04,1
2023-03-17 21:21:20,1
2023-03-17 21:24:35,1
2023-03-17 21:27:50,1
2023-03-17 21:31:07,1
2023-03-17 21:34:22,1
2023-03-17 21:37:37,1
2023-03-17 21:40:52,1
2023-03-17 21:44:07,1
2023-03-17 21:47:22,1
2023-03-17 21:50:38,1
2023-03-17 21:53:54,1
2023-03-17 21:57:09,1
2023-03-17 22:00:24,1
2023-03-17 22:03:39,1
2023-03-17 22:06:54,1
2023-03-17 22:10:09,1
2023-03-17 22:13:25,1
2023-03-17 22:16:40,1
2023-03-17 22:19:56,1
2023-03-17 22:23:11,1
2023-03-17 22:26:26,1
2023-03-17 22:29:42,1
2023-03-17 22:32:58,1
2023-03-17 22:36:13,1
2023-03-17 22:39:28,1
2023-03-17 22:42:43,1
2023-03-17 22:45:59,1
2023-03-17 22:49:14,1
2023-03-17 22:52:29,1
2023-03-17 22:55:44,1
2023-03-17 22:58:59,1
2023-03-17 23:02:15,1
2023-03-17 23:05:29,1
2023-03-17 23:08:44,1
2023-03-17 23:12:00,1
2023-03-17 23:15:15,1
2023-03-17 23:18:31,1
2023-03-17 23:21:46,1
2023-03-17 23:25:01,1
2023-03-17 23:28:16,1
2023-03-17 23:31:32,1
2023-03-17 23:34:47,1
2023-03-17 23:38:02,1
2023-03-17 23:41:17,1
2023-03-17 23:44:33,1
2023-03-17 23:47:48,1
2023-03-17 23:51:03,1
2023-03-17 23:54:18,1
2023-03-17 23:57:34,1
2023-03-18 00:00:49,1
2023-03-18 00:04:04,0
2023-03-18 00:07:19,0
2023-03-18 00:10:34,0
2023-03-18 00:13:49,0
2023-03-18 00:17:04,1
2023-03-18 00:20:19,1
2023-03-18 00:23:35,1
2023-03-18 00:26:50,1
2023-03-18 00:30:05,1
2023-03-18 00:33:20,1
2023-03-18 00:36:36,1
2023-03-18 00:39:51,1
2023-03-18 00:43:06,1
2023-03-18 00:46:22,1
2023-03-18 00:49:37,1
2023-03-18 00:52:52,1
2023-03-18 00:56:07,1
2023-03-18 00:59:22,1
2023-03-18 01:02:37,1
2023-03-18 01:05:52,1
2023-03-18 01:09:08,1
2023-03-18 01:12:23,1
2023-03-18 01:15:40,1
2023-03-18 01:18:55,1
2023-03-18 01:22:10,1
2023-03-18 01:25:26,1
2023-03-18 01:28:42,1
2023-03-18 01:31:57,1
2023-03-18 01:35:12,1
2023-03-18 01:38:28,1
2023-03-18 01:41:42,1
2023-03-18 01:44:58,1
2023-03-18 01:48:14,1
2023-03-18 01:51:29,1
2023-03-18 01:54:44,1
2023-03-18 01:57:59,1
2023-03-18 02:01:15,1
2023-03-18 02:04:30,1
2023-03-18 02:07:46,1
2023-03-18 02:11:03,1
2023-03-18 02:14:18,1
2023-03-18 02:17:33,1
2023-03-18 02:20:48,1
2023-03-18 02:24:03,1
2023-03-18 02:27:18,1
2023-03-18 02:30:33,1
2023-03-18 02:33:48,1
2023-03-18 02:37:03,1
2023-03-18 02:40:18,1
2023-03-18 02:43:33,1
2023-03-18 02:46:48,1
2023-03-18 02:50:04,1
2023-03-18 02:53:19,1
2023-03-18 02:56:34,1
2023-03-18 02:59:50,1
2023-03-18 03:03:05,1
2023-03-18 03:06:20,1
2023-03-18 03:09:35,1
2023-03-18 03:12:50,1
2023-03-18 03:16:05,1
2023-03-18 03:19:20,1
2023-03-18 03:22:36,1
2023-03-18 03:25:51,1
2023-03-18 03:29:06,1
2023-03-18 03:32:22,1
2023-03-18 03:35:36,1
2023-03-18 03:38:52,1
2023-03-18 03:42:07,1
2023-03-18 03:45:22,1
2023-03-18 03:48:37,1
2023-03-18 03:51:52,1
2023-03-18 03:55:08,1
2023-03-18 03:58:23,1
2023-03-18 04:01:38,1
2023-03-18 04:04:53,1
2023-03-18 04:08:09,1
2023-03-18 04:11:24,1
2023-03-18 04:14:39,1
2023-03-18 04:17:54,1
2023-03-18 04:21:10,1
2023-03-18 04:24:25,1
2023-03-18 04:27:40,1
2023-03-18 04:30:56,1
2023-03-18 04:34:11,1
2023-03-18 04:37:26,1
2023-03-18 04:40:41,1
2023-03-18 04:43:57,1
2023-03-18 04:47:12,1
2023-03-18 04:50:27,1
2023-03-18 04:53:43,1
2023-03-18 04:56:57,1
2023-03-18 05:00:13,1
2023-03-18 05:03:28,1
2023-03-18 05:06:44,1
2023-03-18 05:10:00,1
2023-03-18 05:13:15,1
2023-03-18 05:16:30,1
2023-03-18 05:19:45,1
2023-03-18 05:23:01,1
2023-03-18 05:26:16,1
2023-03-18 05:29:32,1
2023-03-18 05:32:47,1
2023-03-18 05:36:02,1
2023-03-18 05:39:18,1
2023-03-18 05:42:33,1
2023-03-18 05:45:48,1
2023-03-18 05:49:03,1
2023-03-18 05:52:18,1
2023-03-18 05:55:33,1
2023-03-18 05:58:49,1
2023-03-18 06:02:04,1
2023-03-18 06:05:19,1
2023-03-18 06:08:35,1
2023-03-18 06:11:50,1
2023-03-18 06:15:05,1
2023-03-18 06:18:21,1
2023-03-18 06:21:36,1
2023-03-18 06:24:52,1
2023-03-18 06:28:07,1
2023-03-18 06:31:22,1
2023-03-18 06:34:38,1
2023-03-18 06:37:53,1
2023-03-18 06:41:08,1
2023-03-18 06:44:23,1
2023-03-18 06:47:39,1
2023-03-18 06:50:54,1
2023-03-18 06:54:09,1
2023-03-18 06:57:24,1
2023-03-18 07:00:39,1
2023-03-18 07:03:55,1
2023-03-18 07:07:10,1
2023-03-18 07:10:25,1
2023-03-18 07:13:40,1
2023-03-18 07:16:55,1
2023-03-18 07:20:10,1
2023-03-18 07:23:26,1
2023-03-18 07:26:41,1
2023-03-18 07:29:56,1
2023-03-18 07:33:11,1
2023-03-18 07:36:30,1
2023-03-18 07:39:45,1
2023-03-18 07:43:00,1
2023-03-18 07:46:16,1
2023-03-18 07:49:31,1
2023-03-18 07:52:46,1
2023-03-18 07:56:01,1
2023-03-18 07:59:17,1
2023-03-18 08:02:32,1
2023-03-18 08:05:47,1
2023-03-18 08:09:02,1
2023-03-18 08:12:17,1
2023-03-18 08:15:32,1
2023-03-18 08:18:48,1
2023-03-18 08:22:03,1
2023-03-18 08:25:18,1
2023-03-18 08:28:38,1
2023-03-18 08:31:53,1
2023-03-18 08:35:08,1
2023-03-18 08:38:24,1
2023-03-18 08:41:39,1
2023-03-18 08:44:54,1
2023-03-18 08:48:09,1
2023-03-18 08:51:24,1
2023-03-18 08:54:40,1
2023-03-18 08:57:55,1
2023-03-18 09:01:10,1
2023-03-18 09:04:25,1
2023-03-18 09:07:40,1
2023-03-18 09:10:55,1
2023-03-18 09:14:10,1
2023-03-18 09:17:25,1
2023-03-18 09:20:41,1
2023-03-18 09:23:56,1
2023-03-18 09:27:11,1
2023-03-18 09:30:26,1
2023-03-18 09:33:41,1
2023-03-18 09:36:55,1
2023-03-18 09:40:10,1
2023-03-18 09:43:25,1
2023-03-18 09:46:41,1
2023-03-18 09:49:56,1
2023-03-18 09:53:10,1
2023-03-18 09:56:26,1
2023-03-18 09:59:41,1
2023-03-18 10:02:56,1
2023-03-18 10:06:11,1
2023-03-18 10:09:26,1
2023-03-18 10:12:42,1
2023-03-18 10:15:57,1
2023-03-18 10:19:12,1
2023-03-18 10:22:27,1
2023-03-18 10:25:42,1
2023-03-18 10:28:57,1
2023-03-18 10:32:13,1
2023-03-18 10:35:28,1
2023-03-18 10:38:43,1
2023-03-18 10:41:58,1
2023-03-18 10:45:13,1
2023-03-18 10:48:28,1
2023-03-18 10:51:43,1
2023-03-18 10:54:59,1
2023-03-18 10:58:14,1
2023-03-18 11:01:30,1
2023-03-18 11:04:45,1
2023-03-18 11:08:00,1
2023-03-18 11:11:15,1
2023-03-18 11:14:30,1
2023-03-18 11:17:45,1
2023-03-18 11:21:01,1
2023-03-18 11:24:15,1
2023-03-18 11:27:31,1
2023-03-18 11:30:46,1
2023-03-18 11:34:01,1
2023-03-18 11:37:17,1
2023-03-18 11:40:32,1
2023-03-18 11:43:47,1
2023-03-18 11:47:02,1
2023-03-18 11:50:17,1
2023-03-18 11:53:32,1
2023-03-18 11:56:47,1
2023-03-18 12:00:03,1
2023-03-18 12:03:18,1
2023-03-18 12:06:33,1
2023-03-18 12:09:48,1
2023-03-18 12:13:04,1
2023-03-18 12:16:19,1
2023-03-18 12:19:34,1
2023-03-18 12:22:49,1
2023-03-18 12:26:04,1
2023-03-18 12:29:20,1
2023-03-18 12:32:34,1
2023-03-18 12:35:49,1
2023-03-18 12:39:04,1
2023-03-18 12:42:19,1
2023-03-18 12:45:35,1
2023-03-18 12:48:50,1
2023-03-18 12:52:05,1
2023-03-18 12:55:21,1
2023-03-18 12:58:35,1
2023-03-18 13:01:50,1
2023-03-18 13:05:06,1
2023-03-18 13:08:22,1
2023-03-18 13:11:36,1
2023-03-18 13:14:52,1
2023-03-18 13:18:07,1
2023-03-18 13:21:22,1
2023-03-18 13:24:37,1
2023-03-18 13:27:52,1
2023-03-18 13:31:07,1
2023-03-18 13:34:22,1
2023-03-18 13:37:38,1
2023-03-18 13:40:53,1
2023-03-18 13:44:08,1
2023-03-18 13:47:23,1
2023-03-18 13:50:39,1
2023-03-18 13:53:54,1
2023-03-18 13:57:09,1
2023-03-18 14:00:24,1
2023-03-18 14:03:39,1
2023-03-18 14:06:54,1
2023-03-18 14:10:10,1
2023-03-18 14:13:25,1
2023-03-18 14:16:39,1
2023-03-18 14:19:55,1
2023-03-18 14:23:10,1
2023-03-18 14:26:26,1
2023-03-18 14:29:41,1
2023-03-18 14:32:57,1
2023-03-18 14:36:12,1
2023-03-18 14:39:28,1
2023-03-18 14:42:43,1
2023-03-18 14:45:59,1
2023-03-18 14:49:14,1
2023-03-18 14:52:29,1
2023-03-18 14:55:45,1
2023-03-18 14:59:00,1
2023-03-18 15:02:15,1
2023-03-18 15:05:31,1
2023-03-18 15:08:46,1
2023-03-18 15:12:02,1
2023-03-18 15:15:17,1
2023-03-18 15:18:32,1
2023-03-18 15:21:47,1
2023-03-18 15:25:03,1
2023-03-18 15:28:18,1
2023-03-18 15:31:34,1
2023-03-18 15:34:49,1
2023-03-18 15:38:05,1
2023-03-18 15:41:20,1
2023-03-18 15:44:35,1
2023-03-18 15:47:50,1
2023-03-18 15:51:05,1
2023-03-18 15:54:20,1
2023-03-18 15:57:35,1
2023-03-18 16:00:50,1
2023-03-18 16:04:05,1
2023-03-18 16:07:20,1
2023-03-18 16:10:35,1
2023-03-18 16:13:50,1
2023-03-18 16:17:05,1
2023-03-18 16:20:21,1
2023-03-18 16:23:36,1
2023-03-18 16:26:51,1
2023-03-18 16:30:07,1
2023-03-18 16:33:22,1
2023-03-18 16:36:37,1
2023-03-18 16:39:53,1
2023-03-18 16:43:08,1
2023-03-18 16:46:24,1
2023-03-18 16:49:39,1
2023-03-18 16:52:54,1
2023-03-18 16:56:10,1
2023-03-18 16:59:25,1
2023-03-18 17:02:40,1
2023-03-18 17:05:56,1
2023-03-18 17:09:10,1
2023-03-18 17:12:26,1
2023-03-18 17:15:40,1
2023-03-18 17:18:56,1
2023-03-18 17:22:11,1
2023-03-18 17:25:27,1
2023-03-18 17:28:41,1
2023-03-18 17:31:56,1
2023-03-18 17:35:12,1
2023-03-18 17:38:27,1
2023-03-18 17:41:42,1
2023-03-18 17:44:57,1
2023-03-18 17:48:13,1
2023-03-18 17:51:28,1
2023-03-18 17:54:44,1
2023-03-18 17:57:59,1
2023-03-18 18:01:14,1
2023-03-18 18:04:30,1
2023-03-18 18:07:45,1
2023-03-18 18:11:00,0
2023-03-18 18:14:15,0
2023-03-18 18:17:29,0
2023-03-18 18:20:44,0
2023-03-18 18:23:59,0
2023-03-18 18:27:14,0
2023-03-18 18:30:30,0
2023-03-18 18:33:45,0
2023-03-18 18:37:00,0
2023-03-18 18:40:15,1
2023-03-18 18:43:30,1
2023-03-18 18:46:46,1
2023-03-18 18:50:01,1
2023-03-18 18:53:16,1
2023-03-18 18:56:32,1
2023-03-18 18:59:47,1
2023-03-18 19:03:03,1
2023-03-18 19:06:18,1
2023-03-18 19:09:33,1
2023-03-18 19:12:48,1
2023-03-18 19:16:04,1
2023-03-18 19:19:19,1
2023-03-18 19:22:34,1
2023-03-18 19:25:49,1
2023-03-18 19:29:05,1
2023-03-18 19:32:20,1
2023-03-18 19:35:35,1
2023-03-18 19:38:50,1
2023-03-18 19:42:05,1
2023-03-18 19:45:21,1
2023-03-18 19:48:36,1
2023-03-18 19:51:51,1
2023-03-18 19:55:06,1
2023-03-18 19:58:21,1
2023-03-18 20:01:37,1
2023-03-18 20:04:52,1
2023-03-18 20:08:08,1
2023-03-18 20:11:23,1
2023-03-18 20:14:38,1
2023-03-18 20:17:54,1
2023-03-18 20:21:08,1
2023-03-18 20:24:23,1
2023-03-18 20:27:39,1
2023-03-18 20:30:54,1
2023-03-18 20:34:09,1
2023-03-18 20:37:25,1
2023-03-18 20:40:40,1
2023-03-18 20:43:55,1
2023-03-18 20:47:10,1
2023-03-18 20:50:26,1
2023-03-18 20:53:41,1
2023-03-18 20:56:56,1
2023-03-18 21:00:11,1
2023-03-18 21:03:26,1
2023-03-18 21:06:41,1
2023-03-18 21:09:57,1
2023-03-18 21:13:12,1
2023-03-18 21:16:27,1
2023-03-18 21:19:43,1
2023-03-18 21:22:58,1
2023-03-18 21:26:13,1
2023-03-18 21:29:28,1
2023-03-18 21:32:43,1
2023-03-18 21:35:59,1
2023-03-18 21:39:14,1
2023-03-18 21:42:29,1
2023-03-18 21:45:44,1
2023-03-18 21:48:59,1
2023-03-18 21:52:14,1
2023-03-18 21:55:30,1
2023-03-18 21:58:45,1
2023-03-18 22:02:01,1
2023-03-18 22:05:16,1
2023-03-18 22:08:31,1
2023-03-18 22:11:47,1
2023-03-18 22:15:02,1
2023-03-18 22:18:17,1
2023-03-18 22:21:32,1
2023-03-18 22:24:47,1
2023-03-18 22:28:03,1
2023-03-18 22:31:17,1
2023-03-18 22:34:33,1
2023-03-18 22:37:48,1
2023-03-18 22:41:03,1
2023-03-18 22:44:18,1
2023-03-18 22:47:33,1
2023-03-18 22:50:49,1
2023-03-18 22:54:04,1
2023-03-18 22:57:19,1
2023-03-18 23:00:34,1
2023-03-18 23:03:49,1
2023-03-18 23:07:04,1
2023-03-18 23:10:19,1
2023-03-18 23:13:34,1
2023-03-18 23:16:49,1
2023-03-18 23:20:05,1
2023-03-18 23:23:20,1
2023-03-18 23:26:35,1
2023-03-18 23:29:50,1
2023-03-18 23:33:06,1
2023-03-18 23:36:21,1
2023-03-18 23:39:36,1
2023-03-18 23:42:51,1
2023-03-18 23:46:06,1
2023-03-18 23:49:21,1
2023-03-18 23:52:36,1
2023-03-18 23:55:51,1
2023-03-18 23:59:07,1
2023-03-19 00:02:22,1
2023-03-19 00:05:37,1
2023-03-19 00:08:53,1
2023-03-19 00:12:08,1
2023-03-19 00:15:24,1
2023-03-19 00:18:39,1
2023-03-19 00:21:55,1
2023-03-19 00:25:10,1
2023-03-19 00:28:25,1
2023-03-19 00:31:40,1
2023-03-19 00:34:56,1
2023-03-19 00:38:11,1
2023-03-19 00:41:26,1
2023-03-19 00:44:41,1
2023-03-19 00:47:56,1
2023-03-19 00:51:11,1
2023-03-19 00:54:26,1
2023-03-19 00:57:42,1
2023-03-19 01:00:57,1
2023-03-19 01:04:12,1
2023-03-19 01:07:27,1
2023-03-19 01:10:42,1
2023-03-19 01:13:57,1
2023-03-19 01:17:12,1
2023-03-19 01:20:28,1
2023-03-19 01:23:43,1
2023-03-19 01:26:58,1
2023-03-19 01:30:22,1
2023-03-19 01:33:37,1
2023-03-19 01:36:53,1
2023-03-19 01:40:07,1
2023-03-19 01:43:22,1
2023-03-19 01:46:37,1
2023-03-19 01:49:52,1
2023-03-19 01:53:09,1
2023-03-19 01:56:24,1
2023-03-19 01:59:40,1
2023-03-19 02:02:56,1
2023-03-19 02:06:11,1
2023-03-19 02:09:26,1
2023-03-19 02:12:41,1
2023-03-19 02:16:05,1
2023-03-19 02:19:21,1
2023-03-19 02:22:36,1
2023-03-19 02:25:51,1
2023-03-19 02:29:06,1
2023-03-19 02:32:21,1
2023-03-19 02:35:37,1
2023-03-19 02:38:52,1
2023-03-19 02:42:08,1
2023-03-19 02:45:23,1
2023-03-19 02:48:38,1
2023-03-19 02:51:53,1
2023-03-19 02:55:11,1
2023-03-19 02:58:25,1
2023-03-19 03:01:41,1
2023-03-19 03:04:56,1
2023-03-19 03:08:11,1
2023-03-19 03:11:30,1
2023-03-19 03:14:45,1
2023-03-19 03:18:00,1
2023-03-19 03:21:15,1
2023-03-19 03:24:30,1
2023-03-19 03:27:45,1
2023-03-19 03:31:00,1
2023-03-19 03:34:16,1
2023-03-19 03:37:31,1
2023-03-19 03:40:46,1
2023-03-19 03:44:02,1
2023-03-19 03:47:17,1
2023-03-19 03:50:33,1
2023-03-19 03:53:48,1
2023-03-19 03:57:03,1
2023-03-19 04:00:18,1
2023-03-19 04:03:33,1
2023-03-19 04:06:48,1
2023-03-19 04:10:04,1
2023-03-19 04:13:19,1
2023-03-19 04:16:34,1
2023-03-19 04:19:50,1
2023-03-19 04:23:05,1
2023-03-19 04:26:20,1
2023-03-19 04:29:36,1
2023-03-19 04:32:51,1
2023-03-19 04:36:06,1
2023-03-19 04:39:21,1
2023-03-19 04:42:36,1
2023-03-19 04:45:54,1
2023-03-19 04:49:09,1
2023-03-19 04:52:24,1
2023-03-19 04:55:40,1
2023-03-19 04:58:56,1
2023-03-19 05:02:11,1
2023-03-19 05:05:26,1
2023-03-19 05:08:41,1
2023-03-19 05:11:57,1
2023-03-19 05:15:12,1
2023-03-19 05:18:27,1
2023-03-19 05:21:43,1
2023-03-19 05:24:58,1
2023-03-19 05:28:13,1
2023-03-19 05:31:28,1
2023-03-19 05:34:43,1
2023-03-19 05:37:58,1
2023-03-19 05:41:14,1
2023-03-19 05:44:29,1
2023-03-19 05:47:44,1
2023-03-19 05:50:59,1
2023-03-19 05:54:14,1
2023-03-19 05:57:30,1
2023-03-19 06:00:45,1
2023-03-19 06:04:00,1
2023-03-19 06:07:15,1
2023-03-19 06:10:30,1
2023-03-19 06:13:45,1
2023-03-19 06:17:00,1
2023-03-19 06:20:15,1
2023-03-19 06:23:30,1
2023-03-19 06:26:46,1
2023-03-19 06:30:01,1
2023-03-19 06:33:17,1
2023-03-19 06:36:32,1
2023-03-19 06:39:47,1
2023-03-19 06:43:02,1
2023-03-19 06:46:17,1
2023-03-19 06:49:32,1
2023-03-19 06:52:47,1
2023-03-19 06:56:03,1
2023-03-19 06:59:18,1
2023-03-19 07:02:33,1
2023-03-19 07:05:48,1
2023-03-19 07:09:02,1
2023-03-19 07:12:18,1
2023-03-19 07:15:33,1
2023-03-19 07:18:48,1
2023-03-19 07:22:04,1
2023-03-19 07:25:19,1
2023-03-19 07:28:35,1
2023-03-19 07:31:50,1
2023-03-19 07:35:04,1
2023-03-19 07:38:19,1
2023-03-19 07:41:34,1
2023-03-19 07:44:49,1
2023-03-19 07:48:04,1
2023-03-19 07:51:19,1
2023-03-19 07:54:34,1
2023-03-19 07:57:49,1
2023-03-19 08:01:05,1
2023-03-19 08:04:20,1
2023-03-19 08:07:35,1
2023-03-19 08:10:50,1
2023-03-19 08:14:06,1
2023-03-19 08:17:22,1
2023-03-19 08:20:37,1
2023-03-19 08:23:52,1
2023-03-19 08:27:06,1
2023-03-19 08:30:22,1
2023-03-19 08:33:37,1
2023-03-19 08:36:52,1
2023-03-19 08:40:07,1
2023-03-19 08:43:23,1
2023-03-19 08:46:38,1
2023-03-19 08:49:54,1
2023-03-19 08:53:18,1
2023-03-19 08:56:33,1
2023-03-19 08:59:48,1
2023-03-19 09:03:03,1
2023-03-19 09:06:19,1
2023-03-19 09:09:34,1
2023-03-19 09:12:49,1
2023-03-19 09:16:05,1
2023-03-19 09:19:20,1
2023-03-19 09:22:35,1
2023-03-19 09:25:50,1
2023-03-19 09:29:05,1
2023-03-19 09:32:21,1
2023-03-19 09:35:36,1
2023-03-19 09:38:51,1
2023-03-19 09:42:07,1
2023-03-19 09:45:21,1
2023-03-19 09:48:36,1
2023-03-19 09:51:51,1
2023-03-19 09:55:06,1
2023-03-19 09:58:22,1
2023-03-19 10:01:37,1
2023-03-19 10:04:52,1
2023-03-19 10:08:08,1
2023-03-19 10:11:23,1
2023-03-19 10:14:38,1
2023-03-19 10:17:53,1
2023-03-19 10:21:08,1
2023-03-19 10:24:23,1
2023-03-19 10:27:39,1
2023-03-19 10:30:54,1
2023-03-19 10:34:09,1
2023-03-19 10:37:24,1
2023-03-19 10:40:39,1
2023-03-19 10:43:54,1
2023-03-19 10:47:09,1
2023-03-19 10:50:24,1
2023-03-19 10:53:39,1
2023-03-19 10:56:55,1
2023-03-19 11:00:10,1
2023-03-19 11:03:25,1
2023-03-19 11:06:40,1
2023-03-19 11:09:55,1
2023-03-19 11:13:10,1
2023-03-19 11:16:25,1
2023-03-19 11:19:41,1
2023-03-19 11:22:56,1
2023-03-19 11:26:11,1
2023-03-19 11:29:26,1
2023-03-19 11:32:41,1
2023-03-19 11:35:57,1
2023-03-19 11:39:12,1
2023-03-19 11:42:27,1
2023-03-19 11:45:43,1
2023-03-19 11:48:58,1
2023-03-19 11:52:13,1
2023-03-19 11:55:28,1
2023-03-19 11:58:43,1
2023-03-19 12:01:58,1
2023-03-19 12:05:13,1
2023-03-19 12:08:28,1
2023-03-19 12:11:44,1
2023-03-19 12:14:59,1
2023-03-19 12:18:14,1
2023-03-19 12:21:29,1
2023-03-19 12:24:44,1
2023-03-19 12:28:00,1
2023-03-19 12:31:15,1
2023-03-19 12:34:30,1
2023-03-19 12:37:45,1
2023-03-19 12:41:01,1
2023-03-19 12:44:16,1
2023-03-19 12:47:31,1
2023-03-19 12:50:46,1
2023-03-19 12:54:01,1
2023-03-19 12:57:16,1
2023-03-19 13:00:31,1
2023-03-19 13:03:46,1
2023-03-19 13:07:01,1
2023-03-19 13:10:16,1
2023-03-19 13:13:32,1
2023-03-19 13:16:47,1
2023-03-19 13:20:02,1
2023-03-19 13:23:17,1
2023-03-19 13:26:32,1
2023-03-19 13:29:47,1
2023-03-19 13:33:02,1
2023-03-19 13:36:17,1
2023-03-19 13:39:33,1
2023-03-19 13:42:48,1
2023-03-19 13:46:03,1
2023-03-19 13:49:18,1
2023-03-19 13:52:33,1
2023-03-19 13:55:48,1
2023-03-19 13:59:03,1
2023-03-19 14:02:18,1
2023-03-19 14:05:34,1
2023-03-19 14:08:50,1
2023-03-19 14:12:05,1
2023-03-19 14:15:21,1
2023-03-19 14:18:36,1
2023-03-19 14:21:51,1
2023-03-19 14:25:06,1
2023-03-19 14:28:22,1
2023-03-19 14:31:37,1
2023-03-19 14:34:53,1
2023-03-19 14:38:08,1
2023-03-19 14:41:23,1
2023-03-19 14:44:39,1
2023-03-19 14:47:54,1
2023-03-19 14:51:10,1
2023-03-19 14:54:25,1
2023-03-19 14:57:40,1
2023-03-19 15:00:56,1
2023-03-19 15:04:11,1
2023-03-19 15:07:26,1
2023-03-19 15:10:42,1
2023-03-19 15:13:57,1
2023-03-19 15:17:13,1
2023-03-19 15:20:28,1
2023-03-19 15:23:43,1
2023-03-19 15:26:58,1
2023-03-19 15:30:14,1
2023-03-19 15:33:29,1
2023-03-19 15:36:44,1
2023-03-19 15:39:59,1
2023-03-19 15:43:14,1
2023-03-19 15:46:29,1
2023-03-19 15:49:44,1
2023-03-19 15:52:59,1
2023-03-19 15:56:14,1
2023-03-19 15:59:29,1
2023-03-19 16:02:45,1
2023-03-19 16:06:00,1
2023-03-19 16:09:15,1
2023-03-19 16:12:31,1
2023-03-19 16:15:46,1
2023-03-19 16:19:02,1
2023-03-19 16:22:17,1
2023-03-19 16:25:32,1
2023-03-19 16:28:47,1
2023-03-19 16:32:03,1
2023-03-19 16:35:18,1
2023-03-19 16:38:33,1
2023-03-19 16:41:50,1
2023-03-19 16:45:05,1
2023-03-19 16:48:20,1
2023-03-19 16:51:36,1
2023-03-19 16:54:51,1
2023-03-19 16:58:06,1
2023-03-19 17:01:22,1
2023-03-19 17:04:37,1
2023-03-19 17:07:52,1
2023-03-19 17:11:07,1
2023-03-19 17:14:22,1
2023-03-19 17:17:38,1
2023-03-19 17:20:53,1
2023-03-19 17:24:08,1
2023-03-19 17:27:23,1
2023-03-19 17:30:39,1
2023-03-19 17:33:54,1
2023-03-19 17:37:10,1
2023-03-19 17:40:25,1
2023-03-19 17:43:40,1
2023-03-19 17:46:55,1
2023-03-19 17:50:10,1
2023-03-19 17:53:26,1
2023-03-19 17:56:41,1
2023-03-19 17:59:57,1
2023-03-19 18:03:12,1
2023-03-19 18:06:27,1
2023-03-19 18:09:43,1
2023-03-19 18:12:58,1
2023-03-19 18:16:14,1
2023-03-19 18:19:29,1
2023-03-19 18:22:44,0
2023-03-19 18:26:00,0
2023-03-19 18:29:15,0
2023-03-19 18:32:30,0
2023-03-19 18:35:45,1
2023-03-19 18:39:00,1
2023-03-19 18:42:16,1
2023-03-19 18:45:31,1
2023-03-19 18:48:46,1
2023-03-19 18:52:01,1
2023-03-19 18:55:16,1
2023-03-19 18:58:31,1
2023-03-19 19:01:46,1
2023-03-19 19:05:01,1
2023-03-19 19:08:16,1
2023-03-19 19:11:31,1
2023-03-19 19:14:47,1
2023-03-19 19:18:02,1
2023-03-19 19:21:17,1
2023-03-19 19:24:32,1
2023-03-19 19:27:48,1
2023-03-19 19:31:03,1
2023-03-19 19:34:19,1
2023-03-19 19:37:34,1
2023-03-19 19:40:50,1
2023-03-19 19:44:05,1
2023-03-19 19:47:21,1
2023-03-19 19:50:35,1
2023-03-19 19:53:50,1
2023-03-19 19:57:05,1
2023-03-19 20:00:20,1
2023-03-19 20:03:36,1
2023-03-19 20:06:50,1
2023-03-19 20:10:06,1
2023-03-19 20:13:21,1
2023-03-19 20:16:36,1
2023-03-19 20:19:52,1
2023-03-19 20:23:07,1
2023-03-19 20:26:22,1
2023-03-19 20:29:37,1
2023-03-19 20:32:52,1
2023-03-19 20:36:07,1
2023-03-19 20:39:22,1
2023-03-19 20:42:37,1
2023-03-19 20:45:53,1
2023-03-19 20:49:08,1
2023-03-19 20:52:24,1
2023-03-19 20:55:39,1
2023-03-19 20:58:54,1
2023-03-19 21:02:10,1
2023-03-19 21:05:25,1
2023-03-19 21:08:40,1
2023-03-19 21:11:56,1
2023-03-19 21:15:11,1
2023-03-19 21:18:27,1
2023-03-19 21:21:42,1
2023-03-19 21:24:58,1
2023-03-19 21:28:12,1
2023-03-19 21:31:27,1
2023-03-19 21:34:42,1
2023-03-19 21:37:58,1
2023-03-19 21:41:13,1
2023-03-19 21:44:28,1
2023-03-19 21:47:43,1
2023-03-19 21:50:58,1
2023-03-19 21:54:13,1
2023-03-19 21:57:28,1
2023-03-19 22:00:44,1
2023-03-19 22:03:59,1
2023-03-19 22:07:14,1
2023-03-19 22:10:29,1
2023-03-19 22:13:45,1
2023-03-19 22:17:00,1
2023-03-19 22:20:15,1
2023-03-19 22:23:30,1
2023-03-19 22:26:45,1
2023-03-19 22:30:00,1
2023-03-19 22:33:16,1
2023-03-19 22:36:31,1
2023-03-19 22:39:46,1
2023-03-19 22:43:01,1
2023-03-19 22:46:17,1
2023-03-19 22:49:32,1
2023-03-19 22:52:48,1
2023-03-19 22:56:03,1
2023-03-19 22:59:19,1
2023-03-19 23:02:34,1
2023-03-19 23:05:49,1
2023-03-19 23:09:05,1
2023-03-19 23:12:20,1
2023-03-19 23:15:35,1
2023-03-19 23:18:50,1
2023-03-19 23:22:05,1
2023-03-19 23:25:20,1
2023-03-19 23:28:35,1
2023-03-19 23:31:51,1
2023-03-19 23:35:06,1
2023-03-19 23:38:21,1
2023-03-19 23:41:36,1
2023-03-19 23:44:52,1
2023-03-19 23:48:07,1
2023-03-19 23:51:22,1
2023-03-19 23:54:37,1
2023-03-19 23:57:52,1
2023-03-20 00:01:07,1
2023-03-20 00:04:23,1
2023-03-20 00:07:38,1
2023-03-20 00:10:54,1
2023-03-20 00:14:09,1
2023-03-20 00:17:24,1
2023-03-20 00:20:39,1
2023-03-20 00:23:55,1
2023-03-20 00:27:10,1
2023-03-20 00:30:25,1
2023-03-20 00:33:39,1
2023-03-20 00:36:55,1
2023-03-20 00:40:10,1
2023-03-20 00:43:26,1
2023-03-20 00:46:41,1
2023-03-20 00:49:57,1
2023-03-20 00:53:13,1
2023-03-20 00:56:28,1
2023-03-20 00:59:43,1
2023-03-20 01:02:58,1
2023-03-20 01:06:13,1
2023-03-20 01:09:29,1
2023-03-20 01:12:44,1
2023-03-20 01:15:59,1
2023-03-20 01:19:14,1
2023-03-20 01:22:29,1
2023-03-20 01:25:44,1
2023-03-20 01:29:00,1
2023-03-20 01:32:14,1
2023-03-20 01:35:29,1
2023-03-20 01:38:44,1
2023-03-20 01:42:00,1
2023-03-20 01:45:15,1
2023-03-20 01:48:30,1
2023-03-20 01:51:46,1
2023-03-20 01:55:01,1
2023-03-20 01:58:16,1
2023-03-20 02:01:31,1
2023-03-20 02:04:47,1
2023-03-20 02:08:01,1
2023-03-20 02:11:16,1
2023-03-20 02:14:32,1
2023-03-20 02:17:47,1
2023-03-20 02:21:02,1
2023-03-20 02:24:18,1
2023-03-20 02:27:33,1
2023-03-20 02:30:48,1
2023-03-20 02:34:03,1
2023-03-20 02:37:18,1
2023-03-20 02:40:34,1
2023-03-20 02:43:49,1
2023-03-20 02:47:04,1
2023-03-20 02:50:20,1
2023-03-20 02:53:45,1
2023-03-20 02:57:00,1
2023-03-20 03:00:15,1
2023-03-20 03:03:31,1
2023-03-20 03:06:46,1
2023-03-20 03:10:01,1
2023-03-20 03:13:17,1
2023-03-20 03:16:32,1
2023-03-20 03:19:48,1
2023-03-20 03:23:03,1
2023-03-20 03:26:18,1
2023-03-20 03:29:33,1
2023-03-20 03:32:48,1
2023-03-20 03:36:03,1
2023-03-20 03:39:27,1
2023-03-20 03:42:42,1
2023-03-20 03:45:56,1
2023-03-20 03:49:12,1
2023-03-20 03:52:27,1
2023-03-20 03:55:42,1
2023-03-20 03:58:57,1
2023-03-20 04:02:12,1
2023-03-20 04:05:27,1
2023-03-20 04:08:43,1
2023-03-20 04:11:57,1
2023-03-20 04:15:12,1
2023-03-20 04:18:27,1
2023-03-20 04:21:42,1
2023-03-20 04:24:57,1
2023-03-20 04:28:12,1
2023-03-20 04:31:27,1
2023-03-20 04:34:42,1
2023-03-20 04:37:57,1
2023-03-20 04:41:13,1
2023-03-20 04:44:28,1
2023-03-20 04:47:43,1
2023-03-20 04:50:58,1
2023-03-20 04:54:13,1
2023-03-20 04:57:28,1
2023-03-20 05:00:44,1
2023-03-20 05:03:59,1
2023-03-20 05:07:15,1
2023-03-20 05:10:30,1
2023-03-20 05:13:46,1
2023-03-20 05:17:01,1
2023-03-20 05:20:16,1
2023-03-20 05:23:31,1
2023-03-20 05:26:46,1
2023-03-20 05:30:01,1
2023-03-20 05:33:16,1
2023-03-20 05:36:31,1
2023-03-20 05:39:47,1
2023-03-20 05:43:10,1
2023-03-20 05:46:25,1
2023-03-20 05:49:40,1
2023-03-20 05:52:55,1
2023-03-20 05:56:10,1
2023-03-20 05:59:25,1
2023-03-20 06:02:40,1
2023-03-20 06:05:55,1
2023-03-20 06:09:10,1
2023-03-20 06:12:26,1
2023-03-20 06:15:41,1
2023-03-20 06:19:05,1
2023-03-20 06:22:20,1
2023-03-20 06:25:35,1
2023-03-20 06:28:51,1
2023-03-20 06:32:05,1
2023-03-20 06:35:20,1
2023-03-20 06:38:36,1
2023-03-20 06:41:51,1
2023-03-20 06:45:07,1
2023-03-20 06:48:22,1
2023-03-20 06:51:37,1
2023-03-20 06:54:52,1
2023-03-20 06:58:07,1
2023-03-20 07:01:22,1
2023-03-20 07:04:37,1
2023-03-20 07:07:53,1
2023-03-20 07:11:08,1
2023-03-20 07:14:23,1
2023-03-20 07:17:38,1
2023-03-20 07:20:53,1
2023-03-20 07:24:09,1
2023-03-20 07:27:24,1
2023-03-20 07:30:48,1
2023-03-20 07:34:03,1
2023-03-20 07:37:18,1
2023-03-20 07:40:34,1
2023-03-20 07:43:50,1
2023-03-20 07:47:05,1
2023-03-20 07:50:21,1
2023-03-20 07:53:37,1
2023-03-20 07:56:53,1
2023-03-20 08:00:08,1
2023-03-20 08:03:23,1
2023-03-20 08:06:39,1
2023-03-20 08:09:55,1
2023-03-20 08:13:10,1
2023-03-20 08:16:26,1
2023-03-20 08:19:42,1
2023-03-20 08:22:57,1
2023-03-20 08:26:12,1
2023-03-20 08:29:27,1
2023-03-20 08:32:43,1
2023-03-20 08:35:58,1
2023-03-20 08:39:13,1
2023-03-20 08:42:28,1
2023-03-20 08:45:44,1
2023-03-20 08:48:59,1
2023-03-20 08:52:14,1
2023-03-20 08:55:30,1
2023-03-20 08:58:45,1
2023-03-20 09:02:00,1
2023-03-20 09:05:15,1
2023-03-20 09:08:31,1
2023-03-20 09:11:46,1
2023-03-20 09:15:02,1
2023-03-20 09:18:17,1
2023-03-20 09:21:32,1
2023-03-20 09:24:48,1
2023-03-20 09:28:03,1
2023-03-20 09:31:18,1
2023-03-20 09:34:34,1
2023-03-20 09:37:49,1
2023-03-20 09:41:04,1
2023-03-20 09:44:20,1
2023-03-20 09:47:35,1
2023-03-20 09:50:51,1
2023-03-20 09:54:06,1
2023-03-20 09:57:21,1
2023-03-20 10:00:36,1
2023-03-20 10:03:52,1
2023-03-20 10:07:07,1
2023-03-20 10:10:22,0
2023-03-20 10:13:37,0
2023-03-20 10:16:52,0
2023-03-20 10:20:08,0
2023-03-20 10:23:23,1
2023-03-20 10:26:39,1
2023-03-20 10:29:54,1
2023-03-20 10:33:09,1
2023-03-20 10:36:24,1
2023-03-20 10:39:39,1
2023-03-20 10:42:54,0
2023-03-20 10:46:09,0
2023-03-20 10:49:25,0
2023-03-20 10:52:40,1
2023-03-20 10:55:56,1
2023-03-20 10:59:11,1
2023-03-20 11:02:26,1
2023-03-20 11:05:42,1
2023-03-20 11:08:57,1
2023-03-20 11:12:12,1
2023-03-20 11:15:26,1
2023-03-20 11:18:42,1
2023-03-20 11:21:57,1
2023-03-20 11:25:14,0
2023-03-20 11:28:29,0
2023-03-20 11:31:44,0
2023-03-20 11:34:59,1
2023-03-20 11:38:14,1
2023-03-20 11:41:30,1
2023-03-20 11:44:45,1
2023-03-20 11:48:01,1
2023-03-20 11:51:16,1
2023-03-20 11:54:31,1
2023-03-20 11:57:46,1
2023-03-20 12:01:01,1
2023-03-20 12:04:17,1
2023-03-20 12:07:32,0
2023-03-20 12:10:47,0
2023-03-20 12:14:03,0
2023-03-20 12:17:19,1
2023-03-20 12:20:34,1
2023-03-20 12:23:49,1
2023-03-20 12:27:04,1
2023-03-20 12:30:20,0
2023-03-20 12:33:35,0
2023-03-20 12:36:51,0
2023-03-20 12:40:06,0
2023-03-20 12:43:20,0
2023-03-20 12:46:36,0
2023-03-20 12:49:51,0
2023-03-20 12:53:06,0
2023-03-20 12:56:21,0
2023-03-20 12:59:37,0
2023-03-20 13:02:53,0
2023-03-20 13:06:08,0
2023-03-20 13:09:24,0
2023-03-20 13:12:39,0
2023-03-20 13:15:54,0
2023-03-20 13:19:10,0
2023-03-20 13:22:25,0
2023-03-20 13:25:41,0
2023-03-20 13:28:56,0
2023-03-20 13:32:12,0
2023-03-20 13:35:27,0
2023-03-20 13:38:42,0
2023-03-20 13:41:58,0
2023-03-20 13:45:14,0
2023-03-20 13:48:30,0
2023-03-20 13:51:45,0
2023-03-20 13:55:01,0
2023-03-20 13:58:16,0
2023-03-20 14:01:32,0
2023-03-20 14:04:48,0
2023-03-20 14:08:04,0
2023-03-20 14:11:19,0
2023-03-20 14:14:34,0
2023-03-20 14:17:50,0
2023-03-20 14:21:06,0
2023-03-20 14:24:21,0
2023-03-20 14:27:36,0
2023-03-20 14:30:52,0
2023-03-20 14:34:07,0
2023-03-20 14:37:22,0
2023-03-20 14:40:37,0
2023-03-20 14:43:53,0
2023-03-20 14:47:08,0
2023-03-20 14:50:24,0
2023-03-20 14:53:39,0
2023-03-20 14:56:54,0
2023-03-20 15:00:09,0
2023-03-20 15:03:25,0
2023-03-20 15:06:40,0
2023-03-20 15:09:56,0
2023-03-20 15:13:11,0
2023-03-20 15:16:26,0
2023-03-20 15:19:42,0
2023-03-20 15:22:57,0
2023-03-20 15:26:12,0
2023-03-20 15:29:27,0
2023-03-20 15:32:42,0
2023-03-20 15:35:57,0
2023-03-20 15:39:12,0
2023-03-20 15:42:28,0
2023-03-20 15:45:43,0
2023-03-20 15:48:58,0
2023-03-20 15:52:14,0
2023-03-20 15:55:29,0
2023-03-20 15:58:44,1
2023-03-20 16:01:59,1
2023-03-20 16:05:15,1
2023-03-20 16:08:29,0
2023-03-20 16:11:45,0
2023-03-20 16:15:00,0
2023-03-20 16:18:15,0
2023-03-20 16:21:30,0
2023-03-20 16:24:46,0
2023-03-20 16:28:02,0
2023-03-20 16:31:17,0
2023-03-20 16:34:32,0
2023-03-20 16:37:48,0
2023-03-20 16:41:03,0
2023-03-20 16:44:18,0
2023-03-20 16:47:34,0
2023-03-20 16:50:49,0
2023-03-20 16:54:04,0
2023-03-20 16:57:19,0
2023-03-20 17:00:35,0
2023-03-20 17:03:50,0
2023-03-20 17:07:05,0
2023-03-20 17:10:20,0
2023-03-20 17:13:35,0
2023-03-20 17:16:52,0
2023-03-20 17:20:07,0
2023-03-20 17:23:22,0
2023-03-20 17:26:38,0
2023-03-20 17:29:53,0
2023-03-20 17:33:09,0
2023-03-20 17:36:24,0
2023-03-20 17:39:40,0
2023-03-20 17:42:55,0
2023-03-20 17:46:10,0
2023-03-20 17:49:26,0
2023-03-20 17:52:41,0
2023-03-20 17:55:56,0
2023-03-20 17:59:11,0
2023-03-20 18:02:26,0
2023-03-20 18:05:41,0
2023-03-20 18:08:56,0
2023-03-20 18:12:12,0
2023-03-20 18:15:27,0
2023-03-20 18:18:42,0
2023-03-20 18:21:58,0
2023-03-20 18:25:13,1
2023-03-20 18:28:28,1
2023-03-20 18:31:43,1
2023-03-20 18:34:59,1
2023-03-20 18:38:14,0
2023-03-20 18:41:29,0
2023-03-20 18:44:44,0
2023-03-20 18:47:59,1
2023-03-20 18:51:14,1
2023-03-20 18:54:29,1
2023-03-20 18:57:45,0
2023-03-20 19:01:00,0
2023-03-20 19:04:15,0
2023-03-20 19:07:30,0
2023-03-20 19:10:46,0
2023-03-20 19:14:01,0
2023-03-20 19:17:16,0
2023-03-20 19:20:32,0
2023-03-20 19:23:47,0
2023-03-20 19:27:02,0
2023-03-20 19:30:18,0
2023-03-20 19:33:32,0
2023-03-20 19:36:48,0
2023-03-20 19:40:04,0
2023-03-20 19:43:19,0
2023-03-20 19:46:34,0
2023-03-20 19:49:50,0
2023-03-20 19:53:05,0
2023-03-20 19:56:20,0
2023-03-20 19:59:36,0
2023-03-20 20:02:51,0
2023-03-20 20:06:06,0
2023-03-20 20:09:22,0
2023-03-20 20:12:36,0
2023-03-20 20:15:52,0
2023-03-20 20:19:07,0
2023-03-20 20:22:22,0
2023-03-20 20:25:37,0
2023-03-20 20:28:52,0
2023-03-20 20:32:08,0
2023-03-20 20:35:23,0
2023-03-20 20:38:38,0
2023-03-20 20:41:54,0
2023-03-20 20:45:09,0
2023-03-20 20:48:24,0
2023-03-20 20:51:39,0
2023-03-20 20:54:54,0
2023-03-20 20:58:10,0
2023-03-20 21:01:26,0
2023-03-20 21:04:41,0
2023-03-20 21:07:57,0
2023-03-20 21:11:13,0
2023-03-20 21:14:28,0
2023-03-20 21:17:43,0
2023-03-20 21:20:59,0
2023-03-20 21:24:14,0
2023-03-20 21:27:29,0
2023-03-20 21:30:44,0
2023-03-20 21:34:00,0
2023-03-20 21:37:15,0
2023-03-20 21:40:30,0
2023-03-20 21:43:45,0
2023-03-20 21:47:00,0
2023-03-20 21:50:15,0
2023-03-20 21:53:31,0
2023-03-20 21:56:46,0
2023-03-20 22:00:01,0
2023-03-20 22:03:17,0
2023-03-20 22:06:33,1
2023-03-20 22:09:49,1
2023-03-20 22:13:04,1
2023-03-20 22:16:19,1
2023-03-20 22:19:34,1
2023-03-20 22:22:50,1
2023-03-20 22:26:05,1
2023-03-20 22:29:20,1
2023-03-20 22:32:35,1
2023-03-20 22:35:51,1
2023-03-20 22:39:06,1
2023-03-20 22:42:21,1
2023-03-20 22:45:36,1
2023-03-20 22:48:52,1
2023-03-20 22:52:07,1
2023-03-20 22:55:22,1
2023-03-20 22:58:38,1
2023-03-20 23:01:52,1
2023-03-20 23:05:08,1
2023-03-20 23:08:23,1
2023-03-20 23:11:39,1
2023-03-20 23:14:54,1
2023-03-20 23:18:09,1
2023-03-20 23:21:25,1
2023-03-20 23:24:40,1
2023-03-20 23:27:56,1
2023-03-20 23:31:10,1
2023-03-20 23:34:26,1
2023-03-20 23:37:41,1
2023-03-20 23:40:57,1
2023-03-20 23:44:12,1
2023-03-20 23:47:27,1
2023-03-20 23:50:43,1
2023-03-20 23:53:58,1
2023-03-20 23:57:14,1
2023-03-21 00:00:29,1
2023-03-21 00:03:45,1
2023-03-21 00:07:00,1
2023-03-21 00:10:16,1
2023-03-21 00:13:32,1
2023-03-21 00:16:47,1
2023-03-21 00:20:03,1
2023-03-21 00:23:18,1
2023-03-21 00:26:33,1
2023-03-21 00:29:50,1
2023-03-21 00:33:04,1
2023-03-21 00:36:20,1
2023-03-21 00:39:35,1
2023-03-21 00:42:50,1
2023-03-21 00:46:06,1
2023-03-21 00:49:21,1
2023-03-21 00:52:37,1
2023-03-21 00:55:52,1
2023-03-21 00:59:07,1
2023-03-21 01:02:23,1
2023-03-21 01:05:39,1
2023-03-21 01:08:54,1
2023-03-21 01:12:15,1
2023-03-21 01:15:32,1
2023-03-21 01:18:47,1
2023-03-21 01:22:03,1
2023-03-21 01:25:18,1
2023-03-21 01:28:33,1
2023-03-21 01:31:49,1
2023-03-21 01:35:04,1
2023-03-21 01:38:20,1
2023-03-21 01:41:35,1
2023-03-21 01:44:50,1
2023-03-21 01:48:05,1
2023-03-21 01:51:20,1
2023-03-21 01:54:36,1
2023-03-21 01:57:51,1
2023-03-21 02:01:15,1
2023-03-21 02:04:30,1
2023-03-21 02:07:45,1
2023-03-21 02:11:01,1
2023-03-21 02:14:19,1
2023-03-21 02:17:35,1
2023-03-21 02:20:50,1
2023-03-21 02:24:05,1
2023-03-21 02:27:21,1
2023-03-21 02:30:37,1
2023-03-21 02:33:52,1
2023-03-21 02:37:08,1
2023-03-21 02:40:24,1
2023-03-21 02:43:39,1
2023-03-21 02:46:55,1
2023-03-21 02:50:11,1
2023-03-21 02:53:26,1
2023-03-21 02:56:41,1
2023-03-21 02:59:57,1
2023-03-21 03:03:13,1
2023-03-21 03:06:28,1
2023-03-21 03:09:44,1
2023-03-21 03:12:59,1
2023-03-21 03:16:15,1
2023-03-21 03:19:30,1
2023-03-21 03:22:45,1
2023-03-21 03:26:01,1
2023-03-21 03:29:16,1
2023-03-21 03:32:34,1
2023-03-21 03:35:49,1
2023-03-21 03:39:04,1
2023-03-21 03:42:20,1
2023-03-21 03:45:35,1
2023-03-21 03:48:50,1
2023-03-21 03:52:06,1
2023-03-21 03:55:21,1
2023-03-21 03:58:36,1
2023-03-21 04:01:52,1
2023-03-21 04:05:08,1
2023-03-21 04:08:23,1
2023-03-21 04:11:38,1
2023-03-21 04:14:54,1
2023-03-21 04:18:09,1
2023-03-21 04:21:24,1
2023-03-21 04:24:40,1
2023-03-21 04:27:55,1
2023-03-21 04:31:11,1
2023-03-21 04:34:26,1
2023-03-21 04:37:41,1
2023-03-21 04:40:56,1
2023-03-21 04:44:12,1
2023-03-21 04:47:27,1
2023-03-21 04:50:43,1
2023-03-21 04:53:59,1
2023-03-21 04:57:14,1
2023-03-21 05:00:30,1
2023-03-21 05:03:45,1
2023-03-21 05:07:00,1
2023-03-21 05:10:16,1
2023-03-21 05:13:31,1
2023-03-21 05:16:46,1
2023-03-21 05:20:01,1
2023-03-21 05:23:17,1
2023-03-21 05:26:32,1
2023-03-21 05:29:48,1
2023-03-21 05:33:03,1
2023-03-21 05:36:18,1
2023-03-21 05:39:34,1
2023-03-21 05:42:49,1
2023-03-21 05:46:05,1
2023-03-21 05:49:20,1
2023-03-21 05:52:35,1
2023-03-21 05:55:50,1
2023-03-21 05:59:06,1
2023-03-21 06:02:21,1
2023-03-21 06:05:37,1
2023-03-21 06:08:52,1
2023-03-21 06:12:08,0
2023-03-21 06:15:23,0
2023-03-21 06:18:38,0
2023-03-21 06:21:54,0
2023-03-21 06:25:09,0
2023-03-21 06:28:24,0
2023-03-21 06:31:40,1
2023-03-21 06:34:55,1
2023-03-21 06:38:11,1
2023-03-21 06:41:26,1
2023-03-21 06:44:41,0
2023-03-21 06:47:56,0
2023-03-21 06:51:11,0
2023-03-21 06:54:26,1
2023-03-21 06:57:41,1
2023-03-21 07:00:57,1
2023-03-21 07:04:12,0
2023-03-21 07:07:28,0
2023-03-21 07:10:44,0
2023-03-21 07:13:59,0
2023-03-21 07:17:14,0
2023-03-21 07:20:30,0
2023-03-21 07:23:45,0
2023-03-21 07:27:01,0
2023-03-21 07:30:17,0
2023-03-21 07:33:32,0
2023-03-21 07:36:47,0
2023-03-21 07:40:03,0
2023-03-21 07:43:18,0
2023-03-21 07:46:33,0
2023-03-21 07:49:48,0
2023-03-21 07:53:04,0
2023-03-21 07:56:18,0
2023-03-21 07:59:33,0
2023-03-21 08:02:49,0
2023-03-21 08:06:04,0
2023-03-21 08:09:19,0
2023-03-21 08:12:34,0
2023-03-21 08:15:49,0
2023-03-21 08:19:04,0
2023-03-21 08:22:20,0
2023-03-21 08:25:35,0
2023-03-21 08:28:51,0
2023-03-21 08:32:06,0
2023-03-21 08:35:21,0
2023-03-21 08:38:37,0
2023-03-21 08:41:52,0
2023-03-21 08:45:07,0
2023-03-21 08:48:23,0
2023-03-21 08:51:37,0
2023-03-21 08:54:54,0
2023-03-21 08:58:09,0
2023-03-21 09:01:25,0
2023-03-21 09:04:40,0
2023-03-21 09:07:56,0
2023-03-21 09:11:11,0
2023-03-21 09:14:26,0
2023-03-21 09:17:41,0
2023-03-21 09:20:56,1
2023-03-21 09:24:11,1
2023-03-21 09:27:27,1
2023-03-21 09:30:42,1
2023-03-21 09:33:57,1
2023-03-21 09:37:13,1
2023-03-21 09:40:28,1
2023-03-21 09:43:44,1
2023-03-21 09:47:00,1
2023-03-21 09:50:15,1
2023-03-21 09:53:30,1
2023-03-21 09:56:45,1
2023-03-21 10:00:00,1
2023-03-21 10:03:16,1
2023-03-21 10:06:31,1
2023-03-21 10:09:47,1
2023-03-21 10:13:02,1
2023-03-21 10:16:17,1
2023-03-21 10:19:32,1
2023-03-21 10:22:48,1
2023-03-21 10:26:03,1
2023-03-21 10:29:19,1
2023-03-21 10:32:34,1
2023-03-21 10:35:49,1
2023-03-21 10:39:04,1
2023-03-21 10:42:20,1
2023-03-21 10:45:35,1
2023-03-21 10:48:50,1
2023-03-21 10:52:05,1
2023-03-21 10:55:21,1
2023-03-21 10:58:36,1
2023-03-21 11:01:51,1
2023-03-21 11:05:07,1
2023-03-21 11:08:22,1
2023-03-21 11:11:38,1
2023-03-21 11:14:53,1
2023-03-21 11:18:09,0
2023-03-21 11:21:25,0
2023-03-21 11:24:40,0
2023-03-21 11:27:56,0
2023-03-21 11:31:12,0
2023-03-21 11:34:27,0
2023-03-21 11:37:42,1
2023-03-21 11:40:58,1
2023-03-21 11:44:13,1
2023-03-21 11:47:29,1
2023-03-21 11:50:44,1
2023-03-21 11:53:59,1
2023-03-21 11:57:14,1
2023-03-21 12:00:29,0
2023-03-21 12:03:45,0
2023-03-21 12:07:00,0
2023-03-21 12:10:15,0
2023-03-21 12:13:31,0
2023-03-21 12:16:46,0
2023-03-21 12:20:01,0
2023-03-21 12:23:16,0
2023-03-21 12:26:32,0
2023-03-21 12:29:48,0
2023-03-21 12:33:04,0
2023-03-21 12:36:19,0
2023-03-21 12:39:34,0
2023-03-21 12:42:49,0
2023-03-21 12:46:05,0
2023-03-21 12:49:20,0
2023-03-21 12:52:36,0
2023-03-21 12:55:51,0
2023-03-21 12:59:06,0
2023-03-21 13:02:21,0
2023-03-21 13:05:37,0
2023-03-21 13:08:53,0
2023-03-21 13:12:08,0
2023-03-21 13:15:23,0
2023-03-21 13:18:39,0
2023-03-21 13:21:54,0
2023-03-21 13:25:09,0
2023-03-21 13:28:25,0
2023-03-21 13:31:40,0
2023-03-21 13:34:56,0
2023-03-21 13:38:11,0
2023-03-21 13:41:27,0
2023-03-21 13:44:43,0
2023-03-21 13:47:58,0
2023-03-21 13:51:13,0
2023-03-21 13:54:28,0
2023-03-21 13:57:43,0
2023-03-21 14:00:58,0
2023-03-21 14:04:14,0
2023-03-21 14:07:30,0
2023-03-21 14:10:46,0
2023-03-21 14:14:02,0
2023-03-21 14:17:17,0
2023-03-21 14:20:33,0
2023-03-21 14:23:48,0
2023-03-21 14:27:03,0
2023-03-21 14:30:18,0
2023-03-21 14:33:33,0
2023-03-21 14:36:49,0
2023-03-21 14:40:05,0
2023-03-21 14:43:20,0
2023-03-21 14:46:35,0
2023-03-21 14:49:51,0
2023-03-21 14:53:06,0
2023-03-21 14:56:22,0
2023-03-21 14:59:37,0
2023-03-21 15:02:53,0
2023-03-21 15:06:09,0
2023-03-21 15:09:24,0
2023-03-21 15:12:40,0
2023-03-21 15:15:55,0
2023-03-21 15:19:10,0
2023-03-21 15:22:25,0
2023-03-21 15:25:40,0
2023-03-21 15:28:56,0
2023-03-21 15:32:11,0
2023-03-21 15:35:27,0
2023-03-21 15:38:42,0
2023-03-21 15:41:58,0
2023-03-21 15:45:13,0
2023-03-21 15:48:29,0
2023-03-21 15:51:44,0
2023-03-21 15:55:00,0
2023-03-21 15:58:15,0
2023-03-21 16:01:30,0
2023-03-21 16:04:46,0
2023-03-21 16:08:02,0
2023-03-21 16:11:18,0
2023-03-21 16:14:33,0
2023-03-21 16:17:49,0
2023-03-21 16:21:05,0
2023-03-21 16:24:21,0
2023-03-21 16:27:36,0
2023-03-21 16:30:52,0
2023-03-21 16:34:07,0
2023-03-21 16:37:23,0
2023-03-21 16:40:39,0
2023-03-21 16:43:55,0
2023-03-21 16:47:11,0
2023-03-21 16:50:26,0
2023-03-21 16:53:42,0
2023-03-21 16:56:58,0
2023-03-21 17:00:14,0
2023-03-21 17:03:29,0
2023-03-21 17:06:45,0
2023-03-21 17:10:01,0
2023-03-21 17:13:16,0
2023-03-21 17:16:32,0
2023-03-21 17:19:48,0
2023-03-21 17:23:04,0
2023-03-21 17:26:19,0
2023-03-21 17:29:36,0
2023-03-21 17:32:52,0
2023-03-21 17:36:07,0
2023-03-21 17:39:23,0
2023-03-21 17:42:39,0
2023-03-21 17:45:55,0
2023-03-21 17:49:11,0
2023-03-21 17:52:26,0
2023-03-21 17:55:42,0
2023-03-21 17:58:57,0
2023-03-21 18:02:13,0
2023-03-21 18:05:29,0
2023-03-21 18:08:44,0
2023-03-21 18:12:00,0
2023-03-21 18:15:16,0
2023-03-21 18:18:32,0
2023-03-21 18:21:48,0
2023-03-21 18:25:04,0
2023-03-21 18:28:20,1
2023-03-21 18:31:36,1
2023-03-21 18:34:52,1
2023-03-21 18:38:08,1
2023-03-21 18:41:23,1
2023-03-21 18:44:40,1
2023-03-21 18:47:55,1
2023-03-21 18:51:11,0
2023-03-21 18:54:26,0
2023-03-21 18:57:43,0
2023-03-21 19:00:58,0
2023-03-21 19:04:14,0
2023-03-21 19:07:30,0
2023-03-21 19:10:46,0
2023-03-21 19:14:04,0
2023-03-21 19:17:19,0
2023-03-21 19:20:35,0
2023-03-21 19:23:50,0
2023-03-21 19:27:07,0
2023-03-21 19:30:23,0
2023-03-21 19:33:39,0
2023-03-21 19:36:54,0
2023-03-21 19:40:10,0
2023-03-21 19:43:25,0
2023-03-21 19:46:41,0
2023-03-21 19:49:56,0
2023-03-21 19:53:12,0
2023-03-21 19:56:27,0
2023-03-21 19:59:43,0
2023-03-21 20:02:58,0
2023-03-21 20:06:14,0
2023-03-21 20:09:30,0
2023-03-21 20:12:45,0
2023-03-21 20:16:00,0
2023-03-21 20:19:16,0
2023-03-21 20:22:31,0
2023-03-21 20:25:47,0
2023-03-21 20:29:03,0
2023-03-21 20:32:18,0
2023-03-21 20:35:34,0
2023-03-21 20:38:49,0
2023-03-21 20:42:05,0
2023-03-21 20:45:21,0
2023-03-21 20:48:37,0
2023-03-21 20:51:52,0
2023-03-21 20:55:08,0
2023-03-21 20:58:23,0
2023-03-21 21:01:39,0
2023-03-21 21:04:54,0
2023-03-21 21:08:10,0
2023-03-21 21:11:25,0
2023-03-21 21:14:42,0
2023-03-21 21:17:57,0
2023-03-21 21:21:13,0
2023-03-21 21:24:28,0
2023-03-21 21:27:44,0
2023-03-21 21:31:00,0
2023-03-21 21:34:15,0
2023-03-21 21:37:31,0
2023-03-21 21:40:47,0
2023-03-21 21:44:02,0
2023-03-21 21:47:17,0
2023-03-21 21:50:33,0
2023-03-21 21:53:48,0
2023-03-21 21:57:03,0
2023-03-21 22:00:19,0
2023-03-21 22:03:34,0
2023-03-21 22:06:50,0
2023-03-21 22:10:06,0
2023-03-21 22:13:21,0
2023-03-21 22:16:38,0
2023-03-21 22:19:53,0
2023-03-21 22:23:08,0
2023-03-21 22:26:24,0
2023-03-21 22:29:40,0
2023-03-21 22:32:55,0
2023-03-21 22:36:11,0
2023-03-21 22:39:27,0
2023-03-21 22:42:42,0
2023-03-21 22:45:57,0
2023-03-21 22:49:13,0
2023-03-21 22:52:28,0
2023-03-21 22:55:44,0
2023-03-21 22:58:59,0
2023-03-21 23:02:15,0
2023-03-21 23:05:30,0
2023-03-21 23:08:45,0
2023-03-21 23:12:00,0
2023-03-21 23:15:16,0
2023-03-21 23:18:32,0
2023-03-21 23:21:48,1
2023-03-21 23:25:03,1
2023-03-21 23:28:19,1
2023-03-21 23:31:34,1
2023-03-21 23:34:50,1
2023-03-21 23:38:05,1
2023-03-21 23:41:21,1
2023-03-21 23:44:37,1
2023-03-21 23:47:53,1
2023-03-21 23:51:08,1
2023-03-21 23:54:23,1
2023-03-21 23:57:38,1
2023-03-22 00:00:55,1
2023-03-22 00:04:10,1
2023-03-22 00:07:26,1
2023-03-22 00:10:42,1
2023-03-22 00:13:57,1
2023-03-22 00:17:12,1
2023-03-22 00:20:28,1
2023-03-22 00:23:44,1
2023-03-22 00:26:59,1
2023-03-22 00:30:14,1
2023-03-22 00:33:30,1
2023-03-22 00:36:45,1
2023-03-22 00:40:01,1
2023-03-22 00:43:16,1
2023-03-22 00:46:32,1
2023-03-22 00:49:48,1
2023-03-22 00:53:04,1
2023-03-22 00:56:19,1
2023-03-22 00:59:36,1
2023-03-22 01:02:51,1
2023-03-22 01:06:08,1
2023-03-22 01:09:23,1
2023-03-22 01:12:39,1
2023-03-22 01:15:55,1
2023-03-22 01:19:11,1
2023-03-22 01:22:37,1
2023-03-22 01:25:53,1
2023-03-22 01:29:09,1
2023-03-22 01:32:24,1
2023-03-22 01:35:40,1
2023-03-22 01:38:56,1
2023-03-22 01:42:11,1
2023-03-22 01:45:34,1
2023-03-22 01:48:49,1
2023-03-22 01:52:13,1
2023-03-22 01:55:28,1
2023-03-22 01:58:44,1
2023-03-22 02:01:59,1
2023-03-22 02:05:14,1
2023-03-22 02:08:30,1
2023-03-22 02:11:45,1
2023-03-22 02:15:01,1
2023-03-22 02:18:16,1
2023-03-22 02:21:32,1
2023-03-22 02:24:47,1
2023-03-22 02:28:03,1
2023-03-22 02:31:19,1
2023-03-22 02:34:35,1
2023-03-22 02:37:50,1
2023-03-22 02:41:05,1
2023-03-22 02:44:21,1
2023-03-22 02:47:36,1
2023-03-22 02:50:51,1
2023-03-22 02:54:06,1
2023-03-22 02:57:22,1
2023-03-22 03:00:37,1
2023-03-22 03:03:53,0
2023-03-22 03:07:08,0
2023-03-22 03:10:23,0
2023-03-22 03:13:38,0
2023-03-22 03:16:54,0
2023-03-22 03:20:10,0
2023-03-22 03:23:25,0
2023-03-22 03:26:40,0
2023-03-22 03:29:55,0
2023-03-22 03:33:11,0
2023-03-22 03:36:26,0
2023-03-22 03:39:41,0
2023-03-22 03:42:57,0
2023-03-22 03:46:12,0
2023-03-22 03:49:28,0
2023-03-22 03:52:43,0
2023-03-22 03:55:58,1
2023-03-22 03:59:14,1
2023-03-22 04:02:30,1
2023-03-22 04:05:45,1
2023-03-22 04:09:00,1
2023-03-22 04:12:16,1
2023-03-22 04:15:31,1
2023-03-22 04:18:46,1
2023-03-22 04:22:01,1
2023-03-22 04:25:16,1
2023-03-22 04:28:32,1
2023-03-22 04:31:47,1
2023-03-22 04:35:02,1
2023-03-22 04:38:18,1
2023-03-22 04:41:34,1
2023-03-22 04:44:49,1
2023-03-22 04:48:04,1
2023-03-22 04:51:20,1
2023-03-22 04:54:35,1
2023-03-22 04:57:50,1
2023-03-22 05:01:05,1
2023-03-22 05:04:21,1
2023-03-22 05:07:37,1
2023-03-22 05:10:53,1
2023-03-22 05:14:09,1
2023-03-22 05:17:24,1
2023-03-22 05:20:40,1
2023-03-22 05:23:56,1
2023-03-22 05:27:11,1
2023-03-22 05:30:26,1
2023-03-22 05:33:42,1
2023-03-22 05:36:57,1
2023-03-22 05:40:12,1
2023-03-22 05:43:28,1
2023-03-22 05:46:43,1
2023-03-22 05:49:58,1
2023-03-22 05:53:13,1
2023-03-22 05:56:29,1
2023-03-22 05:59:44,1
2023-03-22 06:02:59,1
2023-03-22 06:06:14,1
2023-03-22 06:09:30,1
2023-03-22 06:12:45,1
2023-03-22 06:16:01,1
2023-03-22 06:19:16,1
2023-03-22 06:22:31,1
2023-03-22 06:25:46,1
2023-03-22 06:29:01,1
2023-03-22 06:32:16,1
2023-03-22 06:35:37,1
2023-03-22 06:38:53,1
2023-03-22 06:42:08,1
2023-03-22 06:45:24,1
2023-03-22 06:48:39,1
2023-03-22 06:51:55,1
2023-03-22 06:55:10,1
2023-03-22 06:58:25,1
2023-03-22 07:01:41,1
2023-03-22 07:04:56,1
2023-03-22 07:08:11,0
2023-03-22 07:11:26,0
2023-03-22 07:14:41,0
2023-03-22 07:17:57,0
2023-03-22 07:21:12,0
2023-03-22 07:24:27,0
2023-03-22 07:27:43,0
2023-03-22 07:30:58,0
2023-03-22 07:34:14,0
2023-03-22 07:37:29,0
2023-03-22 07:40:44,0
2023-03-22 07:44:00,0
2023-03-22 07:47:16,0
2023-03-22 07:50:31,1
2023-03-22 07:53:47,1
2023-03-22 07:57:02,1
2023-03-22 08:00:17,0
2023-03-22 08:03:33,0
2023-03-22 08:06:48,0
2023-03-22 08:10:04,0
2023-03-22 08:13:19,0
2023-03-22 08:16:44,0
2023-03-22 08:20:00,1
2023-03-22 08:23:15,1
2023-03-22 08:26:30,1
2023-03-22 08:29:45,1
2023-03-22 08:33:01,1
2023-03-22 08:36:16,1
2023-03-22 08:39:32,1
2023-03-22 08:42:47,1
2023-03-22 08:46:03,1
2023-03-22 08:49:18,1
2023-03-22 08:52:34,1
2023-03-22 08:55:49,1
2023-03-22 08:59:05,1
2023-03-22 09:02:20,1
2023-03-22 09:05:36,1
2023-03-22 09:08:51,1
2023-03-22 09:12:06,1
2023-03-22 09:15:21,1
2023-03-22 09:18:37,1
2023-03-22 09:21:54,1
2023-03-22 09:25:09,1
2023-03-22 09:28:24,1
2023-03-22 09:31:40,1
2023-03-22 09:34:55,1
2023-03-22 09:38:10,1
2023-03-22 09:41:25,1
2023-03-22 09:44:41,1
2023-03-22 09:47:56,1
2023-03-22 09:51:12,1
2023-03-22 09:54:27,1
2023-03-22 09:57:43,1
2023-03-22 10:00:58,1
2023-03-22 10:04:14,1
2023-03-22 10:07:29,1
2023-03-22 10:10:44,1
2023-03-22 10:14:00,1
2023-03-22 10:17:15,1
2023-03-22 10:20:31,1
2023-03-22 10:23:46,1
2023-03-22 10:27:01,1
2023-03-22 10:30:16,1
2023-03-22 10:33:32,1
2023-03-22 10:36:47,1
2023-03-22 10:40:02,1
2023-03-22 10:43:18,1
2023-03-22 10:46:33,1
2023-03-22 10:49:49,1
2023-03-22 10:53:04,1
2023-03-22 10:56:20,1
2023-03-22 10:59:35,1
2023-03-22 11:02:51,1
2023-03-22 11:06:06,1
2023-03-22 11:09:21,0
2023-03-22 11:12:37,0
2023-03-22 11:15:52,0
2023-03-22 11:19:08,0
2023-03-22 11:22:23,0
2023-03-22 11:25:38,0
2023-03-22 11:28:54,0
2023-03-22 11:32:09,0
2023-03-22 11:35:24,0
2023-03-22 11:38:41,0
2023-03-22 11:41:56,0
2023-03-22 11:45:11,0
2023-03-22 11:48:27,0
2023-03-22 11:51:42,0
2023-03-22 11:54:57,0
2023-03-22 11:58:13,0
2023-03-22 12:01:28,0
2023-03-22 12:04:43,0
2023-03-22 12:07:58,0
2023-03-22 12:11:13,0
2023-03-22 12:14:29,0
2023-03-22 12:17:45,0
2023-03-22 12:21:00,0
2023-03-22 12:24:16,0
2023-03-22 12:27:31,0
2023-03-22 12:30:47,0
2023-03-22 12:34:02,1
2023-03-22 12:37:18,1
2023-03-22 12:40:34,1
2023-03-22 12:43:49,1
2023-03-22 12:47:05,1
2023-03-22 12:50:20,1
2023-03-22 12:53:35,1
2023-03-22 12:56:50,1
2023-03-22 13:00:06,1
2023-03-22 13:03:21,0
2023-03-22 13:06:37,0
2023-03-22 13:09:52,0
2023-03-22 13:13:07,0
2023-03-22 13:16:23,0
2023-03-22 13:19:39,0
2023-03-22 13:22:54,0
2023-03-22 13:26:11,1
2023-03-22 13:29:26,1
2023-03-22 13:32:42,1
2023-03-22 13:35:57,1
2023-03-22 13:39:13,1
2023-03-22 13:42:28,1
2023-03-22 13:45:44,1
2023-03-22 13:48:59,1
2023-03-22 13:52:14,1
2023-03-22 13:55:30,1
2023-03-22 13:58:45,0
2023-03-22 14:02:01,0
2023-03-22 14:05:15,0
2023-03-22 14:08:31,0
2023-03-22 14:11:46,0
2023-03-22 14:15:01,0
2023-03-22 14:18:16,0
2023-03-22 14:21:32,0
2023-03-22 14:24:47,0
2023-03-22 14:28:03,0
2023-03-22 14:31:18,0
2023-03-22 14:34:34,0
2023-03-22 14:37:50,0
2023-03-22 14:41:05,0
2023-03-22 14:44:21,0
2023-03-22 14:47:36,0
2023-03-22 14:50:52,0
2023-03-22 14:54:08,0
2023-03-22 14:57:22,0
2023-03-22 15:00:38,0
2023-03-22 15:03:53,0
2023-03-22 15:07:09,0
2023-03-22 15:10:24,0
2023-03-22 15:13:40,0
2023-03-22 15:16:55,0
2023-03-22 15:20:10,0
2023-03-22 15:23:25,0
2023-03-22 15:26:41,0
2023-03-22 15:29:57,0
2023-03-22 15:33:12,0
2023-03-22 15:36:28,0
2023-03-22 15:39:43,0
2023-03-22 15:42:58,0
2023-03-22 15:46:13,0
2023-03-22 15:49:29,0
2023-03-22 15:52:44,0
2023-03-22 15:55:59,0
2023-03-22 15:59:15,0
2023-03-22 16:02:31,0
2023-03-22 16:05:47,0
2023-03-22 16:09:03,0
2023-03-22 16:12:18,0
2023-03-22 16:15:34,0
2023-03-22 16:18:49,0
2023-03-22 16:22:05,0
2023-03-22 16:25:20,0
2023-03-22 16:28:36,0
2023-03-22 16:31:51,0
2023-03-22 16:35:07,0
2023-03-22 16:38:22,0
2023-03-22 16:41:38,0
2023-03-22 16:44:53,0
2023-03-22 16:48:08,0
2023-03-22 16:51:24,0
2023-03-22 16:54:40,0
2023-03-22 16:57:56,0
2023-03-22 17:01:12,0
2023-03-22 17:04:27,0
2023-03-22 17:07:43,0
2023-03-22 17:10:59,0
2023-03-22 17:14:14,0
2023-03-22 17:17:29,0
2023-03-22 17:20:45,0
2023-03-22 17:24:01,0
2023-03-22 17:27:16,0
2023-03-22 17:30:31,0
2023-03-22 17:33:47,0
2023-03-22 17:37:03,0
2023-03-22 17:40:18,0
2023-03-22 17:43:33,0
2023-03-22 17:46:48,0
2023-03-22 17:50:04,0
2023-03-22 17:53:20,0
2023-03-22 17:56:35,0
2023-03-22 17:59:50,0
2023-03-22 18:03:07,0
2023-03-22 18:06:22,0
2023-03-22 18:09:38,0
2023-03-22 18:12:53,0
2023-03-22 18:16:08,0
2023-03-22 18:19:24,0
2023-03-22 18:22:40,0
2023-03-22 18:25:56,0
2023-03-22 18:29:11,0
2023-03-22 18:32:27,0
2023-03-22 18:35:42,0
2023-03-22 18:38:58,0
2023-03-22 18:42:13,1
2023-03-22 18:45:28,1
2023-03-22 18:48:43,1
2023-03-22 18:51:58,1
2023-03-22 18:55:14,1
2023-03-22 18:58:29,1
2023-03-22 19:01:44,1
2023-03-22 19:05:00,1
2023-03-22 19:08:16,1
2023-03-22 19:11:32,1
2023-03-22 19:14:48,0
2023-03-22 19:18:04,0
2023-03-22 19:21:18,0
2023-03-22 19:24:34,1
2023-03-22 19:27:50,1
2023-03-22 19:31:05,1
2023-03-22 19:34:20,0
2023-03-22 19:37:36,0
2023-03-22 19:40:51,0
2023-03-22 19:44:06,0
2023-03-22 19:47:22,0
2023-03-22 19:50:37,0
2023-03-22 19:53:52,0
2023-03-22 19:57:08,0
2023-03-22 20:00:23,0
2023-03-22 20:03:40,0
2023-03-22 20:06:56,0
2023-03-22 20:10:11,0
2023-03-22 20:13:26,0
2023-03-22 20:16:41,0
2023-03-22 20:19:56,0
2023-03-22 20:23:12,0
2023-03-22 20:26:27,0
2023-03-22 20:29:42,0
2023-03-22 20:32:58,0
2023-03-22 20:36:13,0
2023-03-22 20:39:28,0
2023-03-22 20:42:44,0
2023-03-22 20:45:59,0
2023-03-22 20:49:15,1
2023-03-22 20:52:31,1
2023-03-22 20:55:47,1
2023-03-22 20:59:02,0
2023-03-22 21:02:17,0
2023-03-22 21:05:33,0
2023-03-22 21:08:48,1
2023-03-22 21:12:04,1
2023-03-22 21:15:19,1
2023-03-22 21:18:35,1
2023-03-22 21:21:50,1
2023-03-22 21:25:06,1
2023-03-22 21:28:21,1
2023-03-22 21:31:37,0
2023-03-22 21:34:52,0
2023-03-22 21:38:08,0
2023-03-22 21:41:24,0
2023-03-22 21:44:40,0
2023-03-22 21:47:55,0
2023-03-22 21:51:11,0
2023-03-22 21:54:26,0
2023-03-22 21:57:42,0
2023-03-22 22:00:58,0
2023-03-22 22:04:13,0
2023-03-22 22:07:29,0
2023-03-22 22:10:45,0
2023-03-22 22:14:00,1
2023-03-22 22:17:16,1
2023-03-22 22:20:32,1
2023-03-22 22:23:47,1
2023-03-22 22:27:03,1
2023-03-22 22:30:18,1
2023-03-22 22:33:33,0
2023-03-22 22:36:49,0
2023-03-22 22:40:04,0
2023-03-22 22:43:19,0
2023-03-22 22:46:35,0
2023-03-22 22:49:50,0
2023-03-22 22:53:06,0
2023-03-22 22:56:21,0
2023-03-22 22:59:37,0
2023-03-22 23:02:53,0
2023-03-22 23:06:08,0
2023-03-22 23:09:24,0
2023-03-22 23:12:39,0
2023-03-22 23:15:55,1
2023-03-22 23:19:11,1
2023-03-22 23:22:26,1
2023-03-22 23:25:42,1
2023-03-22 23:28:57,1
2023-03-22 23:32:13,1
2023-03-22 23:35:29,1
2023-03-22 23:38:44,1
2023-03-22 23:41:59,1
2023-03-22 23:45:15,1
2023-03-22 23:48:31,1
2023-03-22 23:51:46,1
2023-03-22 23:55:01,1
2023-03-22 23:58:17,1
2023-03-23 00:01:33,1
2023-03-23 00:04:48,1
2023-03-23 00:08:04,0
2023-03-23 00:11:19,0
2023-03-23 00:14:35,0
2023-03-23 00:17:51,1
2023-03-23 00:21:07,1
2023-03-23 00:24:22,1
2023-03-23 00:27:38,1
2023-03-23 00:30:53,1
2023-03-23 00:34:08,1
2023-03-23 00:37:24,1
2023-03-23 00:40:40,1
2023-03-23 00:43:55,1
2023-03-23 00:47:11,1
2023-03-23 00:50:27,1
2023-03-23 00:53:43,1
2023-03-23 00:56:58,1
2023-03-23 01:00:13,1
2023-03-23 01:03:29,1
2023-03-23 01:06:44,1
2023-03-23 01:09:59,1
2023-03-23 01:13:14,1
2023-03-23 01:16:30,1
2023-03-23 01:19:45,1
2023-03-23 01:23:00,1
2023-03-23 01:26:16,1
2023-03-23 01:29:32,1
2023-03-23 01:32:47,1
2023-03-23 01:36:03,1
2023-03-23 01:39:18,1
2023-03-23 01:42:33,1
2023-03-23 01:45:58,1
2023-03-23 01:49:13,1
2023-03-23 01:52:29,1
2023-03-23 01:55:44,1
2023-03-23 01:58:59,1
2023-03-23 02:02:15,1
2023-03-23 02:05:31,1
2023-03-23 02:08:47,1
2023-03-23 02:12:02,1
2023-03-23 02:15:17,1
2023-03-23 02:18:33,1
2023-03-23 02:21:48,1
2023-03-23 02:25:03,1
2023-03-23 02:28:18,1
2023-03-23 02:31:33,1
2023-03-23 02:34:49,1
2023-03-23 02:38:04,1
2023-03-23 02:41:29,1
2023-03-23 02:44:44,1
2023-03-23 02:48:11,1
2023-03-23 02:51:26,1
2023-03-23 02:54:42,1
2023-03-23 02:57:57,1
2023-03-23 03:01:13,1
2023-03-23 03:04:29,1
2023-03-23 03:07:44,1
2023-03-23 03:11:00,1
2023-03-23 03:14:16,1
2023-03-23 03:17:31,1
2023-03-23 03:20:47,1
2023-03-23 03:24:03,1
2023-03-23 03:27:17,1
2023-03-23 03:30:33,1
2023-03-23 03:33:49,1
2023-03-23 03:37:05,1
2023-03-23 03:40:20,1
2023-03-23 03:43:35,1
2023-03-23 03:46:51,1
2023-03-23 03:50:06,1
2023-03-23 03:53:21,1
2023-03-23 03:56:36,1
2023-03-23 03:59:52,1
2023-03-23 04:03:06,1
2023-03-23 04:06:22,1
2023-03-23 04:09:37,1
2023-03-23 04:12:52,1
2023-03-23 04:16:08,1
2023-03-23 04:19:23,1
2023-03-23 04:22:38,1
2023-03-23 04:25:53,1
2023-03-23 04:29:08,1
2023-03-23 04:32:23,1
2023-03-23 04:35:39,1
2023-03-23 04:38:54,1
2023-03-23 04:42:09,1
2023-03-23 04:45:24,1
2023-03-23 04:48:40,1
2023-03-23 04:51:55,1
2023-03-23 04:55:10,1
2023-03-23 04:58:26,1
2023-03-23 05:01:41,1
2023-03-23 05:04:56,1
2023-03-23 05:08:12,1
2023-03-23 05:11:27,1
2023-03-23 05:14:42,1
2023-03-23 05:17:58,1
2023-03-23 05:21:13,1
2023-03-23 05:24:29,1
2023-03-23 05:27:44,1
2023-03-23 05:30:59,1
2023-03-23 05:34:14,1
2023-03-23 05:37:30,1
2023-03-23 05:40:46,1
2023-03-23 05:44:05,1
2023-03-23 05:47:21,1
2023-03-23 05:50:37,1
2023-03-23 05:53:53,1
2023-03-23 05:57:08,1
2023-03-23 06:00:24,1
2023-03-23 06:03:40,1
2023-03-23 06:06:56,1
2023-03-23 06:10:12,1
2023-03-23 06:13:27,1
2023-03-23 06:16:43,1
2023-03-23 06:19:58,1
2023-03-23 06:23:14,1
2023-03-23 06:26:30,1
2023-03-23 06:29:45,1
2023-03-23 06:33:00,1
2023-03-23 06:36:16,1
2023-03-23 06:39:32,1
2023-03-23 06:42:48,1
2023-03-23 06:46:03,1
2023-03-23 06:49:18,1
2023-03-23 06:52:34,1
2023-03-23 06:55:49,1
2023-03-23 06:59:04,1
2023-03-23 07:02:19,1
2023-03-23 07:05:35,1
2023-03-23 07:08:50,0
2023-03-23 07:12:06,0
2023-03-23 07:15:21,0
2023-03-23 07:18:36,1
2023-03-23 07:21:51,1
2023-03-23 07:25:07,1
2023-03-23 07:28:23,1
2023-03-23 07:31:39,0
2023-03-23 07:34:54,0
2023-03-23 07:38:20,0
2023-03-23 07:41:36,1
2023-03-23 07:44:51,1
2023-03-23 07:48:07,1
2023-03-23 07:51:22,1
2023-03-23 07:54:38,1
2023-03-23 07:57:54,1
2023-03-23 08:01:09,1
2023-03-23 08:04:25,1
2023-03-23 08:07:41,1
2023-03-23 08:10:56,1
2023-03-23 08:14:11,1
2023-03-23 08:17:27,1
2023-03-23 08:20:42,1
2023-03-23 08:23:57,1
2023-03-23 08:27:12,1
2023-03-23 08:30:28,1
2023-03-23 08:33:43,1
2023-03-23 08:36:58,1
2023-03-23 08:40:14,1
2023-03-23 08:43:30,1
2023-03-23 08:46:45,1
2023-03-23 08:50:01,1
2023-03-23 08:53:16,1
2023-03-23 08:56:31,1
2023-03-23 08:59:47,1
2023-03-23 09:03:02,1
2023-03-23 09:06:17,1
2023-03-23 09:09:33,1
2023-03-23 09:12:48,1
2023-03-23 09:16:04,1
2023-03-23 09:19:20,1
2023-03-23 09:22:35,1
2023-03-23 09:25:50,1
2023-03-23 09:29:06,1
2023-03-23 09:32:21,1
2023-03-23 09:35:36,1
2023-03-23 09:38:52,1
2023-03-23 09:42:08,1
2023-03-23 09:45:23,1
2023-03-23 09:48:39,1
2023-03-23 09:51:54,1
2023-03-23 09:55:10,1
2023-03-23 09:58:25,1
2023-03-23 10:01:41,1
2023-03-23 10:04:56,1
2023-03-23 10:08:11,1
2023-03-23 10:11:27,1
2023-03-23 10:14:42,1
2023-03-23 10:17:58,1
2023-03-23 10:21:14,1
2023-03-23 10:24:29,1
2023-03-23 10:27:44,1
2023-03-23 10:30:59,1
2023-03-23 10:34:15,1
2023-03-23 10:37:30,1
2023-03-23 10:40:46,1
2023-03-23 10:44:01,1
2023-03-23 10:47:17,1
2023-03-23 10:50:32,1
2023-03-23 10:53:47,1
2023-03-23 10:57:02,1
2023-03-23 11:00:17,1
2023-03-23 11:03:33,1
2023-03-23 11:06:48,1
2023-03-23 11:10:03,1
2023-03-23 11:13:19,1
2023-03-23 11:16:35,1
2023-03-23 11:19:50,1
2023-03-23 11:23:06,1
2023-03-23 11:26:21,1
2023-03-23 11:29:36,1
2023-03-23 11:32:52,1
2023-03-23 11:36:07,1
2023-03-23 11:39:22,1
2023-03-23 11:42:38,1
2023-03-23 11:45:54,1
2023-03-23 11:49:09,1
2023-03-23 11:52:24,1
2023-03-23 11:55:40,1
2023-03-23 11:58:55,1
2023-03-23 12:02:11,1
2023-03-23 12:05:26,1
2023-03-23 12:08:42,1
2023-03-23 12:11:58,1
2023-03-23 12:15:12,1
2023-03-23 12:18:28,1
2023-03-23 12:21:44,1
2023-03-23 12:24:58,1
2023-03-23 12:28:14,1
2023-03-23 12:31:29,1
2023-03-23 12:34:45,1
2023-03-23 12:38:01,1
2023-03-23 12:41:16,1
2023-03-23 12:44:32,1
2023-03-23 12:47:48,1
2023-03-23 12:51:03,1
2023-03-23 12:54:18,1
2023-03-23 12:57:34,1
2023-03-23 13:00:50,1
2023-03-23 13:04:05,1
2023-03-23 13:07:21,0
2023-03-23 13:10:37,0
2023-03-23 13:13:53,0
2023-03-23 13:17:08,1
2023-03-23 13:20:24,1
2023-03-23 13:23:39,1
2023-03-23 13:26:54,1
2023-03-23 13:30:10,1
2023-03-23 13:33:26,1
2023-03-23 13:36:41,1
2023-03-23 13:39:56,1
2023-03-23 13:43:11,1
2023-03-23 13:46:27,1
2023-03-23 13:49:42,1
2023-03-23 13:52:58,1
2023-03-23 13:56:13,1
2023-03-23 13:59:29,0
2023-03-23 14:02:45,0
2023-03-23 14:06:00,0
2023-03-23 14:09:16,0
2023-03-23 14:12:31,0
2023-03-23 14:15:47,0
2023-03-23 14:19:02,0
2023-03-23 14:22:17,0
2023-03-23 14:25:32,0
2023-03-23 14:28:48,0
2023-03-23 14:32:03,1
2023-03-23 14:35:19,1
2023-03-23 14:38:34,1
2023-03-23 14:41:49,1
2023-03-23 14:45:05,1
2023-03-23 14:48:20,1
2023-03-23 14:51:36,1
2023-03-23 14:54:52,0
2023-03-23 14:58:07,0
2023-03-23 15:01:23,0
2023-03-23 15:04:38,0
2023-03-23 15:07:54,0
2023-03-23 15:11:10,0
2023-03-23 15:14:26,0
2023-03-23 15:17:43,0
2023-03-23 15:20:59,0
2023-03-23 15:24:14,0
2023-03-23 15:27:30,0
2023-03-23 15:30:46,0
2023-03-23 15:34:02,0
2023-03-23 15:37:17,0
2023-03-23 15:40:33,0
2023-03-23 15:43:49,0
2023-03-23 15:47:05,0
2023-03-23 15:50:20,0
2023-03-23 15:53:36,0
2023-03-23 15:56:52,0
2023-03-23 16:00:08,0
2023-03-23 16:03:24,0
2023-03-23 16:06:39,0
2023-03-23 16:09:55,0
2023-03-23 16:13:10,0
2023-03-23 16:16:26,0
2023-03-23 16:19:41,0
2023-03-23 16:22:56,0
2023-03-23 16:26:12,0
2023-03-23 16:29:27,0
2023-03-23 16:32:43,0
2023-03-23 16:35:59,0
2023-03-23 16:39:14,0
2023-03-23 16:42:29,0
2023-03-23 16:45:45,0
2023-03-23 16:49:00,0
2023-03-23 16:52:15,0
2023-03-23 16:55:31,0
2023-03-23 16:58:46,0
2023-03-23 17:02:01,0
2023-03-23 17:05:17,0
2023-03-23 17:08:33,0
2023-03-23 17:11:49,0
2023-03-23 17:15:04,0
2023-03-23 17:18:20,0
2023-03-23 17:21:35,0
2023-03-23 17:24:51,0
2023-03-23 17:28:07,0
2023-03-23 17:31:21,1
2023-03-23 17:34:36,1
2023-03-23 17:37:52,1
2023-03-23 17:41:08,1
2023-03-23 17:44:24,1
2023-03-23 17:47:39,1
2023-03-23 17:50:55,0
2023-03-23 17:54:10,0
2023-03-23 17:57:26,0
2023-03-23 18:00:41,0
2023-03-23 18:03:57,1
2023-03-23 18:07:13,1
2023-03-23 18:10:28,1
2023-03-23 18:13:43,1
2023-03-23 18:16:59,1
2023-03-23 18:20:15,1
2023-03-23 18:23:30,1
2023-03-23 18:26:45,1
2023-03-23 18:30:01,1
2023-03-23 18:33:16,0
2023-03-23 18:36:32,0
2023-03-23 18:39:47,0
2023-03-23 18:43:03,0
2023-03-23 18:46:19,0
2023-03-23 18:49:34,0
2023-03-23 18:52:50,0
2023-03-23 18:56:05,0
2023-03-23 18:59:21,0
2023-03-23 19:02:36,0
2023-03-23 19:05:51,0
2023-03-23 19:09:07,0
2023-03-23 19:12:22,0
2023-03-23 19:15:38,0
2023-03-23 19:18:54,0
2023-03-23 19:22:09,0
2023-03-23 19:25:26,0
2023-03-23 19:28:41,0
2023-03-23 19:31:56,0
2023-03-23 19:35:12,0
2023-03-23 19:38:27,0
2023-03-23 19:41:43,0
2023-03-23 19:44:58,0
2023-03-23 19:48:14,0
2023-03-23 19:51:29,0
2023-03-23 19:54:44,0
2023-03-23 19:57:59,0
2023-03-23 20:01:15,0
2023-03-23 20:04:31,0
2023-03-23 20:07:46,0
2023-03-23 20:11:01,0
2023-03-23 20:14:17,0
2023-03-23 20:17:33,0
2023-03-23 20:20:48,0
2023-03-23 20:24:04,0
2023-03-23 20:27:20,0
2023-03-23 20:30:36,0
2023-03-23 20:33:51,0
2023-03-23 20:37:07,0
2023-03-23 20:40:23,0
2023-03-23 20:43:38,0
2023-03-23 20:46:53,0
2023-03-23 20:50:08,0
2023-03-23 20:53:24,0
2023-03-23 20:56:39,0
2023-03-23 20:59:55,0
2023-03-23 21:03:10,0
2023-03-23 21:06:26,0
2023-03-23 21:09:41,0
2023-03-23 21:12:57,0
2023-03-23 21:16:12,0
2023-03-23 21:19:27,0
2023-03-23 21:22:42,0
2023-03-23 21:25:57,0
2023-03-23 21:29:13,0
2023-03-23 21:32:28,0
2023-03-23 21:35:43,0
2023-03-23 21:38:58,0
2023-03-23 21:42:13,0
2023-03-23 21:45:28,0
2023-03-23 21:48:44,0
2023-03-23 21:51:59,0
2023-03-23 21:55:15,0
2023-03-23 21:58:30,0
2023-03-23 22:01:46,0
2023-03-23 22:05:01,0
2023-03-23 22:08:17,0
2023-03-23 22:11:32,0
2023-03-23 22:14:48,0
2023-03-23 22:18:03,0
2023-03-23 22:21:19,0
2023-03-23 22:24:34,1
2023-03-23 22:27:50,1
2023-03-23 22:31:16,1
2023-03-23 22:34:32,1
2023-03-23 22:37:47,1
2023-03-23 22:41:03,1
2023-03-23 22:44:19,1
2023-03-23 22:47:36,1
2023-03-23 22:50:51,1
2023-03-23 22:54:06,1
2023-03-23 22:57:21,1
2023-03-23 23:00:36,1
2023-03-23 23:03:52,1
2023-03-23 23:07:08,1
2023-03-23 23:10:24,1
2023-03-23 23:13:39,1
2023-03-23 23:16:54,1
2023-03-23 23:20:10,1
2023-03-23 23:23:25,1
2023-03-23 23:26:40,1
2023-03-23 23:29:56,1
2023-03-23 23:33:11,1
2023-03-23 23:36:26,1
2023-03-23 23:39:41,1
2023-03-23 23:42:56,1
2023-03-23 23:46:12,1
2023-03-23 23:49:27,1
2023-03-23 23:52:43,1
2023-03-23 23:55:58,1
2023-03-23 23:59:13,1
2023-03-24 00:02:29,1
2023-03-24 00:05:45,1
2023-03-24 00:09:00,1
2023-03-24 00:12:16,1
2023-03-24 00:15:31,1
2023-03-24 00:18:46,1
2023-03-24 00:22:01,1
2023-03-24 00:25:17,1
2023-03-24 00:28:33,1
2023-03-24 00:31:48,1
2023-03-24 00:35:02,1
2023-03-24 00:38:18,1
2023-03-24 00:41:34,1
2023-03-24 00:44:49,1
2023-03-24 00:48:05,1
2023-03-24 00:51:19,1
2023-03-24 00:54:35,1
2023-03-24 00:57:50,1
2023-03-24 01:01:06,1
2023-03-24 01:04:21,1
2023-03-24 01:07:37,1
2023-03-24 01:10:52,1
2023-03-24 01:14:07,1
2023-03-24 01:17:23,1
2023-03-24 01:20:38,1
2023-03-24 01:23:53,1
2023-03-24 01:27:10,1
2023-03-24 01:30:25,1
2023-03-24 01:33:41,1
2023-03-24 01:36:57,1
2023-03-24 01:40:13,1
2023-03-24 01:43:28,1
2023-03-24 01:46:43,1
2023-03-24 01:49:58,1
2023-03-24 01:53:14,1
2023-03-24 01:56:29,1
2023-03-24 01:59:45,1
2023-03-24 02:03:00,1
2023-03-24 02:06:16,1
2023-03-24 02:09:31,1
2023-03-24 02:12:47,1
2023-03-24 02:16:02,1
2023-03-24 02:19:18,1
2023-03-24 02:22:34,1
2023-03-24 02:25:49,1
2023-03-24 02:29:05,1
2023-03-24 02:32:20,1
2023-03-24 02:35:35,1
2023-03-24 02:38:51,1
2023-03-24 02:42:06,1
2023-03-24 02:45:22,1
2023-03-24 02:48:37,1
2023-03-24 02:51:53,1
2023-03-24 02:55:08,1
2023-03-24 02:58:23,1
2023-03-24 03:01:38,1
2023-03-24 03:04:53,1
2023-03-24 03:08:08,1
2023-03-24 03:11:24,1
2023-03-24 03:14:40,1
2023-03-24 03:17:55,1
2023-03-24 03:21:10,1
2023-03-24 03:24:26,1
2023-03-24 03:27:41,1
2023-03-24 03:30:57,1
2023-03-24 03:34:13,1
2023-03-24 03:37:28,1
2023-03-24 03:40:43,1
2023-03-24 03:43:59,1
2023-03-24 03:47:14,1
2023-03-24 03:50:30,1
2023-03-24 03:53:45,1
2023-03-24 03:57:00,1
2023-03-24 04:00:16,1
2023-03-24 04:03:31,0
2023-03-24 04:06:47,0
2023-03-24 04:10:01,0
2023-03-24 04:13:16,1
2023-03-24 04:16:32,1
2023-03-24 04:19:48,1
2023-03-24 04:23:03,1
2023-03-24 04:26:18,1
2023-03-24 04:29:34,1
2023-03-24 04:32:49,1
2023-03-24 04:36:05,1
2023-03-24 04:39:20,1
2023-03-24 04:42:36,1
2023-03-24 04:45:51,1
2023-03-24 04:49:07,1
2023-03-24 04:52:22,1
2023-03-24 04:55:37,1
2023-03-24 04:58:53,1
2023-03-24 05:02:08,1
2023-03-24 05:05:23,1
2023-03-24 05:08:38,1
2023-03-24 05:11:53,1
2023-03-24 05:15:08,1
2023-03-24 05:18:24,1
2023-03-24 05:21:39,1
2023-03-24 05:24:54,1
2023-03-24 05:28:10,1
2023-03-24 05:31:25,1
2023-03-24 05:34:40,1
2023-03-24 05:37:55,1
2023-03-24 05:41:10,1
2023-03-24 05:44:26,1
2023-03-24 05:47:41,1
2023-03-24 05:50:57,1
2023-03-24 05:54:12,1
2023-03-24 05:57:28,1
2023-03-24 06:00:43,1
2023-03-24 06:03:59,1
2023-03-24 06:07:14,1
2023-03-24 06:10:29,1
2023-03-24 06:13:45,1
2023-03-24 06:17:00,1
2023-03-24 06:20:15,1
2023-03-24 06:23:31,1
2023-03-24 06:26:46,1
2023-03-24 06:30:02,1
2023-03-24 06:33:17,1
2023-03-24 06:36:32,1
2023-03-24 06:39:47,1
2023-03-24 06:43:02,1
2023-03-24 06:46:18,1
2023-03-24 06:49:33,1
2023-03-24 06:52:49,1
2023-03-24 06:56:05,1
2023-03-24 06:59:21,1
2023-03-24 07:02:36,0
2023-03-24 07:05:51,0
2023-03-24 07:09:07,0
2023-03-24 07:12:22,0
2023-03-24 07:15:37,0
2023-03-24 07:18:52,0
2023-03-24 07:22:07,0
2023-03-24 07:25:23,0
2023-03-24 07:28:39,0
2023-03-24 07:31:53,0
2023-03-24 07:35:09,0
2023-03-24 07:38:25,0
2023-03-24 07:41:40,0
2023-03-24 07:44:55,1
2023-03-24 07:48:11,1
2023-03-24 07:51:26,1
2023-03-24 07:54:42,1
2023-03-24 07:57:57,1
2023-03-24 08:01:12,1
2023-03-24 08:04:27,1
2023-03-24 08:07:43,1
2023-03-24 08:10:59,1
2023-03-24 08:14:14,1
2023-03-24 08:17:30,1
2023-03-24 08:20:45,1
2023-03-24 08:24:00,1
2023-03-24 08:27:15,1
2023-03-24 08:30:31,1
2023-03-24 08:33:46,1
2023-03-24 08:37:02,1
2023-03-24 08:40:17,1
2023-03-24 08:43:32,1
2023-03-24 08:46:47,1
2023-03-24 08:50:03,1
2023-03-24 08:53:18,1
2023-03-24 08:56:34,1
2023-03-24 08:59:49,1
2023-03-24 09:03:04,1
2023-03-24 09:06:20,1
2023-03-24 09:09:36,1
2023-03-24 09:12:51,1
2023-03-24 09:16:06,1
2023-03-24 09:19:22,1
2023-03-24 09:22:37,1
2023-03-24 09:25:53,1
2023-03-24 09:29:08,1
2023-03-24 09:32:24,1
2023-03-24 09:35:40,1
2023-03-24 09:38:55,1
2023-03-24 09:42:10,1
2023-03-24 09:45:25,1
2023-03-24 09:48:41,1
2023-03-24 09:51:56,1
2023-03-24 09:55:11,1
2023-03-24 09:58:26,1
2023-03-24 10:01:42,1
2023-03-24 10:04:57,1
2023-03-24 10:08:12,1
2023-03-24 10:11:28,1
2023-03-24 10:14:43,1
2023-03-24 10:17:59,1
2023-03-24 10:21:15,1
2023-03-24 10:24:30,1
2023-03-24 10:27:46,1
2023-03-24 10:31:02,1
2023-03-24 10:34:17,1
2023-03-24 10:37:32,1
2023-03-24 10:40:48,1
2023-03-24 10:44:03,1
2023-03-24 10:47:19,1
2023-03-24 10:50:34,1
2023-03-24 10:53:49,1
2023-03-24 10:57:05,1
2023-03-24 11:00:20,1
2023-03-24 11:03:35,1
2023-03-24 11:06:51,1
2023-03-24 11:10:06,1
2023-03-24 11:13:22,1
2023-03-24 11:16:37,1
2023-03-24 11:19:53,1
2023-03-24 11:23:07,1
2023-03-24 11:26:23,1
2023-03-24 11:29:38,1
2023-03-24 11:32:54,1
2023-03-24 11:36:10,1
2023-03-24 11:39:25,1
2023-03-24 11:42:41,1
2023-03-24 11:45:56,1
2023-03-24 11:49:12,1
2023-03-24 11:52:27,1
2023-03-24 11:55:43,1
2023-03-24 11:58:59,1
2023-03-24 12:02:14,1
2023-03-24 12:05:30,1
2023-03-24 12:08:46,1
2023-03-24 12:12:01,1
2023-03-24 12:15:16,1
2023-03-24 12:18:31,0
2023-03-24 12:21:46,0
2023-03-24 12:25:02,0
2023-03-24 12:28:17,0
2023-03-24 12:31:32,0
2023-03-24 12:34:49,0
2023-03-24 12:38:04,0
2023-03-24 12:41:19,0
2023-03-24 12:44:35,0
2023-03-24 12:47:51,0
2023-03-24 12:51:06,0
2023-03-24 12:54:22,0
2023-03-24 12:57:37,0
2023-03-24 13:00:52,0
2023-03-24 13:04:08,0
2023-03-24 13:07:24,0
2023-03-24 13:10:39,0
2023-03-24 13:13:54,0
2023-03-24 13:17:10,0
2023-03-24 13:20:25,0
2023-03-24 13:23:41,0
2023-03-24 13:26:57,0
2023-03-24 13:30:12,0
2023-03-24 13:33:27,0
2023-03-24 13:36:42,0
2023-03-24 13:39:57,0
2023-03-24 13:43:13,0
2023-03-24 13:46:29,0
2023-03-24 13:49:44,0
2023-03-24 13:53:00,0
2023-03-24 13:56:15,0
2023-03-24 13:59:31,0
2023-03-24 14:02:46,1
2023-03-24 14:06:02,1
2023-03-24 14:09:18,1
2023-03-24 14:12:33,1
2023-03-24 14:15:49,1
2023-03-24 14:19:05,1
2023-03-24 14:22:20,1
2023-03-24 14:25:36,1
2023-03-24 14:28:51,1
2023-03-24 14:32:06,1
2023-03-24 14:35:22,0
2023-03-24 14:38:37,0
2023-03-24 14:41:53,0
2023-03-24 14:45:08,1
2023-03-24 14:48:23,1
2023-03-24 14:51:39,1
2023-03-24 14:54:53,0
2023-03-24 14:58:09,0
2023-03-24 15:01:24,0
2023-03-24 15:04:39,0
2023-03-24 15:07:54,0
2023-03-24 15:11:09,0
2023-03-24 15:14:25,0
2023-03-24 15:17:41,0
2023-03-24 15:20:56,0
2023-03-24 15:24:11,0
2023-03-24 15:27:26,0
2023-03-24 15:30:42,0
2023-03-24 15:33:57,0
2023-03-24 15:37:13,0
2023-03-24 15:40:29,0
2023-03-24 15:43:45,0
2023-03-24 15:47:01,0
2023-03-24 15:50:17,0
2023-03-24 15:53:32,0
2023-03-24 15:56:48,0
2023-03-24 16:00:03,0
2023-03-24 16:03:19,0
2023-03-24 16:06:35,0
2023-03-24 16:09:50,0
2023-03-24 16:13:06,0
2023-03-24 16:16:21,0
2023-03-24 16:19:37,0
2023-03-24 16:22:53,0
2023-03-24 16:26:08,0
2023-03-24 16:29:24,0
2023-03-24 16:32:39,0
2023-03-24 16:35:55,0
2023-03-24 16:39:11,0
2023-03-24 16:42:26,0
2023-03-24 16:45:42,0
2023-03-24 16:48:58,0
2023-03-24 16:52:13,1
2023-03-24 16:55:29,1
2023-03-24 16:58:44,1
2023-03-24 17:01:59,0
2023-03-24 17:05:14,0
2023-03-24 17:08:30,0
2023-03-24 17:11:46,1
2023-03-24 17:15:01,1
2023-03-24 17:18:17,1
2023-03-24 17:21:32,1
2023-03-24 17:24:47,1
2023-03-24 17:28:03,1
2023-03-24 17:31:19,1
2023-03-24 17:34:35,1
2023-03-24 17:37:51,1
2023-03-24 17:41:06,1
2023-03-24 17:44:21,1
2023-03-24 17:47:36,1
2023-03-24 17:50:52,1
2023-03-24 17:54:08,1
2023-03-24 17:57:23,1
2023-03-24 18:00:39,1
2023-03-24 18:03:55,1
2023-03-24 18:07:10,0
2023-03-24 18:10:26,0
2023-03-24 18:13:41,0
2023-03-24 18:16:57,1
2023-03-24 18:20:13,1
2023-03-24 18:23:29,1
2023-03-24 18:26:45,0
2023-03-24 18:30:00,0
2023-03-24 18:33:15,0
2023-03-24 18:36:31,1
2023-03-24 18:39:46,1
2023-03-24 18:43:02,1
2023-03-24 18:46:17,1
2023-03-24 18:49:33,1
2023-03-24 18:52:48,1
2023-03-24 18:56:03,1
2023-03-24 18:59:19,1
2023-03-24 19:02:35,1
2023-03-24 19:05:50,1
2023-03-24 19:09:05,1
2023-03-24 19:12:21,1
2023-03-24 19:15:37,1
2023-03-24 19:18:52,0
2023-03-24 19:22:08,0
2023-03-24 19:25:24,0
2023-03-24 19:28:40,0
2023-03-24 19:31:55,0
2023-03-24 19:35:10,0
2023-03-24 19:38:25,0
2023-03-24 19:41:40,0
2023-03-24 19:44:56,0
2023-03-24 19:48:12,0
2023-03-24 19:51:27,0
2023-03-24 19:54:43,0
2023-03-24 19:57:58,0
2023-03-24 20:01:13,0
2023-03-24 20:04:29,0
2023-03-24 20:07:44,0
2023-03-24 20:11:00,0
2023-03-24 20:14:15,0
2023-03-24 20:17:31,0
2023-03-24 20:20:47,0
2023-03-24 20:24:02,0
2023-03-24 20:27:18,0
2023-03-24 20:30:34,0
2023-03-24 20:33:50,0
2023-03-24 20:37:05,0
2023-03-24 20:40:21,0
2023-03-24 20:43:36,0
2023-03-24 20:46:52,0
2023-03-24 20:50:07,0
2023-03-24 20:53:22,0
2023-03-24 20:56:37,0
2023-03-24 20:59:53,0
2023-03-24 21:03:09,0
2023-03-24 21:06:24,0
2023-03-24 21:09:40,0
2023-03-24 21:12:56,0
2023-03-24 21:16:12,0
2023-03-24 21:19:28,0
2023-03-24 21:22:43,0
2023-03-24 21:25:58,0
2023-03-24 21:29:14,0
2023-03-24 21:32:29,0
2023-03-24 21:35:46,0
2023-03-24 21:39:01,0
2023-03-24 21:42:17,0
2023-03-24 21:45:32,0
2023-03-24 21:48:48,0
2023-03-24 21:52:03,0
2023-03-24 21:55:19,0
2023-03-24 21:58:34,0
2023-03-24 22:01:50,0
2023-03-24 22:05:05,0
2023-03-24 22:08:20,0
2023-03-24 22:11:35,0
2023-03-24 22:14:51,0
2023-03-24 22:18:06,0
2023-03-24 22:21:21,0
2023-03-24 22:24:36,0
2023-03-24 22:27:51,0
2023-03-24 22:31:07,0
2023-03-24 22:34:23,0
2023-03-24 22:37:38,0
2023-03-24 22:40:53,0
2023-03-24 22:44:09,0
2023-03-24 22:47:25,0
2023-03-24 22:50:39,0
2023-03-24 22:53:55,0
2023-03-24 22:57:11,0
2023-03-24 23:00:26,0
2023-03-24 23:03:42,0
2023-03-24 23:06:57,0
2023-03-24 23:10:12,0
2023-03-24 23:13:27,0
2023-03-24 23:16:43,0
2023-03-24 23:19:58,0
2023-03-24 23:23:14,0
2023-03-24 23:26:30,0
2023-03-24 23:29:45,0
2023-03-24 23:33:00,0
2023-03-24 23:36:16,0
2023-03-24 23:39:31,0
2023-03-24 23:42:46,0
2023-03-24 23:46:01,0
2023-03-24 23:49:17,0
2023-03-24 23:52:33,0
2023-03-24 23:55:48,0
2023-03-24 23:59:03,0
2023-03-25 00:02:19,0
2023-03-25 00:05:35,0
2023-03-25 00:08:51,0
2023-03-25 00:12:05,0
2023-03-25 00:15:21,0
2023-03-25 00:18:37,0
2023-03-25 00:21:52,0
2023-03-25 00:25:08,1
2023-03-25 00:28:24,1
2023-03-25 00:31:39,1
2023-03-25 00:34:54,1
2023-03-25 00:38:10,1
2023-03-25 00:41:25,1
2023-03-25 00:44:40,0
2023-03-25 00:47:55,0
2023-03-25 00:51:11,0
2023-03-25 00:54:25,1
2023-03-25 00:57:41,1
2023-03-25 01:00:57,1
2023-03-25 01:04:12,1
2023-03-25 01:07:27,1
2023-03-25 01:10:43,1
2023-03-25 01:14:05,1
2023-03-25 01:17:21,1
2023-03-25 01:20:40,1
2023-03-25 01:23:56,1
2023-03-25 01:27:11,1
2023-03-25 01:30:26,1
2023-03-25 01:33:41,1
2023-03-25 01:36:57,1
2023-03-25 01:40:12,1
2023-03-25 01:43:28,1
2023-03-25 01:46:43,1
2023-03-25 01:50:04,1
2023-03-25 01:53:19,1
2023-03-25 01:56:35,1
2023-03-25 01:59:51,1
2023-03-25 02:03:06,1
2023-03-25 02:06:22,1
2023-03-25 02:09:37,1
2023-03-25 02:12:53,1
2023-03-25 02:16:08,1
2023-03-25 02:19:24,1
2023-03-25 02:22:39,1
2023-03-25 02:25:55,1
2023-03-25 02:29:10,1
2023-03-25 02:32:26,0
2023-03-25 02:35:41,0
2023-03-25 02:38:56,0
2023-03-25 02:42:11,1
2023-03-25 02:45:27,1
2023-03-25 02:48:43,1
2023-03-25 02:51:58,1
2023-03-25 02:55:14,1
2023-03-25 02:58:29,1
2023-03-25 03:01:44,1
2023-03-25 03:04:59,1
2023-03-25 03:08:15,1
2023-03-25 03:11:31,1
2023-03-25 03:14:46,1
2023-03-25 03:18:02,1
2023-03-25 03:21:17,1
2023-03-25 03:24:32,1
2023-03-25 03:27:47,1
2023-03-25 03:31:03,1
2023-03-25 03:34:18,1
2023-03-25 03:37:33,1
2023-03-25 03:40:49,1
2023-03-25 03:44:05,1
2023-03-25 03:47:20,1
2023-03-25 03:50:36,1
2023-03-25 03:53:51,1
2023-03-25 03:57:06,1
2023-03-25 04:00:22,1
2023-03-25 04:03:37,1
2023-03-25 04:06:53,1
2023-03-25 04:10:09,1
2023-03-25 04:13:24,1
2023-03-25 04:16:39,1
2023-03-25 04:19:58,1
2023-03-25 04:23:14,1
2023-03-25 04:26:29,1
2023-03-25 04:29:44,1
2023-03-25 04:32:59,1
2023-03-25 04:36:15,1
2023-03-25 04:39:30,1
2023-03-25 04:42:45,1
2023-03-25 04:46:00,1
2023-03-25 04:49:17,1
2023-03-25 04:52:32,1
2023-03-25 04:55:47,1
2023-03-25 04:59:02,1
2023-03-25 05:02:17,1
2023-03-25 05:05:33,1
2023-03-25 05:08:47,1
2023-03-25 05:12:02,1
2023-03-25 05:15:19,1
2023-03-25 05:18:34,1
2023-03-25 05:21:49,1
2023-03-25 05:25:05,1
2023-03-25 05:28:20,1
2023-03-25 05:31:36,1
2023-03-25 05:34:51,1
2023-03-25 05:38:07,1
2023-03-25 05:41:22,1
2023-03-25 05:44:37,1
2023-03-25 05:47:53,1
2023-03-25 05:51:08,1
2023-03-25 05:54:23,1
2023-03-25 05:57:39,1
2023-03-25 06:00:54,1
2023-03-25 06:04:09,1
2023-03-25 06:07:25,1
2023-03-25 06:10:40,1
2023-03-25 06:13:56,1
2023-03-25 06:17:11,1
2023-03-25 06:20:27,1
2023-03-25 06:23:41,1
2023-03-25 06:27:02,1
2023-03-25 06:30:18,1
2023-03-25 06:33:33,1
2023-03-25 06:36:48,1
2023-03-25 06:40:04,1
2023-03-25 06:43:19,1
2023-03-25 06:46:34,1
2023-03-25 06:49:50,1
2023-03-25 06:53:05,1
2023-03-25 06:56:20,1
2023-03-25 06:59:35,1
2023-03-25 07:02:50,1
2023-03-25 07:06:05,1
2023-03-25 07:09:21,1
2023-03-25 07:12:36,1
2023-03-25 07:15:51,0
2023-03-25 07:19:07,0
2023-03-25 07:22:22,0
2023-03-25 07:25:37,1
2023-03-25 07:28:53,1
2023-03-25 07:32:09,1
2023-03-25 07:35:25,1
2023-03-25 07:38:40,1
2023-03-25 07:41:56,1
2023-03-25 07:45:11,1
2023-03-25 07:48:27,1
2023-03-25 07:51:42,1
2023-03-25 07:54:57,1
2023-03-25 07:58:13,1
2023-03-25 08:01:28,1
2023-03-25 08:04:44,1
2023-03-25 08:07:59,0
2023-03-25 08:11:15,0
2023-03-25 08:14:29,0
2023-03-25 08:17:44,0
2023-03-25 08:21:00,0
2023-03-25 08:24:15,0
2023-03-25 08:27:31,0
2023-03-25 08:30:46,0
2023-03-25 08:34:02,0
2023-03-25 08:37:17,0
2023-03-25 08:40:33,1
2023-03-25 08:43:48,1
2023-03-25 08:47:03,1
2023-03-25 08:50:18,1
2023-03-25 08:53:34,1
2023-03-25 08:56:49,1
2023-03-25 09:00:04,1
2023-03-25 09:03:19,1
2023-03-25 09:06:35,1
2023-03-25 09:09:50,0
2023-03-25 09:13:07,0
2023-03-25 09:16:22,0
2023-03-25 09:19:37,0
2023-03-25 09:22:53,0
2023-03-25 09:26:09,0
2023-03-25 09:29:24,0
2023-03-25 09:32:39,0
2023-03-25 09:35:55,0
2023-03-25 09:39:11,0
2023-03-25 09:42:26,0
2023-03-25 09:45:41,0
2023-03-25 09:48:57,0
2023-03-25 09:52:12,0
2023-03-25 09:55:28,0
2023-03-25 09:58:43,0
2023-03-25 10:01:58,0
2023-03-25 10:05:14,0
2023-03-25 10:08:29,0
2023-03-25 10:11:45,0
2023-03-25 10:15:00,0
2023-03-25 10:18:16,0
2023-03-25 10:21:32,0
2023-03-25 10:24:47,1
2023-03-25 10:28:02,1
2023-03-25 10:31:18,1
2023-03-25 10:34:33,1
2023-03-25 10:37:48,1
2023-03-25 10:41:03,1
2023-03-25 10:44:19,1
2023-03-25 10:47:34,1
2023-03-25 10:50:50,1
2023-03-25 10:54:05,1
2023-03-25 10:57:21,1
2023-03-25 11:00:36,1
2023-03-25 11:03:51,1
2023-03-25 11:07:06,1
2023-03-25 11:10:21,1
2023-03-25 11:13:36,1
2023-03-25 11:16:51,0
2023-03-25 11:20:06,0
2023-03-25 11:23:21,0
2023-03-25 11:26:37,0
2023-03-25 11:29:53,0
2023-03-25 11:33:08,0
2023-03-25 11:36:23,0
2023-03-25 11:39:38,0
2023-03-25 11:42:54,0
2023-03-25 11:46:09,0
2023-03-25 11:49:24,0
2023-03-25 11:52:39,0
2023-03-25 11:55:54,0
2023-03-25 11:59:09,1
2023-03-25 12:02:25,1
2023-03-25 12:05:40,1
2023-03-25 12:08:56,0
2023-03-25 12:12:11,0
2023-03-25 12:15:27,0
2023-03-25 12:18:43,0
2023-03-25 12:21:59,1
2023-03-25 12:25:14,1
2023-03-25 12:28:30,1
2023-03-25 12:31:45,1
2023-03-25 12:35:01,1
2023-03-25 12:38:16,1
2023-03-25 12:41:31,1
2023-03-25 12:44:47,1
2023-03-25 12:48:02,1
2023-03-25 12:51:18,1
2023-03-25 12:54:33,1
2023-03-25 12:57:48,1
2023-03-25 13:01:03,1
2023-03-25 13:04:19,1
2023-03-25 13:07:35,1
2023-03-25 13:10:51,1
2023-03-25 13:14:08,1
2023-03-25 13:17:23,1
2023-03-25 13:20:38,1
2023-03-25 13:23:54,1
2023-03-25 13:27:10,1
2023-03-25 13:30:26,1
2023-03-25 13:33:41,1
2023-03-25 13:36:57,1
2023-03-25 13:40:12,1
2023-03-25 13:43:27,1
2023-03-25 13:46:43,1
2023-03-25 13:49:58,1
2023-03-25 13:53:14,1
2023-03-25 13:56:31,1
2023-03-25 13:59:47,1
2023-03-25 14:03:02,1
2023-03-25 14:06:17,1
2023-03-25 14:09:32,1
2023-03-25 14:12:47,1
2023-03-25 14:16:03,1
2023-03-25 14:19:19,1
2023-03-25 14:22:34,1
2023-03-25 14:25:49,1
2023-03-25 14:29:05,1
2023-03-25 14:32:20,1
2023-03-25 14:35:36,1
2023-03-25 14:38:51,1
2023-03-25 14:42:07,1
2023-03-25 14:45:22,1
2023-03-25 14:48:38,1
2023-03-25 14:51:53,1
2023-03-25 14:55:09,1
2023-03-25 14:58:24,1
2023-03-25 15:01:40,1
2023-03-25 15:04:55,1
2023-03-25 15:08:11,1
2023-03-25 15:11:26,1
2023-03-25 15:14:41,1
2023-03-25 15:17:57,1
2023-03-25 15:21:12,1
2023-03-25 15:24:27,1
2023-03-25 15:27:43,1
2023-03-25 15:30:59,1
2023-03-25 15:34:15,1
2023-03-25 15:37:31,1
2023-03-25 15:40:46,1
2023-03-25 15:44:02,1
2023-03-25 15:47:17,1
2023-03-25 15:50:33,1
2023-03-25 15:53:48,1
2023-03-25 15:57:04,1
2023-03-25 16:00:19,1
2023-03-25 16:03:35,1
2023-03-25 16:06:51,1
2023-03-25 16:10:07,1
2023-03-25 16:13:23,1
2023-03-25 16:16:38,1
2023-03-25 16:19:53,1
2023-03-25 16:23:09,1
2023-03-25 16:26:25,1
2023-03-25 16:29:40,1
2023-03-25 16:32:55,1
2023-03-25 16:36:11,1
2023-03-25 16:39:27,1
2023-03-25 16:42:42,1
2023-03-25 16:45:58,1
2023-03-25 16:49:13,1
2023-03-25 16:52:28,1
2023-03-25 16:55:43,1
2023-03-25 16:58:59,1
2023-03-25 17:02:15,1
2023-03-25 17:05:30,1
2023-03-25 17:08:45,1
2023-03-25 17:12:01,1
2023-03-25 17:15:17,1
2023-03-25 17:18:32,1
2023-03-25 17:21:47,1
2023-03-25 17:25:03,1
2023-03-25 17:28:19,1
2023-03-25 17:31:34,1
2023-03-25 17:34:49,1
2023-03-25 17:38:04,1
2023-03-25 17:41:19,1
2023-03-25 17:44:35,1
2023-03-25 17:47:51,1
2023-03-25 17:51:06,1
2023-03-25 17:54:21,1
2023-03-25 17:57:36,1
2023-03-25 18:00:51,1
2023-03-25 18:04:06,1
2023-03-25 18:07:22,1
2023-03-25 18:10:37,1
2023-03-25 18:13:53,1
2023-03-25 18:17:08,1
2023-03-25 18:20:24,1
2023-03-25 18:23:39,1
2023-03-25 18:26:55,1
2023-03-25 18:30:11,1
2023-03-25 18:33:26,1
2023-03-25 18:36:41,1
2023-03-25 18:39:56,1
2023-03-25 18:43:11,1
2023-03-25 18:46:27,1
2023-03-25 18:49:42,1
2023-03-25 18:52:58,1
2023-03-25 18:56:14,1
2023-03-25 18:59:30,1
2023-03-25 19:02:45,1
2023-03-25 19:06:00,1
2023-03-25 19:09:15,1
2023-03-25 19:12:31,1
2023-03-25 19:15:46,1
2023-03-25 19:19:01,1
2023-03-25 19:22:17,1
2023-03-25 19:25:32,1
2023-03-25 19:28:48,1
2023-03-25 19:32:04,1
2023-03-25 19:35:19,1
2023-03-25 19:38:34,1
2023-03-25 19:41:50,1
2023-03-25 19:45:06,1
2023-03-25 19:48:21,1
2023-03-25 19:51:36,1
2023-03-25 19:54:51,1
2023-03-25 19:58:07,1
2023-03-25 20:01:22,1
2023-03-25 20:04:37,1
2023-03-25 20:07:53,1
2023-03-25 20:11:08,1
2023-03-25 20:14:24,1
2023-03-25 20:17:39,1
2023-03-25 20:20:54,1
2023-03-25 20:24:10,1
2023-03-25 20:27:25,1
2023-03-25 20:30:41,1
2023-03-25 20:33:56,1
2023-03-25 20:37:12,1
2023-03-25 20:40:27,1
2023-03-25 20:43:42,1
2023-03-25 20:46:58,1
2023-03-25 20:50:14,1
2023-03-25 20:53:29,1
2023-03-25 20:56:45,1
2023-03-25 21:00:01,1
2023-03-25 21:03:16,1
2023-03-25 21:06:32,1
2023-03-25 21:09:48,1
2023-03-25 21:13:04,1
2023-03-25 21:16:19,1
2023-03-25 21:19:35,1
2023-03-25 21:22:50,1
2023-03-25 21:26:06,1
2023-03-25 21:29:21,1
2023-03-25 21:32:37,1
2023-03-25 21:35:53,1
2023-03-25 21:39:09,1
2023-03-25 21:42:25,1
2023-03-25 21:45:41,1
2023-03-25 21:48:56,1
2023-03-25 21:52:12,1
2023-03-25 21:55:27,1
2023-03-25 21:58:42,1
2023-03-25 22:01:58,1
2023-03-25 22:05:13,1
2023-03-25 22:08:29,1
2023-03-25 22:11:44,1
2023-03-25 22:14:59,1
2023-03-25 22:18:15,1
2023-03-25 22:21:30,1
2023-03-25 22:24:46,1
2023-03-25 22:28:01,1
2023-03-25 22:31:17,1
2023-03-25 22:34:31,1
2023-03-25 22:37:47,1
2023-03-25 22:41:01,1
2023-03-25 22:44:18,1
2023-03-25 22:47:33,1
2023-03-25 22:50:49,1
2023-03-25 22:54:05,1
2023-03-25 22:57:20,1
2023-03-25 23:00:36,1
2023-03-25 23:03:52,1
2023-03-25 23:07:08,1
2023-03-25 23:10:23,1
2023-03-25 23:13:38,1
2023-03-25 23:16:53,1
2023-03-25 23:20:08,1
2023-03-25 23:23:23,1
2023-03-25 23:26:38,1
2023-03-25 23:29:54,1
2023-03-25 23:33:10,1
2023-03-25 23:36:25,1
2023-03-25 23:39:41,1
2023-03-25 23:42:56,1
2023-03-25 23:46:12,1
2023-03-25 23:49:27,1
2023-03-25 23:52:43,1
2023-03-25 23:55:59,1
2023-03-25 23:59:15,1
2023-03-26 00:02:30,1
2023-03-26 00:05:45,1
2023-03-26 00:09:01,1
2023-03-26 00:12:16,1
2023-03-26 00:15:33,1
2023-03-26 00:18:49,1
2023-03-26 00:22:04,1
2023-03-26 00:25:19,1
2023-03-26 00:28:35,1
2023-03-26 00:31:50,1
2023-03-26 00:35:06,1
2023-03-26 00:38:21,1
2023-03-26 00:41:37,1
2023-03-26 00:44:52,1
2023-03-26 00:48:08,1
2023-03-26 00:51:23,1
2023-03-26 00:54:39,1
2023-03-26 00:57:54,1
2023-03-26 01:01:10,1
2023-03-26 01:04:25,1
2023-03-26 01:07:48,1
2023-03-26 01:11:04,1
2023-03-26 01:14:20,1
2023-03-26 01:17:35,1
2023-03-26 01:20:51,1
2023-03-26 01:24:06,1
2023-03-26 01:27:21,1
2023-03-26 01:30:37,1
2023-03-26 01:33:52,1
2023-03-26 01:37:08,1
2023-03-26 01:40:23,1
2023-03-26 01:43:39,1
2023-03-26 01:46:54,1
2023-03-26 01:50:16,1
2023-03-26 01:53:31,1
2023-03-26 01:56:47,1
2023-03-26 02:00:03,1
2023-03-26 02:03:18,1
2023-03-26 02:06:33,1
2023-03-26 02:09:49,1
2023-03-26 02:13:04,1
2023-03-26 02:16:20,1
2023-03-26 02:19:35,1
2023-03-26 02:22:50,1
2023-03-26 02:26:06,1
2023-03-26 02:29:21,1
2023-03-26 02:32:37,1
2023-03-26 02:35:53,1
2023-03-26 02:39:08,1
2023-03-26 02:42:24,1
2023-03-26 02:45:39,1
2023-03-26 02:48:55,1
2023-03-26 02:52:11,1
2023-03-26 02:55:26,1
2023-03-26 02:58:42,1
2023-03-26 03:01:58,1
2023-03-26 03:05:13,1
2023-03-26 03:08:34,1
2023-03-26 03:11:50,1
2023-03-26 03:15:06,1
2023-03-26 03:18:22,1
2023-03-26 03:21:37,1
2023-03-26 03:24:52,1
2023-03-26 03:28:08,1
2023-03-26 03:31:23,1
2023-03-26 03:34:39,1
2023-03-26 03:37:55,1
2023-03-26 03:41:10,1
2023-03-26 03:44:26,1
2023-03-26 03:47:41,1
2023-03-26 03:50:57,1
2023-03-26 03:54:12,1
2023-03-26 03:57:27,1
2023-03-26 04:00:43,1
2023-03-26 04:03:58,1
2023-03-26 04:07:14,1
2023-03-26 04:10:28,1
2023-03-26 04:13:44,1
2023-03-26 04:17:00,1
2023-03-26 04:20:15,1
2023-03-26 04:23:31,1
2023-03-26 04:26:46,1
2023-03-26 04:30:02,1
2023-03-26 04:33:17,1
2023-03-26 04:36:33,1
2023-03-26 04:39:48,1
2023-03-26 04:43:03,1
2023-03-26 04:46:19,1
2023-03-26 04:49:34,1
2023-03-26 04:52:50,1
2023-03-26 04:56:05,1
2023-03-26 04:59:21,1
2023-03-26 05:02:36,1
2023-03-26 05:05:52,1
2023-03-26 05:09:07,1
2023-03-26 05:12:22,1
2023-03-26 05:15:38,1
2023-03-26 05:18:54,1
2023-03-26 05:22:09,1
2023-03-26 05:25:25,1
2023-03-26 05:28:40,1
2023-03-26 05:31:56,1
2023-03-26 05:35:12,1
2023-03-26 05:38:27,1
2023-03-26 05:41:43,1
2023-03-26 05:44:58,1
2023-03-26 05:48:14,1
2023-03-26 05:51:29,1
2023-03-26 05:54:45,1
2023-03-26 05:58:00,1
2023-03-26 06:01:16,1
2023-03-26 06:04:31,1
2023-03-26 06:07:46,1
2023-03-26 06:11:01,1
2023-03-26 06:14:17,1
2023-03-26 06:17:33,1
2023-03-26 06:20:48,1
2023-03-26 06:24:03,1
2023-03-26 06:27:19,1
2023-03-26 06:30:34,1
2023-03-26 06:33:50,1
2023-03-26 06:37:04,1
2023-03-26 06:40:20,1
2023-03-26 06:43:36,1
2023-03-26 06:46:52,1
2023-03-26 06:50:07,1
2023-03-26 06:53:23,1
2023-03-26 06:56:39,1
2023-03-26 06:59:54,1
2023-03-26 07:03:09,1
2023-03-26 07:06:25,1
2023-03-26 07:09:40,1
2023-03-26 07:12:56,1
2023-03-26 07:16:11,1
2023-03-26 07:19:26,1
2023-03-26 07:22:42,1
2023-03-26 07:25:56,1
2023-03-26 07:29:12,1
2023-03-26 07:32:27,1
2023-03-26 07:35:42,1
2023-03-26 07:38:57,1
2023-03-26 07:42:13,1
2023-03-26 07:45:28,1
2023-03-26 07:48:44,1
2023-03-26 07:51:59,1
2023-03-26 07:55:14,1
2023-03-26 07:58:29,1
2023-03-26 08:01:44,1
2023-03-26 08:04:59,1
2023-03-26 08:08:14,1
2023-03-26 08:11:30,1
2023-03-26 08:14:45,1
2023-03-26 08:18:01,1
2023-03-26 08:21:16,1
2023-03-26 08:24:32,1
2023-03-26 08:27:47,1
2023-03-26 08:31:03,1
2023-03-26 08:34:18,1
2023-03-26 08:37:34,1
2023-03-26 08:40:49,1
2023-03-26 08:44:05,1
2023-03-26 08:47:21,1
2023-03-26 08:50:37,1
2023-03-26 08:53:52,1
2023-03-26 08:57:07,1
2023-03-26 09:00:23,1
2023-03-26 09:03:38,0
2023-03-26 09:06:53,0
2023-03-26 09:10:09,0
2023-03-26 09:13:24,0
2023-03-26 09:16:39,0
2023-03-26 09:19:55,0
2023-03-26 09:23:10,0
2023-03-26 09:26:26,0
2023-03-26 09:29:41,0
2023-03-26 09:32:57,1
2023-03-26 09:36:12,1
2023-03-26 09:39:28,1
2023-03-26 09:42:43,1
2023-03-26 09:45:58,1
2023-03-26 09:49:13,1
2023-03-26 09:52:29,1
2023-03-26 09:55:44,1
2023-03-26 09:58:59,1
2023-03-26 10:02:15,1
2023-03-26 10:05:31,1
2023-03-26 10:08:46,1
2023-03-26 10:12:02,1
2023-03-26 10:15:17,1
2023-03-26 10:18:33,1
2023-03-26 10:21:48,1
2023-03-26 10:25:04,1
2023-03-26 10:28:19,1
2023-03-26 10:31:35,1
2023-03-26 10:34:50,1
2023-03-26 10:38:05,1
2023-03-26 10:41:21,1
2023-03-26 10:44:36,1
2023-03-26 10:47:51,1
2023-03-26 10:51:06,1
2023-03-26 10:54:22,1
2023-03-26 10:57:37,1
2023-03-26 11:00:52,1
2023-03-26 11:04:08,1
2023-03-26 11:07:23,1
2023-03-26 11:10:38,1
2023-03-26 11:13:54,1
2023-03-26 11:17:09,1
2023-03-26 11:20:25,1
2023-03-26 11:23:40,1
2023-03-26 11:26:56,1
2023-03-26 11:30:11,1
2023-03-26 11:33:26,1
2023-03-26 11:36:41,1
2023-03-26 11:39:57,1
2023-03-26 11:43:12,1
2023-03-26 11:46:27,1
2023-03-26 11:49:43,1
2023-03-26 11:52:58,1
2023-03-26 11:56:14,1
2023-03-26 11:59:29,1
2023-03-26 12:02:44,1
2023-03-26 12:06:00,1
2023-03-26 12:09:15,1
2023-03-26 12:12:30,1
2023-03-26 12:15:46,1
2023-03-26 12:19:01,1
2023-03-26 12:22:16,1
2023-03-26 12:25:31,1
2023-03-26 12:28:47,1
2023-03-26 12:32:09,1
2023-03-26 12:35:24,1
2023-03-26 12:38:40,1
2023-03-26 12:41:55,1
2023-03-26 12:45:10,1
2023-03-26 12:48:26,1
2023-03-26 12:51:42,1
2023-03-26 12:54:57,1
2023-03-26 12:58:13,1
2023-03-26 13:01:28,1
2023-03-26 13:04:44,1
2023-03-26 13:08:00,1
2023-03-26 13:11:16,1
2023-03-26 13:14:31,1
2023-03-26 13:17:47,1
2023-03-26 13:21:02,1
2023-03-26 13:24:17,1
2023-03-26 13:27:32,1
2023-03-26 13:30:48,1
2023-03-26 13:34:03,1
2023-03-26 13:37:18,1
2023-03-26 13:40:34,1
2023-03-26 13:43:49,1
2023-03-26 13:47:05,1
2023-03-26 13:50:20,1
2023-03-26 13:53:36,1
2023-03-26 13:56:51,1
2023-03-26 14:00:07,1
2023-03-26 14:03:22,1
2023-03-26 14:06:38,1
2023-03-26 14:09:53,1
2023-03-26 14:13:09,1
2023-03-26 14:16:24,1
2023-03-26 14:19:39,1
2023-03-26 14:22:55,1
2023-03-26 14:26:10,1
2023-03-26 14:29:26,1
2023-03-26 14:32:41,1
2023-03-26 14:35:57,1
2023-03-26 14:39:12,1
2023-03-26 14:42:27,1
2023-03-26 14:45:43,1
2023-03-26 14:49:03,1
2023-03-26 14:52:19,1
2023-03-26 14:55:34,1
2023-03-26 14:58:50,1
2023-03-26 15:02:06,1
2023-03-26 15:05:29,1
2023-03-26 15:08:44,1
2023-03-26 15:11:59,1
2023-03-26 15:15:14,1
2023-03-26 15:18:30,1
2023-03-26 15:21:45,1
2023-03-26 15:25:01,1
2023-03-26 15:28:17,1
2023-03-26 15:31:41,1
2023-03-26 15:34:57,1
2023-03-26 15:38:13,1
2023-03-26 15:41:28,1
2023-03-26 15:44:43,1
2023-03-26 15:47:58,1
2023-03-26 15:51:13,1
2023-03-26 15:54:29,1
2023-03-26 15:57:44,1
2023-03-26 16:00:59,1
2023-03-26 16:04:14,1
2023-03-26 16:07:30,1
2023-03-26 16:10:46,1
2023-03-26 16:14:01,1
2023-03-26 16:17:16,1
2023-03-26 16:20:32,1
2023-03-26 16:23:47,1
2023-03-26 16:27:03,1
2023-03-26 16:30:19,1
2023-03-26 16:33:34,1
2023-03-26 16:36:49,1
2023-03-26 16:40:05,1
2023-03-26 16:43:20,1
2023-03-26 16:46:35,1
2023-03-26 16:49:51,1
2023-03-26 16:53:07,1
2023-03-26 16:56:23,1
2023-03-26 16:59:38,1
2023-03-26 17:02:53,1
2023-03-26 17:06:09,1
2023-03-26 17:09:24,1
2023-03-26 17:12:39,1
2023-03-26 17:15:55,1
2023-03-26 17:19:10,1
2023-03-26 17:22:26,1
2023-03-26 17:25:41,1
2023-03-26 17:28:57,1
2023-03-26 17:32:17,1
2023-03-26 17:35:32,1
2023-03-26 17:38:48,1
2023-03-26 17:42:03,1
2023-03-26 17:45:19,1
2023-03-26 17:48:34,1
2023-03-26 17:51:49,1
2023-03-26 17:55:05,1
2023-03-26 17:58:20,1
2023-03-26 18:01:36,1
2023-03-26 18:04:51,1
2023-03-26 18:08:06,1
2023-03-26 18:11:22,1
2023-03-26 18:14:37,1
2023-03-26 18:17:53,1
2023-03-26 18:21:09,1
2023-03-26 18:24:25,1
2023-03-26 18:27:40,1
2023-03-26 18:30:55,1
2023-03-26 18:34:10,1
2023-03-26 18:37:26,1
2023-03-26 18:40:42,1
2023-03-26 18:43:57,1
2023-03-26 18:47:13,1
2023-03-26 18:50:28,1
2023-03-26 18:53:44,1
2023-03-26 18:57:00,1
2023-03-26 19:00:15,1
2023-03-26 19:03:31,1
2023-03-26 19:06:46,1
2023-03-26 19:10:01,1
2023-03-26 19:13:17,1
2023-03-26 19:16:33,1
2023-03-26 19:19:48,1
2023-03-26 19:23:04,1
2023-03-26 19:26:19,1
2023-03-26 19:29:35,1
2023-03-26 19:32:50,1
2023-03-26 19:36:06,1
2023-03-26 19:39:21,1
2023-03-26 19:42:36,1
2023-03-26 19:45:51,1
2023-03-26 19:49:07,1
2023-03-26 19:52:23,1
2023-03-26 19:55:38,1
2023-03-26 19:58:54,1
2023-03-26 20:02:09,1
2023-03-26 20:05:25,1
2023-03-26 20:08:41,1
2023-03-26 20:11:56,1
2023-03-26 20:15:11,1
2023-03-26 20:18:27,1
2023-03-26 20:21:43,1
2023-03-26 20:24:58,1
2023-03-26 20:28:13,1
2023-03-26 20:31:29,1
2023-03-26 20:34:44,1
2023-03-26 20:37:59,1
2023-03-26 20:41:14,1
2023-03-26 20:44:30,1
2023-03-26 20:47:45,1
2023-03-26 20:51:00,1
2023-03-26 20:54:15,1
2023-03-26 20:57:31,1
2023-03-26 21:00:46,1
2023-03-26 21:04:02,1
2023-03-26 21:07:18,1
2023-03-26 21:10:33,1
2023-03-26 21:13:49,1
2023-03-26 21:17:04,1
2023-03-26 21:20:19,1
2023-03-26 21:23:34,1
2023-03-26 21:26:50,1
2023-03-26 21:30:05,1
2023-03-26 21:33:20,1
2023-03-26 21:36:35,1
2023-03-26 21:39:50,1
2023-03-26 21:43:05,1
2023-03-26 21:46:21,1
2023-03-26 21:49:36,1
2023-03-26 21:52:51,1
2023-03-26 21:56:06,1
2023-03-26 21:59:20,1
2023-03-26 22:02:36,1
2023-03-26 22:05:51,1
2023-03-26 22:09:06,1
2023-03-26 22:12:21,1
2023-03-26 22:15:37,1
2023-03-26 22:18:53,1
2023-03-26 22:22:09,1
2023-03-26 22:25:24,1
2023-03-26 22:28:39,1
2023-03-26 22:31:54,1
2023-03-26 22:35:09,1
2023-03-26 22:38:25,1
2023-03-26 22:41:40,1
2023-03-26 22:44:54,1
2023-03-26 22:48:09,1
2023-03-26 22:51:25,1
2023-03-26 22:54:40,1
2023-03-26 22:57:55,1
2023-03-26 23:01:10,1
2023-03-26 23:04:25,1
2023-03-26 23:07:41,1
2023-03-26 23:10:56,1
2023-03-26 23:14:12,1
2023-03-26 23:17:27,1
2023-03-26 23:20:43,1
2023-03-26 23:23:58,1
2023-03-26 23:27:13,1
2023-03-26 23:30:29,1
2023-03-26 23:33:44,1
2023-03-26 23:36:59,1
2023-03-26 23:40:15,1
2023-03-26 23:43:30,1
2023-03-26 23:46:46,1
2023-03-26 23:50:01,1
2023-03-26 23:53:16,1
2023-03-26 23:56:32,1
2023-03-26 23:59:48,1
2023-03-27 00:03:03,1
2023-03-27 00:06:18,1
2023-03-27 00:09:33,1
2023-03-27 00:12:49,1
2023-03-27 00:16:04,1
2023-03-27 00:19:20,1
2023-03-27 00:22:35,1
2023-03-27 00:25:53,1
2023-03-27 00:29:09,1
2023-03-27 00:32:25,1
2023-03-27 00:35:40,1
2023-03-27 00:38:56,1
2023-03-27 00:42:12,1
2023-03-27 00:45:28,1
2023-03-27 00:48:43,1
2023-03-27 00:51:58,1
2023-03-27 00:55:14,1
2023-03-27 00:58:30,1
2023-03-27 01:01:45,1
2023-03-27 01:05:01,1
2023-03-27 01:08:16,1
2023-03-27 01:11:32,1
2023-03-27 01:14:47,1
2023-03-27 01:18:03,1
2023-03-27 01:21:18,1
2023-03-27 01:24:43,1
2023-03-27 01:27:58,1
2023-03-27 01:31:12,1
2023-03-27 01:34:27,1
2023-03-27 01:37:42,1
2023-03-27 01:40:58,1
2023-03-27 01:44:20,1
2023-03-27 01:47:36,1
2023-03-27 01:50:51,1
2023-03-27 01:54:07,1
2023-03-27 01:57:22,1
2023-03-27 02:00:38,1
2023-03-27 02:03:53,1
2023-03-27 02:07:09,1
2023-03-27 02:10:25,1
2023-03-27 02:13:40,1
2023-03-27 02:16:55,1
2023-03-27 02:20:10,1
2023-03-27 02:23:26,1
2023-03-27 02:26:41,1
2023-03-27 02:29:57,1
2023-03-27 02:33:12,1
2023-03-27 02:36:32,1
2023-03-27 02:39:50,1
2023-03-27 02:43:05,1
2023-03-27 02:46:20,1
2023-03-27 02:49:35,1
2023-03-27 02:52:51,1
2023-03-27 02:56:07,1
2023-03-27 02:59:22,1
2023-03-27 03:02:38,1
2023-03-27 03:05:53,1
2023-03-27 03:09:09,1
2023-03-27 03:12:24,1
2023-03-27 03:15:40,1
2023-03-27 03:18:55,1
2023-03-27 03:22:10,1
2023-03-27 03:25:26,1
2023-03-27 03:28:41,1
2023-03-27 03:31:56,1
2023-03-27 03:35:11,1
2023-03-27 03:38:35,1
2023-03-27 03:41:50,1
2023-03-27 03:45:05,1
2023-03-27 03:48:20,1
2023-03-27 03:51:35,1
2023-03-27 03:54:50,1
2023-03-27 03:58:05,1
2023-03-27 04:01:21,1
2023-03-27 04:04:36,1
2023-03-27 04:07:52,1
2023-03-27 04:11:08,1
2023-03-27 04:14:23,1
2023-03-27 04:17:39,1
2023-03-27 04:20:54,1
2023-03-27 04:24:10,1
2023-03-27 04:27:25,1
2023-03-27 04:30:40,1
2023-03-27 04:33:55,1
2023-03-27 04:37:11,1
2023-03-27 04:40:26,1
2023-03-27 04:43:42,1
2023-03-27 04:46:57,1
2023-03-27 04:50:12,1
2023-03-27 04:53:27,1
2023-03-27 04:56:43,1
2023-03-27 04:59:59,1
2023-03-27 05:03:14,1
2023-03-27 05:06:29,1
2023-03-27 05:09:44,1
2023-03-27 05:13:00,1
2023-03-27 05:16:16,1
2023-03-27 05:19:31,1
2023-03-27 05:22:47,1
2023-03-27 05:26:02,1
2023-03-27 05:29:17,1
2023-03-27 05:32:33,1
2023-03-27 05:35:48,1
2023-03-27 05:39:03,1
2023-03-27 05:43:20,1
2023-03-27 05:46:35,1
2023-03-27 05:49:50,1
2023-03-27 05:53:05,1
2023-03-27 05:56:21,1
2023-03-27 05:59:36,1
2023-03-27 06:02:51,1
2023-03-27 06:06:07,1
2023-03-27 06:09:22,1
2023-03-27 06:12:37,1
2023-03-27 06:15:53,1
2023-03-27 06:19:08,1
2023-03-27 06:22:24,1
2023-03-27 06:25:39,1
2023-03-27 06:28:54,1
2023-03-27 06:32:10,1
2023-03-27 06:35:26,1
2023-03-27 06:38:42,1
2023-03-27 06:41:57,1
2023-03-27 06:45:12,1
2023-03-27 06:48:28,1
2023-03-27 06:51:43,1
2023-03-27 06:54:59,1
2023-03-27 06:58:14,1
2023-03-27 07:01:30,1
2023-03-27 07:04:45,1
2023-03-27 07:08:01,1
2023-03-27 07:11:16,1
2023-03-27 07:14:39,1
2023-03-27 07:17:54,1
2023-03-27 07:21:09,1
2023-03-27 07:24:25,1
2023-03-27 07:27:40,1
2023-03-27 07:30:56,1
2023-03-27 07:34:11,1
2023-03-27 07:37:26,1
2023-03-27 07:40:42,1
2023-03-27 07:43:58,1
2023-03-27 07:47:13,1
2023-03-27 07:50:28,1
2023-03-27 07:53:44,1
2023-03-27 07:56:59,1
2023-03-27 08:00:15,1
2023-03-27 08:03:31,1
2023-03-27 08:06:46,1
2023-03-27 08:10:02,1
2023-03-27 08:13:17,1
2023-03-27 08:16:33,1
2023-03-27 08:19:48,1
2023-03-27 08:23:03,1
2023-03-27 08:26:19,1
2023-03-27 08:29:34,1
2023-03-27 08:32:49,1
2023-03-27 08:36:05,1
2023-03-27 08:39:20,1
2023-03-27 08:42:35,1
2023-03-27 08:45:50,1
2023-03-27 08:49:06,1
2023-03-27 08:52:21,1
2023-03-27 08:55:37,1
2023-03-27 08:58:52,1
2023-03-27 09:02:08,1
2023-03-27 09:05:23,1
2023-03-27 09:08:38,1
2023-03-27 09:11:53,1
2023-03-27 09:15:10,1
2023-03-27 09:18:26,1
2023-03-27 09:21:42,1
2023-03-27 09:24:57,1
2023-03-27 09:28:12,1
2023-03-27 09:31:28,1
2023-03-27 09:34:43,1
2023-03-27 09:37:59,1
2023-03-27 09:41:17,1
2023-03-27 09:44:32,1
2023-03-27 09:47:47,1
2023-03-27 09:51:03,1
2023-03-27 09:54:18,1
2023-03-27 09:57:33,1
2023-03-27 10:00:50,1
2023-03-27 10:04:06,1
2023-03-27 10:07:21,1
2023-03-27 10:10:37,1
2023-03-27 10:13:52,1
2023-03-27 10:17:07,1
2023-03-27 10:20:23,1
2023-03-27 10:23:38,1
2023-03-27 10:26:54,1
2023-03-27 10:30:10,1
2023-03-27 10:33:25,1
2023-03-27 10:36:40,1
2023-03-27 10:39:55,1
2023-03-27 10:43:10,1
2023-03-27 10:46:27,1
2023-03-27 10:49:42,1
2023-03-27 10:52:57,1
2023-03-27 10:56:13,1
2023-03-27 10:59:28,1
2023-03-27 11:02:44,1
2023-03-27 11:05:59,1
2023-03-27 11:09:15,1
2023-03-27 11:12:30,1
2023-03-27 11:15:45,1
2023-03-27 11:19:01,1
2023-03-27 11:22:16,1
2023-03-27 11:25:32,1
2023-03-27 11:28:48,1
2023-03-27 11:32:04,1
2023-03-27 11:35:19,1
2023-03-27 11:38:35,1
2023-03-27 11:41:50,1
2023-03-27 11:45:05,1
2023-03-27 11:48:21,1
2023-03-27 11:51:36,1
2023-03-27 11:54:51,1
2023-03-27 11:58:07,1
2023-03-27 12:01:22,1
2023-03-27 12:04:37,1
2023-03-27 12:07:53,1
2023-03-27 12:11:07,1
2023-03-27 12:14:22,1
2023-03-27 12:17:38,1
2023-03-27 12:21:00,1
2023-03-27 12:24:15,0
2023-03-27 12:27:31,0
2023-03-27 12:30:46,0
2023-03-27 12:34:02,0
2023-03-27 12:37:17,0
2023-03-27 12:40:32,0
2023-03-27 12:43:48,0
2023-03-27 12:47:03,0
2023-03-27 12:50:19,0
2023-03-27 12:53:34,0
2023-03-27 12:56:49,1
2023-03-27 13:00:05,1
2023-03-27 13:03:20,1
2023-03-27 13:06:35,1
2023-03-27 13:09:51,1
2023-03-27 13:13:07,1
2023-03-27 13:16:23,1
2023-03-27 13:19:38,1
2023-03-27 13:22:53,1
2023-03-27 13:26:09,1
2023-03-27 13:29:24,0
2023-03-27 13:32:39,0
2023-03-27 13:35:55,0
2023-03-27 13:39:10,0
2023-03-27 13:42:26,0
2023-03-27 13:45:41,0
2023-03-27 13:48:56,1
2023-03-27 13:52:12,1
2023-03-27 13:55:28,1
2023-03-27 13:58:44,1
2023-03-27 14:01:58,0
2023-03-27 14:05:14,0
2023-03-27 14:08:30,0
2023-03-27 14:11:55,0
2023-03-27 14:15:10,0
2023-03-27 14:18:26,0
2023-03-27 14:21:41,0
2023-03-27 14:24:57,0
2023-03-27 14:28:12,0
2023-03-27 14:31:28,1
2023-03-27 14:34:44,1
2023-03-27 14:38:00,1
2023-03-27 14:41:15,1
2023-03-27 14:44:31,1
2023-03-27 14:47:46,1
2023-03-27 14:51:01,1
2023-03-27 14:54:17,1
2023-03-27 14:57:34,1
2023-03-27 15:00:49,1
2023-03-27 15:04:05,1
2023-03-27 15:07:21,1
2023-03-27 15:10:36,1
2023-03-27 15:13:52,0
2023-03-27 15:17:08,0
2023-03-27 15:20:23,0
2023-03-27 15:23:39,1
2023-03-27 15:26:54,1
2023-03-27 15:30:10,1
2023-03-27 15:33:26,1
2023-03-27 15:36:42,0
2023-03-27 15:39:57,0
2023-03-27 15:43:13,0
2023-03-27 15:46:28,0
2023-03-27 15:49:44,0
2023-03-27 15:53:00,0
2023-03-27 15:56:16,0
2023-03-27 15:59:31,0
2023-03-27 16:02:47,0
2023-03-27 16:06:03,1
2023-03-27 16:09:18,1
2023-03-27 16:12:33,1
2023-03-27 16:15:49,1
2023-03-27 16:19:04,0
2023-03-27 16:22:20,0
2023-03-27 16:25:36,0
2023-03-27 16:28:52,1
2023-03-27 16:32:07,1
2023-03-27 16:35:22,1
2023-03-27 16:38:38,0
2023-03-27 16:41:53,0
2023-03-27 16:45:08,0
2023-03-27 16:48:24,1
2023-03-27 16:51:39,1
2023-03-27 16:54:55,1
2023-03-27 16:58:11,0
2023-03-27 17:01:27,0
2023-03-27 17:04:43,0
2023-03-27 17:07:59,0
2023-03-27 17:11:15,1
2023-03-27 17:14:30,1
2023-03-27 17:17:46,1
2023-03-27 17:21:01,1
2023-03-27 17:24:17,1
2023-03-27 17:27:32,1
2023-03-27 17:30:47,1
2023-03-27 17:34:03,1
2023-03-27 17:37:18,1
2023-03-27 17:40:34,1
2023-03-27 17:43:50,0
2023-03-27 17:47:05,0
2023-03-27 17:50:21,0
2023-03-27 17:53:36,0
2023-03-27 17:56:52,0
2023-03-27 18:00:07,0
2023-03-27 18:03:24,0
2023-03-27 18:06:40,0
2023-03-27 18:09:54,0
2023-03-27 18:13:10,0
2023-03-27 18:16:26,0
2023-03-27 18:19:41,0
2023-03-27 18:22:56,0
2023-03-27 18:26:12,0
2023-03-27 18:29:28,0
2023-03-27 18:32:44,0
2023-03-27 18:35:59,0
2023-03-27 18:39:15,0
2023-03-27 18:42:30,0
2023-03-27 18:45:46,0
2023-03-27 18:49:02,0
2023-03-27 18:52:17,0
2023-03-27 18:55:32,0
2023-03-27 18:58:49,0
2023-03-27 19:02:04,0
2023-03-27 19:05:20,0
2023-03-27 19:08:36,0
2023-03-27 19:11:51,0
2023-03-27 19:15:07,0
2023-03-27 19:18:23,0
2023-03-27 19:21:39,0
2023-03-27 19:24:54,0
2023-03-27 19:28:10,0
2023-03-27 19:31:25,0
2023-03-27 19:34:41,0
2023-03-27 19:37:57,1
2023-03-27 19:41:12,1
2023-03-27 19:44:28,1
2023-03-27 19:47:44,1
2023-03-27 19:51:00,1
2023-03-27 19:54:16,1
2023-03-27 19:57:31,0
2023-03-27 20:00:47,0
2023-03-27 20:04:04,0
2023-03-27 20:07:20,0
2023-03-27 20:10:36,0
2023-03-27 20:13:52,0
2023-03-27 20:17:14,0
2023-03-27 20:20:29,0
2023-03-27 20:23:45,0
2023-03-27 20:27:00,0
2023-03-27 20:30:16,0
2023-03-27 20:33:31,0
2023-03-27 20:36:47,0
2023-03-27 20:40:03,0
2023-03-27 20:43:23,0
2023-03-27 20:46:39,0
2023-03-27 20:49:54,0
2023-03-27 20:53:10,0
2023-03-27 20:56:25,0
2023-03-27 20:59:41,0
2023-03-27 21:02:57,0
2023-03-27 21:06:12,0
2023-03-27 21:09:27,0
2023-03-27 21:12:43,0
2023-03-27 21:15:58,0
2023-03-27 21:19:14,0
2023-03-27 21:22:30,0
2023-03-27 21:25:45,0
2023-03-27 21:29:00,0
2023-03-27 21:32:16,0
2023-03-27 21:35:31,0
2023-03-27 21:38:46,0
2023-03-27 21:42:02,1
2023-03-27 21:45:17,1
2023-03-27 21:48:33,1
2023-03-27 21:51:48,1
2023-03-27 21:55:03,0
2023-03-27 21:58:19,0
2023-03-27 22:01:34,0
2023-03-27 22:04:50,0
2023-03-27 22:08:07,0
2023-03-27 22:11:22,0
2023-03-27 22:14:38,1
2023-03-27 22:17:54,1
2023-03-27 22:21:09,1
2023-03-27 22:24:24,1
2023-03-27 22:27:40,1
2023-03-27 22:30:55,1
2023-03-27 22:34:11,1
2023-03-27 22:37:26,1
2023-03-27 22:40:41,1
2023-03-27 22:43:57,1
2023-03-27 22:47:13,1
2023-03-27 22:50:28,1
2023-03-27 22:53:44,1
2023-03-27 22:56:59,1
2023-03-27 23:00:14,1
2023-03-27 23:03:30,1
2023-03-27 23:06:45,1
2023-03-27 23:10:01,1
2023-03-27 23:13:17,1
2023-03-27 23:16:33,1
2023-03-27 23:19:48,1
2023-03-27 23:23:03,1
2023-03-27 23:26:19,1
2023-03-27 23:29:34,1
2023-03-27 23:32:51,1
2023-03-27 23:36:06,1
2023-03-27 23:39:21,1
2023-03-27 23:42:36,1
2023-03-27 23:45:52,1
2023-03-27 23:49:08,1
2023-03-27 23:52:23,1
2023-03-27 23:55:39,1
2023-03-27 23:58:55,1
2023-03-28 00:02:11,1
2023-03-28 00:05:27,1
2023-03-28 00:08:43,1
2023-03-28 00:11:58,1
2023-03-28 00:15:14,1
2023-03-28 00:18:31,1
2023-03-28 00:21:47,1
2023-03-28 00:25:02,1
2023-03-28 00:28:18,1
2023-03-28 00:31:34,1
2023-03-28 00:34:49,1
2023-03-28 00:38:05,1
2023-03-28 00:41:21,1
2023-03-28 00:44:36,1
2023-03-28 00:47:51,1
2023-03-28 00:51:07,1
2023-03-28 00:54:22,1
2023-03-28 00:57:38,1
2023-03-28 01:00:53,1
2023-03-28 01:04:09,1
2023-03-28 01:07:24,1
2023-03-28 01:10:40,1
2023-03-28 01:13:56,1
2023-03-28 01:17:12,1
2023-03-28 01:20:28,1
2023-03-28 01:23:44,1
2023-03-28 01:26:59,1
2023-03-28 01:30:15,1
2023-03-28 01:33:30,1
2023-03-28 01:36:46,1
2023-03-28 01:40:02,1
2023-03-28 01:43:18,1
2023-03-28 01:46:34,1
2023-03-28 01:49:49,1
2023-03-28 01:53:05,1
2023-03-28 01:56:20,1
2023-03-28 01:59:35,1
2023-03-28 02:02:51,1
2023-03-28 02:06:06,1
2023-03-28 02:09:22,1
2023-03-28 02:12:37,1
2023-03-28 02:15:53,1
2023-03-28 02:19:08,1
2023-03-28 02:22:24,1
2023-03-28 02:25:39,1
2023-03-28 02:28:56,1
2023-03-28 02:32:11,1
2023-03-28 02:35:26,1
2023-03-28 02:38:42,1
2023-03-28 02:42:03,1
2023-03-28 02:45:18,1
2023-03-28 02:48:35,1
2023-03-28 02:51:50,1
2023-03-28 02:55:06,1
2023-03-28 02:58:21,0
2023-03-28 03:01:43,0
2023-03-28 03:04:59,0
2023-03-28 03:08:14,0
2023-03-28 03:11:30,0
2023-03-28 03:14:45,0
2023-03-28 03:18:01,0
2023-03-28 03:21:16,1
2023-03-28 03:24:32,1
2023-03-28 03:27:47,1
2023-03-28 03:31:03,1
2023-03-28 03:34:18,1
2023-03-28 03:37:33,1
2023-03-28 03:40:50,1
2023-03-28 03:44:05,1
2023-03-28 03:47:21,1
2023-03-28 03:50:36,1
2023-03-28 03:53:52,1
2023-03-28 03:57:07,1
2023-03-28 04:00:23,1
2023-03-28 04:03:38,1
2023-03-28 04:06:53,1
2023-03-28 04:10:09,1
2023-03-28 04:13:25,1
2023-03-28 04:16:40,1
2023-03-28 04:19:56,1
2023-03-28 04:23:11,1
2023-03-28 04:26:27,1
2023-03-28 04:29:42,1
2023-03-28 04:32:58,1
2023-03-28 04:36:13,1
2023-03-28 04:39:30,1
2023-03-28 04:42:46,1
2023-03-28 04:46:02,1
2023-03-28 04:49:17,1
2023-03-28 04:52:33,1
2023-03-28 04:55:48,1
2023-03-28 04:59:04,1
2023-03-28 05:02:19,1
2023-03-28 05:05:35,1
2023-03-28 05:08:51,1
2023-03-28 05:12:06,1
2023-03-28 05:15:22,1
2023-03-28 05:18:38,1
2023-03-28 05:21:54,1
2023-03-28 05:25:09,1
2023-03-28 05:28:25,1
2023-03-28 05:31:40,1
2023-03-28 05:34:55,1
2023-03-28 05:38:11,1
2023-03-28 05:41:27,1
2023-03-28 05:44:43,1
2023-03-28 05:47:59,1
2023-03-28 05:51:15,1
2023-03-28 05:54:30,1
2023-03-28 05:57:46,1
2023-03-28 06:01:02,1
2023-03-28 06:04:17,1
2023-03-28 06:07:33,1
2023-03-28 06:10:48,1
2023-03-28 06:14:04,1
2023-03-28 06:17:19,1
2023-03-28 06:20:35,1
2023-03-28 06:23:51,1
2023-03-28 06:27:06,1
2023-03-28 06:30:22,1
2023-03-28 06:33:37,1
2023-03-28 06:36:53,1
2023-03-28 06:40:09,1
2023-03-28 06:43:24,1
2023-03-28 06:46:40,1
2023-03-28 06:49:56,1
2023-03-28 06:53:12,1
2023-03-28 06:56:27,1
2023-03-28 06:59:43,1
2023-03-28 07:02:58,1
2023-03-28 07:06:13,1
2023-03-28 07:09:29,1
2023-03-28 07:12:45,1
2023-03-28 07:16:00,1
2023-03-28 07:19:16,1
2023-03-28 07:22:31,1
2023-03-28 07:25:47,1
2023-03-28 07:29:03,1
2023-03-28 07:32:18,1
2023-03-28 07:35:34,1
2023-03-28 07:38:50,1
2023-03-28 07:42:05,1
2023-03-28 07:45:20,1
2023-03-28 07:48:35,1
2023-03-28 07:51:51,1
2023-03-28 07:55:07,1
2023-03-28 07:58:22,1
2023-03-28 08:01:37,1
2023-03-28 08:04:53,1
2023-03-28 08:08:08,1
2023-03-28 08:11:24,1
2023-03-28 08:14:38,1
2023-03-28 08:17:54,1
2023-03-28 08:21:08,1
2023-03-28 08:24:24,1
2023-03-28 08:27:40,1
2023-03-28 08:30:55,1
2023-03-28 08:34:10,1
2023-03-28 08:37:26,1
2023-03-28 08:40:40,1
2023-03-28 08:43:56,1
2023-03-28 08:47:11,1
2023-03-28 08:50:27,1
2023-03-28 08:53:42,1
2023-03-28 08:56:57,1
2023-03-28 09:00:13,1
2023-03-28 09:03:28,1
2023-03-28 09:06:44,1
2023-03-28 09:09:59,1
2023-03-28 09:13:15,1
2023-03-28 09:16:30,1
2023-03-28 09:19:46,1
2023-03-28 09:23:01,1
2023-03-28 09:26:15,1
2023-03-28 09:29:31,1
2023-03-28 09:32:46,1
2023-03-28 09:36:02,1
2023-03-28 09:39:17,1
2023-03-28 09:42:32,1
2023-03-28 09:45:48,1
2023-03-28 09:49:03,1
2023-03-28 09:52:18,1
2023-03-28 09:55:33,1
2023-03-28 09:58:49,1
2023-03-28 10:02:04,1
2023-03-28 10:05:20,1
2023-03-28 10:08:35,1
2023-03-28 10:11:50,1
2023-03-28 10:15:06,1
2023-03-28 10:18:21,1
2023-03-28 10:21:36,1
2023-03-28 10:24:52,1
2023-03-28 10:28:08,1
2023-03-28 10:31:24,1
2023-03-28 10:34:40,1
2023-03-28 10:37:55,1
2023-03-28 10:41:10,1
2023-03-28 10:44:26,1
2023-03-28 10:47:41,1
2023-03-28 10:50:57,1
2023-03-28 10:54:12,1
2023-03-28 10:57:27,1
2023-03-28 11:00:42,1
2023-03-28 11:03:58,1
2023-03-28 11:07:13,1
2023-03-28 11:10:29,1
2023-03-28 11:13:45,1
2023-03-28 11:17:01,1
2023-03-28 11:20:16,1
2023-03-28 11:23:31,1
2023-03-28 11:26:46,1
2023-03-28 11:30:01,1
2023-03-28 11:33:17,1
2023-03-28 11:36:33,1
2023-03-28 11:39:48,1
2023-03-28 11:43:04,1
2023-03-28 11:46:19,1
2023-03-28 11:49:34,1
2023-03-28 11:52:49,1
2023-03-28 11:56:05,1
2023-03-28 11:59:20,1
2023-03-28 12:02:36,1
2023-03-28 12:05:51,1
2023-03-28 12:09:07,1
2023-03-28 12:12:22,1
2023-03-28 12:15:38,1
2023-03-28 12:18:53,1
2023-03-28 12:22:09,1
2023-03-28 12:25:24,1
2023-03-28 12:28:40,1
2023-03-28 12:31:56,1
2023-03-28 12:35:11,1
2023-03-28 12:38:27,1
2023-03-28 12:41:42,1
2023-03-28 12:44:57,1
2023-03-28 12:48:12,1
2023-03-28 12:51:27,1
2023-03-28 12:54:42,1
2023-03-28 12:57:58,1
2023-03-28 13:01:13,0
2023-03-28 13:04:29,0
2023-03-28 13:07:45,0
2023-03-28 13:11:00,0
2023-03-28 13:14:15,0
2023-03-28 13:17:30,0
2023-03-28 13:20:45,0
2023-03-28 13:24:00,0
2023-03-28 13:27:16,0
2023-03-28 13:30:31,0
2023-03-28 13:33:46,0
2023-03-28 13:37:02,0
2023-03-28 13:40:17,0
2023-03-28 13:43:33,0
2023-03-28 13:46:49,0
2023-03-28 13:50:05,0
2023-03-28 13:53:20,1
2023-03-28 13:56:36,1
2023-03-28 13:59:52,1
2023-03-28 14:03:07,0
2023-03-28 14:06:22,0
2023-03-28 14:09:37,0
2023-03-28 14:12:52,1
2023-03-28 14:16:09,1
2023-03-28 14:19:25,1
2023-03-28 14:22:40,1
2023-03-28 14:25:56,1
2023-03-28 14:29:12,1
2023-03-28 14:32:28,1
2023-03-28 14:35:43,0
2023-03-28 14:38:59,0
2023-03-28 14:42:14,0
2023-03-28 14:45:29,0
2023-03-28 14:48:46,0
2023-03-28 14:52:02,0
2023-03-28 14:55:18,0
2023-03-28 14:58:33,0
2023-03-28 15:01:50,0
2023-03-28 15:05:06,1
2023-03-28 15:08:22,1
2023-03-28 15:11:37,1
2023-03-28 15:14:53,1
2023-03-28 15:18:09,0
2023-03-28 15:21:25,0
2023-03-28 15:24:40,0
2023-03-28 15:27:56,0
2023-03-28 15:31:12,0
2023-03-28 15:34:28,0
2023-03-28 15:37:43,0
2023-03-28 15:40:58,0
2023-03-28 15:44:14,0
2023-03-28 15:47:29,0
2023-03-28 15:50:44,0
2023-03-28 15:54:00,0
2023-03-28 15:57:15,0
2023-03-28 16:00:31,0
2023-03-28 16:03:46,0
2023-03-28 16:07:03,0
2023-03-28 16:10:18,0
2023-03-28 16:13:33,0
2023-03-28 16:16:50,0
2023-03-28 16:20:05,0
2023-03-28 16:23:20,0
2023-03-28 16:26:36,0
2023-03-28 16:29:51,0
2023-03-28 16:33:06,0
2023-03-28 16:36:22,0
2023-03-28 16:39:37,0
2023-03-28 16:42:53,0
2023-03-28 16:46:09,0
2023-03-28 16:49:25,0
2023-03-28 16:52:45,0
2023-03-28 16:56:10,0
2023-03-28 16:59:26,0
2023-03-28 17:02:41,1
2023-03-28 17:05:56,1
2023-03-28 17:09:12,1
2023-03-28 17:12:27,1
2023-03-28 17:15:43,1
2023-03-28 17:18:58,1
2023-03-28 17:22:13,1
2023-03-28 17:25:29,1
2023-03-28 17:28:45,1
2023-03-28 17:32:01,1
2023-03-28 17:35:17,1
2023-03-28 17:38:33,1
2023-03-28 17:41:49,1
2023-03-28 17:45:04,1
2023-03-28 17:48:20,1
2023-03-28 17:51:34,1
2023-03-28 17:54:49,0
2023-03-28 17:58:05,0
2023-03-28 18:01:20,0
2023-03-28 18:04:36,0
2023-03-28 18:07:52,0
2023-03-28 18:11:08,0
2023-03-28 18:14:23,0
2023-03-28 18:17:39,0
2023-03-28 18:20:54,0
2023-03-28 18:24:10,0
2023-03-28 18:27:26,0
2023-03-28 18:30:41,0
2023-03-28 18:33:57,0
2023-03-28 18:37:13,1
2023-03-28 18:40:28,1
2023-03-28 18:43:44,1
2023-03-28 18:46:59,0
2023-03-28 18:50:14,0
2023-03-28 18:53:40,0
2023-03-28 18:56:57,0
2023-03-28 19:00:21,0
2023-03-28 19:03:37,0
2023-03-28 19:06:52,0
2023-03-28 19:10:08,0
2023-03-28 19:13:23,0
2023-03-28 19:16:39,0
2023-03-28 19:19:54,0
2023-03-28 19:23:10,0
2023-03-28 19:26:25,0
2023-03-28 19:29:40,0
2023-03-28 19:32:55,0
2023-03-28 19:36:10,0
2023-03-28 19:39:26,0
2023-03-28 19:42:42,0
2023-03-28 19:45:57,0
2023-03-28 19:49:12,1
2023-03-28 19:52:28,1
2023-03-28 19:55:43,1
2023-03-28 19:58:58,1
2023-03-28 20:02:13,1
2023-03-28 20:05:29,1
2023-03-28 20:08:44,1
2023-03-28 20:12:00,0
2023-03-28 20:15:15,0
2023-03-28 20:18:30,0
2023-03-28 20:21:46,1
2023-03-28 20:25:01,1
2023-03-28 20:28:16,1
2023-03-28 20:31:31,0
2023-03-28 20:34:47,0
2023-03-28 20:38:02,0
2023-03-28 20:41:18,0
2023-03-28 20:44:34,0
2023-03-28 20:47:49,0
2023-03-28 20:51:04,0
2023-03-28 20:54:19,1
2023-03-28 20:57:34,1
2023-03-28 21:00:49,1
2023-03-28 21:04:05,0
2023-03-28 21:07:30,0
2023-03-28 21:10:45,0
2023-03-28 21:14:00,1
2023-03-28 21:17:16,1
2023-03-28 21:20:31,1
2023-03-28 21:23:47,1
2023-03-28 21:27:02,1
2023-03-28 21:30:17,1
2023-03-28 21:33:32,1
2023-03-28 21:36:49,1
2023-03-28 21:40:05,1
2023-03-28 21:43:20,1
2023-03-28 21:46:35,1
2023-03-28 21:49:51,1
2023-03-28 21:53:16,1
2023-03-28 21:56:31,1
2023-03-28 21:59:46,1
2023-03-28 22:03:01,1
2023-03-28 22:06:26,1
2023-03-28 22:09:41,0
2023-03-28 22:12:57,0
2023-03-28 22:16:13,0
2023-03-28 22:19:28,1
2023-03-28 22:22:44,1
2023-03-28 22:25:59,1
2023-03-28 22:29:14,1
2023-03-28 22:32:30,1
2023-03-28 22:35:47,1
2023-03-28 22:39:02,1
2023-03-28 22:42:18,1
2023-03-28 22:45:33,1
2023-03-28 22:48:49,1
2023-03-28 22:52:04,1
2023-03-28 22:55:19,1
2023-03-28 22:58:34,1
2023-03-28 23:01:50,1
2023-03-28 23:05:05,1
2023-03-28 23:08:29,1
2023-03-28 23:11:45,1
2023-03-28 23:15:00,1
2023-03-28 23:18:16,1
2023-03-28 23:21:31,1
2023-03-28 23:24:46,1
2023-03-28 23:28:01,1
2023-03-28 23:31:17,1
2023-03-28 23:34:33,1
2023-03-28 23:37:48,1
2023-03-28 23:41:03,1
2023-03-28 23:44:18,1
2023-03-28 23:47:33,1
2023-03-28 23:50:48,1
2023-03-28 23:54:03,1
2023-03-28 23:57:19,1
2023-03-29 00:00:41,1
2023-03-29 00:03:58,1
2023-03-29 00:07:13,1
2023-03-29 00:10:29,1
2023-03-29 00:13:44,1
2023-03-29 00:17:00,1
2023-03-29 00:20:16,1
2023-03-29 00:23:31,1
2023-03-29 00:26:46,1
2023-03-29 00:30:02,1
2023-03-29 00:33:17,1
2023-03-29 00:36:32,1
2023-03-29 00:39:47,1
2023-03-29 00:43:03,1
2023-03-29 00:46:18,1
2023-03-29 00:49:33,1
2023-03-29 00:52:49,1
2023-03-29 00:56:04,1
2023-03-29 00:59:20,1
2023-03-29 01:02:34,1
2023-03-29 01:05:50,1
2023-03-29 01:09:18,1
2023-03-29 01:12:33,1
2023-03-29 01:15:48,1
2023-03-29 01:19:03,1
2023-03-29 01:22:20,1
2023-03-29 01:25:37,1
2023-03-29 01:28:52,1
2023-03-29 01:32:08,1
2023-03-29 01:35:23,1
2023-03-29 01:38:38,1
2023-03-29 01:41:53,1
2023-03-29 01:45:08,1
2023-03-29 01:48:23,1
2023-03-29 01:51:39,1
2023-03-29 01:54:54,1
2023-03-29 01:58:10,1
2023-03-29 02:01:25,1
2023-03-29 02:04:41,1
2023-03-29 02:07:56,1
2023-03-29 02:11:11,1
2023-03-29 02:14:27,1
2023-03-29 02:17:42,1
2023-03-29 02:20:58,1
2023-03-29 02:24:13,1
2023-03-29 02:27:28,1
2023-03-29 02:30:44,1
2023-03-29 02:34:00,1
2023-03-29 02:37:15,1
2023-03-29 02:40:31,1
2023-03-29 02:43:46,1
2023-03-29 02:47:01,1
2023-03-29 02:50:16,1
2023-03-29 02:53:35,1
2023-03-29 02:56:50,1
2023-03-29 03:00:05,1
2023-03-29 03:03:21,1
2023-03-29 03:06:36,1
2023-03-29 03:09:52,1
2023-03-29 03:13:06,1
2023-03-29 03:16:22,1
2023-03-29 03:19:37,1
2023-03-29 03:22:52,1
2023-03-29 03:26:08,1
2023-03-29 03:29:23,1
2023-03-29 03:32:38,1
2023-03-29 03:35:55,1
2023-03-29 03:39:11,1
2023-03-29 03:42:26,1
2023-03-29 03:45:41,1
2023-03-29 03:48:56,1
2023-03-29 03:52:12,1
2023-03-29 03:55:27,1
2023-03-29 03:58:43,1
2023-03-29 04:01:58,1
2023-03-29 04:05:13,1
2023-03-29 04:08:28,1
2023-03-29 04:11:44,1
2023-03-29 04:14:59,1
2023-03-29 04:18:15,1
2023-03-29 04:21:30,1
2023-03-29 04:24:45,1
2023-03-29 04:28:00,1
2023-03-29 04:31:14,1
2023-03-29 04:34:29,1
2023-03-29 04:37:45,1
2023-03-29 04:41:00,1
2023-03-29 04:44:15,1
2023-03-29 04:47:30,1
2023-03-29 04:50:46,1
2023-03-29 04:54:02,1
2023-03-29 04:57:17,1
2023-03-29 05:00:33,1
2023-03-29 05:03:48,1
2023-03-29 05:07:03,1
2023-03-29 05:10:19,1
2023-03-29 05:13:34,1
2023-03-29 05:16:49,1
2023-03-29 05:20:05,1
2023-03-29 05:23:20,1
2023-03-29 05:26:36,1
2023-03-29 05:29:52,1
2023-03-29 05:33:07,1
2023-03-29 05:36:22,1
2023-03-29 05:39:37,1
2023-03-29 05:42:52,1
2023-03-29 05:46:08,1
2023-03-29 05:49:22,1
2023-03-29 05:52:38,1
2023-03-29 05:55:53,1
2023-03-29 05:59:08,1
2023-03-29 06:02:24,1
2023-03-29 06:05:40,1
2023-03-29 06:08:55,1
2023-03-29 06:12:11,1
2023-03-29 06:15:26,1
2023-03-29 06:18:42,1
2023-03-29 06:21:57,1
2023-03-29 06:25:13,1
2023-03-29 06:28:28,1
2023-03-29 06:31:43,1
2023-03-29 06:34:59,1
2023-03-29 06:38:14,1
2023-03-29 06:41:29,1
2023-03-29 06:44:45,1
2023-03-29 06:48:00,1
2023-03-29 06:51:15,1
2023-03-29 06:54:30,1
2023-03-29 06:57:45,1
2023-03-29 07:01:00,1
2023-03-29 07:04:15,1
2023-03-29 07:07:31,1
2023-03-29 07:10:46,1
2023-03-29 07:14:01,1
2023-03-29 07:17:16,1
2023-03-29 07:20:31,1
2023-03-29 07:23:46,1
2023-03-29 07:27:02,1
2023-03-29 07:30:17,1
2023-03-29 07:33:33,1
2023-03-29 07:36:49,1
2023-03-29 07:40:04,1
2023-03-29 07:43:18,1
2023-03-29 07:46:33,1
2023-03-29 07:49:49,1
2023-03-29 07:53:04,1
2023-03-29 07:56:19,1
2023-03-29 07:59:34,1
2023-03-29 08:02:50,1
2023-03-29 08:06:05,1
2023-03-29 08:09:20,1
2023-03-29 08:12:35,1
2023-03-29 08:15:51,1
2023-03-29 08:19:06,1
2023-03-29 08:22:21,1
2023-03-29 08:25:37,1
2023-03-29 08:28:52,1
2023-03-29 08:32:06,1
2023-03-29 08:35:21,1
2023-03-29 08:38:36,1
2023-03-29 08:41:51,1
2023-03-29 08:45:07,1
2023-03-29 08:48:22,1
2023-03-29 08:51:37,1
2023-03-29 08:54:52,1
2023-03-29 08:58:07,1
2023-03-29 09:01:23,1
2023-03-29 09:04:38,1
2023-03-29 09:07:53,1
2023-03-29 09:11:08,1
2023-03-29 09:14:24,1
2023-03-29 09:17:39,1
2023-03-29 09:20:54,1
2023-03-29 09:24:09,1
2023-03-29 09:27:24,1
2023-03-29 09:30:39,1
2023-03-29 09:33:54,1
2023-03-29 09:37:10,1
2023-03-29 09:40:24,1
2023-03-29 09:43:39,1
2023-03-29 09:46:55,1
2023-03-29 09:50:10,1
2023-03-29 09:53:25,1
2023-03-29 09:56:40,1
2023-03-29 09:59:55,1
2023-03-29 10:03:10,1
2023-03-29 10:06:25,1
2023-03-29 10:09:40,1
2023-03-29 10:12:57,1
2023-03-29 10:16:12,1
2023-03-29 10:19:27,1
2023-03-29 10:22:43,1
2023-03-29 10:25:59,1
2023-03-29 10:29:14,1
2023-03-29 10:32:29,1
2023-03-29 10:35:45,1
2023-03-29 10:39:01,1
2023-03-29 10:42:16,1
2023-03-29 10:45:31,1
2023-03-29 10:48:47,1
2023-03-29 10:52:01,1
2023-03-29 10:55:16,1
2023-03-29 10:58:32,1
2023-03-29 11:01:48,1
2023-03-29 11:05:02,1
2023-03-29 11:08:18,1
2023-03-29 11:11:33,1
2023-03-29 11:14:49,1
2023-03-29 11:18:05,1
2023-03-29 11:21:20,1
2023-03-29 11:24:35,1
2023-03-29 11:27:50,1
2023-03-29 11:31:05,1
2023-03-29 11:34:21,1
2023-03-29 11:37:36,1
2023-03-29 11:40:51,1
2023-03-29 11:44:07,1
2023-03-29 11:47:22,1
2023-03-29 11:50:37,1
2023-03-29 11:53:53,1
2023-03-29 11:57:08,1
2023-03-29 12:00:24,1
2023-03-29 12:03:40,1
2023-03-29 12:06:55,1
2023-03-29 12:10:11,1
2023-03-29 12:13:26,1
2023-03-29 12:16:42,1
2023-03-29 12:19:57,1
2023-03-29 12:23:12,1
2023-03-29 12:26:28,1
2023-03-29 12:29:44,1
2023-03-29 12:32:59,1
2023-03-29 12:36:15,1
2023-03-29 12:39:30,1
2023-03-29 12:42:46,1
2023-03-29 12:46:02,1
2023-03-29 12:49:17,1
2023-03-29 12:52:32,1
2023-03-29 12:55:48,1
2023-03-29 12:59:02,1
2023-03-29 13:02:18,0
2023-03-29 13:05:33,0
2023-03-29 13:08:49,0
2023-03-29 13:12:04,0
2023-03-29 13:15:19,0
2023-03-29 13:18:35,0
2023-03-29 13:21:50,0
2023-03-29 13:25:06,1
2023-03-29 13:28:21,1
2023-03-29 13:31:37,1
2023-03-29 13:34:52,1
2023-03-29 13:38:08,1
2023-03-29 13:41:24,1
2023-03-29 13:44:39,1
2023-03-29 13:47:55,1
2023-03-29 13:51:11,1
2023-03-29 13:54:26,1
2023-03-29 13:57:42,1
2023-03-29 14:00:58,1
2023-03-29 14:04:13,1
2023-03-29 14:07:28,0
2023-03-29 14:10:45,0
2023-03-29 14:14:00,0
2023-03-29 14:17:16,0
2023-03-29 14:20:31,0
2023-03-29 14:23:46,0
2023-03-29 14:27:02,1
2023-03-29 14:30:17,1
2023-03-29 14:33:33,1
2023-03-29 14:36:49,1
2023-03-29 14:40:04,1
2023-03-29 14:43:20,1
2023-03-29 14:46:36,1
2023-03-29 14:49:52,1
2023-03-29 14:53:07,1
2023-03-29 14:56:23,1
2023-03-29 14:59:38,1
2023-03-29 15:02:54,1
2023-03-29 15:06:09,1
2023-03-29 15:09:24,0
2023-03-29 15:12:39,0
2023-03-29 15:15:55,0
2023-03-29 15:19:10,1
2023-03-29 15:22:26,1
2023-03-29 15:25:42,1
2023-03-29 15:28:57,1
2023-03-29 15:32:13,1
2023-03-29 15:35:28,1
2023-03-29 15:38:44,1
2023-03-29 15:41:59,1
2023-03-29 15:45:15,1
2023-03-29 15:48:30,1
2023-03-29 15:51:46,0
2023-03-29 15:55:01,0
2023-03-29 15:58:17,0
2023-03-29 16:01:32,0
2023-03-29 16:04:48,0
2023-03-29 16:08:03,0
2023-03-29 16:11:18,0
2023-03-29 16:14:33,0
2023-03-29 16:17:49,0
2023-03-29 16:21:04,0
2023-03-29 16:24:19,0
2023-03-29 16:27:35,0
2023-03-29 16:30:50,0
2023-03-29 16:34:05,0
2023-03-29 16:37:20,0
2023-03-29 16:40:36,0
2023-03-29 16:43:51,0
2023-03-29 16:47:07,0
2023-03-29 16:50:22,0
2023-03-29 16:53:38,0
2023-03-29 16:56:54,0
2023-03-29 17:00:09,0
2023-03-29 17:03:25,0
2023-03-29 17:06:40,0
2023-03-29 17:09:55,0
2023-03-29 17:13:11,0
2023-03-29 17:16:27,0
2023-03-29 17:19:42,0
2023-03-29 17:22:58,0
2023-03-29 17:26:14,1
2023-03-29 17:29:29,1
2023-03-29 17:32:45,1
2023-03-29 17:36:00,0
2023-03-29 17:39:15,0
2023-03-29 17:42:30,0
2023-03-29 17:45:46,0
2023-03-29 17:49:03,0
2023-03-29 17:52:18,0
2023-03-29 17:55:34,0
2023-03-29 17:58:49,0
2023-03-29 18:02:05,0
2023-03-29 18:05:21,0
2023-03-29 18:08:37,0
2023-03-29 18:11:52,0
2023-03-29 18:15:08,0
2023-03-29 18:18:24,0
2023-03-29 18:21:40,0
2023-03-29 18:24:55,0
2023-03-29 18:28:11,0
2023-03-29 18:31:27,0
2023-03-29 18:34:43,0
2023-03-29 18:37:59,0
2023-03-29 18:41:15,0
2023-03-29 18:44:31,0
2023-03-29 18:47:46,0
2023-03-29 18:51:01,0
2023-03-29 18:54:17,0
2023-03-29 18:57:33,0
2023-03-29 19:00:49,0
2023-03-29 19:04:04,0
2023-03-29 19:07:20,0
2023-03-29 19:10:35,0
2023-03-29 19:13:50,0
2023-03-29 19:17:06,0
2023-03-29 19:20:22,0
2023-03-29 19:23:38,0
2023-03-29 19:26:53,0
2023-03-29 19:30:09,0
2023-03-29 19:33:25,0
2023-03-29 19:36:42,0
2023-03-29 19:39:59,0
2023-03-29 19:43:16,0
2023-03-29 19:46:45,0
2023-03-29 19:50:02,0
2023-03-29 19:53:20,0
2023-03-29 19:56:37,0
2023-03-29 19:59:54,0
2023-03-29 20:03:11,0
2023-03-29 20:06:28,0
2023-03-29 20:09:46,0
2023-03-29 20:13:07,0
2023-03-29 20:16:24,0
2023-03-29 20:19:41,0
2023-03-29 20:22:58,0
2023-03-29 20:26:16,0
2023-03-29 20:29:33,0
2023-03-29 20:32:50,0
2023-03-29 20:36:08,0
2023-03-29 20:39:25,0
2023-03-29 20:42:42,0
2023-03-29 20:46:00,0
2023-03-29 20:49:19,0
2023-03-29 20:52:36,0
2023-03-29 20:55:53,0
2023-03-29 20:59:11,0
2023-03-29 21:02:28,0
2023-03-29 21:05:45,0
2023-03-29 21:09:02,0
2023-03-29 21:12:19,0
2023-03-29 21:15:37,0
2023-03-29 21:18:54,0
2023-03-29 21:22:12,0
2023-03-29 21:25:30,0
2023-03-29 21:28:46,0
2023-03-29 21:32:04,0
2023-03-29 21:35:21,0
2023-03-29 21:38:39,0
2023-03-29 21:41:56,0
2023-03-29 21:45:13,0
2023-03-29 21:48:30,0
2023-03-29 21:51:47,0
2023-03-29 21:55:04,0
2023-03-29 21:58:22,0
2023-03-29 22:01:39,0
2023-03-29 22:04:59,0
2023-03-29 22:08:16,0
2023-03-29 22:11:33,0
2023-03-29 22:14:50,0
2023-03-29 22:18:07,0
2023-03-29 22:21:25,0
2023-03-29 22:24:42,0
2023-03-29 22:28:00,0
2023-03-29 22:31:23,0
2023-03-29 22:34:40,0
2023-03-29 22:37:58,0
2023-03-29 22:41:15,0
2023-03-29 22:44:32,0
2023-03-29 22:47:57,0
2023-03-29 22:51:15,0
2023-03-29 22:54:32,0
2023-03-29 22:57:48,0
2023-03-29 23:01:05,0
2023-03-29 23:04:22,0
2023-03-29 23:07:40,0
2023-03-29 23:10:57,0
2023-03-29 23:14:16,0
2023-03-29 23:17:33,0
2023-03-29 23:20:50,0
2023-03-29 23:24:07,1
2023-03-29 23:27:25,1
2023-03-29 23:30:42,1
2023-03-29 23:33:59,1
2023-03-29 23:37:16,1
2023-03-29 23:40:33,1
2023-03-29 23:43:51,1
2023-03-29 23:47:08,1
2023-03-29 23:50:26,1
2023-03-29 23:53:43,1
2023-03-29 23:57:00,1
2023-03-30 00:00:18,1
2023-03-30 00:03:35,1
2023-03-30 00:06:52,1
2023-03-30 00:10:09,1
2023-03-30 00:13:27,1
2023-03-30 00:16:44,1
2023-03-30 00:20:01,1
2023-03-30 00:23:23,1
2023-03-30 00:26:40,1
2023-03-30 00:29:57,1
2023-03-30 00:33:14,1
2023-03-30 00:36:31,1
2023-03-30 00:39:48,1
2023-03-30 00:43:05,1
2023-03-30 00:46:22,1
2023-03-30 00:49:38,1
2023-03-30 00:52:55,1
2023-03-30 00:56:13,1
2023-03-30 00:59:30,1
2023-03-30 01:02:47,1
2023-03-30 01:06:04,1
2023-03-30 01:09:21,1
2023-03-30 01:12:38,1
2023-03-30 01:15:56,1
2023-03-30 01:19:13,0
2023-03-30 01:22:30,0
2023-03-30 01:25:46,0
2023-03-30 01:29:04,0
2023-03-30 01:32:21,0
2023-03-30 01:35:39,0
2023-03-30 01:38:56,0
2023-03-30 01:42:13,0
2023-03-30 01:45:30,0
2023-03-30 01:48:47,0
2023-03-30 01:52:03,0
2023-03-30 01:55:21,0
2023-03-30 01:58:38,0
2023-03-30 02:01:55,0
2023-03-30 02:05:12,0
2023-03-30 02:08:30,0
2023-03-30 02:11:47,0
2023-03-30 02:15:04,0
2023-03-30 02:18:21,0
2023-03-30 02:21:38,0
2023-03-30 02:24:55,0
2023-03-30 02:28:13,0
2023-03-30 02:31:30,0
2023-03-30 02:34:46,0
2023-03-30 02:38:03,0
2023-03-30 02:41:20,0
2023-03-30 02:44:37,0
2023-03-30 02:47:55,0
2023-03-30 02:51:12,0
2023-03-30 02:54:29,0
2023-03-30 02:57:46,0
2023-03-30 03:01:04,0
2023-03-30 03:04:21,0
2023-03-30 03:07:38,0
2023-03-30 03:10:55,0
2023-03-30 03:14:12,0
2023-03-30 03:17:29,1
2023-03-30 03:20:46,1
2023-03-30 03:24:02,1
2023-03-30 03:27:19,0
2023-03-30 03:30:37,0
2023-03-30 03:33:54,0
2023-03-30 03:37:11,0
2023-03-30 03:40:29,0
2023-03-30 03:43:50,0
2023-03-30 03:47:07,0
2023-03-30 03:50:24,0
2023-03-30 03:53:41,0
2023-03-30 03:56:59,1
2023-03-30 04:00:15,1
2023-03-30 04:03:32,1
2023-03-30 04:06:49,1
2023-03-30 04:10:06,1
2023-03-30 04:13:23,1
2023-03-30 04:16:41,1
2023-03-30 04:19:57,1
2023-03-30 04:23:14,1
2023-03-30 04:26:31,1
2023-03-30 04:29:49,1
2023-03-30 04:33:06,1
2023-03-30 04:36:25,1
2023-03-30 04:39:41,1
2023-03-30 04:42:58,1
2023-03-30 04:46:15,1
2023-03-30 04:49:32,1
2023-03-30 04:52:49,1
2023-03-30 04:56:06,1
2023-03-30 04:59:24,1
2023-03-30 05:02:40,1
2023-03-30 05:06:03,1
2023-03-30 05:09:20,1
2023-03-30 05:12:37,1
2023-03-30 05:15:54,1
2023-03-30 05:19:11,1
2023-03-30 05:22:28,1
2023-03-30 05:25:45,1
2023-03-30 05:29:02,1
2023-03-30 05:32:19,1
2023-03-30 05:35:36,1
2023-03-30 05:38:54,1
2023-03-30 05:42:11,1
2023-03-30 05:45:28,0
2023-03-30 05:48:45,0
2023-03-30 05:52:02,0
2023-03-30 05:55:20,0
2023-03-30 05:58:37,0
2023-03-30 06:01:55,0
2023-03-30 06:05:12,1
2023-03-30 06:08:29,1
2023-03-30 06:11:46,1
2023-03-30 06:15:02,1
2023-03-30 06:18:19,1
2023-03-30 06:21:37,1
2023-03-30 06:24:54,1
2023-03-30 06:28:11,1
2023-03-30 06:31:28,1
2023-03-30 06:34:45,1
2023-03-30 06:38:01,1
2023-03-30 06:41:18,1
2023-03-30 06:44:35,1
2023-03-30 06:47:52,1
2023-03-30 06:51:09,1
2023-03-30 06:54:26,1
2023-03-30 06:57:43,1
2023-03-30 07:01:00,1
2023-03-30 07:04:17,1
2023-03-30 07:07:34,1
2023-03-30 07:10:51,1
2023-03-30 07:14:08,1
2023-03-30 07:17:25,1
2023-03-30 07:20:43,1
2023-03-30 07:24:00,1
2023-03-30 07:27:17,0
2023-03-30 07:30:34,0
2023-03-30 07:33:51,0
2023-03-30 07:37:07,0
2023-03-30 07:40:29,0
2023-03-30 07:43:46,0
2023-03-30 07:47:04,0
2023-03-30 07:50:22,0
2023-03-30 07:53:39,0
2023-03-30 07:56:56,0
2023-03-30 08:00:13,0
2023-03-30 08:03:30,0
2023-03-30 08:06:47,0
2023-03-30 08:10:04,0
2023-03-30 08:13:21,0
2023-03-30 08:16:38,0
2023-03-30 08:19:55,1
2023-03-30 08:23:12,1
2023-03-30 08:26:34,1
2023-03-30 08:29:51,1
2023-03-30 08:33:09,1
2023-03-30 08:36:26,1
2023-03-30 08:39:44,1
2023-03-30 08:43:02,1
2023-03-30 08:46:18,1
2023-03-30 08:49:36,1
2023-03-30 08:52:52,1
2023-03-30 08:56:10,1
2023-03-30 08:59:26,1
2023-03-30 09:02:44,1
2023-03-30 09:06:01,1
2023-03-30 09:09:18,1
2023-03-30 09:12:35,1
2023-03-30 09:15:52,1
2023-03-30 09:19:09,1
2023-03-30 09:22:26,1
2023-03-30 09:25:44,1
2023-03-30 09:29:01,1
2023-03-30 09:32:18,1
2023-03-30 09:35:35,1
2023-03-30 09:38:52,1
2023-03-30 09:42:09,1
2023-03-30 09:45:26,1
2023-03-30 09:48:43,1
2023-03-30 09:52:00,1
2023-03-30 09:55:17,1
2023-03-30 09:58:35,1
2023-03-30 10:01:52,1
2023-03-30 10:05:09,1
2023-03-30 10:08:27,1
2023-03-30 10:11:44,1
2023-03-30 10:15:01,1
2023-03-30 10:18:18,1
2023-03-30 10:21:37,1
2023-03-30 10:24:54,1
2023-03-30 10:28:11,1
2023-03-30 10:31:28,1
2023-03-30 10:34:45,1
2023-03-30 10:38:02,1
2023-03-30 10:41:19,1
2023-03-30 10:44:36,1
2023-03-30 10:47:53,0
2023-03-30 10:51:10,0
2023-03-30 10:54:27,0
2023-03-30 10:57:44,0
2023-03-30 11:01:01,1
2023-03-30 11:04:18,1
2023-03-30 11:07:35,1
2023-03-30 11:10:53,0
2023-03-30 11:14:10,0
2023-03-30 11:17:27,0
2023-03-30 11:20:44,0
2023-03-30 11:24:00,0
2023-03-30 11:27:17,0
2023-03-30 11:30:35,0
2023-03-30 11:33:52,0
2023-03-30 11:37:09,0
2023-03-30 11:40:25,0
2023-03-30 11:43:42,0
2023-03-30 11:47:00,0
2023-03-30 11:50:17,0
2023-03-30 11:53:34,1
2023-03-30 11:56:51,1
2023-03-30 12:00:08,1
2023-03-30 12:03:25,0
2023-03-30 12:06:42,0
2023-03-30 12:10:00,0
2023-03-30 12:13:17,1
2023-03-30 12:16:34,1
2023-03-30 12:19:51,1
2023-03-30 12:23:08,1
2023-03-30 12:26:26,1
2023-03-30 12:29:43,1
2023-03-30 12:33:00,1
2023-03-30 12:36:18,1
2023-03-30 12:39:35,1
2023-03-30 12:42:52,1
2023-03-30 12:46:09,1
2023-03-30 12:49:27,1
2023-03-30 12:52:43,1
2023-03-30 12:56:01,1
2023-03-30 12:59:19,1
2023-03-30 13:02:36,1
2023-03-30 13:05:54,1
2023-03-30 13:09:11,1
2023-03-30 13:12:29,1
2023-03-30 13:15:46,1
2023-03-30 13:19:03,1
2023-03-30 13:22:21,1
2023-03-30 13:25:38,1
2023-03-30 13:28:55,1
2023-03-30 13:32:12,1
2023-03-30 13:35:30,1
2023-03-30 13:38:47,1
2023-03-30 13:42:05,1
2023-03-30 13:45:22,1
2023-03-30 13:48:39,1
2023-03-30 13:51:57,1
2023-03-30 13:55:14,1
2023-03-30 13:58:32,1
2023-03-30 14:01:49,1
2023-03-30 14:05:05,1
2023-03-30 14:08:22,1
2023-03-30 14:11:40,1
2023-03-30 14:14:57,1
2023-03-30 14:18:14,1
2023-03-30 14:21:30,1
2023-03-30 14:24:47,1
2023-03-30 14:28:05,1
2023-03-30 14:31:22,1
2023-03-30 14:34:40,1
2023-03-30 14:37:57,1
2023-03-30 14:41:14,1
2023-03-30 14:44:31,1
2023-03-30 14:47:49,1
2023-03-30 14:51:06,1
2023-03-30 14:54:24,1
2023-03-30 14:57:40,1
2023-03-30 15:00:58,1
2023-03-30 15:04:15,1
2023-03-30 15:07:32,1
2023-03-30 15:10:49,1
2023-03-30 15:14:06,1
2023-03-30 15:17:23,1
2023-03-30 15:20:41,1
2023-03-30 15:23:58,0
2023-03-30 15:27:15,0
2023-03-30 15:30:33,0
2023-03-30 15:33:51,0
2023-03-30 15:37:08,0
2023-03-30 15:40:25,0
2023-03-30 15:43:42,0
2023-03-30 15:47:00,0
2023-03-30 15:50:17,0
2023-03-30 15:53:34,0
2023-03-30 15:56:52,0
2023-03-30 16:00:09,0
2023-03-30 16:03:26,0
2023-03-30 16:06:44,0
2023-03-30 16:10:00,0
2023-03-30 16:13:18,0
2023-03-30 16:16:35,0
2023-03-30 16:19:52,0
2023-03-30 16:23:09,0
2023-03-30 16:26:26,1
2023-03-30 16:29:43,1
2023-03-30 16:33:01,1
2023-03-30 16:36:18,1
2023-03-30 16:39:36,1
2023-03-30 16:42:54,1
2023-03-30 16:46:11,1
2023-03-30 16:49:29,1
2023-03-30 16:52:45,1
2023-03-30 16:56:02,1
2023-03-30 16:59:20,1
2023-03-30 17:02:37,1
2023-03-30 17:05:53,1
2023-03-30 17:09:11,0
2023-03-30 17:12:28,0
2023-03-30 17:15:45,0
2023-03-30 17:19:02,1
2023-03-30 17:22:20,1
2023-03-30 17:25:37,1
2023-03-30 17:28:54,1
2023-03-30 17:32:12,1
2023-03-30 17:35:29,1
2023-03-30 17:38:46,0
2023-03-30 17:42:03,0
2023-03-30 17:45:20,0
2023-03-30 17:48:37,0
2023-03-30 17:51:54,0
2023-03-30 17:55:11,0
2023-03-30 17:58:28,0
2023-03-30 18:01:46,0
2023-03-30 18:05:04,0
2023-03-30 18:08:25,0
2023-03-30 18:11:42,0
2023-03-30 18:14:59,0
2023-03-30 18:18:17,0
2023-03-30 18:21:34,1
2023-03-30 18:24:51,1
2023-03-30 18:28:08,1
2023-03-30 18:31:25,0
2023-03-30 18:34:43,0
2023-03-30 18:38:00,0
2023-03-30 18:41:18,0
2023-03-30 18:44:35,0
2023-03-30 18:47:52,0
2023-03-30 18:51:09,0
2023-03-30 18:54:26,0
2023-03-30 18:57:43,0
2023-03-30 19:01:01,0
2023-03-30 19:04:19,0
2023-03-30 19:07:37,0
2023-03-30 19:10:54,0
2023-03-30 19:14:11,0
2023-03-30 19:17:30,0
2023-03-30 19:20:47,0
2023-03-30 19:24:05,0
2023-03-30 19:27:23,0
2023-03-30 19:30:40,0
2023-03-30 19:33:57,0
2023-03-30 19:37:15,0
2023-03-30 19:40:31,0
2023-03-30 19:43:49,0
2023-03-30 19:47:06,0
2023-03-30 19:50:23,0
2023-03-30 19:53:41,0
2023-03-30 19:56:58,0
2023-03-30 20:00:16,0
2023-03-30 20:03:34,0
2023-03-30 20:06:51,0
2023-03-30 20:10:18,0
2023-03-30 20:13:35,0
2023-03-30 20:16:53,0
2023-03-30 20:20:10,0
2023-03-30 20:23:27,0
2023-03-30 20:26:45,0
2023-03-30 20:30:02,0
2023-03-30 20:33:19,0
2023-03-30 20:36:37,0
2023-03-30 20:39:54,0
2023-03-30 20:43:11,0
2023-03-30 20:46:29,0
2023-03-30 20:49:46,0
2023-03-30 20:53:04,0
2023-03-30 20:56:21,0
2023-03-30 20:59:38,0
2023-03-30 21:02:55,0
2023-03-30 21:06:13,0
2023-03-30 21:09:30,0
2023-03-30 21:12:49,0
2023-03-30 21:16:06,0
2023-03-30 21:19:23,0
2023-03-30 21:22:40,0
2023-03-30 21:25:58,0
2023-03-30 21:29:15,0
2023-03-30 21:32:33,0
2023-03-30 21:35:50,0
2023-03-30 21:39:08,0
2023-03-30 21:42:25,0
2023-03-30 21:45:43,0
2023-03-30 21:48:59,0
2023-03-30 21:52:17,0
2023-03-30 21:55:34,0
2023-03-30 21:58:51,0
2023-03-30 22:02:09,0
2023-03-30 22:05:26,0
2023-03-30 22:08:49,0
2023-03-30 22:12:07,0
2023-03-30 22:15:24,0
2023-03-30 22:18:41,0
2023-03-30 22:21:58,0
2023-03-30 22:25:16,0
2023-03-30 22:28:33,0
2023-03-30 22:31:51,0
2023-03-30 22:35:09,0
2023-03-30 22:38:27,0
2023-03-30 22:41:45,0
2023-03-30 22:45:02,0
2023-03-30 22:48:19,0
2023-03-30 22:51:37,0
2023-03-30 22:54:54,1
2023-03-30 22:58:12,1
2023-03-30 23:01:29,1
2023-03-30 23:04:56,0
2023-03-30 23:08:13,0
2023-03-30 23:11:30,0
2023-03-30 23:14:47,1
2023-03-30 23:18:05,1
2023-03-30 23:21:22,1
2023-03-30 23:24:39,1
2023-03-30 23:27:56,1
2023-03-30 23:31:14,1
2023-03-30 23:34:35,1
2023-03-30 23:37:54,1
2023-03-30 23:41:38,1
2023-03-30 23:44:56,1
2023-03-30 23:48:13,1
2023-03-30 23:51:30,1
2023-03-30 23:54:48,1
2023-03-30 23:58:05,1
2023-03-31 00:01:23,1
2023-03-31 00:04:40,1
2023-03-31 00:07:58,1
2023-03-31 00:11:16,1
2023-03-31 00:14:33,1
2023-03-31 00:17:50,1
2023-03-31 00:21:07,1
2023-03-31 00:24:25,1
2023-03-31 00:27:42,1
2023-03-31 00:31:00,1
2023-03-31 00:34:17,1
2023-03-31 00:37:34,1
2023-03-31 00:40:51,1
2023-03-31 00:44:08,1
2023-03-31 00:47:26,1
2023-03-31 00:50:43,1
2023-03-31 00:54:00,1
2023-03-31 00:57:18,1
2023-03-31 01:00:35,1
2023-03-31 01:03:52,1
2023-03-31 01:07:10,1
2023-03-31 01:10:27,1
2023-03-31 01:13:44,1
2023-03-31 01:17:01,1
2023-03-31 01:20:18,1
2023-03-31 01:23:36,0
2023-03-31 01:26:53,0
2023-03-31 01:30:10,0
2023-03-31 01:33:27,0
2023-03-31 01:36:44,0
2023-03-31 01:40:02,0
2023-03-31 01:43:19,0
2023-03-31 01:46:37,0
2023-03-31 01:49:54,0
2023-03-31 01:53:11,1
2023-03-31 01:56:29,1
2023-03-31 01:59:46,1
2023-03-31 02:03:03,1
2023-03-31 02:06:21,0
2023-03-31 02:09:38,0
2023-03-31 02:12:55,0
2023-03-31 02:16:12,1
2023-03-31 02:19:38,1
2023-03-31 02:22:56,1
2023-03-31 02:26:13,1
2023-03-31 02:29:33,1
2023-03-31 02:32:51,1
2023-03-31 02:36:08,1
2023-03-31 02:39:26,1
2023-03-31 02:42:43,1
2023-03-31 02:46:00,1
2023-03-31 02:49:17,1
2023-03-31 02:52:35,1
2023-03-31 02:55:52,1
2023-03-31 02:59:08,1
2023-03-31 03:02:25,1
2023-03-31 03:05:42,1
2023-03-31 03:08:59,1
2023-03-31 03:12:16,1
2023-03-31 03:15:33,1
2023-03-31 03:18:50,1
2023-03-31 03:22:08,1
2023-03-31 03:25:32,1
2023-03-31 03:28:49,1
2023-03-31 03:32:07,1
2023-03-31 03:35:24,1
2023-03-31 03:38:41,1
2023-03-31 03:41:59,1
2023-03-31 03:45:16,1
2023-03-31 03:48:34,1
2023-03-31 03:51:51,1
2023-03-31 03:55:08,1
2023-03-31 03:58:26,1
2023-03-31 04:01:44,1
2023-03-31 04:05:01,1
2023-03-31 04:08:19,1
2023-03-31 04:11:37,1
2023-03-31 04:14:55,1
2023-03-31 04:18:11,1
2023-03-31 04:21:28,1
2023-03-31 04:24:46,1
2023-03-31 04:28:03,1
2023-03-31 04:31:20,1
2023-03-31 04:34:37,1
2023-03-31 04:37:54,1
2023-03-31 04:41:11,1
2023-03-31 04:44:29,1
2023-03-31 04:47:46,1
2023-03-31 04:51:03,1
2023-03-31 04:54:20,1
2023-03-31 04:57:38,1
2023-03-31 05:00:55,1
2023-03-31 05:04:13,1
2023-03-31 05:07:30,1
2023-03-31 05:10:47,1
2023-03-31 05:14:04,1
2023-03-31 05:17:21,1
2023-03-31 05:20:39,1
2023-03-31 05:23:55,1
2023-03-31 05:27:13,1
2023-03-31 05:30:30,1
2023-03-31 05:33:47,1
2023-03-31 05:37:04,1
2023-03-31 05:40:22,1
2023-03-31 05:43:39,1
2023-03-31 05:46:56,1
2023-03-31 05:50:14,1
2023-03-31 05:53:31,1
2023-03-31 05:56:48,1
2023-03-31 06:00:05,1
2023-03-31 06:03:22,1
2023-03-31 06:06:39,1
2023-03-31 06:09:56,1
2023-03-31 06:13:13,1
2023-03-31 06:16:31,1
2023-03-31 06:19:49,1
2023-03-31 06:23:06,1
2023-03-31 06:26:23,1
2023-03-31 06:29:40,1
2023-03-31 06:32:57,1
2023-03-31 06:36:14,1
2023-03-31 06:39:32,1
2023-03-31 06:42:49,1
2023-03-31 06:46:06,1
2023-03-31 06:49:24,1
2023-03-31 06:52:41,1
2023-03-31 06:55:59,1
2023-03-31 06:59:16,1
2023-03-31 07:02:33,1
2023-03-31 07:05:50,1
2023-03-31 07:09:08,1
2023-03-31 07:12:25,1
2023-03-31 07:15:42,1
2023-03-31 07:18:59,1
2023-03-31 07:22:15,1
2023-03-31 07:25:33,1
2023-03-31 07:28:50,1
2023-03-31 07:32:08,1
2023-03-31 07:35:25,1
2023-03-31 07:38:42,1
2023-03-31 07:41:59,1
2023-03-31 07:45:16,1
2023-03-31 07:48:32,1
2023-03-31 07:51:49,1
2023-03-31 07:55:07,1
2023-03-31 07:58:24,1
2023-03-31 08:01:41,1
2023-03-31 08:04:59,1
2023-03-31 08:08:16,1
2023-03-31 08:11:33,1
2023-03-31 08:14:51,1
2023-03-31 08:18:08,1
2023-03-31 08:21:26,1
2023-03-31 08:24:43,1
2023-03-31 08:28:00,1
2023-03-31 08:31:18,1
2023-03-31 08:34:35,1
2023-03-31 08:37:53,1
2023-03-31 08:41:10,1
2023-03-31 08:44:28,1
2023-03-31 08:47:45,1
2023-03-31 08:51:01,1
2023-03-31 08:54:16,1
2023-03-31 08:57:32,1
2023-03-31 09:00:48,1
2023-03-31 09:04:04,1
2023-03-31 09:07:19,1
2023-03-31 09:10:35,1
2023-03-31 09:13:50,1
2023-03-31 09:17:05,1
2023-03-31 09:20:21,1
2023-03-31 09:23:37,1
2023-03-31 09:26:52,1
2023-03-31 09:30:08,1
2023-03-31 09:33:24,1
2023-03-31 09:36:39,1
2023-03-31 09:39:55,1
2023-03-31 09:43:10,1
2023-03-31 09:46:26,1
2023-03-31 09:49:41,1
2023-03-31 09:52:56,1
2023-03-31 09:56:11,1
2023-03-31 09:59:26,1
2023-03-31 10:02:42,1
2023-03-31 10:05:57,1
2023-03-31 10:09:13,1
2023-03-31 10:12:29,1
2023-03-31 10:15:45,1
2023-03-31 10:19:00,1
2023-03-31 10:22:16,1
2023-03-31 10:25:31,1
2023-03-31 10:28:47,1
2023-03-31 10:32:02,1
2023-03-31 10:35:17,1
2023-03-31 10:38:33,1
2023-03-31 10:41:48,1
2023-03-31 10:45:04,1
2023-03-31 10:48:19,1
2023-03-31 10:51:35,0
2023-03-31 10:54:50,0
2023-03-31 10:58:06,0
2023-03-31 11:01:21,0
2023-03-31 11:04:37,0
2023-03-31 11:07:52,0
2023-03-31 11:11:08,0
2023-03-31 11:14:23,0
2023-03-31 11:17:38,0
2023-03-31 11:20:54,0
2023-03-31 11:24:09,0
2023-03-31 11:27:25,0
2023-03-31 11:30:40,0
2023-03-31 11:33:56,1
2023-03-31 11:37:12,1
2023-03-31 11:40:28,1
2023-03-31 11:43:44,1
2023-03-31 11:47:00,1
2023-03-31 11:50:15,1
2023-03-31 11:53:31,1
2023-03-31 11:56:47,1
2023-03-31 12:00:02,1
2023-03-31 12:03:17,1
2023-03-31 12:06:33,1
2023-03-31 12:09:48,1
2023-03-31 12:13:04,1
2023-03-31 12:16:19,1
2023-03-31 12:19:35,1
2023-03-31 12:22:50,1
2023-03-31 12:26:05,1
2023-03-31 12:29:21,1
2023-03-31 12:32:36,1
2023-03-31 12:35:52,1
2023-03-31 12:39:07,1
2023-03-31 12:42:22,1
2023-03-31 12:45:37,1
2023-03-31 12:48:51,1
2023-03-31 12:52:07,1
2023-03-31 12:55:22,1
2023-03-31 12:58:38,1
2023-03-31 13:01:54,1
2023-03-31 13:05:10,1
2023-03-31 13:08:26,0
2023-03-31 13:11:40,0
2023-03-31 13:14:56,0
2023-03-31 13:18:12,0
2023-03-31 13:21:27,0
2023-03-31 13:24:42,0
2023-03-31 13:27:58,0
2023-03-31 13:31:13,0
2023-03-31 13:34:29,0
2023-03-31 13:37:44,0
2023-03-31 13:41:00,0
2023-03-31 13:44:15,0
2023-03-31 13:47:31,0
2023-03-31 13:50:46,1
2023-03-31 13:54:01,1
2023-03-31 13:57:17,1
2023-03-31 14:00:32,1
2023-03-31 14:03:49,1
2023-03-31 14:07:04,1
2023-03-31 14:10:20,1
2023-03-31 14:13:35,1
2023-03-31 14:16:50,1
2023-03-31 14:20:06,1
2023-03-31 14:23:22,1
2023-03-31 14:26:38,1
2023-03-31 14:29:53,1
2023-03-31 14:33:09,1
2023-03-31 14:36:25,1
2023-03-31 14:39:41,1
2023-03-31 14:42:56,1
2023-03-31 14:46:12,1
2023-03-31 14:49:29,1
2023-03-31 14:52:44,1
2023-03-31 14:56:00,1
2023-03-31 14:59:15,1
2023-03-31 15:02:31,1
2023-03-31 15:05:46,1
2023-03-31 15:09:01,1
2023-03-31 15:12:18,1
2023-03-31 15:15:33,1
2023-03-31 15:18:49,1
2023-03-31 15:22:04,1
2023-03-31 15:25:20,1
2023-03-31 15:28:35,1
2023-03-31 15:31:51,1
2023-03-31 15:35:06,0
2023-03-31 15:38:22,0
2023-03-31 15:41:38,0
2023-03-31 15:44:53,0
2023-03-31 15:48:09,0
2023-03-31 15:51:25,0
2023-03-31 15:54:40,0
2023-03-31 15:57:57,0
2023-03-31 16:01:12,0
2023-03-31 16:04:28,0
2023-03-31 16:07:48,0
2023-03-31 16:11:03,0
2023-03-31 16:14:18,0
2023-03-31 16:17:33,0
2023-03-31 16:20:49,0
2023-03-31 16:24:04,0
2023-03-31 16:27:20,0
2023-03-31 16:30:35,0
2023-03-31 16:33:51,0
2023-03-31 16:37:07,0
2023-03-31 16:40:23,1
2023-03-31 16:43:38,1
2023-03-31 16:46:53,1
2023-03-31 16:50:09,0
2023-03-31 16:53:25,0
2023-03-31 16:56:42,0
2023-03-31 17:00:06,0
2023-03-31 17:03:22,0
2023-03-31 17:06:37,0
2023-03-31 17:09:53,0
2023-03-31 17:13:08,0
2023-03-31 17:16:23,0
2023-03-31 17:19:39,1
2023-03-31 17:22:55,1
2023-03-31 17:26:10,1
2023-03-31 17:29:26,1
2023-03-31 17:32:42,0
2023-03-31 17:35:56,0
2023-03-31 17:39:12,0
2023-03-31 17:42:28,0
2023-03-31 17:45:43,0
2023-03-31 17:48:58,0
2023-03-31 17:52:19,0
2023-03-31 17:55:35,0
2023-03-31 17:58:50,0
2023-03-31 18:02:06,0
2023-03-31 18:05:21,0
2023-03-31 18:08:37,0
2023-03-31 18:11:52,0
2023-03-31 18:15:08,0
2023-03-31 18:18:24,0
2023-03-31 18:21:40,0
2023-03-31 18:26:20,0
2023-03-31 18:29:36,0
2023-03-31 18:32:51,0
2023-03-31 18:36:18,0
2023-03-31 18:39:33,0
2023-03-31 18:42:49,0
2023-03-31 18:46:05,0
2023-03-31 18:49:20,0
2023-03-31 18:52:36,0
2023-03-31 18:55:52,0
2023-03-31 18:59:07,0
2023-03-31 19:02:22,0
2023-03-31 19:05:58,0
2023-03-31 19:10:07,0
2023-03-31 19:13:24,0
2023-03-31 19:16:40,0
2023-03-31 19:20:03,0
2023-03-31 19:23:21,0
2023-03-31 19:26:40,0
2023-03-31 19:30:18,0
2023-03-31 19:33:34,0
2023-03-31 19:36:50,0
2023-03-31 19:40:05,0
2023-03-31 19:43:21,0
2023-03-31 19:46:37,0
2023-03-31 19:49:53,1
2023-03-31 19:53:08,1
2023-03-31 19:56:24,1
2023-03-31 19:59:40,0
2023-03-31 20:02:55,0
2023-03-31 20:06:11,0
2023-03-31 20:09:26,0
2023-03-31 20:12:41,0
2023-03-31 20:15:57,0
2023-03-31 20:19:13,0
2023-03-31 20:22:29,0
2023-03-31 20:25:44,0
2023-03-31 20:28:59,0
2023-03-31 20:32:15,0
2023-03-31 20:35:31,0
2023-03-31 20:38:46,0
2023-03-31 20:42:02,1
2023-03-31 20:45:17,1
2023-03-31 20:48:33,1
2023-03-31 20:51:48,0
2023-03-31 20:55:04,0
2023-03-31 20:58:20,0
2023-03-31 21:01:35,0
2023-03-31 21:04:51,0
2023-03-31 21:08:07,0
2023-03-31 21:11:22,0
2023-03-31 21:14:38,0
2023-03-31 21:17:54,0
2023-03-31 21:21:10,0
2023-03-31 21:24:25,1
2023-03-31 21:27:40,1
2023-03-31 21:30:56,1
2023-03-31 21:34:12,0
2023-03-31 21:37:28,0
2023-03-31 21:40:43,0
2023-03-31 21:43:59,1
2023-03-31 21:47:14,1
2023-03-31 21:50:29,1
2023-03-31 21:53:45,1
2023-03-31 21:57:01,1
2023-03-31 22:00:17,1
2023-03-31 22:03:32,1
2023-03-31 22:06:47,1
2023-03-31 22:10:02,1
2023-03-31 22:13:18,1
2023-03-31 22:16:34,1
2023-03-31 22:19:50,1
2023-03-31 22:23:05,1
2023-03-31 22:26:21,1
2023-03-31 22:29:36,1
2023-03-31 22:32:52,1
2023-03-31 22:36:08,1
2023-03-31 22:39:24,1
2023-03-31 22:42:39,1
2023-03-31 22:45:55,1
2023-03-31 22:49:10,0
2023-03-31 22:52:26,0
2023-03-31 22:55:41,0
2023-03-31 22:58:57,0
2023-03-31 23:02:12,0
2023-03-31 23:05:28,0
2023-03-31 23:08:44,1
2023-03-31 23:11:59,1
2023-03-31 23:15:15,1
2023-03-31 23:18:30,1
2023-03-31 23:21:46,1
2023-03-31 23:25:01,1
2023-03-31 23:28:17,1
2023-03-31 23:31:32,1
2023-03-31 23:34:47,1
2023-03-31 23:38:03,1
2023-03-31 23:41:18,1
2023-03-31 23:44:33,1
2023-03-31 23:47:49,1
2023-03-31 23:51:05,1
2023-03-31 23:54:20,1
2023-03-31 23:57:36,1
2023-04-01 00:00:52,1
2023-04-01 00:04:08,1
2023-04-01 00:07:23,1
2023-04-01 00:10:38,1
2023-04-01 00:13:53,1
2023-04-01 00:17:08,1
2023-04-01 00:20:24,1
2023-04-01 00:23:40,1
2023-04-01 00:26:55,1
2023-04-01 00:30:11,1
2023-04-01 00:33:27,1
2023-04-01 00:36:42,1
2023-04-01 00:39:57,1
2023-04-01 00:43:12,1
2023-04-01 00:46:28,1
2023-04-01 00:49:43,1
2023-04-01 00:52:59,1
2023-04-01 00:56:15,1
2023-04-01 00:59:30,1
2023-04-01 01:02:45,1
2023-04-01 01:06:01,1
2023-04-01 01:09:17,1
2023-04-01 01:12:33,1
2023-04-01 01:15:49,1
2023-04-01 01:19:04,1
2023-04-01 01:22:20,1
2023-04-01 01:25:36,1
2023-04-01 01:28:51,1
2023-04-01 01:32:07,1
2023-04-01 01:35:22,1
2023-04-01 01:38:37,1
2023-04-01 01:41:53,1
2023-04-01 01:45:09,1
2023-04-01 01:48:24,1
2023-04-01 01:51:40,1
2023-04-01 01:55:05,1
2023-04-01 01:58:21,1
2023-04-01 02:01:37,1
2023-04-01 02:04:53,1
2023-04-01 02:08:09,1
2023-04-01 02:11:25,1
2023-04-01 02:14:41,1
2023-04-01 02:17:57,1
2023-04-01 02:21:12,1
2023-04-01 02:24:27,1
2023-04-01 02:27:43,1
2023-04-01 02:31:00,1
2023-04-01 02:34:16,1
2023-04-01 02:37:31,1
2023-04-01 02:40:47,1
2023-04-01 02:44:02,1
2023-04-01 02:47:18,1
2023-04-01 02:50:40,1
2023-04-01 02:53:55,1
2023-04-01 02:57:21,1
2023-04-01 03:00:37,1
2023-04-01 03:03:53,1
2023-04-01 03:07:08,1
2023-04-01 03:10:23,1
2023-04-01 03:13:39,1
2023-04-01 03:16:54,1
2023-04-01 03:20:10,1
2023-04-01 03:23:24,1
2023-04-01 03:26:40,1
2023-04-01 03:29:56,1
2023-04-01 03:33:12,1
2023-04-01 03:36:27,1
2023-04-01 03:39:43,1
2023-04-01 03:42:59,1
2023-04-01 03:46:14,1
2023-04-01 03:49:30,1
2023-04-01 03:52:45,1
2023-04-01 03:56:01,1
2023-04-01 03:59:16,1
2023-04-01 04:02:32,1
2023-04-01 04:05:48,1
2023-04-01 04:09:03,1
2023-04-01 04:12:20,1
2023-04-01 04:15:35,1
2023-04-01 04:18:49,1
2023-04-01 04:22:04,1
2023-04-01 04:25:20,1
2023-04-01 04:28:35,1
2023-04-01 04:31:50,1
2023-04-01 04:35:06,1
2023-04-01 04:38:22,1
2023-04-01 04:41:37,1
2023-04-01 04:44:53,1
2023-04-01 04:48:08,1
2023-04-01 04:51:24,1
2023-04-01 04:54:40,1
2023-04-01 04:57:56,1
2023-04-01 05:01:11,1
2023-04-01 05:04:27,1
2023-04-01 05:07:43,1
2023-04-01 05:10:59,1
2023-04-01 05:14:14,1
2023-04-01 05:17:30,1
2023-04-01 05:20:45,1
2023-04-01 05:24:02,1
2023-04-01 05:27:18,1
2023-04-01 05:30:33,1
2023-04-01 05:33:49,1
2023-04-01 05:37:04,1
2023-04-01 05:40:20,1
2023-04-01 05:43:35,1
2023-04-01 05:46:51,1
2023-04-01 05:50:06,1
2023-04-01 05:53:22,1
2023-04-01 05:56:38,1
2023-04-01 05:59:53,1
2023-04-01 06:03:10,1
2023-04-01 06:06:26,1
2023-04-01 06:09:41,1
2023-04-01 06:12:57,1
2023-04-01 06:16:12,1
2023-04-01 06:19:27,1
2023-04-01 06:22:44,1
2023-04-01 06:26:00,1
2023-04-01 06:29:16,1
2023-04-01 06:32:32,1
2023-04-01 06:35:48,1
2023-04-01 06:39:03,1
2023-04-01 06:42:19,1
2023-04-01 06:45:34,1
2023-04-01 06:48:49,1
2023-04-01 06:52:05,1
2023-04-01 06:55:20,1
2023-04-01 06:58:36,1
2023-04-01 07:01:51,1
2023-04-01 07:05:06,1
2023-04-01 07:08:22,1
2023-04-01 07:11:38,1
2023-04-01 07:14:54,1
2023-04-01 07:18:09,1
2023-04-01 07:21:25,1
2023-04-01 07:24:41,1
2023-04-01 07:27:57,1
2023-04-01 07:31:13,1
2023-04-01 07:34:28,1
2023-04-01 07:37:43,1
2023-04-01 07:40:59,1
2023-04-01 07:44:14,1
2023-04-01 07:47:30,1
2023-04-01 07:50:45,1
2023-04-01 07:54:01,1
2023-04-01 07:57:16,1
2023-04-01 08:00:32,1
2023-04-01 08:03:47,1
2023-04-01 08:07:03,1
2023-04-01 08:10:18,1
2023-04-01 08:13:34,1
2023-04-01 08:16:49,1
2023-04-01 08:20:05,1
2023-04-01 08:23:21,1
2023-04-01 08:26:37,1
2023-04-01 08:29:52,1
2023-04-01 08:33:08,1
2023-04-01 08:36:23,1
2023-04-01 08:39:39,1
2023-04-01 08:42:54,1
2023-04-01 08:46:10,1
2023-04-01 08:49:25,1
2023-04-01 08:52:41,1
2023-04-01 08:55:56,1
2023-04-01 08:59:12,1
2023-04-01 09:02:27,1
2023-04-01 09:05:43,1
2023-04-01 09:08:59,1
2023-04-01 09:12:14,1
2023-04-01 09:15:30,1
2023-04-01 09:18:46,1
2023-04-01 09:22:01,1
2023-04-01 09:25:17,1
2023-04-01 09:28:32,1
2023-04-01 09:31:48,1
2023-04-01 09:35:03,1
2023-04-01 09:38:19,1
2023-04-01 09:41:35,1
2023-04-01 09:44:50,1
2023-04-01 09:48:05,1
2023-04-01 09:51:20,1
2023-04-01 09:54:35,1
2023-04-01 09:57:50,1
2023-04-01 10:01:05,1
2023-04-01 10:04:20,1
2023-04-01 10:07:36,1
2023-04-01 10:10:51,1
2023-04-01 10:14:07,1
2023-04-01 10:17:23,1
2023-04-01 10:20:38,1
2023-04-01 10:23:53,1
2023-04-01 10:27:08,1
2023-04-01 10:30:24,1
2023-04-01 10:33:39,1
2023-04-01 10:36:54,1
2023-04-01 10:40:10,1
2023-04-01 10:43:25,1
2023-04-01 10:46:40,1
2023-04-01 10:49:56,1
2023-04-01 10:53:12,1
2023-04-01 10:56:27,1
2023-04-01 10:59:42,1
2023-04-01 11:02:57,1
2023-04-01 11:06:13,0
2023-04-01 11:09:28,0
2023-04-01 11:12:44,0
2023-04-01 11:16:00,0
2023-04-01 11:19:16,0
2023-04-01 11:22:31,0
2023-04-01 11:25:47,0
2023-04-01 11:29:02,0
2023-04-01 11:32:18,0
2023-04-01 11:35:33,0
2023-04-01 11:38:48,0
2023-04-01 11:42:04,0
2023-04-01 11:45:20,1
2023-04-01 11:48:35,1
2023-04-01 11:51:51,1
2023-04-01 11:55:06,1
2023-04-01 11:58:22,1
2023-04-01 12:01:37,1
2023-04-01 12:04:52,1
2023-04-01 12:08:08,1
2023-04-01 12:11:24,1
2023-04-01 12:14:39,1
2023-04-01 12:17:55,1
2023-04-01 12:21:11,1
2023-04-01 12:24:27,1
2023-04-01 12:27:42,1
2023-04-01 12:30:57,1
2023-04-01 12:34:13,1
2023-04-01 12:37:29,1
2023-04-01 12:40:44,1
2023-04-01 12:43:59,1
2023-04-01 12:47:15,1
2023-04-01 12:50:30,1
2023-04-01 12:53:45,1
2023-04-01 12:57:01,1
2023-04-01 13:00:17,1
2023-04-01 13:03:33,1
2023-04-01 13:06:49,1
2023-04-01 13:10:05,1
2023-04-01 13:13:20,1
2023-04-01 13:16:36,1
2023-04-01 13:19:52,1
2023-04-01 13:23:07,1
2023-04-01 13:26:23,1
2023-04-01 13:29:39,1
2023-04-01 13:32:55,1
2023-04-01 13:36:10,1
2023-04-01 13:39:25,1
2023-04-01 13:42:41,1
2023-04-01 13:45:56,1
2023-04-01 13:49:11,1
2023-04-01 13:52:27,1
2023-04-01 13:55:42,1
2023-04-01 13:58:58,1
2023-04-01 14:02:13,1
2023-04-01 14:05:28,1
2023-04-01 14:08:44,1
2023-04-01 14:11:59,1
2023-04-01 14:15:15,1
2023-04-01 14:18:30,1
2023-04-01 14:21:46,1
2023-04-01 14:25:02,1
2023-04-01 14:28:17,1
2023-04-01 14:31:33,1
2023-04-01 14:34:49,1
2023-04-01 14:38:04,1
2023-04-01 14:41:20,1
2023-04-01 14:44:36,1
2023-04-01 14:47:52,1
2023-04-01 14:51:07,1
2023-04-01 14:54:23,1
2023-04-01 14:57:39,1
2023-04-01 15:00:54,1
2023-04-01 15:04:10,1
2023-04-01 15:07:26,1
2023-04-01 15:10:42,1
2023-04-01 15:13:58,1
2023-04-01 15:17:13,1
2023-04-01 15:20:29,1
2023-04-01 15:23:44,1
2023-04-01 15:26:59,1
2023-04-01 15:30:14,1
2023-04-01 15:33:30,1
2023-04-01 15:36:46,1
2023-04-01 15:40:02,1
2023-04-01 15:43:16,1
2023-04-01 15:46:32,1
2023-04-01 15:49:47,1
2023-04-01 15:53:03,1
2023-04-01 15:56:19,1
2023-04-01 15:59:34,1
2023-04-01 16:02:48,1
2023-04-01 16:06:04,1
2023-04-01 16:09:19,1
2023-04-01 16:12:34,1
2023-04-01 16:15:50,1
2023-04-01 16:19:05,1
2023-04-01 16:22:20,1
2023-04-01 16:25:35,1
2023-04-01 16:28:51,1
2023-04-01 16:32:06,1
2023-04-01 16:35:21,1
2023-04-01 16:38:37,1
2023-04-01 16:41:52,1
2023-04-01 16:45:08,1
2023-04-01 16:48:24,1
2023-04-01 16:51:39,1
2023-04-01 16:54:55,1
2023-04-01 16:58:10,1
2023-04-01 17:01:26,1
2023-04-01 17:04:41,1
2023-04-01 17:07:57,1
2023-04-01 17:11:12,1
2023-04-01 17:14:27,1
2023-04-01 17:17:43,1
2023-04-01 17:20:58,1
2023-04-01 17:24:14,1
2023-04-01 17:27:29,1
2023-04-01 17:30:44,1
2023-04-01 17:34:00,1
2023-04-01 17:37:16,1
2023-04-01 17:40:31,1
2023-04-01 17:43:47,1
2023-04-01 17:47:02,1
2023-04-01 17:50:18,1
2023-04-01 17:53:34,1
2023-04-01 17:56:49,1
2023-04-01 18:00:05,1
2023-04-01 18:03:20,1
2023-04-01 18:06:35,1
2023-04-01 18:09:50,1
2023-04-01 18:13:06,1
2023-04-01 18:16:21,1
2023-04-01 18:19:37,1
2023-04-01 18:22:52,1
2023-04-01 18:26:07,1
2023-04-01 18:29:23,1
2023-04-01 18:32:39,1
2023-04-01 18:35:55,1
2023-04-01 18:39:11,1
2023-04-01 18:42:26,1
2023-04-01 18:45:41,1
2023-04-01 18:48:55,1
2023-04-01 18:52:11,1
2023-04-01 18:55:26,1
2023-04-01 18:58:41,1
2023-04-01 19:01:57,1
2023-04-01 19:05:12,1
2023-04-01 19:08:27,1
2023-04-01 19:11:42,1
2023-04-01 19:14:57,1
2023-04-01 19:18:12,1
2023-04-01 19:21:28,1
2023-04-01 19:24:43,1
2023-04-01 19:27:58,1
2023-04-01 19:31:13,1
2023-04-01 19:34:29,1
2023-04-01 19:37:44,1
2023-04-01 19:41:00,1
2023-04-01 19:44:15,1
2023-04-01 19:47:31,1
2023-04-01 19:50:46,1
2023-04-01 19:54:02,1
2023-04-01 19:57:17,1
2023-04-01 20:00:32,1
2023-04-01 20:03:47,1
2023-04-01 20:07:03,1
2023-04-01 20:10:18,1
2023-04-01 20:13:34,1
2023-04-01 20:16:49,1
2023-04-01 20:20:04,1
2023-04-01 20:23:19,1
2023-04-01 20:26:35,1
2023-04-01 20:29:50,1
2023-04-01 20:33:06,1
2023-04-01 20:36:22,1
2023-04-01 20:39:37,1
2023-04-01 20:42:52,1
2023-04-01 20:46:08,1
2023-04-01 20:49:23,1
2023-04-01 20:52:39,1
2023-04-01 20:55:54,1
2023-04-01 20:59:10,1
2023-04-01 21:02:25,1
2023-04-01 21:05:41,1
2023-04-01 21:08:56,1
2023-04-01 21:12:11,1
2023-04-01 21:15:26,1
2023-04-01 21:18:41,1
2023-04-01 21:21:57,1
2023-04-01 21:25:12,1
2023-04-01 21:28:27,1
2023-04-01 21:31:42,1
2023-04-01 21:34:58,1
2023-04-01 21:38:14,1
2023-04-01 21:41:28,1
2023-04-01 21:44:44,1
2023-04-01 21:48:00,1
2023-04-01 21:51:16,1
2023-04-01 21:54:31,1
2023-04-01 21:57:46,1
2023-04-01 22:01:02,1
2023-04-01 22:04:17,1
2023-04-01 22:07:32,1
2023-04-01 22:10:47,1
2023-04-01 22:14:03,1
2023-04-01 22:17:19,1
2023-04-01 22:20:34,1
2023-04-01 22:23:50,1
2023-04-01 22:27:05,1
2023-04-01 22:30:21,1
2023-04-01 22:33:36,1
2023-04-01 22:36:51,1
2023-04-01 22:40:06,1
2023-04-01 22:43:21,1
2023-04-01 22:46:36,1
2023-04-01 22:49:51,1
2023-04-01 22:53:06,1
2023-04-01 22:56:21,1
2023-04-01 22:59:37,1
2023-04-01 23:02:52,1
2023-04-01 23:06:07,1
2023-04-01 23:09:22,1
2023-04-01 23:12:37,1
2023-04-01 23:15:52,1
2023-04-01 23:19:08,1
2023-04-01 23:22:23,1
2023-04-01 23:25:38,1
2023-04-01 23:28:53,1
2023-04-01 23:32:09,1
2023-04-01 23:35:25,1
2023-04-01 23:38:40,1
2023-04-01 23:41:56,1
2023-04-01 23:45:11,1
2023-04-01 23:48:26,1
2023-04-01 23:51:41,1
2023-04-01 23:54:56,1
2023-04-01 23:58:12,1
2023-04-02 00:01:27,1
2023-04-02 00:04:42,1
2023-04-02 00:07:58,1
2023-04-02 00:11:13,1
2023-04-02 00:14:29,1
2023-04-02 00:17:44,1
2023-04-02 00:20:59,1
2023-04-02 00:24:15,1
2023-04-02 00:27:30,1
2023-04-02 00:30:45,1
2023-04-02 00:34:01,1
2023-04-02 00:37:16,1
2023-04-02 00:40:32,1
2023-04-02 00:43:47,1
2023-04-02 00:47:02,1
2023-04-02 00:50:17,1
2023-04-02 00:53:32,1
2023-04-02 00:56:48,1
2023-04-02 01:00:03,1
2023-04-02 01:03:18,1
2023-04-02 01:06:33,1
2023-04-02 01:09:48,1
2023-04-02 01:13:04,1
2023-04-02 01:16:19,1
2023-04-02 01:19:35,1
2023-04-02 01:22:50,1
2023-04-02 01:26:05,1
2023-04-02 01:29:21,1
2023-04-02 01:32:36,1
2023-04-02 01:35:51,1
2023-04-02 01:39:10,1
2023-04-02 01:42:25,1
2023-04-02 01:45:40,1
2023-04-02 01:48:55,1
2023-04-02 01:52:11,1
2023-04-02 01:55:34,1
2023-04-02 01:58:49,1
2023-04-02 02:02:04,1
2023-04-02 02:05:19,1
2023-04-02 02:08:43,1
2023-04-02 02:11:58,1
2023-04-02 02:15:14,1
2023-04-02 02:18:30,1
2023-04-02 02:21:45,1
2023-04-02 02:25:00,1
2023-04-02 02:28:16,1
2023-04-02 02:31:31,1
2023-04-02 02:34:46,1
2023-04-02 02:38:02,1
2023-04-02 02:41:17,1
2023-04-02 02:44:32,1
2023-04-02 02:47:48,1
2023-04-02 02:51:03,1
2023-04-02 02:54:18,1
2023-04-02 02:57:34,1
2023-04-02 03:00:49,1
2023-04-02 03:04:07,1
2023-04-02 03:07:23,1
2023-04-02 03:10:38,1
2023-04-02 03:13:53,1
2023-04-02 03:17:09,1
2023-04-02 03:20:26,1
2023-04-02 03:23:41,1
2023-04-02 03:26:56,1
2023-04-02 03:30:12,1
2023-04-02 03:33:28,1
2023-04-02 03:36:43,1
2023-04-02 03:39:59,1
2023-04-02 03:43:14,1
2023-04-02 03:46:30,1
2023-04-02 03:49:45,1
2023-04-02 03:53:01,1
2023-04-02 03:56:17,1
2023-04-02 03:59:32,1
2023-04-02 04:02:47,1
2023-04-02 04:06:03,1
2023-04-02 04:09:18,1
2023-04-02 04:12:33,1
2023-04-02 04:15:48,1
2023-04-02 04:19:03,1
2023-04-02 04:22:19,1
2023-04-02 04:25:34,1
2023-04-02 04:28:49,1
2023-04-02 04:32:05,1
2023-04-02 04:35:19,1
2023-04-02 04:38:36,1
2023-04-02 04:41:51,1
2023-04-02 04:45:06,1
2023-04-02 04:48:22,1
2023-04-02 04:51:37,1
2023-04-02 04:54:52,1
2023-04-02 04:58:07,1
2023-04-02 05:01:22,1
2023-04-02 05:04:38,1
2023-04-02 05:07:53,1
2023-04-02 05:11:11,1
2023-04-02 05:14:26,1
2023-04-02 05:17:41,1
2023-04-02 05:20:56,1
2023-04-02 05:24:12,1
2023-04-02 05:27:27,1
2023-04-02 05:30:43,1
2023-04-02 05:33:58,1
2023-04-02 05:37:14,1
2023-04-02 05:40:29,1
2023-04-02 05:43:44,1
2023-04-02 05:46:59,1
2023-04-02 05:50:15,1
2023-04-02 05:53:30,1
2023-04-02 05:56:46,1
2023-04-02 06:00:01,1
2023-04-02 06:03:17,1
2023-04-02 06:06:32,1
2023-04-02 06:09:47,1
2023-04-02 06:13:03,1
2023-04-02 06:16:19,1
2023-04-02 06:19:34,1
2023-04-02 06:22:49,1
2023-04-02 06:26:05,1
2023-04-02 06:29:20,1
2023-04-02 06:32:36,1
2023-04-02 06:35:51,1
2023-04-02 06:39:07,1
2023-04-02 06:42:22,1
2023-04-02 06:45:37,1
2023-04-02 06:48:52,1
2023-04-02 06:52:08,1
2023-04-02 06:55:22,1
2023-04-02 06:58:37,1
2023-04-02 07:01:53,1
2023-04-02 07:05:08,1
2023-04-02 07:08:23,1
2023-04-02 07:11:38,1
2023-04-02 07:14:54,1
2023-04-02 07:18:10,1
2023-04-02 07:21:25,1
2023-04-02 07:24:40,1
2023-04-02 07:27:56,1
2023-04-02 07:31:12,1
2023-04-02 07:34:27,1
2023-04-02 07:37:42,1
2023-04-02 07:40:56,1
2023-04-02 07:44:12,1
2023-04-02 07:47:27,1
2023-04-02 07:50:41,1
2023-04-02 07:53:58,1
2023-04-02 07:57:13,1
2023-04-02 08:00:28,1
2023-04-02 08:03:44,1
2023-04-02 08:06:59,1
2023-04-02 08:10:15,1
2023-04-02 08:13:30,1
2023-04-02 08:16:46,1
2023-04-02 08:20:01,1
2023-04-02 08:23:17,1
2023-04-02 08:26:32,1
2023-04-02 08:29:47,1
2023-04-02 08:33:02,1
2023-04-02 08:36:18,1
2023-04-02 08:39:34,1
2023-04-02 08:42:49,1
2023-04-02 08:46:04,1
2023-04-02 08:49:20,1
2023-04-02 08:52:36,1
2023-04-02 08:55:52,1
2023-04-02 08:59:07,1
2023-04-02 09:02:22,1
2023-04-02 09:05:38,1
2023-04-02 09:08:53,1
2023-04-02 09:12:08,1
2023-04-02 09:15:23,1
2023-04-02 09:18:38,1
2023-04-02 09:21:54,1
2023-04-02 09:25:09,1
2023-04-02 09:28:24,1
2023-04-02 09:31:40,1
2023-04-02 09:34:55,1
2023-04-02 09:38:10,1
2023-04-02 09:41:25,1
2023-04-02 09:44:41,1
2023-04-02 09:47:57,1
2023-04-02 09:51:12,1
2023-04-02 09:54:27,1
2023-04-02 09:57:42,1
2023-04-02 10:00:58,1
2023-04-02 10:04:13,1
2023-04-02 10:07:28,1
2023-04-02 10:10:43,1
2023-04-02 10:13:59,1
2023-04-02 10:17:14,1
2023-04-02 10:20:29,1
2023-04-02 10:23:45,1
2023-04-02 10:27:00,1
2023-04-02 10:30:15,1
2023-04-02 10:33:31,1
2023-04-02 10:36:46,1
2023-04-02 10:40:01,1
2023-04-02 10:43:16,1
2023-04-02 10:46:32,1
2023-04-02 10:49:46,1
2023-04-02 10:53:02,1
2023-04-02 10:56:17,1
2023-04-02 10:59:33,1
2023-04-02 11:02:48,1
2023-04-02 11:06:03,1
2023-04-02 11:09:19,1
2023-04-02 11:12:34,1
2023-04-02 11:15:49,1
2023-04-02 11:19:05,1
2023-04-02 11:22:20,1
2023-04-02 11:25:35,1
2023-04-02 11:28:50,1
2023-04-02 11:32:05,1
2023-04-02 11:35:21,1
2023-04-02 11:38:35,1
2023-04-02 11:41:50,1
2023-04-02 11:45:05,1
2023-04-02 11:48:21,1
2023-04-02 11:51:36,1
2023-04-02 11:54:51,1
